ISO-10303-21;
HEADER;
FILE_DESCRIPTION((''),'2;1');
FILE_NAME('C-1734795-1','2011-07-07T',('workeradm'),(''),
'PRO/ENGINEER BY PARAMETRIC TECHNOLOGY CORPORATION, 2010430',
'PRO/ENGINEER BY PARAMETRIC TECHNOLOGY CORPORATION, 2010430','');
FILE_SCHEMA(('AUTOMOTIVE_DESIGN { 1 0 10303 214 1 1 1 1 }'));
ENDSEC;
DATA;
#1=COLOUR_RGB('',8.784E-1,9.49E-1,1.E0);
#2=DIRECTION('',(0.E0,1.E0,0.E0));
#3=VECTOR('',#2,2.5E0);
#4=CARTESIAN_POINT('',(5.75E0,-2.01E0,0.E0));
#5=LINE('',#4,#3);
#6=DIRECTION('',(0.E0,1.E0,0.E0));
#7=VECTOR('',#6,2.5E-1);
#8=CARTESIAN_POINT('',(6.555E0,4.9E-1,0.E0));
#9=LINE('',#8,#7);
#10=DIRECTION('',(-1.E0,0.E0,0.E0));
#11=VECTOR('',#10,2.5E-1);
#12=CARTESIAN_POINT('',(6.555E0,7.4E-1,0.E0));
#13=LINE('',#12,#11);
#14=DIRECTION('',(0.E0,1.E0,0.E0));
#15=VECTOR('',#14,2.19E0);
#16=CARTESIAN_POINT('',(6.305E0,7.4E-1,0.E0));
#17=LINE('',#16,#15);
#18=DIRECTION('',(-1.E0,0.E0,0.E0));
#19=VECTOR('',#18,2.805E0);
#20=CARTESIAN_POINT('',(6.305E0,2.93E0,0.E0));
#21=LINE('',#20,#19);
#22=DIRECTION('',(0.E0,1.E0,0.E0));
#23=VECTOR('',#22,1.79E0);
#24=CARTESIAN_POINT('',(3.5E0,2.93E0,0.E0));
#25=LINE('',#24,#23);
#26=DIRECTION('',(-1.E0,0.E0,0.E0));
#27=VECTOR('',#26,1.22E0);
#28=CARTESIAN_POINT('',(3.5E0,4.72E0,0.E0));
#29=LINE('',#28,#27);
#30=DIRECTION('',(0.E0,-1.E0,0.E0));
#31=VECTOR('',#30,9.3E-1);
#32=CARTESIAN_POINT('',(2.28E0,5.65E0,0.E0));
#33=LINE('',#32,#31);
#34=DIRECTION('',(1.E0,0.E0,0.E0));
#35=VECTOR('',#34,5.81E0);
#36=CARTESIAN_POINT('',(2.28E0,5.65E0,0.E0));
#37=LINE('',#36,#35);
#38=DIRECTION('',(0.E0,-1.E0,0.E0));
#39=VECTOR('',#38,1.13E1);
#40=CARTESIAN_POINT('',(8.09E0,5.65E0,0.E0));
#41=LINE('',#40,#39);
#42=DIRECTION('',(-1.E0,0.E0,0.E0));
#43=VECTOR('',#42,1.618E1);
#44=CARTESIAN_POINT('',(8.09E0,-5.65E0,0.E0));
#45=LINE('',#44,#43);
#46=DIRECTION('',(0.E0,1.E0,0.E0));
#47=VECTOR('',#46,1.13E1);
#48=CARTESIAN_POINT('',(-8.09E0,-5.65E0,0.E0));
#49=LINE('',#48,#47);
#50=DIRECTION('',(1.E0,0.E0,0.E0));
#51=VECTOR('',#50,5.81E0);
#52=CARTESIAN_POINT('',(-8.09E0,5.65E0,0.E0));
#53=LINE('',#52,#51);
#54=DIRECTION('',(0.E0,-1.E0,0.E0));
#55=VECTOR('',#54,9.3E-1);
#56=CARTESIAN_POINT('',(-2.28E0,5.65E0,0.E0));
#57=LINE('',#56,#55);
#58=DIRECTION('',(-1.E0,0.E0,0.E0));
#59=VECTOR('',#58,1.22E0);
#60=CARTESIAN_POINT('',(-2.28E0,4.72E0,0.E0));
#61=LINE('',#60,#59);
#62=DIRECTION('',(0.E0,-1.E0,0.E0));
#63=VECTOR('',#62,1.79E0);
#64=CARTESIAN_POINT('',(-3.5E0,4.72E0,0.E0));
#65=LINE('',#64,#63);
#66=DIRECTION('',(-1.E0,0.E0,0.E0));
#67=VECTOR('',#66,2.805E0);
#68=CARTESIAN_POINT('',(-3.5E0,2.93E0,0.E0));
#69=LINE('',#68,#67);
#70=DIRECTION('',(0.E0,-1.E0,0.E0));
#71=VECTOR('',#70,2.19E0);
#72=CARTESIAN_POINT('',(-6.305E0,2.93E0,0.E0));
#73=LINE('',#72,#71);
#74=DIRECTION('',(-1.E0,0.E0,0.E0));
#75=VECTOR('',#74,2.5E-1);
#76=CARTESIAN_POINT('',(-6.305E0,7.4E-1,0.E0));
#77=LINE('',#76,#75);
#78=DIRECTION('',(0.E0,-1.E0,0.E0));
#79=VECTOR('',#78,2.5E-1);
#80=CARTESIAN_POINT('',(-6.555E0,7.4E-1,0.E0));
#81=LINE('',#80,#79);
#82=DIRECTION('',(0.E0,-1.E0,0.E0));
#83=VECTOR('',#82,2.5E0);
#84=CARTESIAN_POINT('',(-5.75E0,4.9E-1,0.E0));
#85=LINE('',#84,#83);
#86=DIRECTION('',(0.E0,-1.E0,0.E0));
#87=VECTOR('',#86,2.5E-1);
#88=CARTESIAN_POINT('',(-6.555E0,-2.01E0,0.E0));
#89=LINE('',#88,#87);
#90=DIRECTION('',(1.E0,0.E0,0.E0));
#91=VECTOR('',#90,2.5E-1);
#92=CARTESIAN_POINT('',(-6.555E0,-2.26E0,0.E0));
#93=LINE('',#92,#91);
#94=DIRECTION('',(0.E0,-1.E0,0.E0));
#95=VECTOR('',#94,2.24E0);
#96=CARTESIAN_POINT('',(-6.305E0,-2.26E0,0.E0));
#97=LINE('',#96,#95);
#98=DIRECTION('',(1.E0,0.E0,0.E0));
#99=VECTOR('',#98,1.261E1);
#100=CARTESIAN_POINT('',(-6.305E0,-4.5E0,0.E0));
#101=LINE('',#100,#99);
#102=DIRECTION('',(0.E0,1.E0,0.E0));
#103=VECTOR('',#102,2.24E0);
#104=CARTESIAN_POINT('',(6.305E0,-4.5E0,0.E0));
#105=LINE('',#104,#103);
#106=DIRECTION('',(1.E0,0.E0,0.E0));
#107=VECTOR('',#106,2.5E-1);
#108=CARTESIAN_POINT('',(6.305E0,-2.26E0,0.E0));
#109=LINE('',#108,#107);
#110=DIRECTION('',(0.E0,1.E0,0.E0));
#111=VECTOR('',#110,2.5E-1);
#112=CARTESIAN_POINT('',(6.555E0,-2.26E0,0.E0));
#113=LINE('',#112,#111);
#114=CARTESIAN_POINT('',(5.75E0,4.9E-1,-1.842388981481E0));
#115=DIRECTION('',(0.E0,1.E0,0.E0));
#116=DIRECTION('',(-8.192321226824E-1,0.E0,-5.734620555584E-1));
#117=AXIS2_PLACEMENT_3D('',#114,#115,#116);
#119=DIRECTION('',(8.192321226825E-1,0.E0,5.734620555583E-1));
#120=VECTOR('',#119,5.980480989727E-3);
#121=CARTESIAN_POINT('',(5.950100597864E0,4.9E-1,-3.000144461731E0));
#122=LINE('',#121,#120);
#123=DIRECTION('',(0.E0,0.E0,1.E0));
#124=VECTOR('',#123,1.342194490740E0);
#125=CARTESIAN_POINT('',(5.5E0,4.9E-1,-1.842194490740E0));
#126=LINE('',#125,#124);
#127=DIRECTION('',(1.E0,0.E0,0.E0));
#128=VECTOR('',#127,2.05E-1);
#129=CARTESIAN_POINT('',(5.75E0,4.9E-1,-2.5E-1));
#130=LINE('',#129,#128);
#131=DIRECTION('',(-1.E0,0.E0,0.E0));
#132=VECTOR('',#131,8.05E-1);
#133=CARTESIAN_POINT('',(6.555E0,4.9E-1,0.E0));
#134=LINE('',#133,#132);
#135=CARTESIAN_POINT('',(5.75E0,4.9E-1,-5.E-1));
#136=DIRECTION('',(0.E0,1.E0,0.E0));
#137=DIRECTION('',(-1.E0,0.E0,0.E0));
#138=AXIS2_PLACEMENT_3D('',#135,#136,#137);
#140=DIRECTION('',(0.E0,0.E0,-1.E0));
#141=VECTOR('',#140,1.342388981481E0);
#142=CARTESIAN_POINT('',(5.25E0,4.9E-1,-5.E-1));
#143=LINE('',#142,#141);
#144=DIRECTION('',(0.E0,1.E0,0.E0));
#145=VECTOR('',#144,2.5E0);
#146=CARTESIAN_POINT('',(5.25E0,-2.01E0,-1.842388981481E0));
#147=LINE('',#146,#145);
#148=DIRECTION('',(0.E0,1.E0,0.E0));
#149=VECTOR('',#148,2.5E0);
#150=CARTESIAN_POINT('',(5.25E0,-2.01E0,-5.E-1));
#151=LINE('',#150,#149);
#152=CARTESIAN_POINT('',(5.75E0,-2.01E0,-1.842388981481E0));
#153=DIRECTION('',(0.E0,-1.E0,0.E0));
#154=DIRECTION('',(-1.E0,0.E0,0.E0));
#155=AXIS2_PLACEMENT_3D('',#152,#153,#154);
#157=DIRECTION('',(0.E0,0.E0,-1.E0));
#158=VECTOR('',#157,1.342388981481E0);
#159=CARTESIAN_POINT('',(5.25E0,-2.01E0,-5.E-1));
#160=LINE('',#159,#158);
#161=CARTESIAN_POINT('',(5.75E0,-2.01E0,-5.E-1));
#162=DIRECTION('',(0.E0,-1.E0,0.E0));
#163=DIRECTION('',(0.E0,0.E0,1.E0));
#164=AXIS2_PLACEMENT_3D('',#161,#162,#163);
#166=DIRECTION('',(1.E0,0.E0,0.E0));
#167=VECTOR('',#166,8.05E-1);
#168=CARTESIAN_POINT('',(5.75E0,-2.01E0,0.E0));
#169=LINE('',#168,#167);
#170=DIRECTION('',(0.E0,0.E0,-1.E0));
#171=VECTOR('',#170,2.5E-1);
#172=CARTESIAN_POINT('',(6.555E0,-2.01E0,0.E0));
#173=LINE('',#172,#171);
#174=DIRECTION('',(1.E0,0.E0,0.E0));
#175=VECTOR('',#174,2.05E-1);
#176=CARTESIAN_POINT('',(5.75E0,-2.01E0,-2.5E-1));
#177=LINE('',#176,#175);
#178=DIRECTION('',(0.E0,0.E0,1.E0));
#179=VECTOR('',#178,1.342194490740E0);
#180=CARTESIAN_POINT('',(5.5E0,-2.01E0,-1.842194490740E0));
#181=LINE('',#180,#179);
#182=DIRECTION('',(8.192321226825E-1,0.E0,5.734620555583E-1));
#183=VECTOR('',#182,5.980480989727E-3);
#184=CARTESIAN_POINT('',(5.950100597864E0,-2.01E0,-3.000144461731E0));
#185=LINE('',#184,#183);
#186=DIRECTION('',(0.E0,0.E0,-1.E0));
#187=VECTOR('',#186,2.5E-1);
#188=CARTESIAN_POINT('',(6.555E0,-2.26E0,0.E0));
#189=LINE('',#188,#187);
#190=DIRECTION('',(0.E0,0.E0,-1.E0));
#191=VECTOR('',#190,2.5E-1);
#192=CARTESIAN_POINT('',(6.305E0,-2.26E0,0.E0));
#193=LINE('',#192,#191);
#194=DIRECTION('',(0.E0,0.E0,-1.E0));
#195=VECTOR('',#194,2.5E-1);
#196=CARTESIAN_POINT('',(6.305E0,-4.5E0,0.E0));
#197=LINE('',#196,#195);
#198=DIRECTION('',(0.E0,0.E0,-1.E0));
#199=VECTOR('',#198,2.5E-1);
#200=CARTESIAN_POINT('',(-6.305E0,-4.5E0,0.E0));
#201=LINE('',#200,#199);
#202=DIRECTION('',(0.E0,0.E0,-1.E0));
#203=VECTOR('',#202,2.5E-1);
#204=CARTESIAN_POINT('',(-6.305E0,-2.26E0,0.E0));
#205=LINE('',#204,#203);
#206=DIRECTION('',(0.E0,0.E0,-1.E0));
#207=VECTOR('',#206,2.5E-1);
#208=CARTESIAN_POINT('',(-6.555E0,-2.26E0,0.E0));
#209=LINE('',#208,#207);
#210=DIRECTION('',(0.E0,0.E0,-1.E0));
#211=VECTOR('',#210,2.5E-1);
#212=CARTESIAN_POINT('',(-6.555E0,-2.01E0,0.E0));
#213=LINE('',#212,#211);
#214=CARTESIAN_POINT('',(-5.75E0,-2.01E0,-1.842388981481E0));
#215=DIRECTION('',(0.E0,-1.E0,0.E0));
#216=DIRECTION('',(8.192321226824E-1,0.E0,-5.734620555584E-1));
#217=AXIS2_PLACEMENT_3D('',#214,#215,#216);
#219=DIRECTION('',(-8.192321226825E-1,0.E0,5.734620555583E-1));
#220=VECTOR('',#219,5.980480989727E-3);
#221=CARTESIAN_POINT('',(-5.950100597864E0,-2.01E0,-3.000144461731E0));
#222=LINE('',#221,#220);
#223=DIRECTION('',(0.E0,0.E0,1.E0));
#224=VECTOR('',#223,1.342194490740E0);
#225=CARTESIAN_POINT('',(-5.5E0,-2.01E0,-1.842194490740E0));
#226=LINE('',#225,#224);
#227=DIRECTION('',(-1.E0,0.E0,0.E0));
#228=VECTOR('',#227,2.05E-1);
#229=CARTESIAN_POINT('',(-5.75E0,-2.01E0,-2.5E-1));
#230=LINE('',#229,#228);
#231=DIRECTION('',(1.E0,0.E0,0.E0));
#232=VECTOR('',#231,8.05E-1);
#233=CARTESIAN_POINT('',(-6.555E0,-2.01E0,0.E0));
#234=LINE('',#233,#232);
#235=CARTESIAN_POINT('',(-5.75E0,-2.01E0,-5.E-1));
#236=DIRECTION('',(0.E0,-1.E0,0.E0));
#237=DIRECTION('',(1.E0,0.E0,0.E0));
#238=AXIS2_PLACEMENT_3D('',#235,#236,#237);
#240=DIRECTION('',(0.E0,0.E0,-1.E0));
#241=VECTOR('',#240,1.342388981481E0);
#242=CARTESIAN_POINT('',(-5.25E0,-2.01E0,-5.E-1));
#243=LINE('',#242,#241);
#244=DIRECTION('',(0.E0,-1.E0,0.E0));
#245=VECTOR('',#244,2.5E0);
#246=CARTESIAN_POINT('',(-5.25E0,4.9E-1,-1.842388981481E0));
#247=LINE('',#246,#245);
#248=DIRECTION('',(0.E0,-1.E0,0.E0));
#249=VECTOR('',#248,2.5E0);
#250=CARTESIAN_POINT('',(-5.25E0,4.9E-1,-5.E-1));
#251=LINE('',#250,#249);
#252=CARTESIAN_POINT('',(-5.75E0,4.9E-1,-1.842388981481E0));
#253=DIRECTION('',(0.E0,1.E0,0.E0));
#254=DIRECTION('',(1.E0,0.E0,0.E0));
#255=AXIS2_PLACEMENT_3D('',#252,#253,#254);
#257=DIRECTION('',(0.E0,0.E0,-1.E0));
#258=VECTOR('',#257,1.342388981481E0);
#259=CARTESIAN_POINT('',(-5.25E0,4.9E-1,-5.E-1));
#260=LINE('',#259,#258);
#261=CARTESIAN_POINT('',(-5.75E0,4.9E-1,-5.E-1));
#262=DIRECTION('',(0.E0,1.E0,0.E0));
#263=DIRECTION('',(0.E0,0.E0,1.E0));
#264=AXIS2_PLACEMENT_3D('',#261,#262,#263);
#266=DIRECTION('',(-1.E0,0.E0,0.E0));
#267=VECTOR('',#266,8.05E-1);
#268=CARTESIAN_POINT('',(-5.75E0,4.9E-1,0.E0));
#269=LINE('',#268,#267);
#270=DIRECTION('',(0.E0,0.E0,-1.E0));
#271=VECTOR('',#270,2.5E-1);
#272=CARTESIAN_POINT('',(-6.555E0,4.9E-1,0.E0));
#273=LINE('',#272,#271);
#274=DIRECTION('',(-1.E0,0.E0,0.E0));
#275=VECTOR('',#274,2.05E-1);
#276=CARTESIAN_POINT('',(-5.75E0,4.9E-1,-2.5E-1));
#277=LINE('',#276,#275);
#278=DIRECTION('',(0.E0,0.E0,1.E0));
#279=VECTOR('',#278,1.342194490740E0);
#280=CARTESIAN_POINT('',(-5.5E0,4.9E-1,-1.842194490740E0));
#281=LINE('',#280,#279);
#282=DIRECTION('',(-8.192321226825E-1,0.E0,5.734620555583E-1));
#283=VECTOR('',#282,5.980480989727E-3);
#284=CARTESIAN_POINT('',(-5.950100597864E0,4.9E-1,-3.000144461731E0));
#285=LINE('',#284,#283);
#286=DIRECTION('',(0.E0,0.E0,-1.E0));
#287=VECTOR('',#286,2.5E-1);
#288=CARTESIAN_POINT('',(-6.555E0,7.4E-1,0.E0));
#289=LINE('',#288,#287);
#290=DIRECTION('',(0.E0,0.E0,-1.E0));
#291=VECTOR('',#290,2.5E-1);
#292=CARTESIAN_POINT('',(-6.305E0,7.4E-1,0.E0));
#293=LINE('',#292,#291);
#294=DIRECTION('',(0.E0,0.E0,-1.E0));
#295=VECTOR('',#294,2.5E-1);
#296=CARTESIAN_POINT('',(-6.305E0,2.93E0,0.E0));
#297=LINE('',#296,#295);
#298=DIRECTION('',(0.E0,0.E0,-1.E0));
#299=VECTOR('',#298,2.5E-1);
#300=CARTESIAN_POINT('',(-3.5E0,2.93E0,0.E0));
#301=LINE('',#300,#299);
#302=DIRECTION('',(0.E0,0.E0,-1.E0));
#303=VECTOR('',#302,2.5E-1);
#304=CARTESIAN_POINT('',(-3.5E0,4.72E0,0.E0));
#305=LINE('',#304,#303);
#306=DIRECTION('',(0.E0,0.E0,-1.E0));
#307=VECTOR('',#306,2.5E-1);
#308=CARTESIAN_POINT('',(-2.28E0,4.72E0,0.E0));
#309=LINE('',#308,#307);
#310=DIRECTION('',(0.E0,0.E0,-1.E0));
#311=VECTOR('',#310,3.5E0);
#312=CARTESIAN_POINT('',(-2.28E0,5.65E0,0.E0));
#313=LINE('',#312,#311);
#314=DIRECTION('',(0.E0,1.E0,0.E0));
#315=VECTOR('',#314,2.5E-1);
#316=CARTESIAN_POINT('',(-2.28E0,5.4E0,-3.5E0));
#317=LINE('',#316,#315);
#318=DIRECTION('',(0.E0,0.E0,1.E0));
#319=VECTOR('',#318,2.85E0);
#320=CARTESIAN_POINT('',(-2.28E0,5.4E0,-6.35E0));
#321=LINE('',#320,#319);
#322=DIRECTION('',(0.E0,1.E0,0.E0));
#323=VECTOR('',#322,1.03E0);
#324=CARTESIAN_POINT('',(-2.28E0,4.37E0,-6.35E0));
#325=LINE('',#324,#323);
#326=DIRECTION('',(0.E0,-1.E0,0.E0));
#327=VECTOR('',#326,1.03E0);
#328=CARTESIAN_POINT('',(-2.28E0,5.4E0,-1.5E0));
#329=LINE('',#328,#327);
#330=DIRECTION('',(0.E0,0.E0,-1.E0));
#331=VECTOR('',#330,1.25E0);
#332=CARTESIAN_POINT('',(-2.28E0,5.4E0,-2.5E-1));
#333=LINE('',#332,#331);
#334=DIRECTION('',(1.E0,0.E0,0.E0));
#335=VECTOR('',#334,4.56E0);
#336=CARTESIAN_POINT('',(-2.28E0,5.65E0,-3.5E0));
#337=LINE('',#336,#335);
#338=DIRECTION('',(0.E0,0.E0,-1.E0));
#339=VECTOR('',#338,1.5E1);
#340=CARTESIAN_POINT('',(-8.09E0,5.65E0,0.E0));
#341=LINE('',#340,#339);
#342=DIRECTION('',(1.E0,0.E0,0.E0));
#343=VECTOR('',#342,4.56E0);
#344=CARTESIAN_POINT('',(-2.28E0,5.4E0,-3.5E0));
#345=LINE('',#344,#343);
#346=DIRECTION('',(0.E0,0.E0,1.E0));
#347=VECTOR('',#346,1.25E0);
#348=CARTESIAN_POINT('',(2.28E0,5.4E0,-1.5E0));
#349=LINE('',#348,#347);
#350=DIRECTION('',(0.E0,1.E0,0.E0));
#351=VECTOR('',#350,1.03E0);
#352=CARTESIAN_POINT('',(2.28E0,4.37E0,-1.5E0));
#353=LINE('',#352,#351);
#354=DIRECTION('',(0.E0,-1.E0,0.E0));
#355=VECTOR('',#354,1.03E0);
#356=CARTESIAN_POINT('',(2.28E0,5.4E0,-6.35E0));
#357=LINE('',#356,#355);
#358=DIRECTION('',(0.E0,0.E0,-1.E0));
#359=VECTOR('',#358,2.85E0);
#360=CARTESIAN_POINT('',(2.28E0,5.4E0,-3.5E0));
#361=LINE('',#360,#359);
#362=DIRECTION('',(0.E0,-1.E0,0.E0));
#363=VECTOR('',#362,2.5E-1);
#364=CARTESIAN_POINT('',(2.28E0,5.65E0,-3.5E0));
#365=LINE('',#364,#363);
#366=DIRECTION('',(0.E0,0.E0,1.E0));
#367=VECTOR('',#366,3.5E0);
#368=CARTESIAN_POINT('',(2.28E0,5.65E0,-3.5E0));
#369=LINE('',#368,#367);
#370=DIRECTION('',(0.E0,0.E0,-1.E0));
#371=VECTOR('',#370,2.5E-1);
#372=CARTESIAN_POINT('',(2.28E0,4.72E0,0.E0));
#373=LINE('',#372,#371);
#374=DIRECTION('',(-1.E0,0.E0,0.E0));
#375=VECTOR('',#374,6.E-1);
#376=CARTESIAN_POINT('',(6.555E0,-2.01E0,-2.5E-1));
#377=LINE('',#376,#375);
#378=DIRECTION('',(0.E0,1.E0,0.E0));
#379=VECTOR('',#378,2.5E-1);
#380=CARTESIAN_POINT('',(6.555E0,-2.26E0,-2.5E-1));
#381=LINE('',#380,#379);
#382=DIRECTION('',(1.E0,0.E0,0.E0));
#383=VECTOR('',#382,2.5E-1);
#384=CARTESIAN_POINT('',(6.305E0,-2.26E0,-2.5E-1));
#385=LINE('',#384,#383);
#386=DIRECTION('',(0.E0,1.E0,0.E0));
#387=VECTOR('',#386,2.24E0);
#388=CARTESIAN_POINT('',(6.305E0,-4.5E0,-2.5E-1));
#389=LINE('',#388,#387);
#390=DIRECTION('',(1.E0,0.E0,0.E0));
#391=VECTOR('',#390,1.261E1);
#392=CARTESIAN_POINT('',(-6.305E0,-4.5E0,-2.5E-1));
#393=LINE('',#392,#391);
#394=DIRECTION('',(0.E0,-1.E0,0.E0));
#395=VECTOR('',#394,2.24E0);
#396=CARTESIAN_POINT('',(-6.305E0,-2.26E0,-2.5E-1));
#397=LINE('',#396,#395);
#398=DIRECTION('',(1.E0,0.E0,0.E0));
#399=VECTOR('',#398,2.5E-1);
#400=CARTESIAN_POINT('',(-6.555E0,-2.26E0,-2.5E-1));
#401=LINE('',#400,#399);
#402=DIRECTION('',(0.E0,-1.E0,0.E0));
#403=VECTOR('',#402,2.5E-1);
#404=CARTESIAN_POINT('',(-6.555E0,-2.01E0,-2.5E-1));
#405=LINE('',#404,#403);
#406=DIRECTION('',(-1.E0,0.E0,0.E0));
#407=VECTOR('',#406,6.E-1);
#408=CARTESIAN_POINT('',(-5.955E0,-2.01E0,-2.5E-1));
#409=LINE('',#408,#407);
#410=DIRECTION('',(1.E0,0.E0,0.E0));
#411=VECTOR('',#410,2.5E-1);
#412=CARTESIAN_POINT('',(-2.28E0,5.4E0,-2.5E-1));
#413=LINE('',#412,#411);
#414=DIRECTION('',(1.E0,0.E0,0.E0));
#415=VECTOR('',#414,6.E-1);
#416=CARTESIAN_POINT('',(-6.555E0,4.9E-1,-2.5E-1));
#417=LINE('',#416,#415);
#418=DIRECTION('',(0.E0,-1.E0,0.E0));
#419=VECTOR('',#418,2.5E-1);
#420=CARTESIAN_POINT('',(-6.555E0,7.4E-1,-2.5E-1));
#421=LINE('',#420,#419);
#422=DIRECTION('',(-1.E0,0.E0,0.E0));
#423=VECTOR('',#422,2.5E-1);
#424=CARTESIAN_POINT('',(-6.305E0,7.4E-1,-2.5E-1));
#425=LINE('',#424,#423);
#426=DIRECTION('',(0.E0,-1.E0,0.E0));
#427=VECTOR('',#426,2.19E0);
#428=CARTESIAN_POINT('',(-6.305E0,2.93E0,-2.5E-1));
#429=LINE('',#428,#427);
#430=DIRECTION('',(-1.E0,0.E0,0.E0));
#431=VECTOR('',#430,2.805E0);
#432=CARTESIAN_POINT('',(-3.5E0,2.93E0,-2.5E-1));
#433=LINE('',#432,#431);
#434=DIRECTION('',(0.E0,-1.E0,0.E0));
#435=VECTOR('',#434,1.79E0);
#436=CARTESIAN_POINT('',(-3.5E0,4.72E0,-2.5E-1));
#437=LINE('',#436,#435);
#438=DIRECTION('',(-1.E0,0.E0,0.E0));
#439=VECTOR('',#438,1.22E0);
#440=CARTESIAN_POINT('',(-2.28E0,4.72E0,-2.5E-1));
#441=LINE('',#440,#439);
#442=DIRECTION('',(0.E0,-1.E0,0.E0));
#443=VECTOR('',#442,6.8E-1);
#444=CARTESIAN_POINT('',(-2.28E0,5.4E0,-2.5E-1));
#445=LINE('',#444,#443);
#446=DIRECTION('',(1.E0,0.E0,0.E0));
#447=VECTOR('',#446,2.5E-1);
#448=CARTESIAN_POINT('',(2.03E0,5.4E0,-2.5E-1));
#449=LINE('',#448,#447);
#450=DIRECTION('',(0.E0,1.E0,0.E0));
#451=VECTOR('',#450,6.8E-1);
#452=CARTESIAN_POINT('',(2.28E0,4.72E0,-2.5E-1));
#453=LINE('',#452,#451);
#454=DIRECTION('',(-1.E0,0.E0,0.E0));
#455=VECTOR('',#454,1.22E0);
#456=CARTESIAN_POINT('',(3.5E0,4.72E0,-2.5E-1));
#457=LINE('',#456,#455);
#458=DIRECTION('',(0.E0,1.E0,0.E0));
#459=VECTOR('',#458,1.79E0);
#460=CARTESIAN_POINT('',(3.5E0,2.93E0,-2.5E-1));
#461=LINE('',#460,#459);
#462=DIRECTION('',(-1.E0,0.E0,0.E0));
#463=VECTOR('',#462,2.805E0);
#464=CARTESIAN_POINT('',(6.305E0,2.93E0,-2.5E-1));
#465=LINE('',#464,#463);
#466=DIRECTION('',(0.E0,1.E0,0.E0));
#467=VECTOR('',#466,2.19E0);
#468=CARTESIAN_POINT('',(6.305E0,7.4E-1,-2.5E-1));
#469=LINE('',#468,#467);
#470=DIRECTION('',(-1.E0,0.E0,0.E0));
#471=VECTOR('',#470,2.5E-1);
#472=CARTESIAN_POINT('',(6.555E0,7.4E-1,-2.5E-1));
#473=LINE('',#472,#471);
#474=DIRECTION('',(0.E0,1.E0,0.E0));
#475=VECTOR('',#474,2.5E-1);
#476=CARTESIAN_POINT('',(6.555E0,4.9E-1,-2.5E-1));
#477=LINE('',#476,#475);
#478=DIRECTION('',(1.E0,0.E0,0.E0));
#479=VECTOR('',#478,6.E-1);
#480=CARTESIAN_POINT('',(5.955E0,4.9E-1,-2.5E-1));
#481=LINE('',#480,#479);
#482=DIRECTION('',(1.E0,0.E0,0.E0));
#483=VECTOR('',#482,1.191E1);
#484=CARTESIAN_POINT('',(-5.955E0,-4.15E0,-2.5E-1));
#485=LINE('',#484,#483);
#486=DIRECTION('',(0.E0,0.E0,-1.E0));
#487=VECTOR('',#486,9.9E0);
#488=CARTESIAN_POINT('',(-5.955E0,-4.15E0,-2.5E-1));
#489=LINE('',#488,#487);
#490=DIRECTION('',(0.E0,0.E0,-1.E0));
#491=VECTOR('',#490,3.5E-1);
#492=CARTESIAN_POINT('',(3.57E0,-4.15E0,-2.3E0));
#493=LINE('',#492,#491);
#494=DIRECTION('',(1.E0,0.E0,0.E0));
#495=VECTOR('',#494,4.6E-1);
#496=CARTESIAN_POINT('',(3.11E0,-4.15E0,-2.65E0));
#497=LINE('',#496,#495);
#498=DIRECTION('',(0.E0,0.E0,-1.E0));
#499=VECTOR('',#498,3.5E-1);
#500=CARTESIAN_POINT('',(3.11E0,-4.15E0,-2.3E0));
#501=LINE('',#500,#499);
#502=DIRECTION('',(1.E0,0.E0,0.E0));
#503=VECTOR('',#502,4.6E-1);
#504=CARTESIAN_POINT('',(3.11E0,-4.15E0,-2.3E0));
#505=LINE('',#504,#503);
#506=DIRECTION('',(0.E0,0.E0,-1.E0));
#507=VECTOR('',#506,3.5E-1);
#508=CARTESIAN_POINT('',(2.55E0,-4.15E0,-2.3E0));
#509=LINE('',#508,#507);
#510=DIRECTION('',(1.E0,0.E0,0.E0));
#511=VECTOR('',#510,4.6E-1);
#512=CARTESIAN_POINT('',(2.09E0,-4.15E0,-2.65E0));
#513=LINE('',#512,#511);
#514=DIRECTION('',(0.E0,0.E0,-1.E0));
#515=VECTOR('',#514,3.5E-1);
#516=CARTESIAN_POINT('',(2.09E0,-4.15E0,-2.3E0));
#517=LINE('',#516,#515);
#518=DIRECTION('',(1.E0,0.E0,0.E0));
#519=VECTOR('',#518,4.6E-1);
#520=CARTESIAN_POINT('',(2.09E0,-4.15E0,-2.3E0));
#521=LINE('',#520,#519);
#522=DIRECTION('',(0.E0,0.E0,-1.E0));
#523=VECTOR('',#522,3.5E-1);
#524=CARTESIAN_POINT('',(1.53E0,-4.15E0,-2.3E0));
#525=LINE('',#524,#523);
#526=DIRECTION('',(1.E0,0.E0,0.E0));
#527=VECTOR('',#526,4.6E-1);
#528=CARTESIAN_POINT('',(1.07E0,-4.15E0,-2.65E0));
#529=LINE('',#528,#527);
#530=DIRECTION('',(0.E0,0.E0,-1.E0));
#531=VECTOR('',#530,3.5E-1);
#532=CARTESIAN_POINT('',(1.07E0,-4.15E0,-2.3E0));
#533=LINE('',#532,#531);
#534=DIRECTION('',(1.E0,0.E0,0.E0));
#535=VECTOR('',#534,4.6E-1);
#536=CARTESIAN_POINT('',(1.07E0,-4.15E0,-2.3E0));
#537=LINE('',#536,#535);
#538=DIRECTION('',(0.E0,0.E0,-1.E0));
#539=VECTOR('',#538,3.5E-1);
#540=CARTESIAN_POINT('',(5.1E-1,-4.15E0,-2.3E0));
#541=LINE('',#540,#539);
#542=DIRECTION('',(1.E0,0.E0,0.E0));
#543=VECTOR('',#542,4.6E-1);
#544=CARTESIAN_POINT('',(5.E-2,-4.15E0,-2.65E0));
#545=LINE('',#544,#543);
#546=DIRECTION('',(0.E0,0.E0,-1.E0));
#547=VECTOR('',#546,3.5E-1);
#548=CARTESIAN_POINT('',(5.E-2,-4.15E0,-2.3E0));
#549=LINE('',#548,#547);
#550=DIRECTION('',(1.E0,0.E0,0.E0));
#551=VECTOR('',#550,4.6E-1);
#552=CARTESIAN_POINT('',(5.E-2,-4.15E0,-2.3E0));
#553=LINE('',#552,#551);
#554=DIRECTION('',(0.E0,0.E0,-1.E0));
#555=VECTOR('',#554,3.5E-1);
#556=CARTESIAN_POINT('',(-5.1E-1,-4.15E0,-2.3E0));
#557=LINE('',#556,#555);
#558=DIRECTION('',(1.E0,0.E0,0.E0));
#559=VECTOR('',#558,4.6E-1);
#560=CARTESIAN_POINT('',(-9.7E-1,-4.15E0,-2.65E0));
#561=LINE('',#560,#559);
#562=DIRECTION('',(0.E0,0.E0,-1.E0));
#563=VECTOR('',#562,3.5E-1);
#564=CARTESIAN_POINT('',(-9.7E-1,-4.15E0,-2.3E0));
#565=LINE('',#564,#563);
#566=DIRECTION('',(1.E0,0.E0,0.E0));
#567=VECTOR('',#566,4.6E-1);
#568=CARTESIAN_POINT('',(-9.7E-1,-4.15E0,-2.3E0));
#569=LINE('',#568,#567);
#570=DIRECTION('',(0.E0,0.E0,-1.E0));
#571=VECTOR('',#570,3.5E-1);
#572=CARTESIAN_POINT('',(-1.53E0,-4.15E0,-2.3E0));
#573=LINE('',#572,#571);
#574=DIRECTION('',(1.E0,0.E0,0.E0));
#575=VECTOR('',#574,4.6E-1);
#576=CARTESIAN_POINT('',(-1.99E0,-4.15E0,-2.65E0));
#577=LINE('',#576,#575);
#578=DIRECTION('',(0.E0,0.E0,-1.E0));
#579=VECTOR('',#578,3.5E-1);
#580=CARTESIAN_POINT('',(-1.99E0,-4.15E0,-2.3E0));
#581=LINE('',#580,#579);
#582=DIRECTION('',(1.E0,0.E0,0.E0));
#583=VECTOR('',#582,4.6E-1);
#584=CARTESIAN_POINT('',(-1.99E0,-4.15E0,-2.3E0));
#585=LINE('',#584,#583);
#586=DIRECTION('',(0.E0,0.E0,-1.E0));
#587=VECTOR('',#586,3.5E-1);
#588=CARTESIAN_POINT('',(-2.55E0,-4.15E0,-2.3E0));
#589=LINE('',#588,#587);
#590=DIRECTION('',(1.E0,0.E0,0.E0));
#591=VECTOR('',#590,4.6E-1);
#592=CARTESIAN_POINT('',(-3.01E0,-4.15E0,-2.65E0));
#593=LINE('',#592,#591);
#594=DIRECTION('',(0.E0,0.E0,-1.E0));
#595=VECTOR('',#594,3.5E-1);
#596=CARTESIAN_POINT('',(-3.01E0,-4.15E0,-2.3E0));
#597=LINE('',#596,#595);
#598=DIRECTION('',(1.E0,0.E0,0.E0));
#599=VECTOR('',#598,4.6E-1);
#600=CARTESIAN_POINT('',(-3.01E0,-4.15E0,-2.3E0));
#601=LINE('',#600,#599);
#602=DIRECTION('',(0.E0,0.E0,-1.E0));
#603=VECTOR('',#602,3.5E-1);
#604=CARTESIAN_POINT('',(-3.57E0,-4.15E0,-2.3E0));
#605=LINE('',#604,#603);
#606=DIRECTION('',(1.E0,0.E0,0.E0));
#607=VECTOR('',#606,4.6E-1);
#608=CARTESIAN_POINT('',(-4.03E0,-4.15E0,-2.65E0));
#609=LINE('',#608,#607);
#610=DIRECTION('',(0.E0,0.E0,-1.E0));
#611=VECTOR('',#610,3.5E-1);
#612=CARTESIAN_POINT('',(-4.03E0,-4.15E0,-2.3E0));
#613=LINE('',#612,#611);
#614=DIRECTION('',(1.E0,0.E0,0.E0));
#615=VECTOR('',#614,4.6E-1);
#616=CARTESIAN_POINT('',(-4.03E0,-4.15E0,-2.3E0));
#617=LINE('',#616,#615);
#618=DIRECTION('',(0.E0,1.E0,0.E0));
#619=VECTOR('',#618,2.5E0);
#620=CARTESIAN_POINT('',(-5.955E0,-2.01E0,-2.996714882809E0));
#621=LINE('',#620,#619);
#622=DIRECTION('',(0.E0,0.E0,1.E0));
#623=VECTOR('',#622,4.257143950567E-1);
#624=CARTESIAN_POINT('',(-5.955E0,4.9E-1,-2.996714882809E0));
#625=LINE('',#624,#623);
#626=DIRECTION('',(0.E0,1.E0,0.E0));
#627=VECTOR('',#626,2.5E0);
#628=CARTESIAN_POINT('',(-5.955E0,-2.01E0,-2.571000487753E0));
#629=LINE('',#628,#627);
#630=DIRECTION('',(0.E0,0.E0,1.E0));
#631=VECTOR('',#630,4.257143950567E-1);
#632=CARTESIAN_POINT('',(-5.955E0,-2.01E0,-2.996714882809E0));
#633=LINE('',#632,#631);
#634=DIRECTION('',(0.E0,-1.E0,0.E0));
#635=VECTOR('',#634,5.3E-1);
#636=CARTESIAN_POINT('',(-5.955E0,2.68E0,-8.25E0));
#637=LINE('',#636,#635);
#638=DIRECTION('',(0.E0,0.E0,1.E0));
#639=VECTOR('',#638,1.55E0);
#640=CARTESIAN_POINT('',(-5.955E0,1.8E0,-1.015E1));
#641=LINE('',#640,#639);
#642=DIRECTION('',(0.E0,-1.E0,0.E0));
#643=VECTOR('',#642,2.14E0);
#644=CARTESIAN_POINT('',(-5.955E0,-2.01E0,-2.5E-1));
#645=LINE('',#644,#643);
#646=DIRECTION('',(0.E0,1.E0,0.E0));
#647=VECTOR('',#646,2.5E0);
#648=CARTESIAN_POINT('',(-5.955E0,-2.01E0,-2.5E-1));
#649=LINE('',#648,#647);
#650=DIRECTION('',(0.E0,-1.E0,0.E0));
#651=VECTOR('',#650,2.19E0);
#652=CARTESIAN_POINT('',(-5.955E0,2.68E0,-2.5E-1));
#653=LINE('',#652,#651);
#654=DIRECTION('',(0.E0,0.E0,-1.E0));
#655=VECTOR('',#654,8.E0);
#656=CARTESIAN_POINT('',(-5.955E0,2.68E0,-2.5E-1));
#657=LINE('',#656,#655);
#658=DIRECTION('',(0.E0,1.E0,0.E0));
#659=VECTOR('',#658,2.5E0);
#660=CARTESIAN_POINT('',(-5.950100597864E0,-2.01E0,-3.000144461731E0));
#661=LINE('',#660,#659);
#662=DIRECTION('',(0.E0,-1.E0,0.E0));
#663=VECTOR('',#662,2.5E0);
#664=CARTESIAN_POINT('',(-5.340383938659E0,4.9E-1,-2.129120009260E0));
#665=LINE('',#664,#663);
#666=DIRECTION('',(-5.734620555584E-1,0.E0,-8.192321226824E-1));
#667=VECTOR('',#666,1.063220579802E0);
#668=CARTESIAN_POINT('',(-5.340383938659E0,4.9E-1,-2.129120009260E0));
#669=LINE('',#668,#667);
#670=DIRECTION('',(5.734620555584E-1,0.E0,8.192321226824E-1));
#671=VECTOR('',#670,1.063220579802E0);
#672=CARTESIAN_POINT('',(-5.950100597864E0,-2.01E0,-3.000144461731E0));
#673=LINE('',#672,#671);
#674=DIRECTION('',(0.E0,1.E0,0.E0));
#675=VECTOR('',#674,2.5E0);
#676=CARTESIAN_POINT('',(-5.545191969329E0,-2.01E0,-1.985560004630E0));
#677=LINE('',#676,#675);
#678=DIRECTION('',(-5.734620555584E-1,0.E0,-8.192321226824E-1));
#679=VECTOR('',#678,7.146210053455E-1);
#680=CARTESIAN_POINT('',(-5.545191969329E0,-2.01E0,-1.985560004630E0));
#681=LINE('',#680,#679);
#682=DIRECTION('',(5.734620555584E-1,0.E0,8.192321226824E-1));
#683=VECTOR('',#682,7.146210053455E-1);
#684=CARTESIAN_POINT('',(-5.955E0,4.9E-1,-2.571000487753E0));
#685=LINE('',#684,#683);
#686=CARTESIAN_POINT('',(-5.75E0,-2.01E0,-1.842194490740E0));
#687=DIRECTION('',(0.E0,1.E0,0.E0));
#688=DIRECTION('',(1.E0,0.E0,0.E0));
#689=AXIS2_PLACEMENT_3D('',#686,#687,#688);
#691=CARTESIAN_POINT('',(-5.75E0,4.9E-1,-1.842194490740E0));
#692=DIRECTION('',(0.E0,-1.E0,0.E0));
#693=DIRECTION('',(8.192321226824E-1,0.E0,-5.734620555584E-1));
#694=AXIS2_PLACEMENT_3D('',#691,#692,#693);
#696=DIRECTION('',(0.E0,1.E0,0.E0));
#697=VECTOR('',#696,2.5E0);
#698=CARTESIAN_POINT('',(-5.5E0,-2.01E0,-1.842194490740E0));
#699=LINE('',#698,#697);
#700=DIRECTION('',(0.E0,1.E0,0.E0));
#701=VECTOR('',#700,2.5E0);
#702=CARTESIAN_POINT('',(-5.5E0,-2.01E0,-5.E-1));
#703=LINE('',#702,#701);
#704=CARTESIAN_POINT('',(-5.75E0,-2.01E0,-5.E-1));
#705=DIRECTION('',(0.E0,1.E0,0.E0));
#706=DIRECTION('',(0.E0,0.E0,1.E0));
#707=AXIS2_PLACEMENT_3D('',#704,#705,#706);
#709=CARTESIAN_POINT('',(-5.75E0,4.9E-1,-5.E-1));
#710=DIRECTION('',(0.E0,-1.E0,0.E0));
#711=DIRECTION('',(1.E0,0.E0,0.E0));
#712=AXIS2_PLACEMENT_3D('',#709,#710,#711);
#714=DIRECTION('',(0.E0,1.E0,0.E0));
#715=VECTOR('',#714,2.5E0);
#716=CARTESIAN_POINT('',(-5.75E0,-2.01E0,-2.5E-1));
#717=LINE('',#716,#715);
#718=DIRECTION('',(1.E0,0.E0,0.E0));
#719=VECTOR('',#718,2.5E0);
#720=CARTESIAN_POINT('',(-5.955E0,2.15E0,-8.25E0));
#721=LINE('',#720,#719);
#722=DIRECTION('',(0.E0,1.E0,0.E0));
#723=VECTOR('',#722,5.3E-1);
#724=CARTESIAN_POINT('',(-3.455E0,2.15E0,-8.25E0));
#725=LINE('',#724,#723);
#726=DIRECTION('',(1.E0,0.E0,0.E0));
#727=VECTOR('',#726,2.5E0);
#728=CARTESIAN_POINT('',(3.455E0,2.15E0,-8.25E0));
#729=LINE('',#728,#727);
#730=DIRECTION('',(0.E0,-1.E0,0.E0));
#731=VECTOR('',#730,5.3E-1);
#732=CARTESIAN_POINT('',(3.455E0,2.68E0,-8.25E0));
#733=LINE('',#732,#731);
#734=CARTESIAN_POINT('',(-5.955E0,2.15E0,-8.6E0));
#735=DIRECTION('',(-1.E0,0.E0,0.E0));
#736=DIRECTION('',(0.E0,-1.E0,0.E0));
#737=AXIS2_PLACEMENT_3D('',#734,#735,#736);
#739=CARTESIAN_POINT('',(-3.455E0,2.15E0,-8.6E0));
#740=DIRECTION('',(1.E0,0.E0,0.E0));
#741=DIRECTION('',(0.E0,0.E0,1.E0));
#742=AXIS2_PLACEMENT_3D('',#739,#740,#741);
#744=DIRECTION('',(0.E0,0.E0,1.E0));
#745=VECTOR('',#744,1.55E0);
#746=CARTESIAN_POINT('',(-3.455E0,1.8E0,-1.015E1));
#747=LINE('',#746,#745);
#748=DIRECTION('',(-1.E0,0.E0,0.E0));
#749=VECTOR('',#748,2.805E0);
#750=CARTESIAN_POINT('',(-3.15E0,2.68E0,-2.5E-1));
#751=LINE('',#750,#749);
#752=DIRECTION('',(0.E0,0.E0,-1.E0));
#753=VECTOR('',#752,9.9E0);
#754=CARTESIAN_POINT('',(-3.15E0,2.68E0,-2.5E-1));
#755=LINE('',#754,#753);
#756=DIRECTION('',(0.E0,0.E0,1.E0));
#757=VECTOR('',#756,1.9E0);
#758=CARTESIAN_POINT('',(-3.455E0,2.68E0,-1.015E1));
#759=LINE('',#758,#757);
#760=DIRECTION('',(-1.E0,0.E0,0.E0));
#761=VECTOR('',#760,2.5E0);
#762=CARTESIAN_POINT('',(-3.455E0,2.68E0,-8.25E0));
#763=LINE('',#762,#761);
#764=DIRECTION('',(0.E0,-1.E0,0.E0));
#765=VECTOR('',#764,1.69E0);
#766=CARTESIAN_POINT('',(-3.15E0,4.37E0,-2.5E-1));
#767=LINE('',#766,#765);
#768=DIRECTION('',(0.E0,0.E0,-1.E0));
#769=VECTOR('',#768,9.9E0);
#770=CARTESIAN_POINT('',(-3.15E0,4.37E0,-2.5E-1));
#771=LINE('',#770,#769);
#772=DIRECTION('',(1.E0,0.E0,0.E0));
#773=VECTOR('',#772,2.5E-1);
#774=CARTESIAN_POINT('',(-2.28E0,4.37E0,-1.5E0));
#775=LINE('',#774,#773);
#776=DIRECTION('',(0.E0,0.E0,-1.E0));
#777=VECTOR('',#776,4.85E0);
#778=CARTESIAN_POINT('',(-2.28E0,4.37E0,-1.5E0));
#779=LINE('',#778,#777);
#780=DIRECTION('',(1.E0,0.E0,0.E0));
#781=VECTOR('',#780,4.56E0);
#782=CARTESIAN_POINT('',(-2.28E0,4.37E0,-6.35E0));
#783=LINE('',#782,#781);
#784=DIRECTION('',(0.E0,0.E0,-1.E0));
#785=VECTOR('',#784,4.85E0);
#786=CARTESIAN_POINT('',(2.28E0,4.37E0,-1.5E0));
#787=LINE('',#786,#785);
#788=DIRECTION('',(1.E0,0.E0,0.E0));
#789=VECTOR('',#788,2.5E-1);
#790=CARTESIAN_POINT('',(2.03E0,4.37E0,-1.5E0));
#791=LINE('',#790,#789);
#792=DIRECTION('',(0.E0,0.E0,-1.E0));
#793=VECTOR('',#792,1.25E0);
#794=CARTESIAN_POINT('',(2.03E0,4.37E0,-2.5E-1));
#795=LINE('',#794,#793);
#796=DIRECTION('',(-1.E0,0.E0,0.E0));
#797=VECTOR('',#796,1.12E0);
#798=CARTESIAN_POINT('',(3.15E0,4.37E0,-2.5E-1));
#799=LINE('',#798,#797);
#800=DIRECTION('',(0.E0,0.E0,-1.E0));
#801=VECTOR('',#800,9.9E0);
#802=CARTESIAN_POINT('',(3.15E0,4.37E0,-2.5E-1));
#803=LINE('',#802,#801);
#804=DIRECTION('',(-1.E0,0.E0,0.E0));
#805=VECTOR('',#804,1.12E0);
#806=CARTESIAN_POINT('',(-2.03E0,4.37E0,-2.5E-1));
#807=LINE('',#806,#805);
#808=DIRECTION('',(0.E0,0.E0,-1.E0));
#809=VECTOR('',#808,1.25E0);
#810=CARTESIAN_POINT('',(-2.03E0,4.37E0,-2.5E-1));
#811=LINE('',#810,#809);
#812=DIRECTION('',(1.E0,0.E0,0.E0));
#813=VECTOR('',#812,2.5E-1);
#814=CARTESIAN_POINT('',(-2.28E0,5.4E0,-1.5E0));
#815=LINE('',#814,#813);
#816=DIRECTION('',(1.E0,0.E0,0.E0));
#817=VECTOR('',#816,2.5E-1);
#818=CARTESIAN_POINT('',(2.03E0,5.4E0,-1.5E0));
#819=LINE('',#818,#817);
#820=DIRECTION('',(0.E0,1.E0,0.E0));
#821=VECTOR('',#820,1.03E0);
#822=CARTESIAN_POINT('',(-2.03E0,4.37E0,-1.5E0));
#823=LINE('',#822,#821);
#824=DIRECTION('',(0.E0,1.E0,0.E0));
#825=VECTOR('',#824,1.03E0);
#826=CARTESIAN_POINT('',(-2.03E0,4.37E0,-2.5E-1));
#827=LINE('',#826,#825);
#828=DIRECTION('',(0.E0,0.E0,-1.E0));
#829=VECTOR('',#828,1.25E0);
#830=CARTESIAN_POINT('',(-2.03E0,5.4E0,-2.5E-1));
#831=LINE('',#830,#829);
#832=DIRECTION('',(0.E0,1.E0,0.E0));
#833=VECTOR('',#832,1.03E0);
#834=CARTESIAN_POINT('',(2.03E0,4.37E0,-1.5E0));
#835=LINE('',#834,#833);
#836=DIRECTION('',(0.E0,0.E0,-1.E0));
#837=VECTOR('',#836,1.25E0);
#838=CARTESIAN_POINT('',(2.03E0,5.4E0,-2.5E-1));
#839=LINE('',#838,#837);
#840=DIRECTION('',(0.E0,1.E0,0.E0));
#841=VECTOR('',#840,1.03E0);
#842=CARTESIAN_POINT('',(2.03E0,4.37E0,-2.5E-1));
#843=LINE('',#842,#841);
#844=DIRECTION('',(1.E0,0.E0,0.E0));
#845=VECTOR('',#844,4.56E0);
#846=CARTESIAN_POINT('',(-2.28E0,5.4E0,-6.35E0));
#847=LINE('',#846,#845);
#848=DIRECTION('',(0.E0,1.E0,0.E0));
#849=VECTOR('',#848,1.69E0);
#850=CARTESIAN_POINT('',(3.15E0,2.68E0,-2.5E-1));
#851=LINE('',#850,#849);
#852=DIRECTION('',(0.E0,0.E0,-1.E0));
#853=VECTOR('',#852,9.9E0);
#854=CARTESIAN_POINT('',(3.15E0,2.68E0,-2.5E-1));
#855=LINE('',#854,#853);
#856=DIRECTION('',(-1.E0,0.E0,0.E0));
#857=VECTOR('',#856,2.805E0);
#858=CARTESIAN_POINT('',(5.955E0,2.68E0,-2.5E-1));
#859=LINE('',#858,#857);
#860=DIRECTION('',(0.E0,0.E0,-1.E0));
#861=VECTOR('',#860,8.E0);
#862=CARTESIAN_POINT('',(5.955E0,2.68E0,-2.5E-1));
#863=LINE('',#862,#861);
#864=DIRECTION('',(-1.E0,0.E0,0.E0));
#865=VECTOR('',#864,2.5E0);
#866=CARTESIAN_POINT('',(5.955E0,2.68E0,-8.25E0));
#867=LINE('',#866,#865);
#868=DIRECTION('',(0.E0,0.E0,1.E0));
#869=VECTOR('',#868,1.9E0);
#870=CARTESIAN_POINT('',(3.455E0,2.68E0,-1.015E1));
#871=LINE('',#870,#869);
#872=DIRECTION('',(0.E0,1.E0,0.E0));
#873=VECTOR('',#872,2.5E0);
#874=CARTESIAN_POINT('',(5.955E0,-2.01E0,-2.996714882809E0));
#875=LINE('',#874,#873);
#876=DIRECTION('',(0.E0,0.E0,1.E0));
#877=VECTOR('',#876,4.257143950567E-1);
#878=CARTESIAN_POINT('',(5.955E0,-2.01E0,-2.996714882809E0));
#879=LINE('',#878,#877);
#880=DIRECTION('',(0.E0,1.E0,0.E0));
#881=VECTOR('',#880,2.5E0);
#882=CARTESIAN_POINT('',(5.955E0,-2.01E0,-2.571000487753E0));
#883=LINE('',#882,#881);
#884=DIRECTION('',(0.E0,0.E0,1.E0));
#885=VECTOR('',#884,4.257143950567E-1);
#886=CARTESIAN_POINT('',(5.955E0,4.9E-1,-2.996714882809E0));
#887=LINE('',#886,#885);
#888=DIRECTION('',(0.E0,0.E0,1.E0));
#889=VECTOR('',#888,1.55E0);
#890=CARTESIAN_POINT('',(5.955E0,1.8E0,-1.015E1));
#891=LINE('',#890,#889);
#892=DIRECTION('',(0.E0,-1.E0,0.E0));
#893=VECTOR('',#892,5.3E-1);
#894=CARTESIAN_POINT('',(5.955E0,2.68E0,-8.25E0));
#895=LINE('',#894,#893);
#896=DIRECTION('',(0.E0,1.E0,0.E0));
#897=VECTOR('',#896,2.19E0);
#898=CARTESIAN_POINT('',(5.955E0,4.9E-1,-2.5E-1));
#899=LINE('',#898,#897);
#900=DIRECTION('',(0.E0,1.E0,0.E0));
#901=VECTOR('',#900,2.5E0);
#902=CARTESIAN_POINT('',(5.955E0,-2.01E0,-2.5E-1));
#903=LINE('',#902,#901);
#904=DIRECTION('',(0.E0,1.E0,0.E0));
#905=VECTOR('',#904,2.14E0);
#906=CARTESIAN_POINT('',(5.955E0,-4.15E0,-2.5E-1));
#907=LINE('',#906,#905);
#908=DIRECTION('',(0.E0,0.E0,-1.E0));
#909=VECTOR('',#908,9.9E0);
#910=CARTESIAN_POINT('',(5.955E0,-4.15E0,-2.5E-1));
#911=LINE('',#910,#909);
#912=DIRECTION('',(0.E0,1.E0,0.E0));
#913=VECTOR('',#912,2.5E0);
#914=CARTESIAN_POINT('',(5.950100597864E0,-2.01E0,-3.000144461731E0));
#915=LINE('',#914,#913);
#916=DIRECTION('',(0.E0,1.E0,0.E0));
#917=VECTOR('',#916,2.5E0);
#918=CARTESIAN_POINT('',(5.340383938659E0,-2.01E0,-2.129120009260E0));
#919=LINE('',#918,#917);
#920=DIRECTION('',(5.734620555584E-1,0.E0,-8.192321226824E-1));
#921=VECTOR('',#920,1.063220579802E0);
#922=CARTESIAN_POINT('',(5.340383938659E0,-2.01E0,-2.129120009260E0));
#923=LINE('',#922,#921);
#924=DIRECTION('',(-5.734620555584E-1,0.E0,8.192321226824E-1));
#925=VECTOR('',#924,1.063220579802E0);
#926=CARTESIAN_POINT('',(5.950100597864E0,4.9E-1,-3.000144461731E0));
#927=LINE('',#926,#925);
#928=DIRECTION('',(0.E0,-1.E0,0.E0));
#929=VECTOR('',#928,2.5E0);
#930=CARTESIAN_POINT('',(5.545191969329E0,4.9E-1,-1.985560004630E0));
#931=LINE('',#930,#929);
#932=DIRECTION('',(5.734620555584E-1,0.E0,-8.192321226824E-1));
#933=VECTOR('',#932,7.146210053455E-1);
#934=CARTESIAN_POINT('',(5.545191969329E0,4.9E-1,-1.985560004630E0));
#935=LINE('',#934,#933);
#936=DIRECTION('',(-5.734620555584E-1,0.E0,8.192321226824E-1));
#937=VECTOR('',#936,7.146210053455E-1);
#938=CARTESIAN_POINT('',(5.955E0,-2.01E0,-2.571000487753E0));
#939=LINE('',#938,#937);
#940=CARTESIAN_POINT('',(5.75E0,4.9E-1,-1.842194490740E0));
#941=DIRECTION('',(0.E0,-1.E0,0.E0));
#942=DIRECTION('',(-1.E0,0.E0,0.E0));
#943=AXIS2_PLACEMENT_3D('',#940,#941,#942);
#945=CARTESIAN_POINT('',(5.75E0,-2.01E0,-1.842194490740E0));
#946=DIRECTION('',(0.E0,1.E0,0.E0));
#947=DIRECTION('',(-8.192321226824E-1,0.E0,-5.734620555584E-1));
#948=AXIS2_PLACEMENT_3D('',#945,#946,#947);
#950=DIRECTION('',(0.E0,-1.E0,0.E0));
#951=VECTOR('',#950,2.5E0);
#952=CARTESIAN_POINT('',(5.5E0,4.9E-1,-1.842194490740E0));
#953=LINE('',#952,#951);
#954=DIRECTION('',(0.E0,-1.E0,0.E0));
#955=VECTOR('',#954,2.5E0);
#956=CARTESIAN_POINT('',(5.5E0,4.9E-1,-5.E-1));
#957=LINE('',#956,#955);
#958=CARTESIAN_POINT('',(5.75E0,4.9E-1,-5.E-1));
#959=DIRECTION('',(0.E0,-1.E0,0.E0));
#960=DIRECTION('',(0.E0,0.E0,1.E0));
#961=AXIS2_PLACEMENT_3D('',#958,#959,#960);
#963=CARTESIAN_POINT('',(5.75E0,-2.01E0,-5.E-1));
#964=DIRECTION('',(0.E0,1.E0,0.E0));
#965=DIRECTION('',(-1.E0,0.E0,0.E0));
#966=AXIS2_PLACEMENT_3D('',#963,#964,#965);
#968=DIRECTION('',(0.E0,-1.E0,0.E0));
#969=VECTOR('',#968,2.5E0);
#970=CARTESIAN_POINT('',(5.75E0,4.9E-1,-2.5E-1));
#971=LINE('',#970,#969);
#972=DIRECTION('',(1.E0,0.E0,0.E0));
#973=VECTOR('',#972,2.5E0);
#974=CARTESIAN_POINT('',(3.455E0,1.8E0,-8.6E0));
#975=LINE('',#974,#973);
#976=DIRECTION('',(0.E0,0.E0,1.E0));
#977=VECTOR('',#976,1.55E0);
#978=CARTESIAN_POINT('',(3.455E0,1.8E0,-1.015E1));
#979=LINE('',#978,#977);
#980=CARTESIAN_POINT('',(5.955E0,2.15E0,-8.6E0));
#981=DIRECTION('',(1.E0,0.E0,0.E0));
#982=DIRECTION('',(0.E0,0.E0,1.E0));
#983=AXIS2_PLACEMENT_3D('',#980,#981,#982);
#985=CARTESIAN_POINT('',(3.455E0,2.15E0,-8.6E0));
#986=DIRECTION('',(-1.E0,0.E0,0.E0));
#987=DIRECTION('',(0.E0,-1.E0,0.E0));
#988=AXIS2_PLACEMENT_3D('',#985,#986,#987);
#990=DIRECTION('',(1.E0,0.E0,0.E0));
#991=VECTOR('',#990,2.5E0);
#992=CARTESIAN_POINT('',(-5.955E0,1.8E0,-1.015E1));
#993=LINE('',#992,#991);
#994=DIRECTION('',(0.E0,1.E0,0.E0));
#995=VECTOR('',#994,8.8E-1);
#996=CARTESIAN_POINT('',(-3.455E0,1.8E0,-1.015E1));
#997=LINE('',#996,#995);
#998=DIRECTION('',(-1.E0,0.E0,0.E0));
#999=VECTOR('',#998,3.05E-1);
#1000=CARTESIAN_POINT('',(-3.15E0,2.68E0,-1.015E1));
#1001=LINE('',#1000,#999);
#1002=DIRECTION('',(0.E0,-1.E0,0.E0));
#1003=VECTOR('',#1002,1.69E0);
#1004=CARTESIAN_POINT('',(-3.15E0,4.37E0,-1.015E1));
#1005=LINE('',#1004,#1003);
#1006=DIRECTION('',(-1.E0,0.E0,0.E0));
#1007=VECTOR('',#1006,6.3E0);
#1008=CARTESIAN_POINT('',(3.15E0,4.37E0,-1.015E1));
#1009=LINE('',#1008,#1007);
#1010=DIRECTION('',(0.E0,1.E0,0.E0));
#1011=VECTOR('',#1010,1.69E0);
#1012=CARTESIAN_POINT('',(3.15E0,2.68E0,-1.015E1));
#1013=LINE('',#1012,#1011);
#1014=DIRECTION('',(-1.E0,0.E0,0.E0));
#1015=VECTOR('',#1014,3.05E-1);
#1016=CARTESIAN_POINT('',(3.455E0,2.68E0,-1.015E1));
#1017=LINE('',#1016,#1015);
#1018=DIRECTION('',(0.E0,-1.E0,0.E0));
#1019=VECTOR('',#1018,8.8E-1);
#1020=CARTESIAN_POINT('',(3.455E0,2.68E0,-1.015E1));
#1021=LINE('',#1020,#1019);
#1022=DIRECTION('',(1.E0,0.E0,0.E0));
#1023=VECTOR('',#1022,2.5E0);
#1024=CARTESIAN_POINT('',(3.455E0,1.8E0,-1.015E1));
#1025=LINE('',#1024,#1023);
#1026=DIRECTION('',(0.E0,1.E0,0.E0));
#1027=VECTOR('',#1026,5.95E0);
#1028=CARTESIAN_POINT('',(5.955E0,-4.15E0,-1.015E1));
#1029=LINE('',#1028,#1027);
#1030=DIRECTION('',(1.E0,0.E0,0.E0));
#1031=VECTOR('',#1030,1.191E1);
#1032=CARTESIAN_POINT('',(-5.955E0,-4.15E0,-1.015E1));
#1033=LINE('',#1032,#1031);
#1034=DIRECTION('',(0.E0,-1.E0,0.E0));
#1035=VECTOR('',#1034,5.95E0);
#1036=CARTESIAN_POINT('',(-5.955E0,1.8E0,-1.015E1));
#1037=LINE('',#1036,#1035);
#1038=DIRECTION('',(0.E0,-1.E0,0.E0));
#1039=VECTOR('',#1038,3.707838939188E-1);
#1040=CARTESIAN_POINT('',(3.57E0,-1.05E0,-1.015E1));
#1041=LINE('',#1040,#1039);
#1042=DIRECTION('',(1.E0,0.E0,0.E0));
#1043=VECTOR('',#1042,4.6E-1);
#1044=CARTESIAN_POINT('',(3.11E0,-1.05E0,-1.015E1));
#1045=LINE('',#1044,#1043);
#1046=DIRECTION('',(0.E0,-1.E0,0.E0));
#1047=VECTOR('',#1046,3.707838939188E-1);
#1048=CARTESIAN_POINT('',(3.11E0,-1.05E0,-1.015E1));
#1049=LINE('',#1048,#1047);
#1050=DIRECTION('',(1.E0,0.E0,0.E0));
#1051=VECTOR('',#1050,4.6E-1);
#1052=CARTESIAN_POINT('',(3.11E0,-1.420783893919E0,-1.015E1));
#1053=LINE('',#1052,#1051);
#1054=DIRECTION('',(0.E0,-1.E0,0.E0));
#1055=VECTOR('',#1054,3.707838939188E-1);
#1056=CARTESIAN_POINT('',(2.55E0,-1.05E0,-1.015E1));
#1057=LINE('',#1056,#1055);
#1058=DIRECTION('',(1.E0,0.E0,0.E0));
#1059=VECTOR('',#1058,4.6E-1);
#1060=CARTESIAN_POINT('',(2.09E0,-1.05E0,-1.015E1));
#1061=LINE('',#1060,#1059);
#1062=DIRECTION('',(0.E0,-1.E0,0.E0));
#1063=VECTOR('',#1062,3.707838939188E-1);
#1064=CARTESIAN_POINT('',(2.09E0,-1.05E0,-1.015E1));
#1065=LINE('',#1064,#1063);
#1066=DIRECTION('',(1.E0,0.E0,0.E0));
#1067=VECTOR('',#1066,4.6E-1);
#1068=CARTESIAN_POINT('',(2.09E0,-1.420783893919E0,-1.015E1));
#1069=LINE('',#1068,#1067);
#1070=DIRECTION('',(0.E0,-1.E0,0.E0));
#1071=VECTOR('',#1070,3.707838939188E-1);
#1072=CARTESIAN_POINT('',(1.53E0,-1.05E0,-1.015E1));
#1073=LINE('',#1072,#1071);
#1074=DIRECTION('',(1.E0,0.E0,0.E0));
#1075=VECTOR('',#1074,4.6E-1);
#1076=CARTESIAN_POINT('',(1.07E0,-1.05E0,-1.015E1));
#1077=LINE('',#1076,#1075);
#1078=DIRECTION('',(0.E0,-1.E0,0.E0));
#1079=VECTOR('',#1078,3.707838939188E-1);
#1080=CARTESIAN_POINT('',(1.07E0,-1.05E0,-1.015E1));
#1081=LINE('',#1080,#1079);
#1082=DIRECTION('',(1.E0,0.E0,0.E0));
#1083=VECTOR('',#1082,4.6E-1);
#1084=CARTESIAN_POINT('',(1.07E0,-1.420783893919E0,-1.015E1));
#1085=LINE('',#1084,#1083);
#1086=DIRECTION('',(0.E0,-1.E0,0.E0));
#1087=VECTOR('',#1086,3.707838939188E-1);
#1088=CARTESIAN_POINT('',(5.1E-1,-1.05E0,-1.015E1));
#1089=LINE('',#1088,#1087);
#1090=DIRECTION('',(1.E0,0.E0,0.E0));
#1091=VECTOR('',#1090,4.6E-1);
#1092=CARTESIAN_POINT('',(5.E-2,-1.05E0,-1.015E1));
#1093=LINE('',#1092,#1091);
#1094=DIRECTION('',(0.E0,-1.E0,0.E0));
#1095=VECTOR('',#1094,3.707838939188E-1);
#1096=CARTESIAN_POINT('',(5.E-2,-1.05E0,-1.015E1));
#1097=LINE('',#1096,#1095);
#1098=DIRECTION('',(1.E0,0.E0,0.E0));
#1099=VECTOR('',#1098,4.6E-1);
#1100=CARTESIAN_POINT('',(5.E-2,-1.420783893919E0,-1.015E1));
#1101=LINE('',#1100,#1099);
#1102=DIRECTION('',(0.E0,-1.E0,0.E0));
#1103=VECTOR('',#1102,3.707838939188E-1);
#1104=CARTESIAN_POINT('',(-5.1E-1,-1.05E0,-1.015E1));
#1105=LINE('',#1104,#1103);
#1106=DIRECTION('',(1.E0,0.E0,0.E0));
#1107=VECTOR('',#1106,4.6E-1);
#1108=CARTESIAN_POINT('',(-9.7E-1,-1.05E0,-1.015E1));
#1109=LINE('',#1108,#1107);
#1110=DIRECTION('',(0.E0,-1.E0,0.E0));
#1111=VECTOR('',#1110,3.707838939188E-1);
#1112=CARTESIAN_POINT('',(-9.7E-1,-1.05E0,-1.015E1));
#1113=LINE('',#1112,#1111);
#1114=DIRECTION('',(1.E0,0.E0,0.E0));
#1115=VECTOR('',#1114,4.6E-1);
#1116=CARTESIAN_POINT('',(-9.7E-1,-1.420783893919E0,-1.015E1));
#1117=LINE('',#1116,#1115);
#1118=DIRECTION('',(0.E0,-1.E0,0.E0));
#1119=VECTOR('',#1118,3.707838939188E-1);
#1120=CARTESIAN_POINT('',(-1.53E0,-1.05E0,-1.015E1));
#1121=LINE('',#1120,#1119);
#1122=DIRECTION('',(1.E0,0.E0,0.E0));
#1123=VECTOR('',#1122,4.6E-1);
#1124=CARTESIAN_POINT('',(-1.99E0,-1.05E0,-1.015E1));
#1125=LINE('',#1124,#1123);
#1126=DIRECTION('',(0.E0,-1.E0,0.E0));
#1127=VECTOR('',#1126,3.707838939188E-1);
#1128=CARTESIAN_POINT('',(-1.99E0,-1.05E0,-1.015E1));
#1129=LINE('',#1128,#1127);
#1130=DIRECTION('',(1.E0,0.E0,0.E0));
#1131=VECTOR('',#1130,4.6E-1);
#1132=CARTESIAN_POINT('',(-1.99E0,-1.420783893919E0,-1.015E1));
#1133=LINE('',#1132,#1131);
#1134=DIRECTION('',(0.E0,-1.E0,0.E0));
#1135=VECTOR('',#1134,3.707838939188E-1);
#1136=CARTESIAN_POINT('',(-2.55E0,-1.05E0,-1.015E1));
#1137=LINE('',#1136,#1135);
#1138=DIRECTION('',(1.E0,0.E0,0.E0));
#1139=VECTOR('',#1138,4.6E-1);
#1140=CARTESIAN_POINT('',(-3.01E0,-1.05E0,-1.015E1));
#1141=LINE('',#1140,#1139);
#1142=DIRECTION('',(0.E0,-1.E0,0.E0));
#1143=VECTOR('',#1142,3.707838939188E-1);
#1144=CARTESIAN_POINT('',(-3.01E0,-1.05E0,-1.015E1));
#1145=LINE('',#1144,#1143);
#1146=DIRECTION('',(1.E0,0.E0,0.E0));
#1147=VECTOR('',#1146,4.6E-1);
#1148=CARTESIAN_POINT('',(-3.01E0,-1.420783893919E0,-1.015E1));
#1149=LINE('',#1148,#1147);
#1150=DIRECTION('',(0.E0,-1.E0,0.E0));
#1151=VECTOR('',#1150,3.707838939188E-1);
#1152=CARTESIAN_POINT('',(-3.57E0,-1.05E0,-1.015E1));
#1153=LINE('',#1152,#1151);
#1154=DIRECTION('',(1.E0,0.E0,0.E0));
#1155=VECTOR('',#1154,4.6E-1);
#1156=CARTESIAN_POINT('',(-4.03E0,-1.05E0,-1.015E1));
#1157=LINE('',#1156,#1155);
#1158=DIRECTION('',(0.E0,-1.E0,0.E0));
#1159=VECTOR('',#1158,3.707838939188E-1);
#1160=CARTESIAN_POINT('',(-4.03E0,-1.05E0,-1.015E1));
#1161=LINE('',#1160,#1159);
#1162=DIRECTION('',(1.E0,0.E0,0.E0));
#1163=VECTOR('',#1162,4.6E-1);
#1164=CARTESIAN_POINT('',(-4.03E0,-1.420783893919E0,-1.015E1));
#1165=LINE('',#1164,#1163);
#1166=DIRECTION('',(1.E0,0.E0,0.E0));
#1167=VECTOR('',#1166,2.5E0);
#1168=CARTESIAN_POINT('',(-5.955E0,1.8E0,-8.6E0));
#1169=LINE('',#1168,#1167);
#1170=DIRECTION('',(0.E0,-3.300997035803E-1,9.439460713919E-1));
#1171=VECTOR('',#1170,7.838917052354E0);
#1172=CARTESIAN_POINT('',(3.57E0,-1.420783893919E0,-1.015E1));
#1173=LINE('',#1172,#1171);
#1174=CARTESIAN_POINT('',(3.57E0,-4.15E0,-2.8E0));
#1175=DIRECTION('',(1.E0,0.E0,0.E0));
#1176=DIRECTION('',(0.E0,9.439460713919E-1,3.300997035803E-1));
#1177=AXIS2_PLACEMENT_3D('',#1174,#1175,#1176);
#1179=CARTESIAN_POINT('',(3.57E0,-4.15E0,-2.8E0));
#1180=DIRECTION('',(-1.E0,0.E0,0.E0));
#1181=DIRECTION('',(0.E0,0.E0,1.E0));
#1182=AXIS2_PLACEMENT_3D('',#1179,#1180,#1181);
#1184=DIRECTION('',(0.E0,3.300997035803E-1,-9.439460713919E-1));
#1185=VECTOR('',#1184,7.961312705829E0);
#1186=CARTESIAN_POINT('',(3.57E0,-3.678026964304E0,-2.634950148210E0));
#1187=LINE('',#1186,#1185);
#1188=DIRECTION('',(1.E0,0.E0,0.E0));
#1189=VECTOR('',#1188,4.6E-1);
#1190=CARTESIAN_POINT('',(3.11E0,-4.008408089291E0,-2.750485044463E0));
#1191=LINE('',#1190,#1189);
#1192=DIRECTION('',(0.E0,3.300997035803E-1,-9.439460713919E-1));
#1193=VECTOR('',#1192,7.961312705829E0);
#1194=CARTESIAN_POINT('',(3.11E0,-3.678026964304E0,-2.634950148210E0));
#1195=LINE('',#1194,#1193);
#1196=CARTESIAN_POINT('',(3.11E0,-4.15E0,-2.8E0));
#1197=DIRECTION('',(-1.E0,0.E0,0.E0));
#1198=DIRECTION('',(0.E0,0.E0,1.E0));
#1199=AXIS2_PLACEMENT_3D('',#1196,#1197,#1198);
#1201=CARTESIAN_POINT('',(3.11E0,-4.15E0,-2.8E0));
#1202=DIRECTION('',(1.E0,0.E0,0.E0));
#1203=DIRECTION('',(0.E0,9.439460713919E-1,3.300997035803E-1));
#1204=AXIS2_PLACEMENT_3D('',#1201,#1202,#1203);
#1206=DIRECTION('',(0.E0,-3.300997035803E-1,9.439460713919E-1));
#1207=VECTOR('',#1206,7.838917052354E0);
#1208=CARTESIAN_POINT('',(3.11E0,-1.420783893919E0,-1.015E1));
#1209=LINE('',#1208,#1207);
#1210=DIRECTION('',(1.E0,0.E0,0.E0));
#1211=VECTOR('',#1210,4.6E-1);
#1212=CARTESIAN_POINT('',(3.11E0,-3.678026964304E0,-2.634950148210E0));
#1213=LINE('',#1212,#1211);
#1214=DIRECTION('',(0.E0,-3.300997035803E-1,9.439460713919E-1));
#1215=VECTOR('',#1214,7.838917052354E0);
#1216=CARTESIAN_POINT('',(2.55E0,-1.420783893919E0,-1.015E1));
#1217=LINE('',#1216,#1215);
#1218=CARTESIAN_POINT('',(2.55E0,-4.15E0,-2.8E0));
#1219=DIRECTION('',(1.E0,0.E0,0.E0));
#1220=DIRECTION('',(0.E0,9.439460713919E-1,3.300997035803E-1));
#1221=AXIS2_PLACEMENT_3D('',#1218,#1219,#1220);
#1223=CARTESIAN_POINT('',(2.55E0,-4.15E0,-2.8E0));
#1224=DIRECTION('',(-1.E0,0.E0,0.E0));
#1225=DIRECTION('',(0.E0,0.E0,1.E0));
#1226=AXIS2_PLACEMENT_3D('',#1223,#1224,#1225);
#1228=DIRECTION('',(0.E0,3.300997035803E-1,-9.439460713919E-1));
#1229=VECTOR('',#1228,7.961312705829E0);
#1230=CARTESIAN_POINT('',(2.55E0,-3.678026964304E0,-2.634950148210E0));
#1231=LINE('',#1230,#1229);
#1232=DIRECTION('',(1.E0,0.E0,0.E0));
#1233=VECTOR('',#1232,4.6E-1);
#1234=CARTESIAN_POINT('',(2.09E0,-4.008408089291E0,-2.750485044463E0));
#1235=LINE('',#1234,#1233);
#1236=DIRECTION('',(0.E0,3.300997035803E-1,-9.439460713919E-1));
#1237=VECTOR('',#1236,7.961312705829E0);
#1238=CARTESIAN_POINT('',(2.09E0,-3.678026964304E0,-2.634950148210E0));
#1239=LINE('',#1238,#1237);
#1240=CARTESIAN_POINT('',(2.09E0,-4.15E0,-2.8E0));
#1241=DIRECTION('',(-1.E0,0.E0,0.E0));
#1242=DIRECTION('',(0.E0,0.E0,1.E0));
#1243=AXIS2_PLACEMENT_3D('',#1240,#1241,#1242);
#1245=CARTESIAN_POINT('',(2.09E0,-4.15E0,-2.8E0));
#1246=DIRECTION('',(1.E0,0.E0,0.E0));
#1247=DIRECTION('',(0.E0,9.439460713919E-1,3.300997035803E-1));
#1248=AXIS2_PLACEMENT_3D('',#1245,#1246,#1247);
#1250=DIRECTION('',(0.E0,-3.300997035803E-1,9.439460713919E-1));
#1251=VECTOR('',#1250,7.838917052354E0);
#1252=CARTESIAN_POINT('',(2.09E0,-1.420783893919E0,-1.015E1));
#1253=LINE('',#1252,#1251);
#1254=DIRECTION('',(1.E0,0.E0,0.E0));
#1255=VECTOR('',#1254,4.6E-1);
#1256=CARTESIAN_POINT('',(2.09E0,-3.678026964304E0,-2.634950148210E0));
#1257=LINE('',#1256,#1255);
#1258=DIRECTION('',(0.E0,-3.300997035803E-1,9.439460713919E-1));
#1259=VECTOR('',#1258,7.838917052354E0);
#1260=CARTESIAN_POINT('',(1.53E0,-1.420783893919E0,-1.015E1));
#1261=LINE('',#1260,#1259);
#1262=CARTESIAN_POINT('',(1.53E0,-4.15E0,-2.8E0));
#1263=DIRECTION('',(1.E0,0.E0,0.E0));
#1264=DIRECTION('',(0.E0,9.439460713919E-1,3.300997035803E-1));
#1265=AXIS2_PLACEMENT_3D('',#1262,#1263,#1264);
#1267=CARTESIAN_POINT('',(1.53E0,-4.15E0,-2.8E0));
#1268=DIRECTION('',(-1.E0,0.E0,0.E0));
#1269=DIRECTION('',(0.E0,0.E0,1.E0));
#1270=AXIS2_PLACEMENT_3D('',#1267,#1268,#1269);
#1272=DIRECTION('',(0.E0,3.300997035803E-1,-9.439460713919E-1));
#1273=VECTOR('',#1272,7.961312705829E0);
#1274=CARTESIAN_POINT('',(1.53E0,-3.678026964304E0,-2.634950148210E0));
#1275=LINE('',#1274,#1273);
#1276=DIRECTION('',(1.E0,0.E0,0.E0));
#1277=VECTOR('',#1276,4.6E-1);
#1278=CARTESIAN_POINT('',(1.07E0,-4.008408089291E0,-2.750485044463E0));
#1279=LINE('',#1278,#1277);
#1280=DIRECTION('',(0.E0,3.300997035803E-1,-9.439460713919E-1));
#1281=VECTOR('',#1280,7.961312705829E0);
#1282=CARTESIAN_POINT('',(1.07E0,-3.678026964304E0,-2.634950148210E0));
#1283=LINE('',#1282,#1281);
#1284=CARTESIAN_POINT('',(1.07E0,-4.15E0,-2.8E0));
#1285=DIRECTION('',(-1.E0,0.E0,0.E0));
#1286=DIRECTION('',(0.E0,0.E0,1.E0));
#1287=AXIS2_PLACEMENT_3D('',#1284,#1285,#1286);
#1289=CARTESIAN_POINT('',(1.07E0,-4.15E0,-2.8E0));
#1290=DIRECTION('',(1.E0,0.E0,0.E0));
#1291=DIRECTION('',(0.E0,9.439460713919E-1,3.300997035803E-1));
#1292=AXIS2_PLACEMENT_3D('',#1289,#1290,#1291);
#1294=DIRECTION('',(0.E0,-3.300997035803E-1,9.439460713919E-1));
#1295=VECTOR('',#1294,7.838917052354E0);
#1296=CARTESIAN_POINT('',(1.07E0,-1.420783893919E0,-1.015E1));
#1297=LINE('',#1296,#1295);
#1298=DIRECTION('',(1.E0,0.E0,0.E0));
#1299=VECTOR('',#1298,4.6E-1);
#1300=CARTESIAN_POINT('',(1.07E0,-3.678026964304E0,-2.634950148210E0));
#1301=LINE('',#1300,#1299);
#1302=DIRECTION('',(0.E0,-3.300997035803E-1,9.439460713919E-1));
#1303=VECTOR('',#1302,7.838917052354E0);
#1304=CARTESIAN_POINT('',(5.1E-1,-1.420783893919E0,-1.015E1));
#1305=LINE('',#1304,#1303);
#1306=CARTESIAN_POINT('',(5.1E-1,-4.15E0,-2.8E0));
#1307=DIRECTION('',(1.E0,0.E0,0.E0));
#1308=DIRECTION('',(0.E0,9.439460713919E-1,3.300997035803E-1));
#1309=AXIS2_PLACEMENT_3D('',#1306,#1307,#1308);
#1311=CARTESIAN_POINT('',(5.1E-1,-4.15E0,-2.8E0));
#1312=DIRECTION('',(-1.E0,0.E0,0.E0));
#1313=DIRECTION('',(0.E0,0.E0,1.E0));
#1314=AXIS2_PLACEMENT_3D('',#1311,#1312,#1313);
#1316=DIRECTION('',(0.E0,3.300997035803E-1,-9.439460713919E-1));
#1317=VECTOR('',#1316,7.961312705829E0);
#1318=CARTESIAN_POINT('',(5.1E-1,-3.678026964304E0,-2.634950148210E0));
#1319=LINE('',#1318,#1317);
#1320=DIRECTION('',(1.E0,0.E0,0.E0));
#1321=VECTOR('',#1320,4.6E-1);
#1322=CARTESIAN_POINT('',(5.E-2,-4.008408089291E0,-2.750485044463E0));
#1323=LINE('',#1322,#1321);
#1324=DIRECTION('',(0.E0,3.300997035803E-1,-9.439460713919E-1));
#1325=VECTOR('',#1324,7.961312705829E0);
#1326=CARTESIAN_POINT('',(5.E-2,-3.678026964304E0,-2.634950148210E0));
#1327=LINE('',#1326,#1325);
#1328=CARTESIAN_POINT('',(5.E-2,-4.15E0,-2.8E0));
#1329=DIRECTION('',(-1.E0,0.E0,0.E0));
#1330=DIRECTION('',(0.E0,0.E0,1.E0));
#1331=AXIS2_PLACEMENT_3D('',#1328,#1329,#1330);
#1333=CARTESIAN_POINT('',(5.E-2,-4.15E0,-2.8E0));
#1334=DIRECTION('',(1.E0,0.E0,0.E0));
#1335=DIRECTION('',(0.E0,9.439460713919E-1,3.300997035803E-1));
#1336=AXIS2_PLACEMENT_3D('',#1333,#1334,#1335);
#1338=DIRECTION('',(0.E0,-3.300997035803E-1,9.439460713919E-1));
#1339=VECTOR('',#1338,7.838917052354E0);
#1340=CARTESIAN_POINT('',(5.E-2,-1.420783893919E0,-1.015E1));
#1341=LINE('',#1340,#1339);
#1342=DIRECTION('',(1.E0,0.E0,0.E0));
#1343=VECTOR('',#1342,4.6E-1);
#1344=CARTESIAN_POINT('',(5.E-2,-3.678026964304E0,-2.634950148210E0));
#1345=LINE('',#1344,#1343);
#1346=DIRECTION('',(0.E0,-3.300997035803E-1,9.439460713919E-1));
#1347=VECTOR('',#1346,7.838917052354E0);
#1348=CARTESIAN_POINT('',(-5.1E-1,-1.420783893919E0,-1.015E1));
#1349=LINE('',#1348,#1347);
#1350=CARTESIAN_POINT('',(-5.1E-1,-4.15E0,-2.8E0));
#1351=DIRECTION('',(1.E0,0.E0,0.E0));
#1352=DIRECTION('',(0.E0,9.439460713919E-1,3.300997035803E-1));
#1353=AXIS2_PLACEMENT_3D('',#1350,#1351,#1352);
#1355=CARTESIAN_POINT('',(-5.1E-1,-4.15E0,-2.8E0));
#1356=DIRECTION('',(-1.E0,0.E0,0.E0));
#1357=DIRECTION('',(0.E0,0.E0,1.E0));
#1358=AXIS2_PLACEMENT_3D('',#1355,#1356,#1357);
#1360=DIRECTION('',(0.E0,3.300997035803E-1,-9.439460713919E-1));
#1361=VECTOR('',#1360,7.961312705829E0);
#1362=CARTESIAN_POINT('',(-5.1E-1,-3.678026964304E0,-2.634950148210E0));
#1363=LINE('',#1362,#1361);
#1364=DIRECTION('',(1.E0,0.E0,0.E0));
#1365=VECTOR('',#1364,4.6E-1);
#1366=CARTESIAN_POINT('',(-9.7E-1,-4.008408089291E0,-2.750485044463E0));
#1367=LINE('',#1366,#1365);
#1368=DIRECTION('',(0.E0,3.300997035803E-1,-9.439460713919E-1));
#1369=VECTOR('',#1368,7.961312705829E0);
#1370=CARTESIAN_POINT('',(-9.7E-1,-3.678026964304E0,-2.634950148210E0));
#1371=LINE('',#1370,#1369);
#1372=CARTESIAN_POINT('',(-9.7E-1,-4.15E0,-2.8E0));
#1373=DIRECTION('',(-1.E0,0.E0,0.E0));
#1374=DIRECTION('',(0.E0,0.E0,1.E0));
#1375=AXIS2_PLACEMENT_3D('',#1372,#1373,#1374);
#1377=CARTESIAN_POINT('',(-9.7E-1,-4.15E0,-2.8E0));
#1378=DIRECTION('',(1.E0,0.E0,0.E0));
#1379=DIRECTION('',(0.E0,9.439460713919E-1,3.300997035803E-1));
#1380=AXIS2_PLACEMENT_3D('',#1377,#1378,#1379);
#1382=DIRECTION('',(0.E0,-3.300997035803E-1,9.439460713919E-1));
#1383=VECTOR('',#1382,7.838917052354E0);
#1384=CARTESIAN_POINT('',(-9.7E-1,-1.420783893919E0,-1.015E1));
#1385=LINE('',#1384,#1383);
#1386=DIRECTION('',(1.E0,0.E0,0.E0));
#1387=VECTOR('',#1386,4.6E-1);
#1388=CARTESIAN_POINT('',(-9.7E-1,-3.678026964304E0,-2.634950148210E0));
#1389=LINE('',#1388,#1387);
#1390=DIRECTION('',(0.E0,-3.300997035803E-1,9.439460713919E-1));
#1391=VECTOR('',#1390,7.838917052354E0);
#1392=CARTESIAN_POINT('',(-1.53E0,-1.420783893919E0,-1.015E1));
#1393=LINE('',#1392,#1391);
#1394=CARTESIAN_POINT('',(-1.53E0,-4.15E0,-2.8E0));
#1395=DIRECTION('',(1.E0,0.E0,0.E0));
#1396=DIRECTION('',(0.E0,9.439460713919E-1,3.300997035803E-1));
#1397=AXIS2_PLACEMENT_3D('',#1394,#1395,#1396);
#1399=CARTESIAN_POINT('',(-1.53E0,-4.15E0,-2.8E0));
#1400=DIRECTION('',(-1.E0,0.E0,0.E0));
#1401=DIRECTION('',(0.E0,0.E0,1.E0));
#1402=AXIS2_PLACEMENT_3D('',#1399,#1400,#1401);
#1404=DIRECTION('',(0.E0,3.300997035803E-1,-9.439460713919E-1));
#1405=VECTOR('',#1404,7.961312705829E0);
#1406=CARTESIAN_POINT('',(-1.53E0,-3.678026964304E0,-2.634950148210E0));
#1407=LINE('',#1406,#1405);
#1408=DIRECTION('',(1.E0,0.E0,0.E0));
#1409=VECTOR('',#1408,4.6E-1);
#1410=CARTESIAN_POINT('',(-1.99E0,-4.008408089291E0,-2.750485044463E0));
#1411=LINE('',#1410,#1409);
#1412=DIRECTION('',(0.E0,3.300997035803E-1,-9.439460713919E-1));
#1413=VECTOR('',#1412,7.961312705829E0);
#1414=CARTESIAN_POINT('',(-1.99E0,-3.678026964304E0,-2.634950148210E0));
#1415=LINE('',#1414,#1413);
#1416=CARTESIAN_POINT('',(-1.99E0,-4.15E0,-2.8E0));
#1417=DIRECTION('',(-1.E0,0.E0,0.E0));
#1418=DIRECTION('',(0.E0,0.E0,1.E0));
#1419=AXIS2_PLACEMENT_3D('',#1416,#1417,#1418);
#1421=CARTESIAN_POINT('',(-1.99E0,-4.15E0,-2.8E0));
#1422=DIRECTION('',(1.E0,0.E0,0.E0));
#1423=DIRECTION('',(0.E0,9.439460713919E-1,3.300997035803E-1));
#1424=AXIS2_PLACEMENT_3D('',#1421,#1422,#1423);
#1426=DIRECTION('',(0.E0,-3.300997035803E-1,9.439460713919E-1));
#1427=VECTOR('',#1426,7.838917052354E0);
#1428=CARTESIAN_POINT('',(-1.99E0,-1.420783893919E0,-1.015E1));
#1429=LINE('',#1428,#1427);
#1430=DIRECTION('',(1.E0,0.E0,0.E0));
#1431=VECTOR('',#1430,4.6E-1);
#1432=CARTESIAN_POINT('',(-1.99E0,-3.678026964304E0,-2.634950148210E0));
#1433=LINE('',#1432,#1431);
#1434=DIRECTION('',(0.E0,-3.300997035803E-1,9.439460713919E-1));
#1435=VECTOR('',#1434,7.838917052354E0);
#1436=CARTESIAN_POINT('',(-2.55E0,-1.420783893919E0,-1.015E1));
#1437=LINE('',#1436,#1435);
#1438=CARTESIAN_POINT('',(-2.55E0,-4.15E0,-2.8E0));
#1439=DIRECTION('',(1.E0,0.E0,0.E0));
#1440=DIRECTION('',(0.E0,9.439460713919E-1,3.300997035803E-1));
#1441=AXIS2_PLACEMENT_3D('',#1438,#1439,#1440);
#1443=CARTESIAN_POINT('',(-2.55E0,-4.15E0,-2.8E0));
#1444=DIRECTION('',(-1.E0,0.E0,0.E0));
#1445=DIRECTION('',(0.E0,0.E0,1.E0));
#1446=AXIS2_PLACEMENT_3D('',#1443,#1444,#1445);
#1448=DIRECTION('',(0.E0,3.300997035803E-1,-9.439460713919E-1));
#1449=VECTOR('',#1448,7.961312705829E0);
#1450=CARTESIAN_POINT('',(-2.55E0,-3.678026964304E0,-2.634950148210E0));
#1451=LINE('',#1450,#1449);
#1452=DIRECTION('',(1.E0,0.E0,0.E0));
#1453=VECTOR('',#1452,4.6E-1);
#1454=CARTESIAN_POINT('',(-3.01E0,-4.008408089291E0,-2.750485044463E0));
#1455=LINE('',#1454,#1453);
#1456=DIRECTION('',(0.E0,3.300997035803E-1,-9.439460713919E-1));
#1457=VECTOR('',#1456,7.961312705829E0);
#1458=CARTESIAN_POINT('',(-3.01E0,-3.678026964304E0,-2.634950148210E0));
#1459=LINE('',#1458,#1457);
#1460=CARTESIAN_POINT('',(-3.01E0,-4.15E0,-2.8E0));
#1461=DIRECTION('',(-1.E0,0.E0,0.E0));
#1462=DIRECTION('',(0.E0,0.E0,1.E0));
#1463=AXIS2_PLACEMENT_3D('',#1460,#1461,#1462);
#1465=CARTESIAN_POINT('',(-3.01E0,-4.15E0,-2.8E0));
#1466=DIRECTION('',(1.E0,0.E0,0.E0));
#1467=DIRECTION('',(0.E0,9.439460713919E-1,3.300997035803E-1));
#1468=AXIS2_PLACEMENT_3D('',#1465,#1466,#1467);
#1470=DIRECTION('',(0.E0,-3.300997035803E-1,9.439460713919E-1));
#1471=VECTOR('',#1470,7.838917052354E0);
#1472=CARTESIAN_POINT('',(-3.01E0,-1.420783893919E0,-1.015E1));
#1473=LINE('',#1472,#1471);
#1474=DIRECTION('',(1.E0,0.E0,0.E0));
#1475=VECTOR('',#1474,4.6E-1);
#1476=CARTESIAN_POINT('',(-3.01E0,-3.678026964304E0,-2.634950148210E0));
#1477=LINE('',#1476,#1475);
#1478=DIRECTION('',(0.E0,-3.300997035803E-1,9.439460713919E-1));
#1479=VECTOR('',#1478,7.838917052354E0);
#1480=CARTESIAN_POINT('',(-3.57E0,-1.420783893919E0,-1.015E1));
#1481=LINE('',#1480,#1479);
#1482=CARTESIAN_POINT('',(-3.57E0,-4.15E0,-2.8E0));
#1483=DIRECTION('',(1.E0,0.E0,0.E0));
#1484=DIRECTION('',(0.E0,9.439460713919E-1,3.300997035803E-1));
#1485=AXIS2_PLACEMENT_3D('',#1482,#1483,#1484);
#1487=CARTESIAN_POINT('',(-3.57E0,-4.15E0,-2.8E0));
#1488=DIRECTION('',(-1.E0,0.E0,0.E0));
#1489=DIRECTION('',(0.E0,0.E0,1.E0));
#1490=AXIS2_PLACEMENT_3D('',#1487,#1488,#1489);
#1492=DIRECTION('',(0.E0,3.300997035803E-1,-9.439460713919E-1));
#1493=VECTOR('',#1492,7.961312705829E0);
#1494=CARTESIAN_POINT('',(-3.57E0,-3.678026964304E0,-2.634950148210E0));
#1495=LINE('',#1494,#1493);
#1496=DIRECTION('',(1.E0,0.E0,0.E0));
#1497=VECTOR('',#1496,4.6E-1);
#1498=CARTESIAN_POINT('',(-4.03E0,-4.008408089291E0,-2.750485044463E0));
#1499=LINE('',#1498,#1497);
#1500=DIRECTION('',(0.E0,3.300997035803E-1,-9.439460713919E-1));
#1501=VECTOR('',#1500,7.961312705829E0);
#1502=CARTESIAN_POINT('',(-4.03E0,-3.678026964304E0,-2.634950148210E0));
#1503=LINE('',#1502,#1501);
#1504=CARTESIAN_POINT('',(-4.03E0,-4.15E0,-2.8E0));
#1505=DIRECTION('',(-1.E0,0.E0,0.E0));
#1506=DIRECTION('',(0.E0,0.E0,1.E0));
#1507=AXIS2_PLACEMENT_3D('',#1504,#1505,#1506);
#1509=CARTESIAN_POINT('',(-4.03E0,-4.15E0,-2.8E0));
#1510=DIRECTION('',(1.E0,0.E0,0.E0));
#1511=DIRECTION('',(0.E0,9.439460713919E-1,3.300997035803E-1));
#1512=AXIS2_PLACEMENT_3D('',#1509,#1510,#1511);
#1514=DIRECTION('',(0.E0,-3.300997035803E-1,9.439460713919E-1));
#1515=VECTOR('',#1514,7.838917052354E0);
#1516=CARTESIAN_POINT('',(-4.03E0,-1.420783893919E0,-1.015E1));
#1517=LINE('',#1516,#1515);
#1518=DIRECTION('',(1.E0,0.E0,0.E0));
#1519=VECTOR('',#1518,4.6E-1);
#1520=CARTESIAN_POINT('',(-4.03E0,-3.678026964304E0,-2.634950148210E0));
#1521=LINE('',#1520,#1519);
#1522=DIRECTION('',(0.E0,0.E0,-1.E0));
#1523=VECTOR('',#1522,2.5E-1);
#1524=CARTESIAN_POINT('',(3.5E0,4.72E0,0.E0));
#1525=LINE('',#1524,#1523);
#1526=DIRECTION('',(0.E0,0.E0,-1.E0));
#1527=VECTOR('',#1526,2.5E-1);
#1528=CARTESIAN_POINT('',(3.5E0,2.93E0,0.E0));
#1529=LINE('',#1528,#1527);
#1530=DIRECTION('',(0.E0,0.E0,-1.E0));
#1531=VECTOR('',#1530,2.5E-1);
#1532=CARTESIAN_POINT('',(6.305E0,2.93E0,0.E0));
#1533=LINE('',#1532,#1531);
#1534=DIRECTION('',(0.E0,0.E0,-1.E0));
#1535=VECTOR('',#1534,2.5E-1);
#1536=CARTESIAN_POINT('',(6.305E0,7.4E-1,0.E0));
#1537=LINE('',#1536,#1535);
#1538=DIRECTION('',(0.E0,0.E0,-1.E0));
#1539=VECTOR('',#1538,2.5E-1);
#1540=CARTESIAN_POINT('',(6.555E0,7.4E-1,0.E0));
#1541=LINE('',#1540,#1539);
#1542=DIRECTION('',(0.E0,0.E0,-1.E0));
#1543=VECTOR('',#1542,2.5E-1);
#1544=CARTESIAN_POINT('',(6.555E0,4.9E-1,0.E0));
#1545=LINE('',#1544,#1543);
#1546=DIRECTION('',(0.E0,0.E0,-1.E0));
#1547=VECTOR('',#1546,1.5E1);
#1548=CARTESIAN_POINT('',(-8.09E0,-5.65E0,0.E0));
#1549=LINE('',#1548,#1547);
#1550=DIRECTION('',(0.E0,0.E0,-1.E0));
#1551=VECTOR('',#1550,1.5E1);
#1552=CARTESIAN_POINT('',(8.09E0,-5.65E0,0.E0));
#1553=LINE('',#1552,#1551);
#1554=CARTESIAN_POINT('',(-6.4E0,-5.65E0,-4.35E0));
#1555=DIRECTION('',(0.E0,-1.E0,0.E0));
#1556=DIRECTION('',(1.E0,0.E0,0.E0));
#1557=AXIS2_PLACEMENT_3D('',#1554,#1555,#1556);
#1559=CARTESIAN_POINT('',(-6.4E0,-5.65E0,-4.35E0));
#1560=DIRECTION('',(0.E0,-1.E0,0.E0));
#1561=DIRECTION('',(-1.E0,0.E0,0.E0));
#1562=AXIS2_PLACEMENT_3D('',#1559,#1560,#1561);
#1564=CARTESIAN_POINT('',(6.4E0,-5.65E0,-4.35E0));
#1565=DIRECTION('',(0.E0,-1.E0,0.E0));
#1566=DIRECTION('',(1.E0,0.E0,0.E0));
#1567=AXIS2_PLACEMENT_3D('',#1564,#1565,#1566);
#1569=CARTESIAN_POINT('',(6.4E0,-5.65E0,-4.35E0));
#1570=DIRECTION('',(0.E0,-1.E0,0.E0));
#1571=DIRECTION('',(-1.E0,0.E0,0.E0));
#1572=AXIS2_PLACEMENT_3D('',#1569,#1570,#1571);
#1574=DIRECTION('',(1.E0,0.E0,0.E0));
#1575=VECTOR('',#1574,2.5E-1);
#1576=CARTESIAN_POINT('',(-6.715E0,-5.65E0,-8.78E0));
#1577=LINE('',#1576,#1575);
#1578=DIRECTION('',(0.E0,0.E0,1.E0));
#1579=VECTOR('',#1578,2.E0);
#1580=CARTESIAN_POINT('',(-6.465E0,-5.65E0,-8.78E0));
#1581=LINE('',#1580,#1579);
#1582=DIRECTION('',(-1.E0,0.E0,0.E0));
#1583=VECTOR('',#1582,2.5E-1);
#1584=CARTESIAN_POINT('',(-6.465E0,-5.65E0,-6.78E0));
#1585=LINE('',#1584,#1583);
#1586=DIRECTION('',(0.E0,0.E0,-1.E0));
#1587=VECTOR('',#1586,2.E0);
#1588=CARTESIAN_POINT('',(-6.715E0,-5.65E0,-6.78E0));
#1589=LINE('',#1588,#1587);
#1590=DIRECTION('',(1.E0,0.E0,0.E0));
#1591=VECTOR('',#1590,2.5E-1);
#1592=CARTESIAN_POINT('',(6.465E0,-5.65E0,-8.78E0));
#1593=LINE('',#1592,#1591);
#1594=DIRECTION('',(0.E0,0.E0,1.E0));
#1595=VECTOR('',#1594,2.E0);
#1596=CARTESIAN_POINT('',(6.715E0,-5.65E0,-8.78E0));
#1597=LINE('',#1596,#1595);
#1598=DIRECTION('',(-1.E0,0.E0,0.E0));
#1599=VECTOR('',#1598,2.5E-1);
#1600=CARTESIAN_POINT('',(6.715E0,-5.65E0,-6.78E0));
#1601=LINE('',#1600,#1599);
#1602=DIRECTION('',(0.E0,0.E0,-1.E0));
#1603=VECTOR('',#1602,2.E0);
#1604=CARTESIAN_POINT('',(6.465E0,-5.65E0,-6.78E0));
#1605=LINE('',#1604,#1603);
#1606=DIRECTION('',(0.E0,0.E0,-1.E0));
#1607=VECTOR('',#1606,3.5E-1);
#1608=CARTESIAN_POINT('',(-3.8E0,-5.65E0,-8.495E0));
#1609=LINE('',#1608,#1607);
#1610=DIRECTION('',(1.E0,0.E0,0.E0));
#1611=VECTOR('',#1610,4.6E-1);
#1612=CARTESIAN_POINT('',(-3.8E0,-5.65E0,-8.845E0));
#1613=LINE('',#1612,#1611);
#1614=DIRECTION('',(0.E0,0.E0,1.E0));
#1615=VECTOR('',#1614,3.5E-1);
#1616=CARTESIAN_POINT('',(-3.34E0,-5.65E0,-8.845E0));
#1617=LINE('',#1616,#1615);
#1618=DIRECTION('',(-1.E0,0.E0,0.E0));
#1619=VECTOR('',#1618,4.6E-1);
#1620=CARTESIAN_POINT('',(-3.34E0,-5.65E0,-8.495E0));
#1621=LINE('',#1620,#1619);
#1622=DIRECTION('',(0.E0,0.E0,-1.E0));
#1623=VECTOR('',#1622,3.5E-1);
#1624=CARTESIAN_POINT('',(-1.76E0,-5.65E0,-8.495E0));
#1625=LINE('',#1624,#1623);
#1626=DIRECTION('',(1.E0,0.E0,0.E0));
#1627=VECTOR('',#1626,4.6E-1);
#1628=CARTESIAN_POINT('',(-1.76E0,-5.65E0,-8.845E0));
#1629=LINE('',#1628,#1627);
#1630=DIRECTION('',(0.E0,0.E0,1.E0));
#1631=VECTOR('',#1630,3.5E-1);
#1632=CARTESIAN_POINT('',(-1.3E0,-5.65E0,-8.845E0));
#1633=LINE('',#1632,#1631);
#1634=DIRECTION('',(-1.E0,0.E0,0.E0));
#1635=VECTOR('',#1634,4.6E-1);
#1636=CARTESIAN_POINT('',(-1.3E0,-5.65E0,-8.495E0));
#1637=LINE('',#1636,#1635);
#1638=DIRECTION('',(0.E0,0.E0,-1.E0));
#1639=VECTOR('',#1638,3.5E-1);
#1640=CARTESIAN_POINT('',(2.8E-1,-5.65E0,-8.495E0));
#1641=LINE('',#1640,#1639);
#1642=DIRECTION('',(1.E0,0.E0,0.E0));
#1643=VECTOR('',#1642,4.6E-1);
#1644=CARTESIAN_POINT('',(2.8E-1,-5.65E0,-8.845E0));
#1645=LINE('',#1644,#1643);
#1646=DIRECTION('',(0.E0,0.E0,1.E0));
#1647=VECTOR('',#1646,3.5E-1);
#1648=CARTESIAN_POINT('',(7.4E-1,-5.65E0,-8.845E0));
#1649=LINE('',#1648,#1647);
#1650=DIRECTION('',(-1.E0,0.E0,0.E0));
#1651=VECTOR('',#1650,4.6E-1);
#1652=CARTESIAN_POINT('',(7.4E-1,-5.65E0,-8.495E0));
#1653=LINE('',#1652,#1651);
#1654=DIRECTION('',(0.E0,0.E0,-1.E0));
#1655=VECTOR('',#1654,3.5E-1);
#1656=CARTESIAN_POINT('',(2.32E0,-5.65E0,-8.495E0));
#1657=LINE('',#1656,#1655);
#1658=DIRECTION('',(1.E0,0.E0,0.E0));
#1659=VECTOR('',#1658,4.6E-1);
#1660=CARTESIAN_POINT('',(2.32E0,-5.65E0,-8.845E0));
#1661=LINE('',#1660,#1659);
#1662=DIRECTION('',(0.E0,0.E0,1.E0));
#1663=VECTOR('',#1662,3.5E-1);
#1664=CARTESIAN_POINT('',(2.78E0,-5.65E0,-8.845E0));
#1665=LINE('',#1664,#1663);
#1666=DIRECTION('',(-1.E0,0.E0,0.E0));
#1667=VECTOR('',#1666,4.6E-1);
#1668=CARTESIAN_POINT('',(2.78E0,-5.65E0,-8.495E0));
#1669=LINE('',#1668,#1667);
#1670=DIRECTION('',(0.E0,0.E0,-1.E0));
#1671=VECTOR('',#1670,3.5E-1);
#1672=CARTESIAN_POINT('',(-2.78E0,-5.65E0,-6.715E0));
#1673=LINE('',#1672,#1671);
#1674=DIRECTION('',(1.E0,0.E0,0.E0));
#1675=VECTOR('',#1674,4.6E-1);
#1676=CARTESIAN_POINT('',(-2.78E0,-5.65E0,-7.065E0));
#1677=LINE('',#1676,#1675);
#1678=DIRECTION('',(0.E0,0.E0,1.E0));
#1679=VECTOR('',#1678,3.5E-1);
#1680=CARTESIAN_POINT('',(-2.32E0,-5.65E0,-7.065E0));
#1681=LINE('',#1680,#1679);
#1682=DIRECTION('',(-1.E0,0.E0,0.E0));
#1683=VECTOR('',#1682,4.6E-1);
#1684=CARTESIAN_POINT('',(-2.32E0,-5.65E0,-6.715E0));
#1685=LINE('',#1684,#1683);
#1686=DIRECTION('',(0.E0,0.E0,-1.E0));
#1687=VECTOR('',#1686,3.5E-1);
#1688=CARTESIAN_POINT('',(-7.4E-1,-5.65E0,-6.715E0));
#1689=LINE('',#1688,#1687);
#1690=DIRECTION('',(1.E0,0.E0,0.E0));
#1691=VECTOR('',#1690,4.6E-1);
#1692=CARTESIAN_POINT('',(-7.4E-1,-5.65E0,-7.065E0));
#1693=LINE('',#1692,#1691);
#1694=DIRECTION('',(0.E0,0.E0,1.E0));
#1695=VECTOR('',#1694,3.5E-1);
#1696=CARTESIAN_POINT('',(-2.8E-1,-5.65E0,-7.065E0));
#1697=LINE('',#1696,#1695);
#1698=DIRECTION('',(-1.E0,0.E0,0.E0));
#1699=VECTOR('',#1698,4.6E-1);
#1700=CARTESIAN_POINT('',(-2.8E-1,-5.65E0,-6.715E0));
#1701=LINE('',#1700,#1699);
#1702=DIRECTION('',(0.E0,0.E0,-1.E0));
#1703=VECTOR('',#1702,3.5E-1);
#1704=CARTESIAN_POINT('',(1.3E0,-5.65E0,-6.715E0));
#1705=LINE('',#1704,#1703);
#1706=DIRECTION('',(1.E0,0.E0,0.E0));
#1707=VECTOR('',#1706,4.6E-1);
#1708=CARTESIAN_POINT('',(1.3E0,-5.65E0,-7.065E0));
#1709=LINE('',#1708,#1707);
#1710=DIRECTION('',(0.E0,0.E0,1.E0));
#1711=VECTOR('',#1710,3.5E-1);
#1712=CARTESIAN_POINT('',(1.76E0,-5.65E0,-7.065E0));
#1713=LINE('',#1712,#1711);
#1714=DIRECTION('',(-1.E0,0.E0,0.E0));
#1715=VECTOR('',#1714,4.6E-1);
#1716=CARTESIAN_POINT('',(1.76E0,-5.65E0,-6.715E0));
#1717=LINE('',#1716,#1715);
#1718=DIRECTION('',(0.E0,0.E0,-1.E0));
#1719=VECTOR('',#1718,3.5E-1);
#1720=CARTESIAN_POINT('',(3.34E0,-5.65E0,-6.715E0));
#1721=LINE('',#1720,#1719);
#1722=DIRECTION('',(1.E0,0.E0,0.E0));
#1723=VECTOR('',#1722,4.6E-1);
#1724=CARTESIAN_POINT('',(3.34E0,-5.65E0,-7.065E0));
#1725=LINE('',#1724,#1723);
#1726=DIRECTION('',(0.E0,0.E0,1.E0));
#1727=VECTOR('',#1726,3.5E-1);
#1728=CARTESIAN_POINT('',(3.8E0,-5.65E0,-7.065E0));
#1729=LINE('',#1728,#1727);
#1730=DIRECTION('',(-1.E0,0.E0,0.E0));
#1731=VECTOR('',#1730,4.6E-1);
#1732=CARTESIAN_POINT('',(3.8E0,-5.65E0,-6.715E0));
#1733=LINE('',#1732,#1731);
#1734=DIRECTION('',(0.E0,0.E0,-1.E0));
#1735=VECTOR('',#1734,1.5E1);
#1736=CARTESIAN_POINT('',(8.09E0,5.65E0,0.E0));
#1737=LINE('',#1736,#1735);
#1738=DIRECTION('',(0.E0,1.E0,0.E0));
#1739=VECTOR('',#1738,1.13E1);
#1740=CARTESIAN_POINT('',(-8.09E0,-5.65E0,-1.5E1));
#1741=LINE('',#1740,#1739);
#1742=DIRECTION('',(-1.E0,0.E0,0.E0));
#1743=VECTOR('',#1742,1.618E1);
#1744=CARTESIAN_POINT('',(8.09E0,-5.65E0,-1.5E1));
#1745=LINE('',#1744,#1743);
#1746=DIRECTION('',(0.E0,-1.E0,0.E0));
#1747=VECTOR('',#1746,1.13E1);
#1748=CARTESIAN_POINT('',(8.09E0,5.65E0,-1.5E1));
#1749=LINE('',#1748,#1747);
#1750=DIRECTION('',(1.E0,0.E0,0.E0));
#1751=VECTOR('',#1750,1.618E1);
#1752=CARTESIAN_POINT('',(-8.09E0,5.65E0,-1.5E1));
#1753=LINE('',#1752,#1751);
#1754=CARTESIAN_POINT('',(-6.4E0,-6.7E0,-4.35E0));
#1755=DIRECTION('',(0.E0,-1.E0,0.E0));
#1756=DIRECTION('',(1.E0,0.E0,0.E0));
#1757=AXIS2_PLACEMENT_3D('',#1754,#1755,#1756);
#1759=DIRECTION('',(0.E0,-1.E0,-8.628526464755E-10));
#1760=VECTOR('',#1759,1.05E0);
#1761=CARTESIAN_POINT('',(-5.85E0,-5.65E0,-4.35E0));
#1762=LINE('',#1761,#1760);
#1763=CARTESIAN_POINT('',(-6.4E0,-6.7E0,-4.35E0));
#1764=DIRECTION('',(4.178751613168E-9,0.E0,1.E0));
#1765=DIRECTION('',(0.E0,-1.E0,0.E0));
#1766=AXIS2_PLACEMENT_3D('',#1763,#1764,#1765);
#1768=CARTESIAN_POINT('',(-6.4E0,-6.7E0,-4.35E0));
#1769=DIRECTION('',(-4.178751274892E-9,0.E0,-1.E0));
#1770=DIRECTION('',(0.E0,-1.E0,0.E0));
#1771=AXIS2_PLACEMENT_3D('',#1768,#1769,#1770);
#1773=CARTESIAN_POINT('',(-6.4E0,-6.7E0,-4.35E0));
#1774=DIRECTION('',(0.E0,-1.E0,0.E0));
#1775=DIRECTION('',(-1.E0,0.E0,0.E0));
#1776=AXIS2_PLACEMENT_3D('',#1773,#1774,#1775);
#1778=DIRECTION('',(0.E0,-1.E0,8.628518005913E-10));
#1779=VECTOR('',#1778,1.05E0);
#1780=CARTESIAN_POINT('',(-6.95E0,-5.65E0,-4.35E0));
#1781=LINE('',#1780,#1779);
#1782=CARTESIAN_POINT('',(6.4E0,-6.7E0,-4.35E0));
#1783=DIRECTION('',(0.E0,-1.E0,0.E0));
#1784=DIRECTION('',(1.E0,0.E0,0.E0));
#1785=AXIS2_PLACEMENT_3D('',#1782,#1783,#1784);
#1787=DIRECTION('',(0.E0,-1.E0,-8.628526464755E-10));
#1788=VECTOR('',#1787,1.05E0);
#1789=CARTESIAN_POINT('',(6.95E0,-5.65E0,-4.35E0));
#1790=LINE('',#1789,#1788);
#1791=CARTESIAN_POINT('',(6.4E0,-6.7E0,-4.35E0));
#1792=DIRECTION('',(4.178751807460E-9,0.E0,1.E0));
#1793=DIRECTION('',(0.E0,-1.E0,0.E0));
#1794=AXIS2_PLACEMENT_3D('',#1791,#1792,#1793);
#1796=CARTESIAN_POINT('',(6.4E0,-6.7E0,-4.35E0));
#1797=DIRECTION('',(-4.178751306118E-9,0.E0,-1.E0));
#1798=DIRECTION('',(0.E0,-1.E0,0.E0));
#1799=AXIS2_PLACEMENT_3D('',#1796,#1797,#1798);
#1801=CARTESIAN_POINT('',(6.4E0,-6.7E0,-4.35E0));
#1802=DIRECTION('',(0.E0,-1.E0,0.E0));
#1803=DIRECTION('',(-1.E0,0.E0,0.E0));
#1804=AXIS2_PLACEMENT_3D('',#1801,#1802,#1803);
#1806=DIRECTION('',(0.E0,-1.E0,8.628518005913E-10));
#1807=VECTOR('',#1806,1.05E0);
#1808=CARTESIAN_POINT('',(5.85E0,-5.65E0,-4.35E0));
#1809=LINE('',#1808,#1807);
#1810=DIRECTION('',(1.E0,1.065814103640E-14,0.E0));
#1811=VECTOR('',#1810,2.5E-1);
#1812=CARTESIAN_POINT('',(-6.715E0,-6.8E0,-8.78E0));
#1813=LINE('',#1812,#1811);
#1814=DIRECTION('',(0.E0,-1.E0,0.E0));
#1815=VECTOR('',#1814,1.15E0);
#1816=CARTESIAN_POINT('',(-6.715E0,-5.65E0,-8.78E0));
#1817=LINE('',#1816,#1815);
#1818=CARTESIAN_POINT('',(-6.465E0,-6.8E0,-7.73E0));
#1819=DIRECTION('',(1.E0,0.E0,0.E0));
#1820=DIRECTION('',(0.E0,-9.988655389031E-1,-4.761969331881E-2));
#1821=AXIS2_PLACEMENT_3D('',#1818,#1819,#1820);
#1823=CARTESIAN_POINT('',(-6.465E0,-6.8E0,-7.83E0));
#1824=DIRECTION('',(1.E0,0.E0,0.E0));
#1825=DIRECTION('',(0.E0,0.E0,1.E0));
#1826=AXIS2_PLACEMENT_3D('',#1823,#1824,#1825);
#1828=DIRECTION('',(0.E0,-1.E0,0.E0));
#1829=VECTOR('',#1828,1.15E0);
#1830=CARTESIAN_POINT('',(-6.465E0,-5.65E0,-8.78E0));
#1831=LINE('',#1830,#1829);
#1832=DIRECTION('',(1.E0,0.E0,0.E0));
#1833=VECTOR('',#1832,2.5E-1);
#1834=CARTESIAN_POINT('',(-6.715E0,-7.848804096951E0,-7.78E0));
#1835=LINE('',#1834,#1833);
#1836=CARTESIAN_POINT('',(-6.715E0,-6.8E0,-7.73E0));
#1837=DIRECTION('',(-1.E0,0.E0,0.E0));
#1838=DIRECTION('',(0.E0,0.E0,-1.E0));
#1839=AXIS2_PLACEMENT_3D('',#1836,#1837,#1838);
#1841=DIRECTION('',(0.E0,-1.E0,0.E0));
#1842=VECTOR('',#1841,1.15E0);
#1843=CARTESIAN_POINT('',(-6.715E0,-5.65E0,-6.78E0));
#1844=LINE('',#1843,#1842);
#1845=CARTESIAN_POINT('',(-6.715E0,-6.8E0,-7.83E0));
#1846=DIRECTION('',(-1.E0,0.E0,0.E0));
#1847=DIRECTION('',(0.E0,-9.988655389031E-1,4.761969331881E-2));
#1848=AXIS2_PLACEMENT_3D('',#1845,#1846,#1847);
#1850=DIRECTION('',(-1.E0,0.E0,0.E0));
#1851=VECTOR('',#1850,2.5E-1);
#1852=CARTESIAN_POINT('',(-6.465E0,-6.8E0,-6.78E0));
#1853=LINE('',#1852,#1851);
#1854=DIRECTION('',(0.E0,-1.E0,0.E0));
#1855=VECTOR('',#1854,1.15E0);
#1856=CARTESIAN_POINT('',(-6.465E0,-5.65E0,-6.78E0));
#1857=LINE('',#1856,#1855);
#1858=DIRECTION('',(1.E0,-1.421085471520E-14,0.E0));
#1859=VECTOR('',#1858,2.5E-1);
#1860=CARTESIAN_POINT('',(6.465E0,-6.8E0,-8.78E0));
#1861=LINE('',#1860,#1859);
#1862=DIRECTION('',(0.E0,-1.E0,0.E0));
#1863=VECTOR('',#1862,1.15E0);
#1864=CARTESIAN_POINT('',(6.465E0,-5.65E0,-8.78E0));
#1865=LINE('',#1864,#1863);
#1866=DIRECTION('',(-1.E0,0.E0,0.E0));
#1867=VECTOR('',#1866,2.5E-1);
#1868=CARTESIAN_POINT('',(6.715E0,-7.848804096951E0,-7.78E0));
#1869=LINE('',#1868,#1867);
#1870=CARTESIAN_POINT('',(6.715E0,-6.8E0,-7.83E0));
#1871=DIRECTION('',(1.E0,0.E0,0.E0));
#1872=DIRECTION('',(0.E0,0.E0,1.E0));
#1873=AXIS2_PLACEMENT_3D('',#1870,#1871,#1872);
#1875=DIRECTION('',(0.E0,-1.E0,0.E0));
#1876=VECTOR('',#1875,1.15E0);
#1877=CARTESIAN_POINT('',(6.715E0,-5.65E0,-8.78E0));
#1878=LINE('',#1877,#1876);
#1879=CARTESIAN_POINT('',(6.715E0,-6.8E0,-7.73E0));
#1880=DIRECTION('',(1.E0,0.E0,0.E0));
#1881=DIRECTION('',(0.E0,-9.988655389031E-1,-4.761969331882E-2));
#1882=AXIS2_PLACEMENT_3D('',#1879,#1880,#1881);
#1884=CARTESIAN_POINT('',(6.465E0,-6.8E0,-7.83E0));
#1885=DIRECTION('',(-1.E0,0.E0,0.E0));
#1886=DIRECTION('',(0.E0,-9.988655389031E-1,4.761969331881E-2));
#1887=AXIS2_PLACEMENT_3D('',#1884,#1885,#1886);
#1889=CARTESIAN_POINT('',(6.465E0,-6.8E0,-7.73E0));
#1890=DIRECTION('',(-1.E0,0.E0,0.E0));
#1891=DIRECTION('',(0.E0,0.E0,-1.E0));
#1892=AXIS2_PLACEMENT_3D('',#1889,#1890,#1891);
#1894=DIRECTION('',(0.E0,-1.E0,0.E0));
#1895=VECTOR('',#1894,1.15E0);
#1896=CARTESIAN_POINT('',(6.465E0,-5.65E0,-6.78E0));
#1897=LINE('',#1896,#1895);
#1898=DIRECTION('',(-1.E0,0.E0,0.E0));
#1899=VECTOR('',#1898,2.5E-1);
#1900=CARTESIAN_POINT('',(6.715E0,-6.8E0,-6.78E0));
#1901=LINE('',#1900,#1899);
#1902=DIRECTION('',(0.E0,-1.E0,0.E0));
#1903=VECTOR('',#1902,1.15E0);
#1904=CARTESIAN_POINT('',(6.715E0,-5.65E0,-6.78E0));
#1905=LINE('',#1904,#1903);
#1906=DIRECTION('',(0.E0,-1.E0,0.E0));
#1907=VECTOR('',#1906,2.4E0);
#1908=CARTESIAN_POINT('',(-3.8E0,-5.65E0,-8.495E0));
#1909=LINE('',#1908,#1907);
#1910=DIRECTION('',(0.E0,-1.E0,0.E0));
#1911=VECTOR('',#1910,2.4E0);
#1912=CARTESIAN_POINT('',(-3.34E0,-5.65E0,-8.495E0));
#1913=LINE('',#1912,#1911);
#1914=DIRECTION('',(0.E0,-1.E0,0.E0));
#1915=VECTOR('',#1914,2.4E0);
#1916=CARTESIAN_POINT('',(-3.34E0,-5.65E0,-8.845E0));
#1917=LINE('',#1916,#1915);
#1918=DIRECTION('',(0.E0,-1.E0,0.E0));
#1919=VECTOR('',#1918,2.4E0);
#1920=CARTESIAN_POINT('',(-3.8E0,-5.65E0,-8.845E0));
#1921=LINE('',#1920,#1919);
#1922=DIRECTION('',(0.E0,0.E0,-1.E0));
#1923=VECTOR('',#1922,3.5E-1);
#1924=CARTESIAN_POINT('',(-3.8E0,-8.05E0,-8.495E0));
#1925=LINE('',#1924,#1923);
#1926=DIRECTION('',(-1.E0,0.E0,0.E0));
#1927=VECTOR('',#1926,4.6E-1);
#1928=CARTESIAN_POINT('',(-3.34E0,-8.05E0,-8.495E0));
#1929=LINE('',#1928,#1927);
#1930=DIRECTION('',(0.E0,0.E0,1.E0));
#1931=VECTOR('',#1930,3.5E-1);
#1932=CARTESIAN_POINT('',(-3.34E0,-8.05E0,-8.845E0));
#1933=LINE('',#1932,#1931);
#1934=DIRECTION('',(1.E0,0.E0,0.E0));
#1935=VECTOR('',#1934,4.6E-1);
#1936=CARTESIAN_POINT('',(-3.8E0,-8.05E0,-8.845E0));
#1937=LINE('',#1936,#1935);
#1938=DIRECTION('',(0.E0,0.E0,-1.E0));
#1939=VECTOR('',#1938,3.5E-1);
#1940=CARTESIAN_POINT('',(-1.76E0,-8.05E0,-8.495E0));
#1941=LINE('',#1940,#1939);
#1942=DIRECTION('',(-1.E0,0.E0,0.E0));
#1943=VECTOR('',#1942,4.6E-1);
#1944=CARTESIAN_POINT('',(-1.3E0,-8.05E0,-8.495E0));
#1945=LINE('',#1944,#1943);
#1946=DIRECTION('',(0.E0,0.E0,1.E0));
#1947=VECTOR('',#1946,3.5E-1);
#1948=CARTESIAN_POINT('',(-1.3E0,-8.05E0,-8.845E0));
#1949=LINE('',#1948,#1947);
#1950=DIRECTION('',(1.E0,0.E0,0.E0));
#1951=VECTOR('',#1950,4.6E-1);
#1952=CARTESIAN_POINT('',(-1.76E0,-8.05E0,-8.845E0));
#1953=LINE('',#1952,#1951);
#1954=DIRECTION('',(0.E0,0.E0,-1.E0));
#1955=VECTOR('',#1954,3.5E-1);
#1956=CARTESIAN_POINT('',(2.8E-1,-8.05E0,-8.495E0));
#1957=LINE('',#1956,#1955);
#1958=DIRECTION('',(-1.E0,0.E0,0.E0));
#1959=VECTOR('',#1958,4.6E-1);
#1960=CARTESIAN_POINT('',(7.4E-1,-8.05E0,-8.495E0));
#1961=LINE('',#1960,#1959);
#1962=DIRECTION('',(0.E0,0.E0,1.E0));
#1963=VECTOR('',#1962,3.5E-1);
#1964=CARTESIAN_POINT('',(7.4E-1,-8.05E0,-8.845E0));
#1965=LINE('',#1964,#1963);
#1966=DIRECTION('',(1.E0,0.E0,0.E0));
#1967=VECTOR('',#1966,4.6E-1);
#1968=CARTESIAN_POINT('',(2.8E-1,-8.05E0,-8.845E0));
#1969=LINE('',#1968,#1967);
#1970=DIRECTION('',(0.E0,0.E0,-1.E0));
#1971=VECTOR('',#1970,3.5E-1);
#1972=CARTESIAN_POINT('',(2.32E0,-8.05E0,-8.495E0));
#1973=LINE('',#1972,#1971);
#1974=DIRECTION('',(-1.E0,0.E0,0.E0));
#1975=VECTOR('',#1974,4.6E-1);
#1976=CARTESIAN_POINT('',(2.78E0,-8.05E0,-8.495E0));
#1977=LINE('',#1976,#1975);
#1978=DIRECTION('',(0.E0,0.E0,1.E0));
#1979=VECTOR('',#1978,3.5E-1);
#1980=CARTESIAN_POINT('',(2.78E0,-8.05E0,-8.845E0));
#1981=LINE('',#1980,#1979);
#1982=DIRECTION('',(1.E0,0.E0,0.E0));
#1983=VECTOR('',#1982,4.6E-1);
#1984=CARTESIAN_POINT('',(2.32E0,-8.05E0,-8.845E0));
#1985=LINE('',#1984,#1983);
#1986=DIRECTION('',(0.E0,0.E0,-1.E0));
#1987=VECTOR('',#1986,3.5E-1);
#1988=CARTESIAN_POINT('',(-2.78E0,-8.05E0,-6.715E0));
#1989=LINE('',#1988,#1987);
#1990=DIRECTION('',(-1.E0,0.E0,0.E0));
#1991=VECTOR('',#1990,4.6E-1);
#1992=CARTESIAN_POINT('',(-2.32E0,-8.05E0,-6.715E0));
#1993=LINE('',#1992,#1991);
#1994=DIRECTION('',(0.E0,0.E0,1.E0));
#1995=VECTOR('',#1994,3.5E-1);
#1996=CARTESIAN_POINT('',(-2.32E0,-8.05E0,-7.065E0));
#1997=LINE('',#1996,#1995);
#1998=DIRECTION('',(1.E0,0.E0,0.E0));
#1999=VECTOR('',#1998,4.6E-1);
#2000=CARTESIAN_POINT('',(-2.78E0,-8.05E0,-7.065E0));
#2001=LINE('',#2000,#1999);
#2002=DIRECTION('',(0.E0,0.E0,-1.E0));
#2003=VECTOR('',#2002,3.5E-1);
#2004=CARTESIAN_POINT('',(-7.4E-1,-8.05E0,-6.715E0));
#2005=LINE('',#2004,#2003);
#2006=DIRECTION('',(-1.E0,0.E0,0.E0));
#2007=VECTOR('',#2006,4.6E-1);
#2008=CARTESIAN_POINT('',(-2.8E-1,-8.05E0,-6.715E0));
#2009=LINE('',#2008,#2007);
#2010=DIRECTION('',(0.E0,0.E0,1.E0));
#2011=VECTOR('',#2010,3.5E-1);
#2012=CARTESIAN_POINT('',(-2.8E-1,-8.05E0,-7.065E0));
#2013=LINE('',#2012,#2011);
#2014=DIRECTION('',(1.E0,0.E0,0.E0));
#2015=VECTOR('',#2014,4.6E-1);
#2016=CARTESIAN_POINT('',(-7.4E-1,-8.05E0,-7.065E0));
#2017=LINE('',#2016,#2015);
#2018=DIRECTION('',(0.E0,0.E0,-1.E0));
#2019=VECTOR('',#2018,3.5E-1);
#2020=CARTESIAN_POINT('',(1.3E0,-8.05E0,-6.715E0));
#2021=LINE('',#2020,#2019);
#2022=DIRECTION('',(-1.E0,0.E0,0.E0));
#2023=VECTOR('',#2022,4.6E-1);
#2024=CARTESIAN_POINT('',(1.76E0,-8.05E0,-6.715E0));
#2025=LINE('',#2024,#2023);
#2026=DIRECTION('',(0.E0,0.E0,1.E0));
#2027=VECTOR('',#2026,3.5E-1);
#2028=CARTESIAN_POINT('',(1.76E0,-8.05E0,-7.065E0));
#2029=LINE('',#2028,#2027);
#2030=DIRECTION('',(1.E0,0.E0,0.E0));
#2031=VECTOR('',#2030,4.6E-1);
#2032=CARTESIAN_POINT('',(1.3E0,-8.05E0,-7.065E0));
#2033=LINE('',#2032,#2031);
#2034=DIRECTION('',(0.E0,0.E0,-1.E0));
#2035=VECTOR('',#2034,3.5E-1);
#2036=CARTESIAN_POINT('',(3.34E0,-8.05E0,-6.715E0));
#2037=LINE('',#2036,#2035);
#2038=DIRECTION('',(-1.E0,0.E0,0.E0));
#2039=VECTOR('',#2038,4.6E-1);
#2040=CARTESIAN_POINT('',(3.8E0,-8.05E0,-6.715E0));
#2041=LINE('',#2040,#2039);
#2042=DIRECTION('',(0.E0,0.E0,1.E0));
#2043=VECTOR('',#2042,3.5E-1);
#2044=CARTESIAN_POINT('',(3.8E0,-8.05E0,-7.065E0));
#2045=LINE('',#2044,#2043);
#2046=DIRECTION('',(1.E0,0.E0,0.E0));
#2047=VECTOR('',#2046,4.6E-1);
#2048=CARTESIAN_POINT('',(3.34E0,-8.05E0,-7.065E0));
#2049=LINE('',#2048,#2047);
#2050=DIRECTION('',(0.E0,-1.E0,0.E0));
#2051=VECTOR('',#2050,2.4E0);
#2052=CARTESIAN_POINT('',(-1.76E0,-5.65E0,-8.495E0));
#2053=LINE('',#2052,#2051);
#2054=DIRECTION('',(0.E0,-1.E0,0.E0));
#2055=VECTOR('',#2054,2.4E0);
#2056=CARTESIAN_POINT('',(-1.3E0,-5.65E0,-8.495E0));
#2057=LINE('',#2056,#2055);
#2058=DIRECTION('',(0.E0,-1.E0,0.E0));
#2059=VECTOR('',#2058,2.4E0);
#2060=CARTESIAN_POINT('',(-1.3E0,-5.65E0,-8.845E0));
#2061=LINE('',#2060,#2059);
#2062=DIRECTION('',(0.E0,-1.E0,0.E0));
#2063=VECTOR('',#2062,2.4E0);
#2064=CARTESIAN_POINT('',(-1.76E0,-5.65E0,-8.845E0));
#2065=LINE('',#2064,#2063);
#2066=DIRECTION('',(0.E0,-1.E0,0.E0));
#2067=VECTOR('',#2066,2.4E0);
#2068=CARTESIAN_POINT('',(2.8E-1,-5.65E0,-8.495E0));
#2069=LINE('',#2068,#2067);
#2070=DIRECTION('',(0.E0,-1.E0,0.E0));
#2071=VECTOR('',#2070,2.4E0);
#2072=CARTESIAN_POINT('',(7.4E-1,-5.65E0,-8.495E0));
#2073=LINE('',#2072,#2071);
#2074=DIRECTION('',(0.E0,-1.E0,0.E0));
#2075=VECTOR('',#2074,2.4E0);
#2076=CARTESIAN_POINT('',(7.4E-1,-5.65E0,-8.845E0));
#2077=LINE('',#2076,#2075);
#2078=DIRECTION('',(0.E0,-1.E0,0.E0));
#2079=VECTOR('',#2078,2.4E0);
#2080=CARTESIAN_POINT('',(2.8E-1,-5.65E0,-8.845E0));
#2081=LINE('',#2080,#2079);
#2082=DIRECTION('',(0.E0,-1.E0,0.E0));
#2083=VECTOR('',#2082,2.4E0);
#2084=CARTESIAN_POINT('',(2.32E0,-5.65E0,-8.495E0));
#2085=LINE('',#2084,#2083);
#2086=DIRECTION('',(0.E0,-1.E0,0.E0));
#2087=VECTOR('',#2086,2.4E0);
#2088=CARTESIAN_POINT('',(2.78E0,-5.65E0,-8.495E0));
#2089=LINE('',#2088,#2087);
#2090=DIRECTION('',(0.E0,-1.E0,0.E0));
#2091=VECTOR('',#2090,2.4E0);
#2092=CARTESIAN_POINT('',(2.78E0,-5.65E0,-8.845E0));
#2093=LINE('',#2092,#2091);
#2094=DIRECTION('',(0.E0,-1.E0,0.E0));
#2095=VECTOR('',#2094,2.4E0);
#2096=CARTESIAN_POINT('',(2.32E0,-5.65E0,-8.845E0));
#2097=LINE('',#2096,#2095);
#2098=DIRECTION('',(0.E0,-1.E0,0.E0));
#2099=VECTOR('',#2098,2.4E0);
#2100=CARTESIAN_POINT('',(-2.78E0,-5.65E0,-6.715E0));
#2101=LINE('',#2100,#2099);
#2102=DIRECTION('',(0.E0,-1.E0,0.E0));
#2103=VECTOR('',#2102,2.4E0);
#2104=CARTESIAN_POINT('',(-2.32E0,-5.65E0,-6.715E0));
#2105=LINE('',#2104,#2103);
#2106=DIRECTION('',(0.E0,-1.E0,0.E0));
#2107=VECTOR('',#2106,2.4E0);
#2108=CARTESIAN_POINT('',(-2.32E0,-5.65E0,-7.065E0));
#2109=LINE('',#2108,#2107);
#2110=DIRECTION('',(0.E0,-1.E0,0.E0));
#2111=VECTOR('',#2110,2.4E0);
#2112=CARTESIAN_POINT('',(-2.78E0,-5.65E0,-7.065E0));
#2113=LINE('',#2112,#2111);
#2114=DIRECTION('',(0.E0,-1.E0,0.E0));
#2115=VECTOR('',#2114,2.4E0);
#2116=CARTESIAN_POINT('',(-7.4E-1,-5.65E0,-6.715E0));
#2117=LINE('',#2116,#2115);
#2118=DIRECTION('',(0.E0,-1.E0,0.E0));
#2119=VECTOR('',#2118,2.4E0);
#2120=CARTESIAN_POINT('',(-2.8E-1,-5.65E0,-6.715E0));
#2121=LINE('',#2120,#2119);
#2122=DIRECTION('',(0.E0,-1.E0,0.E0));
#2123=VECTOR('',#2122,2.4E0);
#2124=CARTESIAN_POINT('',(-2.8E-1,-5.65E0,-7.065E0));
#2125=LINE('',#2124,#2123);
#2126=DIRECTION('',(0.E0,-1.E0,0.E0));
#2127=VECTOR('',#2126,2.4E0);
#2128=CARTESIAN_POINT('',(-7.4E-1,-5.65E0,-7.065E0));
#2129=LINE('',#2128,#2127);
#2130=DIRECTION('',(0.E0,-1.E0,0.E0));
#2131=VECTOR('',#2130,2.4E0);
#2132=CARTESIAN_POINT('',(1.3E0,-5.65E0,-6.715E0));
#2133=LINE('',#2132,#2131);
#2134=DIRECTION('',(0.E0,-1.E0,0.E0));
#2135=VECTOR('',#2134,2.4E0);
#2136=CARTESIAN_POINT('',(1.76E0,-5.65E0,-6.715E0));
#2137=LINE('',#2136,#2135);
#2138=DIRECTION('',(0.E0,-1.E0,0.E0));
#2139=VECTOR('',#2138,2.4E0);
#2140=CARTESIAN_POINT('',(1.76E0,-5.65E0,-7.065E0));
#2141=LINE('',#2140,#2139);
#2142=DIRECTION('',(0.E0,-1.E0,0.E0));
#2143=VECTOR('',#2142,2.4E0);
#2144=CARTESIAN_POINT('',(1.3E0,-5.65E0,-7.065E0));
#2145=LINE('',#2144,#2143);
#2146=DIRECTION('',(0.E0,-1.E0,0.E0));
#2147=VECTOR('',#2146,2.4E0);
#2148=CARTESIAN_POINT('',(3.34E0,-5.65E0,-6.715E0));
#2149=LINE('',#2148,#2147);
#2150=DIRECTION('',(0.E0,-1.E0,0.E0));
#2151=VECTOR('',#2150,2.4E0);
#2152=CARTESIAN_POINT('',(3.8E0,-5.65E0,-6.715E0));
#2153=LINE('',#2152,#2151);
#2154=DIRECTION('',(0.E0,-1.E0,0.E0));
#2155=VECTOR('',#2154,2.4E0);
#2156=CARTESIAN_POINT('',(3.8E0,-5.65E0,-7.065E0));
#2157=LINE('',#2156,#2155);
#2158=DIRECTION('',(0.E0,-1.E0,0.E0));
#2159=VECTOR('',#2158,2.4E0);
#2160=CARTESIAN_POINT('',(3.34E0,-5.65E0,-7.065E0));
#2161=LINE('',#2160,#2159);
#2162=CARTESIAN_POINT('',(-8.09E0,-5.65E0,0.E0));
#2163=CARTESIAN_POINT('',(-8.09E0,5.65E0,0.E0));
#2164=VERTEX_POINT('',#2162);
#2165=VERTEX_POINT('',#2163);
#2166=CARTESIAN_POINT('',(8.09E0,5.65E0,0.E0));
#2167=CARTESIAN_POINT('',(8.09E0,-5.65E0,0.E0));
#2168=VERTEX_POINT('',#2166);
#2169=VERTEX_POINT('',#2167);
#2170=CARTESIAN_POINT('',(-8.09E0,-5.65E0,-1.5E1));
#2171=CARTESIAN_POINT('',(-8.09E0,5.65E0,-1.5E1));
#2172=VERTEX_POINT('',#2170);
#2173=VERTEX_POINT('',#2171);
#2174=CARTESIAN_POINT('',(8.09E0,5.65E0,-1.5E1));
#2175=VERTEX_POINT('',#2174);
#2176=CARTESIAN_POINT('',(8.09E0,-5.65E0,-1.5E1));
#2177=VERTEX_POINT('',#2176);
#2178=CARTESIAN_POINT('',(3.15E0,2.68E0,-1.015E1));
#2179=CARTESIAN_POINT('',(3.15E0,4.37E0,-1.015E1));
#2180=VERTEX_POINT('',#2178);
#2181=VERTEX_POINT('',#2179);
#2182=CARTESIAN_POINT('',(-3.15E0,4.37E0,-1.015E1));
#2183=VERTEX_POINT('',#2182);
#2184=CARTESIAN_POINT('',(-3.15E0,2.68E0,-1.015E1));
#2185=VERTEX_POINT('',#2184);
#2186=CARTESIAN_POINT('',(-5.955E0,-4.15E0,-1.015E1));
#2187=CARTESIAN_POINT('',(5.955E0,-4.15E0,-1.015E1));
#2188=VERTEX_POINT('',#2186);
#2189=VERTEX_POINT('',#2187);
#2190=CARTESIAN_POINT('',(-5.955E0,1.8E0,-1.015E1));
#2191=CARTESIAN_POINT('',(-3.455E0,1.8E0,-1.015E1));
#2192=VERTEX_POINT('',#2190);
#2193=VERTEX_POINT('',#2191);
#2194=CARTESIAN_POINT('',(-3.455E0,2.68E0,-1.015E1));
#2195=VERTEX_POINT('',#2194);
#2196=CARTESIAN_POINT('',(3.455E0,2.68E0,-1.015E1));
#2197=CARTESIAN_POINT('',(3.455E0,1.8E0,-1.015E1));
#2198=VERTEX_POINT('',#2196);
#2199=VERTEX_POINT('',#2197);
#2200=CARTESIAN_POINT('',(5.955E0,1.8E0,-1.015E1));
#2201=VERTEX_POINT('',#2200);
#2202=CARTESIAN_POINT('',(5.955E0,2.68E0,-8.25E0));
#2203=CARTESIAN_POINT('',(3.455E0,2.68E0,-8.25E0));
#2204=VERTEX_POINT('',#2202);
#2205=VERTEX_POINT('',#2203);
#2206=CARTESIAN_POINT('',(-3.455E0,2.68E0,-8.25E0));
#2207=CARTESIAN_POINT('',(-5.955E0,2.68E0,-8.25E0));
#2208=VERTEX_POINT('',#2206);
#2209=VERTEX_POINT('',#2207);
#2210=CARTESIAN_POINT('',(-3.455E0,2.15E0,-8.25E0));
#2211=CARTESIAN_POINT('',(-3.455E0,1.8E0,-8.6E0));
#2212=VERTEX_POINT('',#2210);
#2213=VERTEX_POINT('',#2211);
#2214=CARTESIAN_POINT('',(-5.955E0,1.8E0,-8.6E0));
#2215=VERTEX_POINT('',#2214);
#2216=CARTESIAN_POINT('',(-5.955E0,2.15E0,-8.25E0));
#2217=VERTEX_POINT('',#2216);
#2218=CARTESIAN_POINT('',(3.455E0,1.8E0,-8.6E0));
#2219=CARTESIAN_POINT('',(5.955E0,1.8E0,-8.6E0));
#2220=VERTEX_POINT('',#2218);
#2221=VERTEX_POINT('',#2219);
#2222=CARTESIAN_POINT('',(3.455E0,2.15E0,-8.25E0));
#2223=VERTEX_POINT('',#2222);
#2224=CARTESIAN_POINT('',(5.955E0,2.15E0,-8.25E0));
#2225=VERTEX_POINT('',#2224);
#2226=CARTESIAN_POINT('',(3.15E0,4.37E0,-2.5E-1));
#2227=CARTESIAN_POINT('',(2.03E0,4.37E0,-2.5E-1));
#2228=VERTEX_POINT('',#2226);
#2229=VERTEX_POINT('',#2227);
#2230=CARTESIAN_POINT('',(-2.03E0,4.37E0,-2.5E-1));
#2231=CARTESIAN_POINT('',(-3.15E0,4.37E0,-2.5E-1));
#2232=VERTEX_POINT('',#2230);
#2233=VERTEX_POINT('',#2231);
#2234=CARTESIAN_POINT('',(-3.15E0,2.68E0,-2.5E-1));
#2235=VERTEX_POINT('',#2234);
#2236=CARTESIAN_POINT('',(-5.955E0,2.68E0,-2.5E-1));
#2237=VERTEX_POINT('',#2236);
#2238=CARTESIAN_POINT('',(-5.955E0,4.9E-1,-2.5E-1));
#2239=VERTEX_POINT('',#2238);
#2240=CARTESIAN_POINT('',(-5.955E0,-4.15E0,-2.5E-1));
#2241=CARTESIAN_POINT('',(5.955E0,-4.15E0,-2.5E-1));
#2242=VERTEX_POINT('',#2240);
#2243=VERTEX_POINT('',#2241);
#2244=CARTESIAN_POINT('',(5.955E0,-2.01E0,-2.5E-1));
#2245=VERTEX_POINT('',#2244);
#2246=CARTESIAN_POINT('',(5.955E0,2.68E0,-2.5E-1));
#2247=CARTESIAN_POINT('',(3.15E0,2.68E0,-2.5E-1));
#2248=VERTEX_POINT('',#2246);
#2249=VERTEX_POINT('',#2247);
#2250=CARTESIAN_POINT('',(-2.28E0,5.65E0,0.E0));
#2251=VERTEX_POINT('',#2250);
#2252=CARTESIAN_POINT('',(2.28E0,5.65E0,0.E0));
#2253=VERTEX_POINT('',#2252);
#2254=CARTESIAN_POINT('',(2.28E0,5.4E0,-3.5E0));
#2255=CARTESIAN_POINT('',(2.28E0,5.4E0,-6.35E0));
#2256=VERTEX_POINT('',#2254);
#2257=VERTEX_POINT('',#2255);
#2258=CARTESIAN_POINT('',(-2.28E0,5.4E0,-6.35E0));
#2259=CARTESIAN_POINT('',(-2.28E0,5.4E0,-3.5E0));
#2260=VERTEX_POINT('',#2258);
#2261=VERTEX_POINT('',#2259);
#2262=CARTESIAN_POINT('',(-2.28E0,5.65E0,-3.5E0));
#2263=CARTESIAN_POINT('',(2.28E0,5.65E0,-3.5E0));
#2264=VERTEX_POINT('',#2262);
#2265=VERTEX_POINT('',#2263);
#2266=CARTESIAN_POINT('',(-2.28E0,4.37E0,-1.5E0));
#2267=CARTESIAN_POINT('',(-2.03E0,4.37E0,-1.5E0));
#2268=VERTEX_POINT('',#2266);
#2269=VERTEX_POINT('',#2267);
#2270=CARTESIAN_POINT('',(2.03E0,4.37E0,-1.5E0));
#2271=CARTESIAN_POINT('',(2.28E0,4.37E0,-1.5E0));
#2272=VERTEX_POINT('',#2270);
#2273=VERTEX_POINT('',#2271);
#2274=CARTESIAN_POINT('',(-2.28E0,4.37E0,-6.35E0));
#2275=CARTESIAN_POINT('',(2.28E0,4.37E0,-6.35E0));
#2276=VERTEX_POINT('',#2274);
#2277=VERTEX_POINT('',#2275);
#2278=CARTESIAN_POINT('',(-2.03E0,5.4E0,-1.5E0));
#2279=VERTEX_POINT('',#2278);
#2280=CARTESIAN_POINT('',(-2.03E0,5.4E0,-2.5E-1));
#2281=VERTEX_POINT('',#2280);
#2282=CARTESIAN_POINT('',(2.03E0,5.4E0,-1.5E0));
#2283=VERTEX_POINT('',#2282);
#2284=CARTESIAN_POINT('',(2.03E0,5.4E0,-2.5E-1));
#2285=VERTEX_POINT('',#2284);
#2286=CARTESIAN_POINT('',(2.28E0,5.4E0,-1.5E0));
#2287=VERTEX_POINT('',#2286);
#2288=CARTESIAN_POINT('',(2.28E0,5.4E0,-2.5E-1));
#2289=VERTEX_POINT('',#2288);
#2290=CARTESIAN_POINT('',(-2.28E0,5.4E0,-1.5E0));
#2291=VERTEX_POINT('',#2290);
#2292=CARTESIAN_POINT('',(-2.28E0,5.4E0,-2.5E-1));
#2293=VERTEX_POINT('',#2292);
#2294=CARTESIAN_POINT('',(-3.8E0,-8.05E0,-8.495E0));
#2295=CARTESIAN_POINT('',(-3.8E0,-8.05E0,-8.845E0));
#2296=VERTEX_POINT('',#2294);
#2297=VERTEX_POINT('',#2295);
#2298=CARTESIAN_POINT('',(-3.34E0,-8.05E0,-8.845E0));
#2299=VERTEX_POINT('',#2298);
#2300=CARTESIAN_POINT('',(-3.34E0,-8.05E0,-8.495E0));
#2301=VERTEX_POINT('',#2300);
#2302=CARTESIAN_POINT('',(-1.76E0,-8.05E0,-8.495E0));
#2303=CARTESIAN_POINT('',(-1.76E0,-8.05E0,-8.845E0));
#2304=VERTEX_POINT('',#2302);
#2305=VERTEX_POINT('',#2303);
#2306=CARTESIAN_POINT('',(-1.3E0,-8.05E0,-8.845E0));
#2307=VERTEX_POINT('',#2306);
#2308=CARTESIAN_POINT('',(-1.3E0,-8.05E0,-8.495E0));
#2309=VERTEX_POINT('',#2308);
#2310=CARTESIAN_POINT('',(2.8E-1,-8.05E0,-8.495E0));
#2311=CARTESIAN_POINT('',(2.8E-1,-8.05E0,-8.845E0));
#2312=VERTEX_POINT('',#2310);
#2313=VERTEX_POINT('',#2311);
#2314=CARTESIAN_POINT('',(7.4E-1,-8.05E0,-8.845E0));
#2315=VERTEX_POINT('',#2314);
#2316=CARTESIAN_POINT('',(7.4E-1,-8.05E0,-8.495E0));
#2317=VERTEX_POINT('',#2316);
#2318=CARTESIAN_POINT('',(2.32E0,-8.05E0,-8.495E0));
#2319=CARTESIAN_POINT('',(2.32E0,-8.05E0,-8.845E0));
#2320=VERTEX_POINT('',#2318);
#2321=VERTEX_POINT('',#2319);
#2322=CARTESIAN_POINT('',(2.78E0,-8.05E0,-8.845E0));
#2323=VERTEX_POINT('',#2322);
#2324=CARTESIAN_POINT('',(2.78E0,-8.05E0,-8.495E0));
#2325=VERTEX_POINT('',#2324);
#2326=CARTESIAN_POINT('',(-2.78E0,-8.05E0,-6.715E0));
#2327=CARTESIAN_POINT('',(-2.78E0,-8.05E0,-7.065E0));
#2328=VERTEX_POINT('',#2326);
#2329=VERTEX_POINT('',#2327);
#2330=CARTESIAN_POINT('',(-2.32E0,-8.05E0,-7.065E0));
#2331=VERTEX_POINT('',#2330);
#2332=CARTESIAN_POINT('',(-2.32E0,-8.05E0,-6.715E0));
#2333=VERTEX_POINT('',#2332);
#2334=CARTESIAN_POINT('',(-7.4E-1,-8.05E0,-6.715E0));
#2335=CARTESIAN_POINT('',(-7.4E-1,-8.05E0,-7.065E0));
#2336=VERTEX_POINT('',#2334);
#2337=VERTEX_POINT('',#2335);
#2338=CARTESIAN_POINT('',(-2.8E-1,-8.05E0,-7.065E0));
#2339=VERTEX_POINT('',#2338);
#2340=CARTESIAN_POINT('',(-2.8E-1,-8.05E0,-6.715E0));
#2341=VERTEX_POINT('',#2340);
#2342=CARTESIAN_POINT('',(1.3E0,-8.05E0,-6.715E0));
#2343=CARTESIAN_POINT('',(1.3E0,-8.05E0,-7.065E0));
#2344=VERTEX_POINT('',#2342);
#2345=VERTEX_POINT('',#2343);
#2346=CARTESIAN_POINT('',(1.76E0,-8.05E0,-7.065E0));
#2347=VERTEX_POINT('',#2346);
#2348=CARTESIAN_POINT('',(1.76E0,-8.05E0,-6.715E0));
#2349=VERTEX_POINT('',#2348);
#2350=CARTESIAN_POINT('',(3.34E0,-8.05E0,-6.715E0));
#2351=CARTESIAN_POINT('',(3.34E0,-8.05E0,-7.065E0));
#2352=VERTEX_POINT('',#2350);
#2353=VERTEX_POINT('',#2351);
#2354=CARTESIAN_POINT('',(3.8E0,-8.05E0,-7.065E0));
#2355=VERTEX_POINT('',#2354);
#2356=CARTESIAN_POINT('',(3.8E0,-8.05E0,-6.715E0));
#2357=VERTEX_POINT('',#2356);
#2358=CARTESIAN_POINT('',(-3.8E0,-5.65E0,-8.495E0));
#2359=CARTESIAN_POINT('',(-3.8E0,-5.65E0,-8.845E0));
#2360=VERTEX_POINT('',#2358);
#2361=VERTEX_POINT('',#2359);
#2362=CARTESIAN_POINT('',(-3.34E0,-5.65E0,-8.845E0));
#2363=VERTEX_POINT('',#2362);
#2364=CARTESIAN_POINT('',(-3.34E0,-5.65E0,-8.495E0));
#2365=VERTEX_POINT('',#2364);
#2366=CARTESIAN_POINT('',(-1.76E0,-5.65E0,-8.495E0));
#2367=CARTESIAN_POINT('',(-1.76E0,-5.65E0,-8.845E0));
#2368=VERTEX_POINT('',#2366);
#2369=VERTEX_POINT('',#2367);
#2370=CARTESIAN_POINT('',(-1.3E0,-5.65E0,-8.845E0));
#2371=VERTEX_POINT('',#2370);
#2372=CARTESIAN_POINT('',(-1.3E0,-5.65E0,-8.495E0));
#2373=VERTEX_POINT('',#2372);
#2374=CARTESIAN_POINT('',(2.8E-1,-5.65E0,-8.495E0));
#2375=CARTESIAN_POINT('',(2.8E-1,-5.65E0,-8.845E0));
#2376=VERTEX_POINT('',#2374);
#2377=VERTEX_POINT('',#2375);
#2378=CARTESIAN_POINT('',(7.4E-1,-5.65E0,-8.845E0));
#2379=VERTEX_POINT('',#2378);
#2380=CARTESIAN_POINT('',(7.4E-1,-5.65E0,-8.495E0));
#2381=VERTEX_POINT('',#2380);
#2382=CARTESIAN_POINT('',(2.32E0,-5.65E0,-8.495E0));
#2383=CARTESIAN_POINT('',(2.32E0,-5.65E0,-8.845E0));
#2384=VERTEX_POINT('',#2382);
#2385=VERTEX_POINT('',#2383);
#2386=CARTESIAN_POINT('',(2.78E0,-5.65E0,-8.845E0));
#2387=VERTEX_POINT('',#2386);
#2388=CARTESIAN_POINT('',(2.78E0,-5.65E0,-8.495E0));
#2389=VERTEX_POINT('',#2388);
#2390=CARTESIAN_POINT('',(-2.78E0,-5.65E0,-6.715E0));
#2391=CARTESIAN_POINT('',(-2.78E0,-5.65E0,-7.065E0));
#2392=VERTEX_POINT('',#2390);
#2393=VERTEX_POINT('',#2391);
#2394=CARTESIAN_POINT('',(-2.32E0,-5.65E0,-7.065E0));
#2395=VERTEX_POINT('',#2394);
#2396=CARTESIAN_POINT('',(-2.32E0,-5.65E0,-6.715E0));
#2397=VERTEX_POINT('',#2396);
#2398=CARTESIAN_POINT('',(-7.4E-1,-5.65E0,-6.715E0));
#2399=CARTESIAN_POINT('',(-7.4E-1,-5.65E0,-7.065E0));
#2400=VERTEX_POINT('',#2398);
#2401=VERTEX_POINT('',#2399);
#2402=CARTESIAN_POINT('',(-2.8E-1,-5.65E0,-7.065E0));
#2403=VERTEX_POINT('',#2402);
#2404=CARTESIAN_POINT('',(-2.8E-1,-5.65E0,-6.715E0));
#2405=VERTEX_POINT('',#2404);
#2406=CARTESIAN_POINT('',(1.3E0,-5.65E0,-6.715E0));
#2407=CARTESIAN_POINT('',(1.3E0,-5.65E0,-7.065E0));
#2408=VERTEX_POINT('',#2406);
#2409=VERTEX_POINT('',#2407);
#2410=CARTESIAN_POINT('',(1.76E0,-5.65E0,-7.065E0));
#2411=VERTEX_POINT('',#2410);
#2412=CARTESIAN_POINT('',(1.76E0,-5.65E0,-6.715E0));
#2413=VERTEX_POINT('',#2412);
#2414=CARTESIAN_POINT('',(3.34E0,-5.65E0,-6.715E0));
#2415=CARTESIAN_POINT('',(3.34E0,-5.65E0,-7.065E0));
#2416=VERTEX_POINT('',#2414);
#2417=VERTEX_POINT('',#2415);
#2418=CARTESIAN_POINT('',(3.8E0,-5.65E0,-7.065E0));
#2419=VERTEX_POINT('',#2418);
#2420=CARTESIAN_POINT('',(3.8E0,-5.65E0,-6.715E0));
#2421=VERTEX_POINT('',#2420);
#2422=CARTESIAN_POINT('',(-5.85E0,-5.65E0,-4.35E0));
#2423=CARTESIAN_POINT('',(-6.95E0,-5.65E0,-4.35E0));
#2424=VERTEX_POINT('',#2422);
#2425=VERTEX_POINT('',#2423);
#2426=CARTESIAN_POINT('',(6.95E0,-5.65E0,-4.35E0));
#2427=CARTESIAN_POINT('',(5.85E0,-5.65E0,-4.35E0));
#2428=VERTEX_POINT('',#2426);
#2429=VERTEX_POINT('',#2427);
#2430=CARTESIAN_POINT('',(-5.85E0,-6.7E0,-4.35E0));
#2431=CARTESIAN_POINT('',(-6.95E0,-6.7E0,-4.35E0));
#2432=VERTEX_POINT('',#2430);
#2433=VERTEX_POINT('',#2431);
#2434=CARTESIAN_POINT('',(6.95E0,-6.7E0,-4.35E0));
#2435=CARTESIAN_POINT('',(5.85E0,-6.7E0,-4.35E0));
#2436=VERTEX_POINT('',#2434);
#2437=VERTEX_POINT('',#2435);
#2438=CARTESIAN_POINT('',(-6.4E0,-7.25E0,-4.35E0));
#2439=VERTEX_POINT('',#2438);
#2440=CARTESIAN_POINT('',(6.4E0,-7.25E0,-4.35E0));
#2441=VERTEX_POINT('',#2440);
#2442=CARTESIAN_POINT('',(-6.715E0,-5.65E0,-8.78E0));
#2443=CARTESIAN_POINT('',(-6.465E0,-5.65E0,-8.78E0));
#2444=VERTEX_POINT('',#2442);
#2445=VERTEX_POINT('',#2443);
#2446=CARTESIAN_POINT('',(-6.465E0,-5.65E0,-6.78E0));
#2447=VERTEX_POINT('',#2446);
#2448=CARTESIAN_POINT('',(-6.715E0,-5.65E0,-6.78E0));
#2449=VERTEX_POINT('',#2448);
#2450=CARTESIAN_POINT('',(6.465E0,-5.65E0,-8.78E0));
#2451=CARTESIAN_POINT('',(6.715E0,-5.65E0,-8.78E0));
#2452=VERTEX_POINT('',#2450);
#2453=VERTEX_POINT('',#2451);
#2454=CARTESIAN_POINT('',(6.715E0,-5.65E0,-6.78E0));
#2455=VERTEX_POINT('',#2454);
#2456=CARTESIAN_POINT('',(6.465E0,-5.65E0,-6.78E0));
#2457=VERTEX_POINT('',#2456);
#2458=CARTESIAN_POINT('',(6.465E0,-7.848808815848E0,-7.779999322015E0));
#2459=CARTESIAN_POINT('',(6.465E0,-6.8E0,-6.78E0));
#2460=VERTEX_POINT('',#2458);
#2461=VERTEX_POINT('',#2459);
#2462=CARTESIAN_POINT('',(6.715E0,-6.8E0,-6.78E0));
#2463=VERTEX_POINT('',#2462);
#2464=CARTESIAN_POINT('',(6.715E0,-7.848808815848E0,-7.779999322015E0));
#2465=VERTEX_POINT('',#2464);
#2466=CARTESIAN_POINT('',(6.715E0,-6.8E0,-8.78E0));
#2467=VERTEX_POINT('',#2466);
#2468=CARTESIAN_POINT('',(6.465E0,-6.8E0,-8.78E0));
#2469=VERTEX_POINT('',#2468);
#2470=CARTESIAN_POINT('',(-6.465E0,-7.848808815848E0,-7.780000677985E0));
#2471=CARTESIAN_POINT('',(-6.465E0,-6.8E0,-8.78E0));
#2472=VERTEX_POINT('',#2470);
#2473=VERTEX_POINT('',#2471);
#2474=CARTESIAN_POINT('',(-6.715E0,-6.8E0,-8.78E0));
#2475=VERTEX_POINT('',#2474);
#2476=CARTESIAN_POINT('',(-6.715E0,-7.848808815848E0,-7.780000677985E0));
#2477=VERTEX_POINT('',#2476);
#2478=CARTESIAN_POINT('',(-6.715E0,-6.8E0,-6.78E0));
#2479=VERTEX_POINT('',#2478);
#2480=CARTESIAN_POINT('',(-6.465E0,-6.8E0,-6.78E0));
#2481=VERTEX_POINT('',#2480);
#2482=CARTESIAN_POINT('',(-5.950100597864E0,-2.01E0,-3.000144461731E0));
#2483=CARTESIAN_POINT('',(-5.950100597864E0,4.9E-1,-3.000144461731E0));
#2484=VERTEX_POINT('',#2482);
#2485=VERTEX_POINT('',#2483);
#2486=CARTESIAN_POINT('',(-5.955E0,-2.01E0,-2.996714882809E0));
#2487=CARTESIAN_POINT('',(-5.955E0,4.9E-1,-2.996714882809E0));
#2488=VERTEX_POINT('',#2486);
#2489=VERTEX_POINT('',#2487);
#2490=CARTESIAN_POINT('',(-5.955E0,-2.01E0,-2.571000487753E0));
#2491=CARTESIAN_POINT('',(-5.955E0,4.9E-1,-2.571000487753E0));
#2492=VERTEX_POINT('',#2490);
#2493=VERTEX_POINT('',#2491);
#2494=CARTESIAN_POINT('',(3.11E0,-3.678026964304E0,-2.634950148210E0));
#2495=CARTESIAN_POINT('',(3.57E0,-3.678026964304E0,-2.634950148210E0));
#2496=VERTEX_POINT('',#2494);
#2497=VERTEX_POINT('',#2495);
#2498=CARTESIAN_POINT('',(3.11E0,-4.008408089291E0,-2.750485044463E0));
#2499=CARTESIAN_POINT('',(3.57E0,-4.008408089291E0,-2.750485044463E0));
#2500=VERTEX_POINT('',#2498);
#2501=VERTEX_POINT('',#2499);
#2502=CARTESIAN_POINT('',(3.57E0,-1.05E0,-1.015E1));
#2503=CARTESIAN_POINT('',(3.57E0,-1.420783893919E0,-1.015E1));
#2504=VERTEX_POINT('',#2502);
#2505=VERTEX_POINT('',#2503);
#2506=CARTESIAN_POINT('',(3.11E0,-1.05E0,-1.015E1));
#2507=CARTESIAN_POINT('',(3.11E0,-1.420783893919E0,-1.015E1));
#2508=VERTEX_POINT('',#2506);
#2509=VERTEX_POINT('',#2507);
#2510=CARTESIAN_POINT('',(3.57E0,-4.15E0,-2.3E0));
#2511=CARTESIAN_POINT('',(3.57E0,-4.15E0,-2.65E0));
#2512=VERTEX_POINT('',#2510);
#2513=VERTEX_POINT('',#2511);
#2514=CARTESIAN_POINT('',(3.11E0,-4.15E0,-2.3E0));
#2515=CARTESIAN_POINT('',(3.11E0,-4.15E0,-2.65E0));
#2516=VERTEX_POINT('',#2514);
#2517=VERTEX_POINT('',#2515);
#2518=CARTESIAN_POINT('',(2.09E0,-3.678026964304E0,-2.634950148210E0));
#2519=CARTESIAN_POINT('',(2.55E0,-3.678026964304E0,-2.634950148210E0));
#2520=VERTEX_POINT('',#2518);
#2521=VERTEX_POINT('',#2519);
#2522=CARTESIAN_POINT('',(2.09E0,-4.008408089291E0,-2.750485044463E0));
#2523=CARTESIAN_POINT('',(2.55E0,-4.008408089291E0,-2.750485044463E0));
#2524=VERTEX_POINT('',#2522);
#2525=VERTEX_POINT('',#2523);
#2526=CARTESIAN_POINT('',(2.55E0,-1.05E0,-1.015E1));
#2527=CARTESIAN_POINT('',(2.55E0,-1.420783893919E0,-1.015E1));
#2528=VERTEX_POINT('',#2526);
#2529=VERTEX_POINT('',#2527);
#2530=CARTESIAN_POINT('',(2.09E0,-1.05E0,-1.015E1));
#2531=CARTESIAN_POINT('',(2.09E0,-1.420783893919E0,-1.015E1));
#2532=VERTEX_POINT('',#2530);
#2533=VERTEX_POINT('',#2531);
#2534=CARTESIAN_POINT('',(2.55E0,-4.15E0,-2.3E0));
#2535=CARTESIAN_POINT('',(2.55E0,-4.15E0,-2.65E0));
#2536=VERTEX_POINT('',#2534);
#2537=VERTEX_POINT('',#2535);
#2538=CARTESIAN_POINT('',(2.09E0,-4.15E0,-2.3E0));
#2539=CARTESIAN_POINT('',(2.09E0,-4.15E0,-2.65E0));
#2540=VERTEX_POINT('',#2538);
#2541=VERTEX_POINT('',#2539);
#2542=CARTESIAN_POINT('',(1.07E0,-3.678026964304E0,-2.634950148210E0));
#2543=CARTESIAN_POINT('',(1.53E0,-3.678026964304E0,-2.634950148210E0));
#2544=VERTEX_POINT('',#2542);
#2545=VERTEX_POINT('',#2543);
#2546=CARTESIAN_POINT('',(1.07E0,-4.008408089291E0,-2.750485044463E0));
#2547=CARTESIAN_POINT('',(1.53E0,-4.008408089291E0,-2.750485044463E0));
#2548=VERTEX_POINT('',#2546);
#2549=VERTEX_POINT('',#2547);
#2550=CARTESIAN_POINT('',(1.53E0,-1.05E0,-1.015E1));
#2551=CARTESIAN_POINT('',(1.53E0,-1.420783893919E0,-1.015E1));
#2552=VERTEX_POINT('',#2550);
#2553=VERTEX_POINT('',#2551);
#2554=CARTESIAN_POINT('',(1.07E0,-1.05E0,-1.015E1));
#2555=CARTESIAN_POINT('',(1.07E0,-1.420783893919E0,-1.015E1));
#2556=VERTEX_POINT('',#2554);
#2557=VERTEX_POINT('',#2555);
#2558=CARTESIAN_POINT('',(1.53E0,-4.15E0,-2.3E0));
#2559=CARTESIAN_POINT('',(1.53E0,-4.15E0,-2.65E0));
#2560=VERTEX_POINT('',#2558);
#2561=VERTEX_POINT('',#2559);
#2562=CARTESIAN_POINT('',(1.07E0,-4.15E0,-2.3E0));
#2563=CARTESIAN_POINT('',(1.07E0,-4.15E0,-2.65E0));
#2564=VERTEX_POINT('',#2562);
#2565=VERTEX_POINT('',#2563);
#2566=CARTESIAN_POINT('',(5.E-2,-3.678026964304E0,-2.634950148210E0));
#2567=CARTESIAN_POINT('',(5.1E-1,-3.678026964304E0,-2.634950148210E0));
#2568=VERTEX_POINT('',#2566);
#2569=VERTEX_POINT('',#2567);
#2570=CARTESIAN_POINT('',(5.E-2,-4.008408089291E0,-2.750485044463E0));
#2571=CARTESIAN_POINT('',(5.1E-1,-4.008408089291E0,-2.750485044463E0));
#2572=VERTEX_POINT('',#2570);
#2573=VERTEX_POINT('',#2571);
#2574=CARTESIAN_POINT('',(5.1E-1,-1.05E0,-1.015E1));
#2575=CARTESIAN_POINT('',(5.1E-1,-1.420783893919E0,-1.015E1));
#2576=VERTEX_POINT('',#2574);
#2577=VERTEX_POINT('',#2575);
#2578=CARTESIAN_POINT('',(5.E-2,-1.05E0,-1.015E1));
#2579=CARTESIAN_POINT('',(5.E-2,-1.420783893919E0,-1.015E1));
#2580=VERTEX_POINT('',#2578);
#2581=VERTEX_POINT('',#2579);
#2582=CARTESIAN_POINT('',(5.1E-1,-4.15E0,-2.3E0));
#2583=CARTESIAN_POINT('',(5.1E-1,-4.15E0,-2.65E0));
#2584=VERTEX_POINT('',#2582);
#2585=VERTEX_POINT('',#2583);
#2586=CARTESIAN_POINT('',(5.E-2,-4.15E0,-2.3E0));
#2587=CARTESIAN_POINT('',(5.E-2,-4.15E0,-2.65E0));
#2588=VERTEX_POINT('',#2586);
#2589=VERTEX_POINT('',#2587);
#2590=CARTESIAN_POINT('',(-9.7E-1,-3.678026964304E0,-2.634950148210E0));
#2591=CARTESIAN_POINT('',(-5.1E-1,-3.678026964304E0,-2.634950148210E0));
#2592=VERTEX_POINT('',#2590);
#2593=VERTEX_POINT('',#2591);
#2594=CARTESIAN_POINT('',(-9.7E-1,-4.008408089291E0,-2.750485044463E0));
#2595=CARTESIAN_POINT('',(-5.1E-1,-4.008408089291E0,-2.750485044463E0));
#2596=VERTEX_POINT('',#2594);
#2597=VERTEX_POINT('',#2595);
#2598=CARTESIAN_POINT('',(-5.1E-1,-1.05E0,-1.015E1));
#2599=CARTESIAN_POINT('',(-5.1E-1,-1.420783893919E0,-1.015E1));
#2600=VERTEX_POINT('',#2598);
#2601=VERTEX_POINT('',#2599);
#2602=CARTESIAN_POINT('',(-9.7E-1,-1.05E0,-1.015E1));
#2603=CARTESIAN_POINT('',(-9.7E-1,-1.420783893919E0,-1.015E1));
#2604=VERTEX_POINT('',#2602);
#2605=VERTEX_POINT('',#2603);
#2606=CARTESIAN_POINT('',(-5.1E-1,-4.15E0,-2.3E0));
#2607=CARTESIAN_POINT('',(-5.1E-1,-4.15E0,-2.65E0));
#2608=VERTEX_POINT('',#2606);
#2609=VERTEX_POINT('',#2607);
#2610=CARTESIAN_POINT('',(-9.7E-1,-4.15E0,-2.3E0));
#2611=CARTESIAN_POINT('',(-9.7E-1,-4.15E0,-2.65E0));
#2612=VERTEX_POINT('',#2610);
#2613=VERTEX_POINT('',#2611);
#2614=CARTESIAN_POINT('',(-1.99E0,-3.678026964304E0,-2.634950148210E0));
#2615=CARTESIAN_POINT('',(-1.53E0,-3.678026964304E0,-2.634950148210E0));
#2616=VERTEX_POINT('',#2614);
#2617=VERTEX_POINT('',#2615);
#2618=CARTESIAN_POINT('',(-1.99E0,-4.008408089291E0,-2.750485044463E0));
#2619=CARTESIAN_POINT('',(-1.53E0,-4.008408089291E0,-2.750485044463E0));
#2620=VERTEX_POINT('',#2618);
#2621=VERTEX_POINT('',#2619);
#2622=CARTESIAN_POINT('',(-1.53E0,-1.05E0,-1.015E1));
#2623=CARTESIAN_POINT('',(-1.53E0,-1.420783893919E0,-1.015E1));
#2624=VERTEX_POINT('',#2622);
#2625=VERTEX_POINT('',#2623);
#2626=CARTESIAN_POINT('',(-1.99E0,-1.05E0,-1.015E1));
#2627=CARTESIAN_POINT('',(-1.99E0,-1.420783893919E0,-1.015E1));
#2628=VERTEX_POINT('',#2626);
#2629=VERTEX_POINT('',#2627);
#2630=CARTESIAN_POINT('',(-1.53E0,-4.15E0,-2.3E0));
#2631=CARTESIAN_POINT('',(-1.53E0,-4.15E0,-2.65E0));
#2632=VERTEX_POINT('',#2630);
#2633=VERTEX_POINT('',#2631);
#2634=CARTESIAN_POINT('',(-1.99E0,-4.15E0,-2.3E0));
#2635=CARTESIAN_POINT('',(-1.99E0,-4.15E0,-2.65E0));
#2636=VERTEX_POINT('',#2634);
#2637=VERTEX_POINT('',#2635);
#2638=CARTESIAN_POINT('',(-3.01E0,-3.678026964304E0,-2.634950148210E0));
#2639=CARTESIAN_POINT('',(-2.55E0,-3.678026964304E0,-2.634950148210E0));
#2640=VERTEX_POINT('',#2638);
#2641=VERTEX_POINT('',#2639);
#2642=CARTESIAN_POINT('',(-3.01E0,-4.008408089291E0,-2.750485044463E0));
#2643=CARTESIAN_POINT('',(-2.55E0,-4.008408089291E0,-2.750485044463E0));
#2644=VERTEX_POINT('',#2642);
#2645=VERTEX_POINT('',#2643);
#2646=CARTESIAN_POINT('',(-2.55E0,-1.05E0,-1.015E1));
#2647=CARTESIAN_POINT('',(-2.55E0,-1.420783893919E0,-1.015E1));
#2648=VERTEX_POINT('',#2646);
#2649=VERTEX_POINT('',#2647);
#2650=CARTESIAN_POINT('',(-3.01E0,-1.05E0,-1.015E1));
#2651=CARTESIAN_POINT('',(-3.01E0,-1.420783893919E0,-1.015E1));
#2652=VERTEX_POINT('',#2650);
#2653=VERTEX_POINT('',#2651);
#2654=CARTESIAN_POINT('',(-2.55E0,-4.15E0,-2.3E0));
#2655=CARTESIAN_POINT('',(-2.55E0,-4.15E0,-2.65E0));
#2656=VERTEX_POINT('',#2654);
#2657=VERTEX_POINT('',#2655);
#2658=CARTESIAN_POINT('',(-3.01E0,-4.15E0,-2.3E0));
#2659=CARTESIAN_POINT('',(-3.01E0,-4.15E0,-2.65E0));
#2660=VERTEX_POINT('',#2658);
#2661=VERTEX_POINT('',#2659);
#2662=CARTESIAN_POINT('',(-4.03E0,-3.678026964304E0,-2.634950148210E0));
#2663=CARTESIAN_POINT('',(-3.57E0,-3.678026964304E0,-2.634950148210E0));
#2664=VERTEX_POINT('',#2662);
#2665=VERTEX_POINT('',#2663);
#2666=CARTESIAN_POINT('',(-4.03E0,-4.008408089291E0,-2.750485044463E0));
#2667=CARTESIAN_POINT('',(-3.57E0,-4.008408089291E0,-2.750485044463E0));
#2668=VERTEX_POINT('',#2666);
#2669=VERTEX_POINT('',#2667);
#2670=CARTESIAN_POINT('',(-3.57E0,-1.05E0,-1.015E1));
#2671=CARTESIAN_POINT('',(-3.57E0,-1.420783893919E0,-1.015E1));
#2672=VERTEX_POINT('',#2670);
#2673=VERTEX_POINT('',#2671);
#2674=CARTESIAN_POINT('',(-4.03E0,-1.05E0,-1.015E1));
#2675=CARTESIAN_POINT('',(-4.03E0,-1.420783893919E0,-1.015E1));
#2676=VERTEX_POINT('',#2674);
#2677=VERTEX_POINT('',#2675);
#2678=CARTESIAN_POINT('',(-3.57E0,-4.15E0,-2.3E0));
#2679=CARTESIAN_POINT('',(-3.57E0,-4.15E0,-2.65E0));
#2680=VERTEX_POINT('',#2678);
#2681=VERTEX_POINT('',#2679);
#2682=CARTESIAN_POINT('',(-4.03E0,-4.15E0,-2.3E0));
#2683=CARTESIAN_POINT('',(-4.03E0,-4.15E0,-2.65E0));
#2684=VERTEX_POINT('',#2682);
#2685=VERTEX_POINT('',#2683);
#2686=CARTESIAN_POINT('',(-3.5E0,4.72E0,-2.5E-1));
#2687=CARTESIAN_POINT('',(-3.5E0,2.93E0,-2.5E-1));
#2688=VERTEX_POINT('',#2686);
#2689=VERTEX_POINT('',#2687);
#2690=CARTESIAN_POINT('',(-6.305E0,2.93E0,-2.5E-1));
#2691=VERTEX_POINT('',#2690);
#2692=CARTESIAN_POINT('',(-6.305E0,7.4E-1,-2.5E-1));
#2693=VERTEX_POINT('',#2692);
#2694=CARTESIAN_POINT('',(-6.305E0,-4.5E0,-2.5E-1));
#2695=CARTESIAN_POINT('',(6.305E0,-4.5E0,-2.5E-1));
#2696=VERTEX_POINT('',#2694);
#2697=VERTEX_POINT('',#2695);
#2698=CARTESIAN_POINT('',(6.305E0,-2.26E0,-2.5E-1));
#2699=VERTEX_POINT('',#2698);
#2700=CARTESIAN_POINT('',(6.305E0,2.93E0,-2.5E-1));
#2701=CARTESIAN_POINT('',(3.5E0,2.93E0,-2.5E-1));
#2702=VERTEX_POINT('',#2700);
#2703=VERTEX_POINT('',#2701);
#2704=CARTESIAN_POINT('',(3.5E0,4.72E0,-2.5E-1));
#2705=VERTEX_POINT('',#2704);
#2706=CARTESIAN_POINT('',(2.28E0,4.72E0,-2.5E-1));
#2707=VERTEX_POINT('',#2706);
#2708=CARTESIAN_POINT('',(-3.5E0,4.72E0,0.E0));
#2709=CARTESIAN_POINT('',(-3.5E0,2.93E0,0.E0));
#2710=VERTEX_POINT('',#2708);
#2711=VERTEX_POINT('',#2709);
#2712=CARTESIAN_POINT('',(-6.305E0,2.93E0,0.E0));
#2713=VERTEX_POINT('',#2712);
#2714=CARTESIAN_POINT('',(-6.305E0,7.4E-1,0.E0));
#2715=VERTEX_POINT('',#2714);
#2716=CARTESIAN_POINT('',(-6.305E0,-4.5E0,0.E0));
#2717=CARTESIAN_POINT('',(6.305E0,-4.5E0,0.E0));
#2718=VERTEX_POINT('',#2716);
#2719=VERTEX_POINT('',#2717);
#2720=CARTESIAN_POINT('',(6.305E0,-2.26E0,0.E0));
#2721=VERTEX_POINT('',#2720);
#2722=CARTESIAN_POINT('',(6.305E0,2.93E0,0.E0));
#2723=CARTESIAN_POINT('',(3.5E0,2.93E0,0.E0));
#2724=VERTEX_POINT('',#2722);
#2725=VERTEX_POINT('',#2723);
#2726=CARTESIAN_POINT('',(3.5E0,4.72E0,0.E0));
#2727=VERTEX_POINT('',#2726);
#2728=CARTESIAN_POINT('',(2.28E0,4.72E0,0.E0));
#2729=VERTEX_POINT('',#2728);
#2730=CARTESIAN_POINT('',(-2.28E0,4.72E0,-2.5E-1));
#2731=VERTEX_POINT('',#2730);
#2732=CARTESIAN_POINT('',(-2.28E0,4.72E0,0.E0));
#2733=VERTEX_POINT('',#2732);
#2734=CARTESIAN_POINT('',(-5.955E0,-2.01E0,-2.5E-1));
#2735=VERTEX_POINT('',#2734);
#2736=CARTESIAN_POINT('',(5.950100597864E0,-2.01E0,-3.000144461731E0));
#2737=CARTESIAN_POINT('',(5.950100597864E0,4.9E-1,-3.000144461731E0));
#2738=VERTEX_POINT('',#2736);
#2739=VERTEX_POINT('',#2737);
#2740=CARTESIAN_POINT('',(5.955E0,4.9E-1,-2.996714882809E0));
#2741=VERTEX_POINT('',#2740);
#2742=CARTESIAN_POINT('',(5.955E0,-2.01E0,-2.996714882809E0));
#2743=VERTEX_POINT('',#2742);
#2744=CARTESIAN_POINT('',(5.955E0,-2.01E0,-2.571000487753E0));
#2745=CARTESIAN_POINT('',(5.955E0,4.9E-1,-2.571000487753E0));
#2746=VERTEX_POINT('',#2744);
#2747=VERTEX_POINT('',#2745);
#2748=CARTESIAN_POINT('',(5.955E0,4.9E-1,-2.5E-1));
#2749=VERTEX_POINT('',#2748);
#2750=CARTESIAN_POINT('',(-6.555E0,7.4E-1,-2.5E-1));
#2751=VERTEX_POINT('',#2750);
#2752=CARTESIAN_POINT('',(-6.555E0,4.9E-1,-2.5E-1));
#2753=VERTEX_POINT('',#2752);
#2754=CARTESIAN_POINT('',(6.555E0,4.9E-1,-2.5E-1));
#2755=CARTESIAN_POINT('',(6.555E0,7.4E-1,-2.5E-1));
#2756=VERTEX_POINT('',#2754);
#2757=VERTEX_POINT('',#2755);
#2758=CARTESIAN_POINT('',(6.305E0,7.4E-1,-2.5E-1));
#2759=VERTEX_POINT('',#2758);
#2760=CARTESIAN_POINT('',(6.555E0,-2.26E0,-2.5E-1));
#2761=VERTEX_POINT('',#2760);
#2762=CARTESIAN_POINT('',(6.555E0,-2.01E0,-2.5E-1));
#2763=VERTEX_POINT('',#2762);
#2764=CARTESIAN_POINT('',(-6.555E0,-2.01E0,-2.5E-1));
#2765=CARTESIAN_POINT('',(-6.555E0,-2.26E0,-2.5E-1));
#2766=VERTEX_POINT('',#2764);
#2767=VERTEX_POINT('',#2765);
#2768=CARTESIAN_POINT('',(-6.305E0,-2.26E0,-2.5E-1));
#2769=VERTEX_POINT('',#2768);
#2770=CARTESIAN_POINT('',(-6.555E0,7.4E-1,0.E0));
#2771=VERTEX_POINT('',#2770);
#2772=CARTESIAN_POINT('',(-6.555E0,4.9E-1,0.E0));
#2773=VERTEX_POINT('',#2772);
#2774=CARTESIAN_POINT('',(6.555E0,4.9E-1,0.E0));
#2775=CARTESIAN_POINT('',(6.555E0,7.4E-1,0.E0));
#2776=VERTEX_POINT('',#2774);
#2777=VERTEX_POINT('',#2775);
#2778=CARTESIAN_POINT('',(6.305E0,7.4E-1,0.E0));
#2779=VERTEX_POINT('',#2778);
#2780=CARTESIAN_POINT('',(6.555E0,-2.26E0,0.E0));
#2781=VERTEX_POINT('',#2780);
#2782=CARTESIAN_POINT('',(6.555E0,-2.01E0,0.E0));
#2783=VERTEX_POINT('',#2782);
#2784=CARTESIAN_POINT('',(-6.555E0,-2.01E0,0.E0));
#2785=CARTESIAN_POINT('',(-6.555E0,-2.26E0,0.E0));
#2786=VERTEX_POINT('',#2784);
#2787=VERTEX_POINT('',#2785);
#2788=CARTESIAN_POINT('',(-6.305E0,-2.26E0,0.E0));
#2789=VERTEX_POINT('',#2788);
#2790=CARTESIAN_POINT('',(-5.5E0,-2.01E0,-1.842194490740E0));
#2791=CARTESIAN_POINT('',(-5.5E0,4.9E-1,-1.842194490740E0));
#2792=VERTEX_POINT('',#2790);
#2793=VERTEX_POINT('',#2791);
#2794=CARTESIAN_POINT('',(-5.545191969329E0,-2.01E0,-1.985560004630E0));
#2795=CARTESIAN_POINT('',(-5.545191969329E0,4.9E-1,-1.985560004630E0));
#2796=VERTEX_POINT('',#2794);
#2797=VERTEX_POINT('',#2795);
#2798=CARTESIAN_POINT('',(5.5E0,4.9E-1,-1.842194490740E0));
#2799=CARTESIAN_POINT('',(5.5E0,-2.01E0,-1.842194490740E0));
#2800=VERTEX_POINT('',#2798);
#2801=VERTEX_POINT('',#2799);
#2802=CARTESIAN_POINT('',(5.545191969329E0,4.9E-1,-1.985560004630E0));
#2803=CARTESIAN_POINT('',(5.545191969329E0,-2.01E0,-1.985560004630E0));
#2804=VERTEX_POINT('',#2802);
#2805=VERTEX_POINT('',#2803);
#2806=CARTESIAN_POINT('',(5.75E0,4.9E-1,-2.5E-1));
#2807=CARTESIAN_POINT('',(5.75E0,-2.01E0,-2.5E-1));
#2808=VERTEX_POINT('',#2806);
#2809=VERTEX_POINT('',#2807);
#2810=CARTESIAN_POINT('',(5.5E0,4.9E-1,-5.E-1));
#2811=CARTESIAN_POINT('',(5.5E0,-2.01E0,-5.E-1));
#2812=VERTEX_POINT('',#2810);
#2813=VERTEX_POINT('',#2811);
#2814=CARTESIAN_POINT('',(-5.75E0,-2.01E0,-2.5E-1));
#2815=CARTESIAN_POINT('',(-5.75E0,4.9E-1,-2.5E-1));
#2816=VERTEX_POINT('',#2814);
#2817=VERTEX_POINT('',#2815);
#2818=CARTESIAN_POINT('',(-5.5E0,-2.01E0,-5.E-1));
#2819=CARTESIAN_POINT('',(-5.5E0,4.9E-1,-5.E-1));
#2820=VERTEX_POINT('',#2818);
#2821=VERTEX_POINT('',#2819);
#2822=CARTESIAN_POINT('',(-5.340383938659E0,-2.01E0,-2.129120009260E0));
#2823=CARTESIAN_POINT('',(-5.25E0,-2.01E0,-1.842388981481E0));
#2824=VERTEX_POINT('',#2822);
#2825=VERTEX_POINT('',#2823);
#2826=CARTESIAN_POINT('',(-5.25E0,4.9E-1,-1.842388981481E0));
#2827=VERTEX_POINT('',#2826);
#2828=CARTESIAN_POINT('',(-5.340383938659E0,4.9E-1,-2.129120009260E0));
#2829=VERTEX_POINT('',#2828);
#2830=CARTESIAN_POINT('',(5.340383938659E0,4.9E-1,-2.129120009260E0));
#2831=CARTESIAN_POINT('',(5.25E0,4.9E-1,-1.842388981481E0));
#2832=VERTEX_POINT('',#2830);
#2833=VERTEX_POINT('',#2831);
#2834=CARTESIAN_POINT('',(5.25E0,-2.01E0,-1.842388981481E0));
#2835=VERTEX_POINT('',#2834);
#2836=CARTESIAN_POINT('',(5.340383938659E0,-2.01E0,-2.129120009260E0));
#2837=VERTEX_POINT('',#2836);
#2838=CARTESIAN_POINT('',(5.25E0,4.9E-1,-5.E-1));
#2839=CARTESIAN_POINT('',(5.75E0,4.9E-1,0.E0));
#2840=VERTEX_POINT('',#2838);
#2841=VERTEX_POINT('',#2839);
#2842=CARTESIAN_POINT('',(5.75E0,-2.01E0,0.E0));
#2843=VERTEX_POINT('',#2842);
#2844=CARTESIAN_POINT('',(5.25E0,-2.01E0,-5.E-1));
#2845=VERTEX_POINT('',#2844);
#2846=CARTESIAN_POINT('',(-5.25E0,-2.01E0,-5.E-1));
#2847=CARTESIAN_POINT('',(-5.75E0,-2.01E0,0.E0));
#2848=VERTEX_POINT('',#2846);
#2849=VERTEX_POINT('',#2847);
#2850=CARTESIAN_POINT('',(-5.75E0,4.9E-1,0.E0));
#2851=VERTEX_POINT('',#2850);
#2852=CARTESIAN_POINT('',(-5.25E0,4.9E-1,-5.E-1));
#2853=VERTEX_POINT('',#2852);
#2854=CARTESIAN_POINT('',(0.E0,0.E0,0.E0));
#2855=DIRECTION('',(0.E0,0.E0,-1.E0));
#2856=DIRECTION('',(1.E0,0.E0,0.E0));
#2857=AXIS2_PLACEMENT_3D('',#2854,#2855,#2856);
#2858=PLANE('',#2857);
#2860=ORIENTED_EDGE('',*,*,#2859,.T.);
#2862=ORIENTED_EDGE('',*,*,#2861,.F.);
#2864=ORIENTED_EDGE('',*,*,#2863,.T.);
#2866=ORIENTED_EDGE('',*,*,#2865,.T.);
#2868=ORIENTED_EDGE('',*,*,#2867,.T.);
#2870=ORIENTED_EDGE('',*,*,#2869,.T.);
#2872=ORIENTED_EDGE('',*,*,#2871,.T.);
#2874=ORIENTED_EDGE('',*,*,#2873,.T.);
#2876=ORIENTED_EDGE('',*,*,#2875,.F.);
#2878=ORIENTED_EDGE('',*,*,#2877,.T.);
#2880=ORIENTED_EDGE('',*,*,#2879,.T.);
#2882=ORIENTED_EDGE('',*,*,#2881,.T.);
#2884=ORIENTED_EDGE('',*,*,#2883,.T.);
#2886=ORIENTED_EDGE('',*,*,#2885,.T.);
#2888=ORIENTED_EDGE('',*,*,#2887,.T.);
#2890=ORIENTED_EDGE('',*,*,#2889,.T.);
#2892=ORIENTED_EDGE('',*,*,#2891,.T.);
#2894=ORIENTED_EDGE('',*,*,#2893,.T.);
#2896=ORIENTED_EDGE('',*,*,#2895,.T.);
#2898=ORIENTED_EDGE('',*,*,#2897,.T.);
#2900=ORIENTED_EDGE('',*,*,#2899,.T.);
#2902=ORIENTED_EDGE('',*,*,#2901,.F.);
#2904=ORIENTED_EDGE('',*,*,#2903,.T.);
#2906=ORIENTED_EDGE('',*,*,#2905,.F.);
#2908=ORIENTED_EDGE('',*,*,#2907,.T.);
#2910=ORIENTED_EDGE('',*,*,#2909,.T.);
#2912=ORIENTED_EDGE('',*,*,#2911,.T.);
#2914=ORIENTED_EDGE('',*,*,#2913,.T.);
#2916=ORIENTED_EDGE('',*,*,#2915,.T.);
#2918=ORIENTED_EDGE('',*,*,#2917,.T.);
#2920=ORIENTED_EDGE('',*,*,#2919,.T.);
#2922=ORIENTED_EDGE('',*,*,#2921,.F.);
#2923=EDGE_LOOP('',(#2860,#2862,#2864,#2866,#2868,#2870,#2872,#2874,#2876,#2878,
#2880,#2882,#2884,#2886,#2888,#2890,#2892,#2894,#2896,#2898,#2900,#2902,#2904,
#2906,#2908,#2910,#2912,#2914,#2916,#2918,#2920,#2922));
#2924=FACE_OUTER_BOUND('',#2923,.F.);
#2925=ADVANCED_FACE('',(#2924),#2858,.F.);
#2926=CARTESIAN_POINT('',(5.75E0,-2.54486E1,-5.E-1));
#2927=DIRECTION('',(0.E0,1.E0,0.E0));
#2928=DIRECTION('',(-1.E0,0.E0,0.E0));
#2929=AXIS2_PLACEMENT_3D('',#2926,#2927,#2928);
#2930=CYLINDRICAL_SURFACE('',#2929,5.E-1);
#2932=ORIENTED_EDGE('',*,*,#2931,.T.);
#2933=ORIENTED_EDGE('',*,*,#2859,.F.);
#2935=ORIENTED_EDGE('',*,*,#2934,.T.);
#2937=ORIENTED_EDGE('',*,*,#2936,.T.);
#2938=EDGE_LOOP('',(#2932,#2933,#2935,#2937));
#2939=FACE_OUTER_BOUND('',#2938,.F.);
#2940=ADVANCED_FACE('',(#2939),#2930,.T.);
#2941=CARTESIAN_POINT('',(5.955E0,4.9E-1,0.E0));
#2942=DIRECTION('',(0.E0,-1.E0,0.E0));
#2943=DIRECTION('',(1.E0,0.E0,0.E0));
#2944=AXIS2_PLACEMENT_3D('',#2941,#2942,#2943);
#2945=PLANE('',#2944);
#2947=ORIENTED_EDGE('',*,*,#2946,.F.);
#2949=ORIENTED_EDGE('',*,*,#2948,.F.);
#2951=ORIENTED_EDGE('',*,*,#2950,.T.);
#2953=ORIENTED_EDGE('',*,*,#2952,.T.);
#2955=ORIENTED_EDGE('',*,*,#2954,.F.);
#2957=ORIENTED_EDGE('',*,*,#2956,.F.);
#2959=ORIENTED_EDGE('',*,*,#2958,.T.);
#2961=ORIENTED_EDGE('',*,*,#2960,.F.);
#2963=ORIENTED_EDGE('',*,*,#2962,.T.);
#2965=ORIENTED_EDGE('',*,*,#2964,.T.);
#2967=ORIENTED_EDGE('',*,*,#2966,.F.);
#2968=ORIENTED_EDGE('',*,*,#2861,.T.);
#2969=ORIENTED_EDGE('',*,*,#2931,.F.);
#2971=ORIENTED_EDGE('',*,*,#2970,.T.);
#2972=EDGE_LOOP('',(#2947,#2949,#2951,#2953,#2955,#2957,#2959,#2961,#2963,#2965,
#2967,#2968,#2969,#2971));
#2973=FACE_OUTER_BOUND('',#2972,.F.);
#2974=ADVANCED_FACE('',(#2973),#2945,.F.);
#2975=CARTESIAN_POINT('',(5.75E0,-2.54486E1,-1.842388981481E0));
#2976=DIRECTION('',(0.E0,1.E0,0.E0));
#2977=DIRECTION('',(-8.192321226824E-1,0.E0,-5.734620555584E-1));
#2978=AXIS2_PLACEMENT_3D('',#2975,#2976,#2977);
#2979=CYLINDRICAL_SURFACE('',#2978,5.E-1);
#2980=ORIENTED_EDGE('',*,*,#2946,.T.);
#2982=ORIENTED_EDGE('',*,*,#2981,.F.);
#2984=ORIENTED_EDGE('',*,*,#2983,.T.);
#2986=ORIENTED_EDGE('',*,*,#2985,.T.);
#2987=EDGE_LOOP('',(#2980,#2982,#2984,#2986));
#2988=FACE_OUTER_BOUND('',#2987,.F.);
#2989=ADVANCED_FACE('',(#2988),#2979,.T.);
#2990=CARTESIAN_POINT('',(5.25E0,-2.01E0,0.E0));
#2991=DIRECTION('',(1.E0,0.E0,0.E0));
#2992=DIRECTION('',(0.E0,0.E0,-1.E0));
#2993=AXIS2_PLACEMENT_3D('',#2990,#2991,#2992);
#2994=PLANE('',#2993);
#2995=ORIENTED_EDGE('',*,*,#2981,.T.);
#2996=ORIENTED_EDGE('',*,*,#2970,.F.);
#2997=ORIENTED_EDGE('',*,*,#2936,.F.);
#2999=ORIENTED_EDGE('',*,*,#2998,.T.);
#3000=EDGE_LOOP('',(#2995,#2996,#2997,#2999));
#3001=FACE_OUTER_BOUND('',#3000,.F.);
#3002=ADVANCED_FACE('',(#3001),#2994,.F.);
#3003=CARTESIAN_POINT('',(6.555E0,-2.01E0,0.E0));
#3004=DIRECTION('',(0.E0,1.E0,0.E0));
#3005=DIRECTION('',(-1.E0,0.E0,0.E0));
#3006=AXIS2_PLACEMENT_3D('',#3003,#3004,#3005);
#3007=PLANE('',#3006);
#3008=ORIENTED_EDGE('',*,*,#2983,.F.);
#3009=ORIENTED_EDGE('',*,*,#2998,.F.);
#3010=ORIENTED_EDGE('',*,*,#2934,.F.);
#3011=ORIENTED_EDGE('',*,*,#2921,.T.);
#3013=ORIENTED_EDGE('',*,*,#3012,.T.);
#3015=ORIENTED_EDGE('',*,*,#3014,.T.);
#3017=ORIENTED_EDGE('',*,*,#3016,.F.);
#3019=ORIENTED_EDGE('',*,*,#3018,.F.);
#3021=ORIENTED_EDGE('',*,*,#3020,.F.);
#3023=ORIENTED_EDGE('',*,*,#3022,.F.);
#3025=ORIENTED_EDGE('',*,*,#3024,.F.);
#3027=ORIENTED_EDGE('',*,*,#3026,.F.);
#3029=ORIENTED_EDGE('',*,*,#3028,.F.);
#3031=ORIENTED_EDGE('',*,*,#3030,.F.);
#3032=EDGE_LOOP('',(#3008,#3009,#3010,#3011,#3013,#3015,#3017,#3019,#3021,#3023,
#3025,#3027,#3029,#3031));
#3033=FACE_OUTER_BOUND('',#3032,.F.);
#3034=ADVANCED_FACE('',(#3033),#3007,.F.);
#3035=CARTESIAN_POINT('',(6.555E0,-2.26E0,0.E0));
#3036=DIRECTION('',(1.E0,0.E0,0.E0));
#3037=DIRECTION('',(0.E0,1.E0,0.E0));
#3038=AXIS2_PLACEMENT_3D('',#3035,#3036,#3037);
#3039=PLANE('',#3038);
#3040=ORIENTED_EDGE('',*,*,#2919,.F.);
#3042=ORIENTED_EDGE('',*,*,#3041,.T.);
#3044=ORIENTED_EDGE('',*,*,#3043,.T.);
#3045=ORIENTED_EDGE('',*,*,#3012,.F.);
#3046=EDGE_LOOP('',(#3040,#3042,#3044,#3045));
#3047=FACE_OUTER_BOUND('',#3046,.F.);
#3048=ADVANCED_FACE('',(#3047),#3039,.F.);
#3049=CARTESIAN_POINT('',(6.305E0,-2.26E0,0.E0));
#3050=DIRECTION('',(0.E0,-1.E0,0.E0));
#3051=DIRECTION('',(1.E0,0.E0,0.E0));
#3052=AXIS2_PLACEMENT_3D('',#3049,#3050,#3051);
#3053=PLANE('',#3052);
#3054=ORIENTED_EDGE('',*,*,#2917,.F.);
#3056=ORIENTED_EDGE('',*,*,#3055,.T.);
#3058=ORIENTED_EDGE('',*,*,#3057,.T.);
#3059=ORIENTED_EDGE('',*,*,#3041,.F.);
#3060=EDGE_LOOP('',(#3054,#3056,#3058,#3059));
#3061=FACE_OUTER_BOUND('',#3060,.F.);
#3062=ADVANCED_FACE('',(#3061),#3053,.F.);
#3063=CARTESIAN_POINT('',(6.305E0,-4.5E0,0.E0));
#3064=DIRECTION('',(1.E0,0.E0,0.E0));
#3065=DIRECTION('',(0.E0,1.E0,0.E0));
#3066=AXIS2_PLACEMENT_3D('',#3063,#3064,#3065);
#3067=PLANE('',#3066);
#3068=ORIENTED_EDGE('',*,*,#2915,.F.);
#3070=ORIENTED_EDGE('',*,*,#3069,.T.);
#3072=ORIENTED_EDGE('',*,*,#3071,.T.);
#3073=ORIENTED_EDGE('',*,*,#3055,.F.);
#3074=EDGE_LOOP('',(#3068,#3070,#3072,#3073));
#3075=FACE_OUTER_BOUND('',#3074,.F.);
#3076=ADVANCED_FACE('',(#3075),#3067,.F.);
#3077=CARTESIAN_POINT('',(-6.305E0,-4.5E0,0.E0));
#3078=DIRECTION('',(0.E0,-1.E0,0.E0));
#3079=DIRECTION('',(1.E0,0.E0,0.E0));
#3080=AXIS2_PLACEMENT_3D('',#3077,#3078,#3079);
#3081=PLANE('',#3080);
#3082=ORIENTED_EDGE('',*,*,#2913,.F.);
#3084=ORIENTED_EDGE('',*,*,#3083,.T.);
#3086=ORIENTED_EDGE('',*,*,#3085,.T.);
#3087=ORIENTED_EDGE('',*,*,#3069,.F.);
#3088=EDGE_LOOP('',(#3082,#3084,#3086,#3087));
#3089=FACE_OUTER_BOUND('',#3088,.F.);
#3090=ADVANCED_FACE('',(#3089),#3081,.F.);
#3091=CARTESIAN_POINT('',(-6.305E0,-2.26E0,0.E0));
#3092=DIRECTION('',(-1.E0,0.E0,0.E0));
#3093=DIRECTION('',(0.E0,-1.E0,0.E0));
#3094=AXIS2_PLACEMENT_3D('',#3091,#3092,#3093);
#3095=PLANE('',#3094);
#3096=ORIENTED_EDGE('',*,*,#2911,.F.);
#3098=ORIENTED_EDGE('',*,*,#3097,.T.);
#3100=ORIENTED_EDGE('',*,*,#3099,.T.);
#3101=ORIENTED_EDGE('',*,*,#3083,.F.);
#3102=EDGE_LOOP('',(#3096,#3098,#3100,#3101));
#3103=FACE_OUTER_BOUND('',#3102,.F.);
#3104=ADVANCED_FACE('',(#3103),#3095,.F.);
#3105=CARTESIAN_POINT('',(-6.555E0,-2.26E0,0.E0));
#3106=DIRECTION('',(0.E0,-1.E0,0.E0));
#3107=DIRECTION('',(1.E0,0.E0,0.E0));
#3108=AXIS2_PLACEMENT_3D('',#3105,#3106,#3107);
#3109=PLANE('',#3108);
#3110=ORIENTED_EDGE('',*,*,#2909,.F.);
#3112=ORIENTED_EDGE('',*,*,#3111,.T.);
#3114=ORIENTED_EDGE('',*,*,#3113,.T.);
#3115=ORIENTED_EDGE('',*,*,#3097,.F.);
#3116=EDGE_LOOP('',(#3110,#3112,#3114,#3115));
#3117=FACE_OUTER_BOUND('',#3116,.F.);
#3118=ADVANCED_FACE('',(#3117),#3109,.F.);
#3119=CARTESIAN_POINT('',(-6.555E0,-2.01E0,0.E0));
#3120=DIRECTION('',(-1.E0,0.E0,0.E0));
#3121=DIRECTION('',(0.E0,-1.E0,0.E0));
#3122=AXIS2_PLACEMENT_3D('',#3119,#3120,#3121);
#3123=PLANE('',#3122);
#3124=ORIENTED_EDGE('',*,*,#2907,.F.);
#3126=ORIENTED_EDGE('',*,*,#3125,.T.);
#3128=ORIENTED_EDGE('',*,*,#3127,.T.);
#3129=ORIENTED_EDGE('',*,*,#3111,.F.);
#3130=EDGE_LOOP('',(#3124,#3126,#3128,#3129));
#3131=FACE_OUTER_BOUND('',#3130,.F.);
#3132=ADVANCED_FACE('',(#3131),#3123,.F.);
#3133=CARTESIAN_POINT('',(-5.955E0,-2.01E0,0.E0));
#3134=DIRECTION('',(0.E0,1.E0,0.E0));
#3135=DIRECTION('',(-1.E0,0.E0,0.E0));
#3136=AXIS2_PLACEMENT_3D('',#3133,#3134,#3135);
#3137=PLANE('',#3136);
#3139=ORIENTED_EDGE('',*,*,#3138,.F.);
#3141=ORIENTED_EDGE('',*,*,#3140,.F.);
#3143=ORIENTED_EDGE('',*,*,#3142,.T.);
#3145=ORIENTED_EDGE('',*,*,#3144,.T.);
#3147=ORIENTED_EDGE('',*,*,#3146,.F.);
#3149=ORIENTED_EDGE('',*,*,#3148,.F.);
#3151=ORIENTED_EDGE('',*,*,#3150,.T.);
#3153=ORIENTED_EDGE('',*,*,#3152,.F.);
#3155=ORIENTED_EDGE('',*,*,#3154,.T.);
#3157=ORIENTED_EDGE('',*,*,#3156,.T.);
#3158=ORIENTED_EDGE('',*,*,#3125,.F.);
#3159=ORIENTED_EDGE('',*,*,#2905,.T.);
#3161=ORIENTED_EDGE('',*,*,#3160,.F.);
#3163=ORIENTED_EDGE('',*,*,#3162,.T.);
#3164=EDGE_LOOP('',(#3139,#3141,#3143,#3145,#3147,#3149,#3151,#3153,#3155,#3157,
#3158,#3159,#3161,#3163));
#3165=FACE_OUTER_BOUND('',#3164,.F.);
#3166=ADVANCED_FACE('',(#3165),#3137,.F.);
#3167=CARTESIAN_POINT('',(-5.75E0,2.32486E1,-1.842388981481E0));
#3168=DIRECTION('',(0.E0,-1.E0,0.E0));
#3169=DIRECTION('',(8.192321226824E-1,0.E0,-5.734620555584E-1));
#3170=AXIS2_PLACEMENT_3D('',#3167,#3168,#3169);
#3171=CYLINDRICAL_SURFACE('',#3170,5.E-1);
#3172=ORIENTED_EDGE('',*,*,#3138,.T.);
#3174=ORIENTED_EDGE('',*,*,#3173,.F.);
#3176=ORIENTED_EDGE('',*,*,#3175,.T.);
#3178=ORIENTED_EDGE('',*,*,#3177,.T.);
#3179=EDGE_LOOP('',(#3172,#3174,#3176,#3178));
#3180=FACE_OUTER_BOUND('',#3179,.F.);
#3181=ADVANCED_FACE('',(#3180),#3171,.T.);
#3182=CARTESIAN_POINT('',(-5.25E0,-2.01E0,0.E0));
#3183=DIRECTION('',(1.E0,0.E0,0.E0));
#3184=DIRECTION('',(0.E0,0.E0,-1.E0));
#3185=AXIS2_PLACEMENT_3D('',#3182,#3183,#3184);
#3186=PLANE('',#3185);
#3187=ORIENTED_EDGE('',*,*,#3173,.T.);
#3188=ORIENTED_EDGE('',*,*,#3162,.F.);
#3190=ORIENTED_EDGE('',*,*,#3189,.F.);
#3192=ORIENTED_EDGE('',*,*,#3191,.T.);
#3193=EDGE_LOOP('',(#3187,#3188,#3190,#3192));
#3194=FACE_OUTER_BOUND('',#3193,.F.);
#3195=ADVANCED_FACE('',(#3194),#3186,.T.);
#3196=CARTESIAN_POINT('',(-5.75E0,2.32486E1,-5.E-1));
#3197=DIRECTION('',(0.E0,-1.E0,0.E0));
#3198=DIRECTION('',(1.E0,0.E0,0.E0));
#3199=AXIS2_PLACEMENT_3D('',#3196,#3197,#3198);
#3200=CYLINDRICAL_SURFACE('',#3199,5.E-1);
#3201=ORIENTED_EDGE('',*,*,#3160,.T.);
#3202=ORIENTED_EDGE('',*,*,#2903,.F.);
#3204=ORIENTED_EDGE('',*,*,#3203,.T.);
#3205=ORIENTED_EDGE('',*,*,#3189,.T.);
#3206=EDGE_LOOP('',(#3201,#3202,#3204,#3205));
#3207=FACE_OUTER_BOUND('',#3206,.F.);
#3208=ADVANCED_FACE('',(#3207),#3200,.T.);
#3209=CARTESIAN_POINT('',(-6.555E0,4.9E-1,0.E0));
#3210=DIRECTION('',(0.E0,-1.E0,0.E0));
#3211=DIRECTION('',(1.E0,0.E0,0.E0));
#3212=AXIS2_PLACEMENT_3D('',#3209,#3210,#3211);
#3213=PLANE('',#3212);
#3214=ORIENTED_EDGE('',*,*,#3175,.F.);
#3215=ORIENTED_EDGE('',*,*,#3191,.F.);
#3216=ORIENTED_EDGE('',*,*,#3203,.F.);
#3217=ORIENTED_EDGE('',*,*,#2901,.T.);
#3219=ORIENTED_EDGE('',*,*,#3218,.T.);
#3221=ORIENTED_EDGE('',*,*,#3220,.T.);
#3223=ORIENTED_EDGE('',*,*,#3222,.F.);
#3225=ORIENTED_EDGE('',*,*,#3224,.F.);
#3227=ORIENTED_EDGE('',*,*,#3226,.F.);
#3229=ORIENTED_EDGE('',*,*,#3228,.F.);
#3231=ORIENTED_EDGE('',*,*,#3230,.F.);
#3233=ORIENTED_EDGE('',*,*,#3232,.F.);
#3235=ORIENTED_EDGE('',*,*,#3234,.F.);
#3237=ORIENTED_EDGE('',*,*,#3236,.F.);
#3238=EDGE_LOOP('',(#3214,#3215,#3216,#3217,#3219,#3221,#3223,#3225,#3227,#3229,
#3231,#3233,#3235,#3237));
#3239=FACE_OUTER_BOUND('',#3238,.F.);
#3240=ADVANCED_FACE('',(#3239),#3213,.F.);
#3241=CARTESIAN_POINT('',(-6.555E0,7.4E-1,0.E0));
#3242=DIRECTION('',(-1.E0,0.E0,0.E0));
#3243=DIRECTION('',(0.E0,-1.E0,0.E0));
#3244=AXIS2_PLACEMENT_3D('',#3241,#3242,#3243);
#3245=PLANE('',#3244);
#3246=ORIENTED_EDGE('',*,*,#2899,.F.);
#3248=ORIENTED_EDGE('',*,*,#3247,.T.);
#3250=ORIENTED_EDGE('',*,*,#3249,.T.);
#3251=ORIENTED_EDGE('',*,*,#3218,.F.);
#3252=EDGE_LOOP('',(#3246,#3248,#3250,#3251));
#3253=FACE_OUTER_BOUND('',#3252,.F.);
#3254=ADVANCED_FACE('',(#3253),#3245,.F.);
#3255=CARTESIAN_POINT('',(-6.305E0,7.4E-1,0.E0));
#3256=DIRECTION('',(0.E0,1.E0,0.E0));
#3257=DIRECTION('',(-1.E0,0.E0,0.E0));
#3258=AXIS2_PLACEMENT_3D('',#3255,#3256,#3257);
#3259=PLANE('',#3258);
#3260=ORIENTED_EDGE('',*,*,#2897,.F.);
#3262=ORIENTED_EDGE('',*,*,#3261,.T.);
#3264=ORIENTED_EDGE('',*,*,#3263,.T.);
#3265=ORIENTED_EDGE('',*,*,#3247,.F.);
#3266=EDGE_LOOP('',(#3260,#3262,#3264,#3265));
#3267=FACE_OUTER_BOUND('',#3266,.F.);
#3268=ADVANCED_FACE('',(#3267),#3259,.F.);
#3269=CARTESIAN_POINT('',(-6.305E0,2.93E0,0.E0));
#3270=DIRECTION('',(-1.E0,0.E0,0.E0));
#3271=DIRECTION('',(0.E0,-1.E0,0.E0));
#3272=AXIS2_PLACEMENT_3D('',#3269,#3270,#3271);
#3273=PLANE('',#3272);
#3274=ORIENTED_EDGE('',*,*,#2895,.F.);
#3276=ORIENTED_EDGE('',*,*,#3275,.T.);
#3278=ORIENTED_EDGE('',*,*,#3277,.T.);
#3279=ORIENTED_EDGE('',*,*,#3261,.F.);
#3280=EDGE_LOOP('',(#3274,#3276,#3278,#3279));
#3281=FACE_OUTER_BOUND('',#3280,.F.);
#3282=ADVANCED_FACE('',(#3281),#3273,.F.);
#3283=CARTESIAN_POINT('',(-3.5E0,2.93E0,0.E0));
#3284=DIRECTION('',(0.E0,1.E0,0.E0));
#3285=DIRECTION('',(-1.E0,0.E0,0.E0));
#3286=AXIS2_PLACEMENT_3D('',#3283,#3284,#3285);
#3287=PLANE('',#3286);
#3288=ORIENTED_EDGE('',*,*,#2893,.F.);
#3290=ORIENTED_EDGE('',*,*,#3289,.T.);
#3292=ORIENTED_EDGE('',*,*,#3291,.T.);
#3293=ORIENTED_EDGE('',*,*,#3275,.F.);
#3294=EDGE_LOOP('',(#3288,#3290,#3292,#3293));
#3295=FACE_OUTER_BOUND('',#3294,.F.);
#3296=ADVANCED_FACE('',(#3295),#3287,.F.);
#3297=CARTESIAN_POINT('',(-3.5E0,4.72E0,0.E0));
#3298=DIRECTION('',(-1.E0,0.E0,0.E0));
#3299=DIRECTION('',(0.E0,-1.E0,0.E0));
#3300=AXIS2_PLACEMENT_3D('',#3297,#3298,#3299);
#3301=PLANE('',#3300);
#3302=ORIENTED_EDGE('',*,*,#2891,.F.);
#3304=ORIENTED_EDGE('',*,*,#3303,.T.);
#3306=ORIENTED_EDGE('',*,*,#3305,.T.);
#3307=ORIENTED_EDGE('',*,*,#3289,.F.);
#3308=EDGE_LOOP('',(#3302,#3304,#3306,#3307));
#3309=FACE_OUTER_BOUND('',#3308,.F.);
#3310=ADVANCED_FACE('',(#3309),#3301,.F.);
#3311=CARTESIAN_POINT('',(-2.28E0,4.72E0,0.E0));
#3312=DIRECTION('',(0.E0,1.E0,0.E0));
#3313=DIRECTION('',(-1.E0,0.E0,0.E0));
#3314=AXIS2_PLACEMENT_3D('',#3311,#3312,#3313);
#3315=PLANE('',#3314);
#3316=ORIENTED_EDGE('',*,*,#2889,.F.);
#3318=ORIENTED_EDGE('',*,*,#3317,.T.);
#3320=ORIENTED_EDGE('',*,*,#3319,.T.);
#3321=ORIENTED_EDGE('',*,*,#3303,.F.);
#3322=EDGE_LOOP('',(#3316,#3318,#3320,#3321));
#3323=FACE_OUTER_BOUND('',#3322,.F.);
#3324=ADVANCED_FACE('',(#3323),#3315,.F.);
#3325=CARTESIAN_POINT('',(-2.28E0,5.65E0,0.E0));
#3326=DIRECTION('',(-1.E0,0.E0,0.E0));
#3327=DIRECTION('',(0.E0,-1.E0,0.E0));
#3328=AXIS2_PLACEMENT_3D('',#3325,#3326,#3327);
#3329=PLANE('',#3328);
#3331=ORIENTED_EDGE('',*,*,#3330,.T.);
#3333=ORIENTED_EDGE('',*,*,#3332,.F.);
#3335=ORIENTED_EDGE('',*,*,#3334,.F.);
#3337=ORIENTED_EDGE('',*,*,#3336,.F.);
#3339=ORIENTED_EDGE('',*,*,#3338,.F.);
#3341=ORIENTED_EDGE('',*,*,#3340,.F.);
#3343=ORIENTED_EDGE('',*,*,#3342,.F.);
#3345=ORIENTED_EDGE('',*,*,#3344,.T.);
#3346=ORIENTED_EDGE('',*,*,#3317,.F.);
#3347=ORIENTED_EDGE('',*,*,#2887,.F.);
#3348=EDGE_LOOP('',(#3331,#3333,#3335,#3337,#3339,#3341,#3343,#3345,#3346,
#3347));
#3349=FACE_OUTER_BOUND('',#3348,.F.);
#3350=ADVANCED_FACE('',(#3349),#3329,.F.);
#3351=CARTESIAN_POINT('',(-8.09E0,5.65E0,0.E0));
#3352=DIRECTION('',(0.E0,1.E0,0.E0));
#3353=DIRECTION('',(1.E0,0.E0,0.E0));
#3354=AXIS2_PLACEMENT_3D('',#3351,#3352,#3353);
#3355=PLANE('',#3354);
#3357=ORIENTED_EDGE('',*,*,#3356,.F.);
#3358=ORIENTED_EDGE('',*,*,#3330,.F.);
#3359=ORIENTED_EDGE('',*,*,#2885,.F.);
#3361=ORIENTED_EDGE('',*,*,#3360,.T.);
#3363=ORIENTED_EDGE('',*,*,#3362,.T.);
#3365=ORIENTED_EDGE('',*,*,#3364,.F.);
#3366=ORIENTED_EDGE('',*,*,#2877,.F.);
#3368=ORIENTED_EDGE('',*,*,#3367,.F.);
#3369=EDGE_LOOP('',(#3357,#3358,#3359,#3361,#3363,#3365,#3366,#3368));
#3370=FACE_OUTER_BOUND('',#3369,.F.);
#3371=ADVANCED_FACE('',(#3370),#3355,.T.);
#3372=CARTESIAN_POINT('',(2.28E0,5.4E0,-3.5E0));
#3373=DIRECTION('',(0.E0,0.E0,-1.E0));
#3374=DIRECTION('',(0.E0,1.E0,0.E0));
#3375=AXIS2_PLACEMENT_3D('',#3372,#3373,#3374);
#3376=PLANE('',#3375);
#3377=ORIENTED_EDGE('',*,*,#3356,.T.);
#3379=ORIENTED_EDGE('',*,*,#3378,.T.);
#3381=ORIENTED_EDGE('',*,*,#3380,.F.);
#3382=ORIENTED_EDGE('',*,*,#3332,.T.);
#3383=EDGE_LOOP('',(#3377,#3379,#3381,#3382));
#3384=FACE_OUTER_BOUND('',#3383,.F.);
#3385=ADVANCED_FACE('',(#3384),#3376,.F.);
#3386=CARTESIAN_POINT('',(2.28E0,4.72E0,0.E0));
#3387=DIRECTION('',(1.E0,0.E0,0.E0));
#3388=DIRECTION('',(0.E0,1.E0,0.E0));
#3389=AXIS2_PLACEMENT_3D('',#3386,#3387,#3388);
#3390=PLANE('',#3389);
#3392=ORIENTED_EDGE('',*,*,#3391,.T.);
#3394=ORIENTED_EDGE('',*,*,#3393,.F.);
#3396=ORIENTED_EDGE('',*,*,#3395,.F.);
#3398=ORIENTED_EDGE('',*,*,#3397,.T.);
#3400=ORIENTED_EDGE('',*,*,#3399,.F.);
#3402=ORIENTED_EDGE('',*,*,#3401,.F.);
#3403=ORIENTED_EDGE('',*,*,#3378,.F.);
#3404=ORIENTED_EDGE('',*,*,#3367,.T.);
#3405=ORIENTED_EDGE('',*,*,#2875,.T.);
#3407=ORIENTED_EDGE('',*,*,#3406,.T.);
#3408=EDGE_LOOP('',(#3392,#3394,#3396,#3398,#3400,#3402,#3403,#3404,#3405,
#3407));
#3409=FACE_OUTER_BOUND('',#3408,.F.);
#3410=ADVANCED_FACE('',(#3409),#3390,.F.);
#3411=CARTESIAN_POINT('',(0.E0,0.E0,-2.5E-1));
#3412=DIRECTION('',(0.E0,0.E0,1.E0));
#3413=DIRECTION('',(1.E0,0.E0,0.E0));
#3414=AXIS2_PLACEMENT_3D('',#3411,#3412,#3413);
#3415=PLANE('',#3414);
#3417=ORIENTED_EDGE('',*,*,#3416,.T.);
#3419=ORIENTED_EDGE('',*,*,#3418,.T.);
#3420=ORIENTED_EDGE('',*,*,#3014,.F.);
#3421=ORIENTED_EDGE('',*,*,#3043,.F.);
#3422=ORIENTED_EDGE('',*,*,#3057,.F.);
#3423=ORIENTED_EDGE('',*,*,#3071,.F.);
#3424=ORIENTED_EDGE('',*,*,#3085,.F.);
#3425=ORIENTED_EDGE('',*,*,#3099,.F.);
#3426=ORIENTED_EDGE('',*,*,#3113,.F.);
#3427=ORIENTED_EDGE('',*,*,#3127,.F.);
#3428=ORIENTED_EDGE('',*,*,#3156,.F.);
#3430=ORIENTED_EDGE('',*,*,#3429,.T.);
#3431=EDGE_LOOP('',(#3417,#3419,#3420,#3421,#3422,#3423,#3424,#3425,#3426,#3427,
#3428,#3430));
#3432=FACE_OUTER_BOUND('',#3431,.F.);
#3433=ADVANCED_FACE('',(#3432),#3415,.T.);
#3434=CARTESIAN_POINT('',(0.E0,0.E0,-2.5E-1));
#3435=DIRECTION('',(0.E0,0.E0,1.E0));
#3436=DIRECTION('',(1.E0,0.E0,0.E0));
#3437=AXIS2_PLACEMENT_3D('',#3434,#3435,#3436);
#3438=PLANE('',#3437);
#3440=ORIENTED_EDGE('',*,*,#3439,.T.);
#3442=ORIENTED_EDGE('',*,*,#3441,.F.);
#3444=ORIENTED_EDGE('',*,*,#3443,.T.);
#3446=ORIENTED_EDGE('',*,*,#3445,.T.);
#3448=ORIENTED_EDGE('',*,*,#3447,.T.);
#3450=ORIENTED_EDGE('',*,*,#3449,.T.);
#3451=ORIENTED_EDGE('',*,*,#3220,.F.);
#3452=ORIENTED_EDGE('',*,*,#3249,.F.);
#3453=ORIENTED_EDGE('',*,*,#3263,.F.);
#3454=ORIENTED_EDGE('',*,*,#3277,.F.);
#3455=ORIENTED_EDGE('',*,*,#3291,.F.);
#3456=ORIENTED_EDGE('',*,*,#3305,.F.);
#3457=ORIENTED_EDGE('',*,*,#3319,.F.);
#3458=ORIENTED_EDGE('',*,*,#3344,.F.);
#3459=EDGE_LOOP('',(#3440,#3442,#3444,#3446,#3448,#3450,#3451,#3452,#3453,#3454,
#3455,#3456,#3457,#3458));
#3460=FACE_OUTER_BOUND('',#3459,.F.);
#3461=ADVANCED_FACE('',(#3460),#3438,.T.);
#3462=CARTESIAN_POINT('',(0.E0,0.E0,-2.5E-1));
#3463=DIRECTION('',(0.E0,0.E0,1.E0));
#3464=DIRECTION('',(1.E0,0.E0,0.E0));
#3465=AXIS2_PLACEMENT_3D('',#3462,#3463,#3464);
#3466=PLANE('',#3465);
#3468=ORIENTED_EDGE('',*,*,#3467,.T.);
#3469=ORIENTED_EDGE('',*,*,#3391,.F.);
#3471=ORIENTED_EDGE('',*,*,#3470,.F.);
#3473=ORIENTED_EDGE('',*,*,#3472,.F.);
#3475=ORIENTED_EDGE('',*,*,#3474,.F.);
#3477=ORIENTED_EDGE('',*,*,#3476,.F.);
#3479=ORIENTED_EDGE('',*,*,#3478,.F.);
#3481=ORIENTED_EDGE('',*,*,#3480,.F.);
#3482=ORIENTED_EDGE('',*,*,#2964,.F.);
#3484=ORIENTED_EDGE('',*,*,#3483,.T.);
#3486=ORIENTED_EDGE('',*,*,#3485,.T.);
#3488=ORIENTED_EDGE('',*,*,#3487,.T.);
#3490=ORIENTED_EDGE('',*,*,#3489,.T.);
#3492=ORIENTED_EDGE('',*,*,#3491,.T.);
#3493=EDGE_LOOP('',(#3468,#3469,#3471,#3473,#3475,#3477,#3479,#3481,#3482,#3484,
#3486,#3488,#3490,#3492));
#3494=FACE_OUTER_BOUND('',#3493,.F.);
#3495=ADVANCED_FACE('',(#3494),#3466,.T.);
#3496=CARTESIAN_POINT('',(-5.955E0,-4.15E0,0.E0));
#3497=DIRECTION('',(0.E0,-1.E0,0.E0));
#3498=DIRECTION('',(1.E0,0.E0,0.E0));
#3499=AXIS2_PLACEMENT_3D('',#3496,#3497,#3498);
#3500=PLANE('',#3499);
#3501=ORIENTED_EDGE('',*,*,#3416,.F.);
#3503=ORIENTED_EDGE('',*,*,#3502,.T.);
#3505=ORIENTED_EDGE('',*,*,#3504,.T.);
#3507=ORIENTED_EDGE('',*,*,#3506,.F.);
#3508=EDGE_LOOP('',(#3501,#3503,#3505,#3507));
#3509=FACE_OUTER_BOUND('',#3508,.F.);
#3511=ORIENTED_EDGE('',*,*,#3510,.T.);
#3513=ORIENTED_EDGE('',*,*,#3512,.F.);
#3515=ORIENTED_EDGE('',*,*,#3514,.F.);
#3517=ORIENTED_EDGE('',*,*,#3516,.T.);
#3518=EDGE_LOOP('',(#3511,#3513,#3515,#3517));
#3519=FACE_BOUND('',#3518,.F.);
#3521=ORIENTED_EDGE('',*,*,#3520,.T.);
#3523=ORIENTED_EDGE('',*,*,#3522,.F.);
#3525=ORIENTED_EDGE('',*,*,#3524,.F.);
#3527=ORIENTED_EDGE('',*,*,#3526,.T.);
#3528=EDGE_LOOP('',(#3521,#3523,#3525,#3527));
#3529=FACE_BOUND('',#3528,.F.);
#3531=ORIENTED_EDGE('',*,*,#3530,.T.);
#3533=ORIENTED_EDGE('',*,*,#3532,.F.);
#3535=ORIENTED_EDGE('',*,*,#3534,.F.);
#3537=ORIENTED_EDGE('',*,*,#3536,.T.);
#3538=EDGE_LOOP('',(#3531,#3533,#3535,#3537));
#3539=FACE_BOUND('',#3538,.F.);
#3541=ORIENTED_EDGE('',*,*,#3540,.T.);
#3543=ORIENTED_EDGE('',*,*,#3542,.F.);
#3545=ORIENTED_EDGE('',*,*,#3544,.F.);
#3547=ORIENTED_EDGE('',*,*,#3546,.T.);
#3548=EDGE_LOOP('',(#3541,#3543,#3545,#3547));
#3549=FACE_BOUND('',#3548,.F.);
#3551=ORIENTED_EDGE('',*,*,#3550,.T.);
#3553=ORIENTED_EDGE('',*,*,#3552,.F.);
#3555=ORIENTED_EDGE('',*,*,#3554,.F.);
#3557=ORIENTED_EDGE('',*,*,#3556,.T.);
#3558=EDGE_LOOP('',(#3551,#3553,#3555,#3557));
#3559=FACE_BOUND('',#3558,.F.);
#3561=ORIENTED_EDGE('',*,*,#3560,.T.);
#3563=ORIENTED_EDGE('',*,*,#3562,.F.);
#3565=ORIENTED_EDGE('',*,*,#3564,.F.);
#3567=ORIENTED_EDGE('',*,*,#3566,.T.);
#3568=EDGE_LOOP('',(#3561,#3563,#3565,#3567));
#3569=FACE_BOUND('',#3568,.F.);
#3571=ORIENTED_EDGE('',*,*,#3570,.T.);
#3573=ORIENTED_EDGE('',*,*,#3572,.F.);
#3575=ORIENTED_EDGE('',*,*,#3574,.F.);
#3577=ORIENTED_EDGE('',*,*,#3576,.T.);
#3578=EDGE_LOOP('',(#3571,#3573,#3575,#3577));
#3579=FACE_BOUND('',#3578,.F.);
#3581=ORIENTED_EDGE('',*,*,#3580,.T.);
#3583=ORIENTED_EDGE('',*,*,#3582,.F.);
#3585=ORIENTED_EDGE('',*,*,#3584,.F.);
#3587=ORIENTED_EDGE('',*,*,#3586,.T.);
#3588=EDGE_LOOP('',(#3581,#3583,#3585,#3587));
#3589=FACE_BOUND('',#3588,.F.);
#3590=ADVANCED_FACE('',(#3509,#3519,#3529,#3539,#3549,#3559,#3569,#3579,#3589),
#3500,.F.);
#3591=CARTESIAN_POINT('',(-5.955E0,2.68E0,0.E0));
#3592=DIRECTION('',(-1.E0,0.E0,0.E0));
#3593=DIRECTION('',(0.E0,-1.E0,0.E0));
#3594=AXIS2_PLACEMENT_3D('',#3591,#3592,#3593);
#3595=PLANE('',#3594);
#3597=ORIENTED_EDGE('',*,*,#3596,.T.);
#3599=ORIENTED_EDGE('',*,*,#3598,.F.);
#3601=ORIENTED_EDGE('',*,*,#3600,.F.);
#3603=ORIENTED_EDGE('',*,*,#3602,.T.);
#3604=ORIENTED_EDGE('',*,*,#3502,.F.);
#3605=ORIENTED_EDGE('',*,*,#3429,.F.);
#3607=ORIENTED_EDGE('',*,*,#3606,.T.);
#3608=ORIENTED_EDGE('',*,*,#3449,.F.);
#3610=ORIENTED_EDGE('',*,*,#3609,.T.);
#3611=EDGE_LOOP('',(#3597,#3599,#3601,#3603,#3604,#3605,#3607,#3608,#3610));
#3612=FACE_OUTER_BOUND('',#3611,.F.);
#3614=ORIENTED_EDGE('',*,*,#3613,.T.);
#3615=ORIENTED_EDGE('',*,*,#3232,.T.);
#3617=ORIENTED_EDGE('',*,*,#3616,.F.);
#3618=ORIENTED_EDGE('',*,*,#3144,.F.);
#3619=EDGE_LOOP('',(#3614,#3615,#3617,#3618));
#3620=FACE_BOUND('',#3619,.F.);
#3621=ADVANCED_FACE('',(#3612,#3620),#3595,.F.);
#3622=CARTESIAN_POINT('',(-5.950100597864E0,-2.01E0,-3.000144461731E0));
#3623=DIRECTION('',(-5.734620555584E-1,0.E0,-8.192321226824E-1));
#3624=DIRECTION('',(-8.192321226824E-1,0.E0,5.734620555584E-1));
#3625=AXIS2_PLACEMENT_3D('',#3622,#3623,#3624);
#3626=PLANE('',#3625);
#3627=ORIENTED_EDGE('',*,*,#3613,.F.);
#3628=ORIENTED_EDGE('',*,*,#3142,.F.);
#3630=ORIENTED_EDGE('',*,*,#3629,.T.);
#3631=ORIENTED_EDGE('',*,*,#3234,.T.);
#3632=EDGE_LOOP('',(#3627,#3628,#3630,#3631));
#3633=FACE_OUTER_BOUND('',#3632,.F.);
#3634=ADVANCED_FACE('',(#3633),#3626,.T.);
#3635=CARTESIAN_POINT('',(-5.25E0,-2.01E0,-2.E0));
#3636=DIRECTION('',(8.192321226824E-1,0.E0,-5.734620555584E-1));
#3637=DIRECTION('',(-5.734620555584E-1,0.E0,-8.192321226824E-1));
#3638=AXIS2_PLACEMENT_3D('',#3635,#3636,#3637);
#3639=PLANE('',#3638);
#3640=ORIENTED_EDGE('',*,*,#3177,.F.);
#3641=ORIENTED_EDGE('',*,*,#3236,.T.);
#3642=ORIENTED_EDGE('',*,*,#3629,.F.);
#3643=ORIENTED_EDGE('',*,*,#3140,.T.);
#3644=EDGE_LOOP('',(#3640,#3641,#3642,#3643));
#3645=FACE_OUTER_BOUND('',#3644,.F.);
#3646=ADVANCED_FACE('',(#3645),#3639,.T.);
#3647=CARTESIAN_POINT('',(-6.155E0,-2.01E0,-2.856714987864E0));
#3648=DIRECTION('',(-8.192321226824E-1,0.E0,5.734620555584E-1));
#3649=DIRECTION('',(5.734620555584E-1,0.E0,8.192321226824E-1));
#3650=AXIS2_PLACEMENT_3D('',#3647,#3648,#3649);
#3651=PLANE('',#3650);
#3653=ORIENTED_EDGE('',*,*,#3652,.F.);
#3654=ORIENTED_EDGE('',*,*,#3146,.T.);
#3655=ORIENTED_EDGE('',*,*,#3616,.T.);
#3656=ORIENTED_EDGE('',*,*,#3230,.T.);
#3657=EDGE_LOOP('',(#3653,#3654,#3655,#3656));
#3658=FACE_OUTER_BOUND('',#3657,.F.);
#3659=ADVANCED_FACE('',(#3658),#3651,.T.);
#3660=CARTESIAN_POINT('',(-5.75E0,-2.54486E1,-1.842194490740E0));
#3661=DIRECTION('',(0.E0,1.E0,0.E0));
#3662=DIRECTION('',(1.E0,0.E0,0.E0));
#3663=AXIS2_PLACEMENT_3D('',#3660,#3661,#3662);
#3664=CYLINDRICAL_SURFACE('',#3663,2.5E-1);
#3666=ORIENTED_EDGE('',*,*,#3665,.F.);
#3667=ORIENTED_EDGE('',*,*,#3148,.T.);
#3668=ORIENTED_EDGE('',*,*,#3652,.T.);
#3669=ORIENTED_EDGE('',*,*,#3228,.T.);
#3670=EDGE_LOOP('',(#3666,#3667,#3668,#3669));
#3671=FACE_OUTER_BOUND('',#3670,.F.);
#3672=ADVANCED_FACE('',(#3671),#3664,.F.);
#3673=CARTESIAN_POINT('',(-5.5E0,-2.01E0,-1.921E0));
#3674=DIRECTION('',(-1.E0,0.E0,0.E0));
#3675=DIRECTION('',(0.E0,0.E0,1.E0));
#3676=AXIS2_PLACEMENT_3D('',#3673,#3674,#3675);
#3677=PLANE('',#3676);
#3678=ORIENTED_EDGE('',*,*,#3665,.T.);
#3679=ORIENTED_EDGE('',*,*,#3226,.T.);
#3681=ORIENTED_EDGE('',*,*,#3680,.F.);
#3682=ORIENTED_EDGE('',*,*,#3150,.F.);
#3683=EDGE_LOOP('',(#3678,#3679,#3681,#3682));
#3684=FACE_OUTER_BOUND('',#3683,.F.);
#3685=ADVANCED_FACE('',(#3684),#3677,.T.);
#3686=CARTESIAN_POINT('',(-5.75E0,-2.54486E1,-5.E-1));
#3687=DIRECTION('',(0.E0,1.E0,0.E0));
#3688=DIRECTION('',(0.E0,0.E0,1.E0));
#3689=AXIS2_PLACEMENT_3D('',#3686,#3687,#3688);
#3690=CYLINDRICAL_SURFACE('',#3689,2.5E-1);
#3692=ORIENTED_EDGE('',*,*,#3691,.F.);
#3693=ORIENTED_EDGE('',*,*,#3152,.T.);
#3694=ORIENTED_EDGE('',*,*,#3680,.T.);
#3695=ORIENTED_EDGE('',*,*,#3224,.T.);
#3696=EDGE_LOOP('',(#3692,#3693,#3694,#3695));
#3697=FACE_OUTER_BOUND('',#3696,.F.);
#3698=ADVANCED_FACE('',(#3697),#3690,.F.);
#3699=CARTESIAN_POINT('',(-5.5E0,-2.01E0,-2.5E-1));
#3700=DIRECTION('',(0.E0,0.E0,-1.E0));
#3701=DIRECTION('',(-1.E0,0.E0,0.E0));
#3702=AXIS2_PLACEMENT_3D('',#3699,#3700,#3701);
#3703=PLANE('',#3702);
#3704=ORIENTED_EDGE('',*,*,#3691,.T.);
#3705=ORIENTED_EDGE('',*,*,#3222,.T.);
#3706=ORIENTED_EDGE('',*,*,#3606,.F.);
#3707=ORIENTED_EDGE('',*,*,#3154,.F.);
#3708=EDGE_LOOP('',(#3704,#3705,#3706,#3707));
#3709=FACE_OUTER_BOUND('',#3708,.F.);
#3710=ADVANCED_FACE('',(#3709),#3703,.T.);
#3711=CARTESIAN_POINT('',(0.E0,0.E0,-8.25E0));
#3712=DIRECTION('',(0.E0,0.E0,1.E0));
#3713=DIRECTION('',(1.E0,0.E0,0.E0));
#3714=AXIS2_PLACEMENT_3D('',#3711,#3712,#3713);
#3715=PLANE('',#3714);
#3717=ORIENTED_EDGE('',*,*,#3716,.F.);
#3718=ORIENTED_EDGE('',*,*,#3596,.F.);
#3720=ORIENTED_EDGE('',*,*,#3719,.F.);
#3722=ORIENTED_EDGE('',*,*,#3721,.F.);
#3723=EDGE_LOOP('',(#3717,#3718,#3720,#3722));
#3724=FACE_OUTER_BOUND('',#3723,.F.);
#3725=ADVANCED_FACE('',(#3724),#3715,.T.);
#3726=CARTESIAN_POINT('',(0.E0,0.E0,-8.25E0));
#3727=DIRECTION('',(0.E0,0.E0,1.E0));
#3728=DIRECTION('',(1.E0,0.E0,0.E0));
#3729=AXIS2_PLACEMENT_3D('',#3726,#3727,#3728);
#3730=PLANE('',#3729);
#3732=ORIENTED_EDGE('',*,*,#3731,.F.);
#3734=ORIENTED_EDGE('',*,*,#3733,.F.);
#3736=ORIENTED_EDGE('',*,*,#3735,.F.);
#3738=ORIENTED_EDGE('',*,*,#3737,.T.);
#3739=EDGE_LOOP('',(#3732,#3734,#3736,#3738));
#3740=FACE_OUTER_BOUND('',#3739,.F.);
#3741=ADVANCED_FACE('',(#3740),#3730,.T.);
#3742=CARTESIAN_POINT('',(-2.9182248E1,2.15E0,-8.6E0));
#3743=DIRECTION('',(1.E0,0.E0,0.E0));
#3744=DIRECTION('',(0.E0,0.E0,1.E0));
#3745=AXIS2_PLACEMENT_3D('',#3742,#3743,#3744);
#3746=CYLINDRICAL_SURFACE('',#3745,3.5E-1);
#3748=ORIENTED_EDGE('',*,*,#3747,.T.);
#3750=ORIENTED_EDGE('',*,*,#3749,.F.);
#3751=ORIENTED_EDGE('',*,*,#3598,.T.);
#3752=ORIENTED_EDGE('',*,*,#3716,.T.);
#3753=EDGE_LOOP('',(#3748,#3750,#3751,#3752));
#3754=FACE_OUTER_BOUND('',#3753,.F.);
#3755=ADVANCED_FACE('',(#3754),#3746,.T.);
#3756=CARTESIAN_POINT('',(-3.455E0,1.8E0,-1.015E1));
#3757=DIRECTION('',(1.E0,0.E0,0.E0));
#3758=DIRECTION('',(0.E0,1.E0,0.E0));
#3759=AXIS2_PLACEMENT_3D('',#3756,#3757,#3758);
#3760=PLANE('',#3759);
#3761=ORIENTED_EDGE('',*,*,#3747,.F.);
#3762=ORIENTED_EDGE('',*,*,#3721,.T.);
#3764=ORIENTED_EDGE('',*,*,#3763,.F.);
#3766=ORIENTED_EDGE('',*,*,#3765,.F.);
#3768=ORIENTED_EDGE('',*,*,#3767,.T.);
#3769=EDGE_LOOP('',(#3761,#3762,#3764,#3766,#3768));
#3770=FACE_OUTER_BOUND('',#3769,.F.);
#3771=ADVANCED_FACE('',(#3770),#3760,.T.);
#3772=CARTESIAN_POINT('',(-3.15E0,2.68E0,0.E0));
#3773=DIRECTION('',(0.E0,1.E0,0.E0));
#3774=DIRECTION('',(-1.E0,0.E0,0.E0));
#3775=AXIS2_PLACEMENT_3D('',#3772,#3773,#3774);
#3776=PLANE('',#3775);
#3777=ORIENTED_EDGE('',*,*,#3447,.F.);
#3779=ORIENTED_EDGE('',*,*,#3778,.T.);
#3781=ORIENTED_EDGE('',*,*,#3780,.T.);
#3782=ORIENTED_EDGE('',*,*,#3763,.T.);
#3783=ORIENTED_EDGE('',*,*,#3719,.T.);
#3784=ORIENTED_EDGE('',*,*,#3609,.F.);
#3785=EDGE_LOOP('',(#3777,#3779,#3781,#3782,#3783,#3784));
#3786=FACE_OUTER_BOUND('',#3785,.F.);
#3787=ADVANCED_FACE('',(#3786),#3776,.F.);
#3788=CARTESIAN_POINT('',(-3.15E0,4.37E0,0.E0));
#3789=DIRECTION('',(-1.E0,0.E0,0.E0));
#3790=DIRECTION('',(0.E0,-1.E0,0.E0));
#3791=AXIS2_PLACEMENT_3D('',#3788,#3789,#3790);
#3792=PLANE('',#3791);
#3793=ORIENTED_EDGE('',*,*,#3445,.F.);
#3795=ORIENTED_EDGE('',*,*,#3794,.T.);
#3797=ORIENTED_EDGE('',*,*,#3796,.T.);
#3798=ORIENTED_EDGE('',*,*,#3778,.F.);
#3799=EDGE_LOOP('',(#3793,#3795,#3797,#3798));
#3800=FACE_OUTER_BOUND('',#3799,.F.);
#3801=ADVANCED_FACE('',(#3800),#3792,.F.);
#3802=CARTESIAN_POINT('',(3.15E0,4.37E0,0.E0));
#3803=DIRECTION('',(0.E0,1.E0,0.E0));
#3804=DIRECTION('',(-1.E0,0.E0,0.E0));
#3805=AXIS2_PLACEMENT_3D('',#3802,#3803,#3804);
#3806=PLANE('',#3805);
#3808=ORIENTED_EDGE('',*,*,#3807,.F.);
#3809=ORIENTED_EDGE('',*,*,#3338,.T.);
#3811=ORIENTED_EDGE('',*,*,#3810,.T.);
#3812=ORIENTED_EDGE('',*,*,#3397,.F.);
#3814=ORIENTED_EDGE('',*,*,#3813,.F.);
#3816=ORIENTED_EDGE('',*,*,#3815,.F.);
#3817=ORIENTED_EDGE('',*,*,#3489,.F.);
#3819=ORIENTED_EDGE('',*,*,#3818,.T.);
#3821=ORIENTED_EDGE('',*,*,#3820,.T.);
#3822=ORIENTED_EDGE('',*,*,#3794,.F.);
#3823=ORIENTED_EDGE('',*,*,#3443,.F.);
#3825=ORIENTED_EDGE('',*,*,#3824,.T.);
#3826=EDGE_LOOP('',(#3808,#3809,#3811,#3812,#3814,#3816,#3817,#3819,#3821,#3822,
#3823,#3825));
#3827=FACE_OUTER_BOUND('',#3826,.F.);
#3828=ADVANCED_FACE('',(#3827),#3806,.F.);
#3829=CARTESIAN_POINT('',(2.28E0,5.4E0,-1.5E0));
#3830=DIRECTION('',(0.E0,0.E0,1.E0));
#3831=DIRECTION('',(0.E0,-1.E0,0.E0));
#3832=AXIS2_PLACEMENT_3D('',#3829,#3830,#3831);
#3833=PLANE('',#3832);
#3834=ORIENTED_EDGE('',*,*,#3807,.T.);
#3836=ORIENTED_EDGE('',*,*,#3835,.T.);
#3838=ORIENTED_EDGE('',*,*,#3837,.F.);
#3839=ORIENTED_EDGE('',*,*,#3340,.T.);
#3840=EDGE_LOOP('',(#3834,#3836,#3838,#3839));
#3841=FACE_OUTER_BOUND('',#3840,.F.);
#3842=ADVANCED_FACE('',(#3841),#3833,.F.);
#3843=CARTESIAN_POINT('',(2.28E0,5.4E0,-1.5E0));
#3844=DIRECTION('',(0.E0,0.E0,1.E0));
#3845=DIRECTION('',(0.E0,-1.E0,0.E0));
#3846=AXIS2_PLACEMENT_3D('',#3843,#3844,#3845);
#3847=PLANE('',#3846);
#3848=ORIENTED_EDGE('',*,*,#3813,.T.);
#3849=ORIENTED_EDGE('',*,*,#3395,.T.);
#3851=ORIENTED_EDGE('',*,*,#3850,.F.);
#3853=ORIENTED_EDGE('',*,*,#3852,.F.);
#3854=EDGE_LOOP('',(#3848,#3849,#3851,#3853));
#3855=FACE_OUTER_BOUND('',#3854,.F.);
#3856=ADVANCED_FACE('',(#3855),#3847,.F.);
#3857=CARTESIAN_POINT('',(-2.03E0,0.E0,0.E0));
#3858=DIRECTION('',(1.E0,0.E0,0.E0));
#3859=DIRECTION('',(0.E0,0.E0,-1.E0));
#3860=AXIS2_PLACEMENT_3D('',#3857,#3858,#3859);
#3861=PLANE('',#3860);
#3862=ORIENTED_EDGE('',*,*,#3835,.F.);
#3863=ORIENTED_EDGE('',*,*,#3824,.F.);
#3864=ORIENTED_EDGE('',*,*,#3441,.T.);
#3866=ORIENTED_EDGE('',*,*,#3865,.T.);
#3867=EDGE_LOOP('',(#3862,#3863,#3864,#3866));
#3868=FACE_OUTER_BOUND('',#3867,.F.);
#3869=ADVANCED_FACE('',(#3868),#3861,.T.);
#3870=CARTESIAN_POINT('',(2.28E0,5.4E0,0.E0));
#3871=DIRECTION('',(0.E0,-1.E0,0.E0));
#3872=DIRECTION('',(0.E0,0.E0,-1.E0));
#3873=AXIS2_PLACEMENT_3D('',#3870,#3871,#3872);
#3874=PLANE('',#3873);
#3875=ORIENTED_EDGE('',*,*,#3865,.F.);
#3876=ORIENTED_EDGE('',*,*,#3439,.F.);
#3877=ORIENTED_EDGE('',*,*,#3342,.T.);
#3878=ORIENTED_EDGE('',*,*,#3837,.T.);
#3879=EDGE_LOOP('',(#3875,#3876,#3877,#3878));
#3880=FACE_OUTER_BOUND('',#3879,.F.);
#3881=ADVANCED_FACE('',(#3880),#3874,.F.);
#3882=CARTESIAN_POINT('',(2.28E0,5.4E0,0.E0));
#3883=DIRECTION('',(0.E0,-1.E0,0.E0));
#3884=DIRECTION('',(0.E0,0.E0,-1.E0));
#3885=AXIS2_PLACEMENT_3D('',#3882,#3883,#3884);
#3886=PLANE('',#3885);
#3888=ORIENTED_EDGE('',*,*,#3887,.T.);
#3889=ORIENTED_EDGE('',*,*,#3850,.T.);
#3890=ORIENTED_EDGE('',*,*,#3393,.T.);
#3891=ORIENTED_EDGE('',*,*,#3467,.F.);
#3892=EDGE_LOOP('',(#3888,#3889,#3890,#3891));
#3893=FACE_OUTER_BOUND('',#3892,.F.);
#3894=ADVANCED_FACE('',(#3893),#3886,.F.);
#3895=CARTESIAN_POINT('',(2.03E0,0.E0,0.E0));
#3896=DIRECTION('',(1.E0,0.E0,0.E0));
#3897=DIRECTION('',(0.E0,0.E0,-1.E0));
#3898=AXIS2_PLACEMENT_3D('',#3895,#3896,#3897);
#3899=PLANE('',#3898);
#3900=ORIENTED_EDGE('',*,*,#3852,.T.);
#3901=ORIENTED_EDGE('',*,*,#3887,.F.);
#3902=ORIENTED_EDGE('',*,*,#3491,.F.);
#3903=ORIENTED_EDGE('',*,*,#3815,.T.);
#3904=EDGE_LOOP('',(#3900,#3901,#3902,#3903));
#3905=FACE_OUTER_BOUND('',#3904,.F.);
#3906=ADVANCED_FACE('',(#3905),#3899,.F.);
#3907=CARTESIAN_POINT('',(2.28E0,4.37E0,-6.35E0));
#3908=DIRECTION('',(0.E0,0.E0,-1.E0));
#3909=DIRECTION('',(0.E0,1.E0,0.E0));
#3910=AXIS2_PLACEMENT_3D('',#3907,#3908,#3909);
#3911=PLANE('',#3910);
#3912=ORIENTED_EDGE('',*,*,#3810,.F.);
#3913=ORIENTED_EDGE('',*,*,#3336,.T.);
#3915=ORIENTED_EDGE('',*,*,#3914,.T.);
#3916=ORIENTED_EDGE('',*,*,#3399,.T.);
#3917=EDGE_LOOP('',(#3912,#3913,#3915,#3916));
#3918=FACE_OUTER_BOUND('',#3917,.F.);
#3919=ADVANCED_FACE('',(#3918),#3911,.F.);
#3920=CARTESIAN_POINT('',(2.28E0,5.4E0,-6.35E0));
#3921=DIRECTION('',(0.E0,1.E0,0.E0));
#3922=DIRECTION('',(0.E0,0.E0,1.E0));
#3923=AXIS2_PLACEMENT_3D('',#3920,#3921,#3922);
#3924=PLANE('',#3923);
#3925=ORIENTED_EDGE('',*,*,#3401,.T.);
#3926=ORIENTED_EDGE('',*,*,#3914,.F.);
#3927=ORIENTED_EDGE('',*,*,#3334,.T.);
#3928=ORIENTED_EDGE('',*,*,#3380,.T.);
#3929=EDGE_LOOP('',(#3925,#3926,#3927,#3928));
#3930=FACE_OUTER_BOUND('',#3929,.F.);
#3931=ADVANCED_FACE('',(#3930),#3924,.F.);
#3932=CARTESIAN_POINT('',(3.15E0,2.68E0,0.E0));
#3933=DIRECTION('',(1.E0,0.E0,0.E0));
#3934=DIRECTION('',(0.E0,1.E0,0.E0));
#3935=AXIS2_PLACEMENT_3D('',#3932,#3933,#3934);
#3936=PLANE('',#3935);
#3937=ORIENTED_EDGE('',*,*,#3487,.F.);
#3939=ORIENTED_EDGE('',*,*,#3938,.T.);
#3941=ORIENTED_EDGE('',*,*,#3940,.T.);
#3942=ORIENTED_EDGE('',*,*,#3818,.F.);
#3943=EDGE_LOOP('',(#3937,#3939,#3941,#3942));
#3944=FACE_OUTER_BOUND('',#3943,.F.);
#3945=ADVANCED_FACE('',(#3944),#3936,.F.);
#3946=CARTESIAN_POINT('',(5.955E0,2.68E0,0.E0));
#3947=DIRECTION('',(0.E0,1.E0,0.E0));
#3948=DIRECTION('',(-1.E0,0.E0,0.E0));
#3949=AXIS2_PLACEMENT_3D('',#3946,#3947,#3948);
#3950=PLANE('',#3949);
#3951=ORIENTED_EDGE('',*,*,#3485,.F.);
#3953=ORIENTED_EDGE('',*,*,#3952,.T.);
#3954=ORIENTED_EDGE('',*,*,#3735,.T.);
#3956=ORIENTED_EDGE('',*,*,#3955,.F.);
#3958=ORIENTED_EDGE('',*,*,#3957,.T.);
#3959=ORIENTED_EDGE('',*,*,#3938,.F.);
#3960=EDGE_LOOP('',(#3951,#3953,#3954,#3956,#3958,#3959));
#3961=FACE_OUTER_BOUND('',#3960,.F.);
#3962=ADVANCED_FACE('',(#3961),#3950,.F.);
#3963=CARTESIAN_POINT('',(5.955E0,-4.15E0,0.E0));
#3964=DIRECTION('',(1.E0,0.E0,0.E0));
#3965=DIRECTION('',(0.E0,1.E0,0.E0));
#3966=AXIS2_PLACEMENT_3D('',#3963,#3964,#3965);
#3967=PLANE('',#3966);
#3969=ORIENTED_EDGE('',*,*,#3968,.T.);
#3971=ORIENTED_EDGE('',*,*,#3970,.F.);
#3972=ORIENTED_EDGE('',*,*,#3737,.F.);
#3973=ORIENTED_EDGE('',*,*,#3952,.F.);
#3974=ORIENTED_EDGE('',*,*,#3483,.F.);
#3976=ORIENTED_EDGE('',*,*,#3975,.F.);
#3977=ORIENTED_EDGE('',*,*,#3418,.F.);
#3978=ORIENTED_EDGE('',*,*,#3506,.T.);
#3980=ORIENTED_EDGE('',*,*,#3979,.T.);
#3981=EDGE_LOOP('',(#3969,#3971,#3972,#3973,#3974,#3976,#3977,#3978,#3980));
#3982=FACE_OUTER_BOUND('',#3981,.F.);
#3984=ORIENTED_EDGE('',*,*,#3983,.F.);
#3985=ORIENTED_EDGE('',*,*,#3026,.T.);
#3987=ORIENTED_EDGE('',*,*,#3986,.T.);
#3988=ORIENTED_EDGE('',*,*,#2952,.F.);
#3989=EDGE_LOOP('',(#3984,#3985,#3987,#3988));
#3990=FACE_BOUND('',#3989,.F.);
#3991=ADVANCED_FACE('',(#3982,#3990),#3967,.F.);
#3992=CARTESIAN_POINT('',(5.950100597864E0,-2.01E0,-3.000144461731E0));
#3993=DIRECTION('',(-5.734620555584E-1,0.E0,8.192321226824E-1));
#3994=DIRECTION('',(8.192321226824E-1,0.E0,5.734620555584E-1));
#3995=AXIS2_PLACEMENT_3D('',#3992,#3993,#3994);
#3996=PLANE('',#3995);
#3997=ORIENTED_EDGE('',*,*,#2950,.F.);
#3999=ORIENTED_EDGE('',*,*,#3998,.F.);
#4000=ORIENTED_EDGE('',*,*,#3028,.T.);
#4001=ORIENTED_EDGE('',*,*,#3983,.T.);
#4002=EDGE_LOOP('',(#3997,#3999,#4000,#4001));
#4003=FACE_OUTER_BOUND('',#4002,.F.);
#4004=ADVANCED_FACE('',(#4003),#3996,.F.);
#4005=CARTESIAN_POINT('',(5.25E0,-2.01E0,-2.E0));
#4006=DIRECTION('',(8.192321226824E-1,0.E0,5.734620555584E-1));
#4007=DIRECTION('',(5.734620555584E-1,0.E0,-8.192321226824E-1));
#4008=AXIS2_PLACEMENT_3D('',#4005,#4006,#4007);
#4009=PLANE('',#4008);
#4010=ORIENTED_EDGE('',*,*,#2985,.F.);
#4011=ORIENTED_EDGE('',*,*,#3030,.T.);
#4012=ORIENTED_EDGE('',*,*,#3998,.T.);
#4013=ORIENTED_EDGE('',*,*,#2948,.T.);
#4014=EDGE_LOOP('',(#4010,#4011,#4012,#4013));
#4015=FACE_OUTER_BOUND('',#4014,.F.);
#4016=ADVANCED_FACE('',(#4015),#4009,.F.);
#4017=CARTESIAN_POINT('',(6.155E0,-2.01E0,-2.856714987864E0));
#4018=DIRECTION('',(-8.192321226824E-1,0.E0,-5.734620555584E-1));
#4019=DIRECTION('',(-5.734620555584E-1,0.E0,8.192321226824E-1));
#4020=AXIS2_PLACEMENT_3D('',#4017,#4018,#4019);
#4021=PLANE('',#4020);
#4023=ORIENTED_EDGE('',*,*,#4022,.F.);
#4024=ORIENTED_EDGE('',*,*,#2954,.T.);
#4025=ORIENTED_EDGE('',*,*,#3986,.F.);
#4026=ORIENTED_EDGE('',*,*,#3024,.T.);
#4027=EDGE_LOOP('',(#4023,#4024,#4025,#4026));
#4028=FACE_OUTER_BOUND('',#4027,.F.);
#4029=ADVANCED_FACE('',(#4028),#4021,.F.);
#4030=CARTESIAN_POINT('',(5.75E0,2.32486E1,-1.842194490740E0));
#4031=DIRECTION('',(0.E0,-1.E0,0.E0));
#4032=DIRECTION('',(-1.E0,0.E0,0.E0));
#4033=AXIS2_PLACEMENT_3D('',#4030,#4031,#4032);
#4034=CYLINDRICAL_SURFACE('',#4033,2.5E-1);
#4036=ORIENTED_EDGE('',*,*,#4035,.F.);
#4037=ORIENTED_EDGE('',*,*,#2956,.T.);
#4038=ORIENTED_EDGE('',*,*,#4022,.T.);
#4039=ORIENTED_EDGE('',*,*,#3022,.T.);
#4040=EDGE_LOOP('',(#4036,#4037,#4038,#4039));
#4041=FACE_OUTER_BOUND('',#4040,.F.);
#4042=ADVANCED_FACE('',(#4041),#4034,.F.);
#4043=CARTESIAN_POINT('',(5.5E0,-2.01E0,-1.921E0));
#4044=DIRECTION('',(-1.E0,0.E0,0.E0));
#4045=DIRECTION('',(0.E0,0.E0,1.E0));
#4046=AXIS2_PLACEMENT_3D('',#4043,#4044,#4045);
#4047=PLANE('',#4046);
#4048=ORIENTED_EDGE('',*,*,#4035,.T.);
#4049=ORIENTED_EDGE('',*,*,#3020,.T.);
#4051=ORIENTED_EDGE('',*,*,#4050,.F.);
#4052=ORIENTED_EDGE('',*,*,#2958,.F.);
#4053=EDGE_LOOP('',(#4048,#4049,#4051,#4052));
#4054=FACE_OUTER_BOUND('',#4053,.F.);
#4055=ADVANCED_FACE('',(#4054),#4047,.F.);
#4056=CARTESIAN_POINT('',(5.75E0,2.32486E1,-5.E-1));
#4057=DIRECTION('',(0.E0,-1.E0,0.E0));
#4058=DIRECTION('',(0.E0,0.E0,1.E0));
#4059=AXIS2_PLACEMENT_3D('',#4056,#4057,#4058);
#4060=CYLINDRICAL_SURFACE('',#4059,2.5E-1);
#4062=ORIENTED_EDGE('',*,*,#4061,.F.);
#4063=ORIENTED_EDGE('',*,*,#2960,.T.);
#4064=ORIENTED_EDGE('',*,*,#4050,.T.);
#4065=ORIENTED_EDGE('',*,*,#3018,.T.);
#4066=EDGE_LOOP('',(#4062,#4063,#4064,#4065));
#4067=FACE_OUTER_BOUND('',#4066,.F.);
#4068=ADVANCED_FACE('',(#4067),#4060,.F.);
#4069=CARTESIAN_POINT('',(5.5E0,-2.01E0,-2.5E-1));
#4070=DIRECTION('',(0.E0,0.E0,1.E0));
#4071=DIRECTION('',(1.E0,0.E0,0.E0));
#4072=AXIS2_PLACEMENT_3D('',#4069,#4070,#4071);
#4073=PLANE('',#4072);
#4074=ORIENTED_EDGE('',*,*,#4061,.T.);
#4075=ORIENTED_EDGE('',*,*,#3016,.T.);
#4076=ORIENTED_EDGE('',*,*,#3975,.T.);
#4077=ORIENTED_EDGE('',*,*,#2962,.F.);
#4078=EDGE_LOOP('',(#4074,#4075,#4076,#4077));
#4079=FACE_OUTER_BOUND('',#4078,.F.);
#4080=ADVANCED_FACE('',(#4079),#4073,.F.);
#4081=CARTESIAN_POINT('',(3.455E0,1.8E0,-1.015E1));
#4082=DIRECTION('',(0.E0,-1.E0,0.E0));
#4083=DIRECTION('',(1.E0,0.E0,0.E0));
#4084=AXIS2_PLACEMENT_3D('',#4081,#4082,#4083);
#4085=PLANE('',#4084);
#4087=ORIENTED_EDGE('',*,*,#4086,.T.);
#4088=ORIENTED_EDGE('',*,*,#3968,.F.);
#4090=ORIENTED_EDGE('',*,*,#4089,.F.);
#4092=ORIENTED_EDGE('',*,*,#4091,.T.);
#4093=EDGE_LOOP('',(#4087,#4088,#4090,#4092));
#4094=FACE_OUTER_BOUND('',#4093,.F.);
#4095=ADVANCED_FACE('',(#4094),#4085,.T.);
#4096=CARTESIAN_POINT('',(-2.9182248E1,2.15E0,-8.6E0));
#4097=DIRECTION('',(1.E0,0.E0,0.E0));
#4098=DIRECTION('',(0.E0,0.E0,1.E0));
#4099=AXIS2_PLACEMENT_3D('',#4096,#4097,#4098);
#4100=CYLINDRICAL_SURFACE('',#4099,3.5E-1);
#4101=ORIENTED_EDGE('',*,*,#4086,.F.);
#4103=ORIENTED_EDGE('',*,*,#4102,.T.);
#4104=ORIENTED_EDGE('',*,*,#3731,.T.);
#4105=ORIENTED_EDGE('',*,*,#3970,.T.);
#4106=EDGE_LOOP('',(#4101,#4103,#4104,#4105));
#4107=FACE_OUTER_BOUND('',#4106,.F.);
#4108=ADVANCED_FACE('',(#4107),#4100,.T.);
#4109=CARTESIAN_POINT('',(3.455E0,2.68E0,-1.015E1));
#4110=DIRECTION('',(-1.E0,0.E0,0.E0));
#4111=DIRECTION('',(0.E0,-1.E0,0.E0));
#4112=AXIS2_PLACEMENT_3D('',#4109,#4110,#4111);
#4113=PLANE('',#4112);
#4114=ORIENTED_EDGE('',*,*,#4102,.F.);
#4115=ORIENTED_EDGE('',*,*,#4091,.F.);
#4117=ORIENTED_EDGE('',*,*,#4116,.F.);
#4118=ORIENTED_EDGE('',*,*,#3955,.T.);
#4119=ORIENTED_EDGE('',*,*,#3733,.T.);
#4120=EDGE_LOOP('',(#4114,#4115,#4117,#4118,#4119));
#4121=FACE_OUTER_BOUND('',#4120,.F.);
#4122=ADVANCED_FACE('',(#4121),#4113,.T.);
#4123=CARTESIAN_POINT('',(0.E0,0.E0,-1.015E1));
#4124=DIRECTION('',(0.E0,0.E0,1.E0));
#4125=DIRECTION('',(1.E0,0.E0,0.E0));
#4126=AXIS2_PLACEMENT_3D('',#4123,#4124,#4125);
#4127=PLANE('',#4126);
#4129=ORIENTED_EDGE('',*,*,#4128,.T.);
#4130=ORIENTED_EDGE('',*,*,#3765,.T.);
#4131=ORIENTED_EDGE('',*,*,#3780,.F.);
#4132=ORIENTED_EDGE('',*,*,#3796,.F.);
#4133=ORIENTED_EDGE('',*,*,#3820,.F.);
#4134=ORIENTED_EDGE('',*,*,#3940,.F.);
#4135=ORIENTED_EDGE('',*,*,#3957,.F.);
#4136=ORIENTED_EDGE('',*,*,#4116,.T.);
#4137=ORIENTED_EDGE('',*,*,#4089,.T.);
#4138=ORIENTED_EDGE('',*,*,#3979,.F.);
#4139=ORIENTED_EDGE('',*,*,#3504,.F.);
#4140=ORIENTED_EDGE('',*,*,#3602,.F.);
#4141=EDGE_LOOP('',(#4129,#4130,#4131,#4132,#4133,#4134,#4135,#4136,#4137,#4138,
#4139,#4140));
#4142=FACE_OUTER_BOUND('',#4141,.F.);
#4144=ORIENTED_EDGE('',*,*,#4143,.F.);
#4146=ORIENTED_EDGE('',*,*,#4145,.F.);
#4148=ORIENTED_EDGE('',*,*,#4147,.T.);
#4150=ORIENTED_EDGE('',*,*,#4149,.T.);
#4151=EDGE_LOOP('',(#4144,#4146,#4148,#4150));
#4152=FACE_BOUND('',#4151,.F.);
#4154=ORIENTED_EDGE('',*,*,#4153,.F.);
#4156=ORIENTED_EDGE('',*,*,#4155,.F.);
#4158=ORIENTED_EDGE('',*,*,#4157,.T.);
#4160=ORIENTED_EDGE('',*,*,#4159,.T.);
#4161=EDGE_LOOP('',(#4154,#4156,#4158,#4160));
#4162=FACE_BOUND('',#4161,.F.);
#4164=ORIENTED_EDGE('',*,*,#4163,.F.);
#4166=ORIENTED_EDGE('',*,*,#4165,.F.);
#4168=ORIENTED_EDGE('',*,*,#4167,.T.);
#4170=ORIENTED_EDGE('',*,*,#4169,.T.);
#4171=EDGE_LOOP('',(#4164,#4166,#4168,#4170));
#4172=FACE_BOUND('',#4171,.F.);
#4174=ORIENTED_EDGE('',*,*,#4173,.F.);
#4176=ORIENTED_EDGE('',*,*,#4175,.F.);
#4178=ORIENTED_EDGE('',*,*,#4177,.T.);
#4180=ORIENTED_EDGE('',*,*,#4179,.T.);
#4181=EDGE_LOOP('',(#4174,#4176,#4178,#4180));
#4182=FACE_BOUND('',#4181,.F.);
#4184=ORIENTED_EDGE('',*,*,#4183,.F.);
#4186=ORIENTED_EDGE('',*,*,#4185,.F.);
#4188=ORIENTED_EDGE('',*,*,#4187,.T.);
#4190=ORIENTED_EDGE('',*,*,#4189,.T.);
#4191=EDGE_LOOP('',(#4184,#4186,#4188,#4190));
#4192=FACE_BOUND('',#4191,.F.);
#4194=ORIENTED_EDGE('',*,*,#4193,.F.);
#4196=ORIENTED_EDGE('',*,*,#4195,.F.);
#4198=ORIENTED_EDGE('',*,*,#4197,.T.);
#4200=ORIENTED_EDGE('',*,*,#4199,.T.);
#4201=EDGE_LOOP('',(#4194,#4196,#4198,#4200));
#4202=FACE_BOUND('',#4201,.F.);
#4204=ORIENTED_EDGE('',*,*,#4203,.F.);
#4206=ORIENTED_EDGE('',*,*,#4205,.F.);
#4208=ORIENTED_EDGE('',*,*,#4207,.T.);
#4210=ORIENTED_EDGE('',*,*,#4209,.T.);
#4211=EDGE_LOOP('',(#4204,#4206,#4208,#4210));
#4212=FACE_BOUND('',#4211,.F.);
#4214=ORIENTED_EDGE('',*,*,#4213,.F.);
#4216=ORIENTED_EDGE('',*,*,#4215,.F.);
#4218=ORIENTED_EDGE('',*,*,#4217,.T.);
#4220=ORIENTED_EDGE('',*,*,#4219,.T.);
#4221=EDGE_LOOP('',(#4214,#4216,#4218,#4220));
#4222=FACE_BOUND('',#4221,.F.);
#4223=ADVANCED_FACE('',(#4142,#4152,#4162,#4172,#4182,#4192,#4202,#4212,#4222),
#4127,.T.);
#4224=CARTESIAN_POINT('',(-5.955E0,1.8E0,-1.015E1));
#4225=DIRECTION('',(0.E0,-1.E0,0.E0));
#4226=DIRECTION('',(1.E0,0.E0,0.E0));
#4227=AXIS2_PLACEMENT_3D('',#4224,#4225,#4226);
#4228=PLANE('',#4227);
#4229=ORIENTED_EDGE('',*,*,#3749,.T.);
#4230=ORIENTED_EDGE('',*,*,#3767,.F.);
#4231=ORIENTED_EDGE('',*,*,#4128,.F.);
#4232=ORIENTED_EDGE('',*,*,#3600,.T.);
#4233=EDGE_LOOP('',(#4229,#4230,#4231,#4232));
#4234=FACE_OUTER_BOUND('',#4233,.F.);
#4235=ADVANCED_FACE('',(#4234),#4228,.T.);
#4236=CARTESIAN_POINT('',(3.57E0,0.E0,0.E0));
#4237=DIRECTION('',(1.E0,0.E0,0.E0));
#4238=DIRECTION('',(0.E0,0.E0,-1.E0));
#4239=AXIS2_PLACEMENT_3D('',#4236,#4237,#4238);
#4240=PLANE('',#4239);
#4241=ORIENTED_EDGE('',*,*,#4143,.T.);
#4243=ORIENTED_EDGE('',*,*,#4242,.T.);
#4245=ORIENTED_EDGE('',*,*,#4244,.T.);
#4246=ORIENTED_EDGE('',*,*,#3510,.F.);
#4248=ORIENTED_EDGE('',*,*,#4247,.T.);
#4250=ORIENTED_EDGE('',*,*,#4249,.T.);
#4251=EDGE_LOOP('',(#4241,#4243,#4245,#4246,#4248,#4250));
#4252=FACE_OUTER_BOUND('',#4251,.F.);
#4253=ADVANCED_FACE('',(#4252),#4240,.T.);
#4254=CARTESIAN_POINT('',(3.57E0,-4.008408089291E0,-2.750485044463E0));
#4255=DIRECTION('',(0.E0,-9.439460713919E-1,-3.300997035803E-1));
#4256=DIRECTION('',(0.E0,3.300997035803E-1,-9.439460713919E-1));
#4257=AXIS2_PLACEMENT_3D('',#4254,#4255,#4256);
#4258=PLANE('',#4257);
#4259=ORIENTED_EDGE('',*,*,#4149,.F.);
#4261=ORIENTED_EDGE('',*,*,#4260,.T.);
#4263=ORIENTED_EDGE('',*,*,#4262,.T.);
#4264=ORIENTED_EDGE('',*,*,#4242,.F.);
#4265=EDGE_LOOP('',(#4259,#4261,#4263,#4264));
#4266=FACE_OUTER_BOUND('',#4265,.F.);
#4267=ADVANCED_FACE('',(#4266),#4258,.T.);
#4268=CARTESIAN_POINT('',(3.11E0,0.E0,0.E0));
#4269=DIRECTION('',(1.E0,0.E0,0.E0));
#4270=DIRECTION('',(0.E0,0.E0,-1.E0));
#4271=AXIS2_PLACEMENT_3D('',#4268,#4269,#4270);
#4272=PLANE('',#4271);
#4273=ORIENTED_EDGE('',*,*,#4147,.F.);
#4275=ORIENTED_EDGE('',*,*,#4274,.F.);
#4277=ORIENTED_EDGE('',*,*,#4276,.F.);
#4278=ORIENTED_EDGE('',*,*,#3514,.T.);
#4280=ORIENTED_EDGE('',*,*,#4279,.F.);
#4281=ORIENTED_EDGE('',*,*,#4260,.F.);
#4282=EDGE_LOOP('',(#4273,#4275,#4277,#4278,#4280,#4281));
#4283=FACE_OUTER_BOUND('',#4282,.F.);
#4284=ADVANCED_FACE('',(#4283),#4272,.F.);
#4285=CARTESIAN_POINT('',(3.57E0,-1.05E0,-1.015E1));
#4286=DIRECTION('',(0.E0,9.439460713919E-1,3.300997035803E-1));
#4287=DIRECTION('',(0.E0,-3.300997035803E-1,9.439460713919E-1));
#4288=AXIS2_PLACEMENT_3D('',#4285,#4286,#4287);
#4289=PLANE('',#4288);
#4290=ORIENTED_EDGE('',*,*,#4145,.T.);
#4291=ORIENTED_EDGE('',*,*,#4249,.F.);
#4293=ORIENTED_EDGE('',*,*,#4292,.F.);
#4294=ORIENTED_EDGE('',*,*,#4274,.T.);
#4295=EDGE_LOOP('',(#4290,#4291,#4293,#4294));
#4296=FACE_OUTER_BOUND('',#4295,.F.);
#4297=ADVANCED_FACE('',(#4296),#4289,.T.);
#4298=CARTESIAN_POINT('',(3.57E0,-4.15E0,-2.8E0));
#4299=DIRECTION('',(1.E0,0.E0,0.E0));
#4300=DIRECTION('',(0.E0,0.E0,-1.E0));
#4301=AXIS2_PLACEMENT_3D('',#4298,#4299,#4300);
#4302=CYLINDRICAL_SURFACE('',#4301,5.E-1);
#4303=ORIENTED_EDGE('',*,*,#3516,.F.);
#4304=ORIENTED_EDGE('',*,*,#4276,.T.);
#4305=ORIENTED_EDGE('',*,*,#4292,.T.);
#4306=ORIENTED_EDGE('',*,*,#4247,.F.);
#4307=EDGE_LOOP('',(#4303,#4304,#4305,#4306));
#4308=FACE_OUTER_BOUND('',#4307,.F.);
#4309=ADVANCED_FACE('',(#4308),#4302,.T.);
#4310=CARTESIAN_POINT('',(3.57E0,-4.15E0,-2.8E0));
#4311=DIRECTION('',(1.E0,0.E0,0.E0));
#4312=DIRECTION('',(0.E0,0.E0,-1.E0));
#4313=AXIS2_PLACEMENT_3D('',#4310,#4311,#4312);
#4314=CYLINDRICAL_SURFACE('',#4313,1.5E-1);
#4315=ORIENTED_EDGE('',*,*,#3512,.T.);
#4316=ORIENTED_EDGE('',*,*,#4244,.F.);
#4317=ORIENTED_EDGE('',*,*,#4262,.F.);
#4318=ORIENTED_EDGE('',*,*,#4279,.T.);
#4319=EDGE_LOOP('',(#4315,#4316,#4317,#4318));
#4320=FACE_OUTER_BOUND('',#4319,.F.);
#4321=ADVANCED_FACE('',(#4320),#4314,.F.);
#4322=CARTESIAN_POINT('',(2.55E0,0.E0,0.E0));
#4323=DIRECTION('',(1.E0,0.E0,0.E0));
#4324=DIRECTION('',(0.E0,0.E0,-1.E0));
#4325=AXIS2_PLACEMENT_3D('',#4322,#4323,#4324);
#4326=PLANE('',#4325);
#4327=ORIENTED_EDGE('',*,*,#4153,.T.);
#4329=ORIENTED_EDGE('',*,*,#4328,.T.);
#4331=ORIENTED_EDGE('',*,*,#4330,.T.);
#4332=ORIENTED_EDGE('',*,*,#3520,.F.);
#4334=ORIENTED_EDGE('',*,*,#4333,.T.);
#4336=ORIENTED_EDGE('',*,*,#4335,.T.);
#4337=EDGE_LOOP('',(#4327,#4329,#4331,#4332,#4334,#4336));
#4338=FACE_OUTER_BOUND('',#4337,.F.);
#4339=ADVANCED_FACE('',(#4338),#4326,.T.);
#4340=CARTESIAN_POINT('',(2.55E0,-4.008408089291E0,-2.750485044463E0));
#4341=DIRECTION('',(0.E0,-9.439460713919E-1,-3.300997035803E-1));
#4342=DIRECTION('',(0.E0,3.300997035803E-1,-9.439460713919E-1));
#4343=AXIS2_PLACEMENT_3D('',#4340,#4341,#4342);
#4344=PLANE('',#4343);
#4345=ORIENTED_EDGE('',*,*,#4159,.F.);
#4347=ORIENTED_EDGE('',*,*,#4346,.T.);
#4349=ORIENTED_EDGE('',*,*,#4348,.T.);
#4350=ORIENTED_EDGE('',*,*,#4328,.F.);
#4351=EDGE_LOOP('',(#4345,#4347,#4349,#4350));
#4352=FACE_OUTER_BOUND('',#4351,.F.);
#4353=ADVANCED_FACE('',(#4352),#4344,.T.);
#4354=CARTESIAN_POINT('',(2.09E0,0.E0,0.E0));
#4355=DIRECTION('',(1.E0,0.E0,0.E0));
#4356=DIRECTION('',(0.E0,0.E0,-1.E0));
#4357=AXIS2_PLACEMENT_3D('',#4354,#4355,#4356);
#4358=PLANE('',#4357);
#4359=ORIENTED_EDGE('',*,*,#4157,.F.);
#4361=ORIENTED_EDGE('',*,*,#4360,.F.);
#4363=ORIENTED_EDGE('',*,*,#4362,.F.);
#4364=ORIENTED_EDGE('',*,*,#3524,.T.);
#4366=ORIENTED_EDGE('',*,*,#4365,.F.);
#4367=ORIENTED_EDGE('',*,*,#4346,.F.);
#4368=EDGE_LOOP('',(#4359,#4361,#4363,#4364,#4366,#4367));
#4369=FACE_OUTER_BOUND('',#4368,.F.);
#4370=ADVANCED_FACE('',(#4369),#4358,.F.);
#4371=CARTESIAN_POINT('',(2.55E0,-1.05E0,-1.015E1));
#4372=DIRECTION('',(0.E0,9.439460713919E-1,3.300997035803E-1));
#4373=DIRECTION('',(0.E0,-3.300997035803E-1,9.439460713919E-1));
#4374=AXIS2_PLACEMENT_3D('',#4371,#4372,#4373);
#4375=PLANE('',#4374);
#4376=ORIENTED_EDGE('',*,*,#4155,.T.);
#4377=ORIENTED_EDGE('',*,*,#4335,.F.);
#4379=ORIENTED_EDGE('',*,*,#4378,.F.);
#4380=ORIENTED_EDGE('',*,*,#4360,.T.);
#4381=EDGE_LOOP('',(#4376,#4377,#4379,#4380));
#4382=FACE_OUTER_BOUND('',#4381,.F.);
#4383=ADVANCED_FACE('',(#4382),#4375,.T.);
#4384=CARTESIAN_POINT('',(2.55E0,-4.15E0,-2.8E0));
#4385=DIRECTION('',(1.E0,0.E0,0.E0));
#4386=DIRECTION('',(0.E0,0.E0,-1.E0));
#4387=AXIS2_PLACEMENT_3D('',#4384,#4385,#4386);
#4388=CYLINDRICAL_SURFACE('',#4387,5.E-1);
#4389=ORIENTED_EDGE('',*,*,#3526,.F.);
#4390=ORIENTED_EDGE('',*,*,#4362,.T.);
#4391=ORIENTED_EDGE('',*,*,#4378,.T.);
#4392=ORIENTED_EDGE('',*,*,#4333,.F.);
#4393=EDGE_LOOP('',(#4389,#4390,#4391,#4392));
#4394=FACE_OUTER_BOUND('',#4393,.F.);
#4395=ADVANCED_FACE('',(#4394),#4388,.T.);
#4396=CARTESIAN_POINT('',(2.55E0,-4.15E0,-2.8E0));
#4397=DIRECTION('',(1.E0,0.E0,0.E0));
#4398=DIRECTION('',(0.E0,0.E0,-1.E0));
#4399=AXIS2_PLACEMENT_3D('',#4396,#4397,#4398);
#4400=CYLINDRICAL_SURFACE('',#4399,1.5E-1);
#4401=ORIENTED_EDGE('',*,*,#3522,.T.);
#4402=ORIENTED_EDGE('',*,*,#4330,.F.);
#4403=ORIENTED_EDGE('',*,*,#4348,.F.);
#4404=ORIENTED_EDGE('',*,*,#4365,.T.);
#4405=EDGE_LOOP('',(#4401,#4402,#4403,#4404));
#4406=FACE_OUTER_BOUND('',#4405,.F.);
#4407=ADVANCED_FACE('',(#4406),#4400,.F.);
#4408=CARTESIAN_POINT('',(1.53E0,0.E0,0.E0));
#4409=DIRECTION('',(1.E0,0.E0,0.E0));
#4410=DIRECTION('',(0.E0,0.E0,-1.E0));
#4411=AXIS2_PLACEMENT_3D('',#4408,#4409,#4410);
#4412=PLANE('',#4411);
#4413=ORIENTED_EDGE('',*,*,#4163,.T.);
#4415=ORIENTED_EDGE('',*,*,#4414,.T.);
#4417=ORIENTED_EDGE('',*,*,#4416,.T.);
#4418=ORIENTED_EDGE('',*,*,#3530,.F.);
#4420=ORIENTED_EDGE('',*,*,#4419,.T.);
#4422=ORIENTED_EDGE('',*,*,#4421,.T.);
#4423=EDGE_LOOP('',(#4413,#4415,#4417,#4418,#4420,#4422));
#4424=FACE_OUTER_BOUND('',#4423,.F.);
#4425=ADVANCED_FACE('',(#4424),#4412,.T.);
#4426=CARTESIAN_POINT('',(1.53E0,-4.008408089291E0,-2.750485044463E0));
#4427=DIRECTION('',(0.E0,-9.439460713919E-1,-3.300997035803E-1));
#4428=DIRECTION('',(0.E0,3.300997035803E-1,-9.439460713919E-1));
#4429=AXIS2_PLACEMENT_3D('',#4426,#4427,#4428);
#4430=PLANE('',#4429);
#4431=ORIENTED_EDGE('',*,*,#4169,.F.);
#4433=ORIENTED_EDGE('',*,*,#4432,.T.);
#4435=ORIENTED_EDGE('',*,*,#4434,.T.);
#4436=ORIENTED_EDGE('',*,*,#4414,.F.);
#4437=EDGE_LOOP('',(#4431,#4433,#4435,#4436));
#4438=FACE_OUTER_BOUND('',#4437,.F.);
#4439=ADVANCED_FACE('',(#4438),#4430,.T.);
#4440=CARTESIAN_POINT('',(1.07E0,0.E0,0.E0));
#4441=DIRECTION('',(1.E0,0.E0,0.E0));
#4442=DIRECTION('',(0.E0,0.E0,-1.E0));
#4443=AXIS2_PLACEMENT_3D('',#4440,#4441,#4442);
#4444=PLANE('',#4443);
#4445=ORIENTED_EDGE('',*,*,#4167,.F.);
#4447=ORIENTED_EDGE('',*,*,#4446,.F.);
#4449=ORIENTED_EDGE('',*,*,#4448,.F.);
#4450=ORIENTED_EDGE('',*,*,#3534,.T.);
#4452=ORIENTED_EDGE('',*,*,#4451,.F.);
#4453=ORIENTED_EDGE('',*,*,#4432,.F.);
#4454=EDGE_LOOP('',(#4445,#4447,#4449,#4450,#4452,#4453));
#4455=FACE_OUTER_BOUND('',#4454,.F.);
#4456=ADVANCED_FACE('',(#4455),#4444,.F.);
#4457=CARTESIAN_POINT('',(1.53E0,-1.05E0,-1.015E1));
#4458=DIRECTION('',(0.E0,9.439460713919E-1,3.300997035803E-1));
#4459=DIRECTION('',(0.E0,-3.300997035803E-1,9.439460713919E-1));
#4460=AXIS2_PLACEMENT_3D('',#4457,#4458,#4459);
#4461=PLANE('',#4460);
#4462=ORIENTED_EDGE('',*,*,#4165,.T.);
#4463=ORIENTED_EDGE('',*,*,#4421,.F.);
#4465=ORIENTED_EDGE('',*,*,#4464,.F.);
#4466=ORIENTED_EDGE('',*,*,#4446,.T.);
#4467=EDGE_LOOP('',(#4462,#4463,#4465,#4466));
#4468=FACE_OUTER_BOUND('',#4467,.F.);
#4469=ADVANCED_FACE('',(#4468),#4461,.T.);
#4470=CARTESIAN_POINT('',(1.53E0,-4.15E0,-2.8E0));
#4471=DIRECTION('',(1.E0,0.E0,0.E0));
#4472=DIRECTION('',(0.E0,0.E0,-1.E0));
#4473=AXIS2_PLACEMENT_3D('',#4470,#4471,#4472);
#4474=CYLINDRICAL_SURFACE('',#4473,5.E-1);
#4475=ORIENTED_EDGE('',*,*,#3536,.F.);
#4476=ORIENTED_EDGE('',*,*,#4448,.T.);
#4477=ORIENTED_EDGE('',*,*,#4464,.T.);
#4478=ORIENTED_EDGE('',*,*,#4419,.F.);
#4479=EDGE_LOOP('',(#4475,#4476,#4477,#4478));
#4480=FACE_OUTER_BOUND('',#4479,.F.);
#4481=ADVANCED_FACE('',(#4480),#4474,.T.);
#4482=CARTESIAN_POINT('',(1.53E0,-4.15E0,-2.8E0));
#4483=DIRECTION('',(1.E0,0.E0,0.E0));
#4484=DIRECTION('',(0.E0,0.E0,-1.E0));
#4485=AXIS2_PLACEMENT_3D('',#4482,#4483,#4484);
#4486=CYLINDRICAL_SURFACE('',#4485,1.5E-1);
#4487=ORIENTED_EDGE('',*,*,#3532,.T.);
#4488=ORIENTED_EDGE('',*,*,#4416,.F.);
#4489=ORIENTED_EDGE('',*,*,#4434,.F.);
#4490=ORIENTED_EDGE('',*,*,#4451,.T.);
#4491=EDGE_LOOP('',(#4487,#4488,#4489,#4490));
#4492=FACE_OUTER_BOUND('',#4491,.F.);
#4493=ADVANCED_FACE('',(#4492),#4486,.F.);
#4494=CARTESIAN_POINT('',(5.1E-1,0.E0,0.E0));
#4495=DIRECTION('',(1.E0,0.E0,0.E0));
#4496=DIRECTION('',(0.E0,0.E0,-1.E0));
#4497=AXIS2_PLACEMENT_3D('',#4494,#4495,#4496);
#4498=PLANE('',#4497);
#4499=ORIENTED_EDGE('',*,*,#4173,.T.);
#4501=ORIENTED_EDGE('',*,*,#4500,.T.);
#4503=ORIENTED_EDGE('',*,*,#4502,.T.);
#4504=ORIENTED_EDGE('',*,*,#3540,.F.);
#4506=ORIENTED_EDGE('',*,*,#4505,.T.);
#4508=ORIENTED_EDGE('',*,*,#4507,.T.);
#4509=EDGE_LOOP('',(#4499,#4501,#4503,#4504,#4506,#4508));
#4510=FACE_OUTER_BOUND('',#4509,.F.);
#4511=ADVANCED_FACE('',(#4510),#4498,.T.);
#4512=CARTESIAN_POINT('',(5.1E-1,-4.008408089291E0,-2.750485044463E0));
#4513=DIRECTION('',(0.E0,-9.439460713919E-1,-3.300997035803E-1));
#4514=DIRECTION('',(0.E0,3.300997035803E-1,-9.439460713919E-1));
#4515=AXIS2_PLACEMENT_3D('',#4512,#4513,#4514);
#4516=PLANE('',#4515);
#4517=ORIENTED_EDGE('',*,*,#4179,.F.);
#4519=ORIENTED_EDGE('',*,*,#4518,.T.);
#4521=ORIENTED_EDGE('',*,*,#4520,.T.);
#4522=ORIENTED_EDGE('',*,*,#4500,.F.);
#4523=EDGE_LOOP('',(#4517,#4519,#4521,#4522));
#4524=FACE_OUTER_BOUND('',#4523,.F.);
#4525=ADVANCED_FACE('',(#4524),#4516,.T.);
#4526=CARTESIAN_POINT('',(5.E-2,0.E0,0.E0));
#4527=DIRECTION('',(1.E0,0.E0,0.E0));
#4528=DIRECTION('',(0.E0,0.E0,-1.E0));
#4529=AXIS2_PLACEMENT_3D('',#4526,#4527,#4528);
#4530=PLANE('',#4529);
#4531=ORIENTED_EDGE('',*,*,#4177,.F.);
#4533=ORIENTED_EDGE('',*,*,#4532,.F.);
#4535=ORIENTED_EDGE('',*,*,#4534,.F.);
#4536=ORIENTED_EDGE('',*,*,#3544,.T.);
#4538=ORIENTED_EDGE('',*,*,#4537,.F.);
#4539=ORIENTED_EDGE('',*,*,#4518,.F.);
#4540=EDGE_LOOP('',(#4531,#4533,#4535,#4536,#4538,#4539));
#4541=FACE_OUTER_BOUND('',#4540,.F.);
#4542=ADVANCED_FACE('',(#4541),#4530,.F.);
#4543=CARTESIAN_POINT('',(5.1E-1,-1.05E0,-1.015E1));
#4544=DIRECTION('',(0.E0,9.439460713919E-1,3.300997035803E-1));
#4545=DIRECTION('',(0.E0,-3.300997035803E-1,9.439460713919E-1));
#4546=AXIS2_PLACEMENT_3D('',#4543,#4544,#4545);
#4547=PLANE('',#4546);
#4548=ORIENTED_EDGE('',*,*,#4175,.T.);
#4549=ORIENTED_EDGE('',*,*,#4507,.F.);
#4551=ORIENTED_EDGE('',*,*,#4550,.F.);
#4552=ORIENTED_EDGE('',*,*,#4532,.T.);
#4553=EDGE_LOOP('',(#4548,#4549,#4551,#4552));
#4554=FACE_OUTER_BOUND('',#4553,.F.);
#4555=ADVANCED_FACE('',(#4554),#4547,.T.);
#4556=CARTESIAN_POINT('',(5.1E-1,-4.15E0,-2.8E0));
#4557=DIRECTION('',(1.E0,0.E0,0.E0));
#4558=DIRECTION('',(0.E0,0.E0,-1.E0));
#4559=AXIS2_PLACEMENT_3D('',#4556,#4557,#4558);
#4560=CYLINDRICAL_SURFACE('',#4559,5.E-1);
#4561=ORIENTED_EDGE('',*,*,#3546,.F.);
#4562=ORIENTED_EDGE('',*,*,#4534,.T.);
#4563=ORIENTED_EDGE('',*,*,#4550,.T.);
#4564=ORIENTED_EDGE('',*,*,#4505,.F.);
#4565=EDGE_LOOP('',(#4561,#4562,#4563,#4564));
#4566=FACE_OUTER_BOUND('',#4565,.F.);
#4567=ADVANCED_FACE('',(#4566),#4560,.T.);
#4568=CARTESIAN_POINT('',(5.1E-1,-4.15E0,-2.8E0));
#4569=DIRECTION('',(1.E0,0.E0,0.E0));
#4570=DIRECTION('',(0.E0,0.E0,-1.E0));
#4571=AXIS2_PLACEMENT_3D('',#4568,#4569,#4570);
#4572=CYLINDRICAL_SURFACE('',#4571,1.5E-1);
#4573=ORIENTED_EDGE('',*,*,#3542,.T.);
#4574=ORIENTED_EDGE('',*,*,#4502,.F.);
#4575=ORIENTED_EDGE('',*,*,#4520,.F.);
#4576=ORIENTED_EDGE('',*,*,#4537,.T.);
#4577=EDGE_LOOP('',(#4573,#4574,#4575,#4576));
#4578=FACE_OUTER_BOUND('',#4577,.F.);
#4579=ADVANCED_FACE('',(#4578),#4572,.F.);
#4580=CARTESIAN_POINT('',(-5.1E-1,0.E0,0.E0));
#4581=DIRECTION('',(1.E0,0.E0,0.E0));
#4582=DIRECTION('',(0.E0,0.E0,-1.E0));
#4583=AXIS2_PLACEMENT_3D('',#4580,#4581,#4582);
#4584=PLANE('',#4583);
#4585=ORIENTED_EDGE('',*,*,#4183,.T.);
#4587=ORIENTED_EDGE('',*,*,#4586,.T.);
#4589=ORIENTED_EDGE('',*,*,#4588,.T.);
#4590=ORIENTED_EDGE('',*,*,#3550,.F.);
#4592=ORIENTED_EDGE('',*,*,#4591,.T.);
#4594=ORIENTED_EDGE('',*,*,#4593,.T.);
#4595=EDGE_LOOP('',(#4585,#4587,#4589,#4590,#4592,#4594));
#4596=FACE_OUTER_BOUND('',#4595,.F.);
#4597=ADVANCED_FACE('',(#4596),#4584,.T.);
#4598=CARTESIAN_POINT('',(-5.1E-1,-4.008408089291E0,-2.750485044463E0));
#4599=DIRECTION('',(0.E0,-9.439460713919E-1,-3.300997035803E-1));
#4600=DIRECTION('',(0.E0,3.300997035803E-1,-9.439460713919E-1));
#4601=AXIS2_PLACEMENT_3D('',#4598,#4599,#4600);
#4602=PLANE('',#4601);
#4603=ORIENTED_EDGE('',*,*,#4189,.F.);
#4605=ORIENTED_EDGE('',*,*,#4604,.T.);
#4607=ORIENTED_EDGE('',*,*,#4606,.T.);
#4608=ORIENTED_EDGE('',*,*,#4586,.F.);
#4609=EDGE_LOOP('',(#4603,#4605,#4607,#4608));
#4610=FACE_OUTER_BOUND('',#4609,.F.);
#4611=ADVANCED_FACE('',(#4610),#4602,.T.);
#4612=CARTESIAN_POINT('',(-9.7E-1,0.E0,0.E0));
#4613=DIRECTION('',(1.E0,0.E0,0.E0));
#4614=DIRECTION('',(0.E0,0.E0,-1.E0));
#4615=AXIS2_PLACEMENT_3D('',#4612,#4613,#4614);
#4616=PLANE('',#4615);
#4617=ORIENTED_EDGE('',*,*,#4187,.F.);
#4619=ORIENTED_EDGE('',*,*,#4618,.F.);
#4621=ORIENTED_EDGE('',*,*,#4620,.F.);
#4622=ORIENTED_EDGE('',*,*,#3554,.T.);
#4624=ORIENTED_EDGE('',*,*,#4623,.F.);
#4625=ORIENTED_EDGE('',*,*,#4604,.F.);
#4626=EDGE_LOOP('',(#4617,#4619,#4621,#4622,#4624,#4625));
#4627=FACE_OUTER_BOUND('',#4626,.F.);
#4628=ADVANCED_FACE('',(#4627),#4616,.F.);
#4629=CARTESIAN_POINT('',(-5.1E-1,-1.05E0,-1.015E1));
#4630=DIRECTION('',(0.E0,9.439460713919E-1,3.300997035803E-1));
#4631=DIRECTION('',(0.E0,-3.300997035803E-1,9.439460713919E-1));
#4632=AXIS2_PLACEMENT_3D('',#4629,#4630,#4631);
#4633=PLANE('',#4632);
#4634=ORIENTED_EDGE('',*,*,#4185,.T.);
#4635=ORIENTED_EDGE('',*,*,#4593,.F.);
#4637=ORIENTED_EDGE('',*,*,#4636,.F.);
#4638=ORIENTED_EDGE('',*,*,#4618,.T.);
#4639=EDGE_LOOP('',(#4634,#4635,#4637,#4638));
#4640=FACE_OUTER_BOUND('',#4639,.F.);
#4641=ADVANCED_FACE('',(#4640),#4633,.T.);
#4642=CARTESIAN_POINT('',(-5.1E-1,-4.15E0,-2.8E0));
#4643=DIRECTION('',(1.E0,0.E0,0.E0));
#4644=DIRECTION('',(0.E0,0.E0,-1.E0));
#4645=AXIS2_PLACEMENT_3D('',#4642,#4643,#4644);
#4646=CYLINDRICAL_SURFACE('',#4645,5.E-1);
#4647=ORIENTED_EDGE('',*,*,#3556,.F.);
#4648=ORIENTED_EDGE('',*,*,#4620,.T.);
#4649=ORIENTED_EDGE('',*,*,#4636,.T.);
#4650=ORIENTED_EDGE('',*,*,#4591,.F.);
#4651=EDGE_LOOP('',(#4647,#4648,#4649,#4650));
#4652=FACE_OUTER_BOUND('',#4651,.F.);
#4653=ADVANCED_FACE('',(#4652),#4646,.T.);
#4654=CARTESIAN_POINT('',(-5.1E-1,-4.15E0,-2.8E0));
#4655=DIRECTION('',(1.E0,0.E0,0.E0));
#4656=DIRECTION('',(0.E0,0.E0,-1.E0));
#4657=AXIS2_PLACEMENT_3D('',#4654,#4655,#4656);
#4658=CYLINDRICAL_SURFACE('',#4657,1.5E-1);
#4659=ORIENTED_EDGE('',*,*,#3552,.T.);
#4660=ORIENTED_EDGE('',*,*,#4588,.F.);
#4661=ORIENTED_EDGE('',*,*,#4606,.F.);
#4662=ORIENTED_EDGE('',*,*,#4623,.T.);
#4663=EDGE_LOOP('',(#4659,#4660,#4661,#4662));
#4664=FACE_OUTER_BOUND('',#4663,.F.);
#4665=ADVANCED_FACE('',(#4664),#4658,.F.);
#4666=CARTESIAN_POINT('',(-1.53E0,0.E0,0.E0));
#4667=DIRECTION('',(1.E0,0.E0,0.E0));
#4668=DIRECTION('',(0.E0,0.E0,-1.E0));
#4669=AXIS2_PLACEMENT_3D('',#4666,#4667,#4668);
#4670=PLANE('',#4669);
#4671=ORIENTED_EDGE('',*,*,#4193,.T.);
#4673=ORIENTED_EDGE('',*,*,#4672,.T.);
#4675=ORIENTED_EDGE('',*,*,#4674,.T.);
#4676=ORIENTED_EDGE('',*,*,#3560,.F.);
#4678=ORIENTED_EDGE('',*,*,#4677,.T.);
#4680=ORIENTED_EDGE('',*,*,#4679,.T.);
#4681=EDGE_LOOP('',(#4671,#4673,#4675,#4676,#4678,#4680));
#4682=FACE_OUTER_BOUND('',#4681,.F.);
#4683=ADVANCED_FACE('',(#4682),#4670,.T.);
#4684=CARTESIAN_POINT('',(-1.53E0,-4.008408089291E0,-2.750485044463E0));
#4685=DIRECTION('',(0.E0,-9.439460713919E-1,-3.300997035803E-1));
#4686=DIRECTION('',(0.E0,3.300997035803E-1,-9.439460713919E-1));
#4687=AXIS2_PLACEMENT_3D('',#4684,#4685,#4686);
#4688=PLANE('',#4687);
#4689=ORIENTED_EDGE('',*,*,#4199,.F.);
#4691=ORIENTED_EDGE('',*,*,#4690,.T.);
#4693=ORIENTED_EDGE('',*,*,#4692,.T.);
#4694=ORIENTED_EDGE('',*,*,#4672,.F.);
#4695=EDGE_LOOP('',(#4689,#4691,#4693,#4694));
#4696=FACE_OUTER_BOUND('',#4695,.F.);
#4697=ADVANCED_FACE('',(#4696),#4688,.T.);
#4698=CARTESIAN_POINT('',(-1.99E0,0.E0,0.E0));
#4699=DIRECTION('',(1.E0,0.E0,0.E0));
#4700=DIRECTION('',(0.E0,0.E0,-1.E0));
#4701=AXIS2_PLACEMENT_3D('',#4698,#4699,#4700);
#4702=PLANE('',#4701);
#4703=ORIENTED_EDGE('',*,*,#4197,.F.);
#4705=ORIENTED_EDGE('',*,*,#4704,.F.);
#4707=ORIENTED_EDGE('',*,*,#4706,.F.);
#4708=ORIENTED_EDGE('',*,*,#3564,.T.);
#4710=ORIENTED_EDGE('',*,*,#4709,.F.);
#4711=ORIENTED_EDGE('',*,*,#4690,.F.);
#4712=EDGE_LOOP('',(#4703,#4705,#4707,#4708,#4710,#4711));
#4713=FACE_OUTER_BOUND('',#4712,.F.);
#4714=ADVANCED_FACE('',(#4713),#4702,.F.);
#4715=CARTESIAN_POINT('',(-1.53E0,-1.05E0,-1.015E1));
#4716=DIRECTION('',(0.E0,9.439460713919E-1,3.300997035803E-1));
#4717=DIRECTION('',(0.E0,-3.300997035803E-1,9.439460713919E-1));
#4718=AXIS2_PLACEMENT_3D('',#4715,#4716,#4717);
#4719=PLANE('',#4718);
#4720=ORIENTED_EDGE('',*,*,#4195,.T.);
#4721=ORIENTED_EDGE('',*,*,#4679,.F.);
#4723=ORIENTED_EDGE('',*,*,#4722,.F.);
#4724=ORIENTED_EDGE('',*,*,#4704,.T.);
#4725=EDGE_LOOP('',(#4720,#4721,#4723,#4724));
#4726=FACE_OUTER_BOUND('',#4725,.F.);
#4727=ADVANCED_FACE('',(#4726),#4719,.T.);
#4728=CARTESIAN_POINT('',(-1.53E0,-4.15E0,-2.8E0));
#4729=DIRECTION('',(1.E0,0.E0,0.E0));
#4730=DIRECTION('',(0.E0,0.E0,-1.E0));
#4731=AXIS2_PLACEMENT_3D('',#4728,#4729,#4730);
#4732=CYLINDRICAL_SURFACE('',#4731,5.E-1);
#4733=ORIENTED_EDGE('',*,*,#3566,.F.);
#4734=ORIENTED_EDGE('',*,*,#4706,.T.);
#4735=ORIENTED_EDGE('',*,*,#4722,.T.);
#4736=ORIENTED_EDGE('',*,*,#4677,.F.);
#4737=EDGE_LOOP('',(#4733,#4734,#4735,#4736));
#4738=FACE_OUTER_BOUND('',#4737,.F.);
#4739=ADVANCED_FACE('',(#4738),#4732,.T.);
#4740=CARTESIAN_POINT('',(-1.53E0,-4.15E0,-2.8E0));
#4741=DIRECTION('',(1.E0,0.E0,0.E0));
#4742=DIRECTION('',(0.E0,0.E0,-1.E0));
#4743=AXIS2_PLACEMENT_3D('',#4740,#4741,#4742);
#4744=CYLINDRICAL_SURFACE('',#4743,1.5E-1);
#4745=ORIENTED_EDGE('',*,*,#3562,.T.);
#4746=ORIENTED_EDGE('',*,*,#4674,.F.);
#4747=ORIENTED_EDGE('',*,*,#4692,.F.);
#4748=ORIENTED_EDGE('',*,*,#4709,.T.);
#4749=EDGE_LOOP('',(#4745,#4746,#4747,#4748));
#4750=FACE_OUTER_BOUND('',#4749,.F.);
#4751=ADVANCED_FACE('',(#4750),#4744,.F.);
#4752=CARTESIAN_POINT('',(-2.55E0,0.E0,0.E0));
#4753=DIRECTION('',(1.E0,0.E0,0.E0));
#4754=DIRECTION('',(0.E0,0.E0,-1.E0));
#4755=AXIS2_PLACEMENT_3D('',#4752,#4753,#4754);
#4756=PLANE('',#4755);
#4757=ORIENTED_EDGE('',*,*,#4203,.T.);
#4759=ORIENTED_EDGE('',*,*,#4758,.T.);
#4761=ORIENTED_EDGE('',*,*,#4760,.T.);
#4762=ORIENTED_EDGE('',*,*,#3570,.F.);
#4764=ORIENTED_EDGE('',*,*,#4763,.T.);
#4766=ORIENTED_EDGE('',*,*,#4765,.T.);
#4767=EDGE_LOOP('',(#4757,#4759,#4761,#4762,#4764,#4766));
#4768=FACE_OUTER_BOUND('',#4767,.F.);
#4769=ADVANCED_FACE('',(#4768),#4756,.T.);
#4770=CARTESIAN_POINT('',(-2.55E0,-4.008408089291E0,-2.750485044463E0));
#4771=DIRECTION('',(0.E0,-9.439460713919E-1,-3.300997035803E-1));
#4772=DIRECTION('',(0.E0,3.300997035803E-1,-9.439460713919E-1));
#4773=AXIS2_PLACEMENT_3D('',#4770,#4771,#4772);
#4774=PLANE('',#4773);
#4775=ORIENTED_EDGE('',*,*,#4209,.F.);
#4777=ORIENTED_EDGE('',*,*,#4776,.T.);
#4779=ORIENTED_EDGE('',*,*,#4778,.T.);
#4780=ORIENTED_EDGE('',*,*,#4758,.F.);
#4781=EDGE_LOOP('',(#4775,#4777,#4779,#4780));
#4782=FACE_OUTER_BOUND('',#4781,.F.);
#4783=ADVANCED_FACE('',(#4782),#4774,.T.);
#4784=CARTESIAN_POINT('',(-3.01E0,0.E0,0.E0));
#4785=DIRECTION('',(1.E0,0.E0,0.E0));
#4786=DIRECTION('',(0.E0,0.E0,-1.E0));
#4787=AXIS2_PLACEMENT_3D('',#4784,#4785,#4786);
#4788=PLANE('',#4787);
#4789=ORIENTED_EDGE('',*,*,#4207,.F.);
#4791=ORIENTED_EDGE('',*,*,#4790,.F.);
#4793=ORIENTED_EDGE('',*,*,#4792,.F.);
#4794=ORIENTED_EDGE('',*,*,#3574,.T.);
#4796=ORIENTED_EDGE('',*,*,#4795,.F.);
#4797=ORIENTED_EDGE('',*,*,#4776,.F.);
#4798=EDGE_LOOP('',(#4789,#4791,#4793,#4794,#4796,#4797));
#4799=FACE_OUTER_BOUND('',#4798,.F.);
#4800=ADVANCED_FACE('',(#4799),#4788,.F.);
#4801=CARTESIAN_POINT('',(-2.55E0,-1.05E0,-1.015E1));
#4802=DIRECTION('',(0.E0,9.439460713919E-1,3.300997035803E-1));
#4803=DIRECTION('',(0.E0,-3.300997035803E-1,9.439460713919E-1));
#4804=AXIS2_PLACEMENT_3D('',#4801,#4802,#4803);
#4805=PLANE('',#4804);
#4806=ORIENTED_EDGE('',*,*,#4205,.T.);
#4807=ORIENTED_EDGE('',*,*,#4765,.F.);
#4809=ORIENTED_EDGE('',*,*,#4808,.F.);
#4810=ORIENTED_EDGE('',*,*,#4790,.T.);
#4811=EDGE_LOOP('',(#4806,#4807,#4809,#4810));
#4812=FACE_OUTER_BOUND('',#4811,.F.);
#4813=ADVANCED_FACE('',(#4812),#4805,.T.);
#4814=CARTESIAN_POINT('',(-2.55E0,-4.15E0,-2.8E0));
#4815=DIRECTION('',(1.E0,0.E0,0.E0));
#4816=DIRECTION('',(0.E0,0.E0,-1.E0));
#4817=AXIS2_PLACEMENT_3D('',#4814,#4815,#4816);
#4818=CYLINDRICAL_SURFACE('',#4817,5.E-1);
#4819=ORIENTED_EDGE('',*,*,#3576,.F.);
#4820=ORIENTED_EDGE('',*,*,#4792,.T.);
#4821=ORIENTED_EDGE('',*,*,#4808,.T.);
#4822=ORIENTED_EDGE('',*,*,#4763,.F.);
#4823=EDGE_LOOP('',(#4819,#4820,#4821,#4822));
#4824=FACE_OUTER_BOUND('',#4823,.F.);
#4825=ADVANCED_FACE('',(#4824),#4818,.T.);
#4826=CARTESIAN_POINT('',(-2.55E0,-4.15E0,-2.8E0));
#4827=DIRECTION('',(1.E0,0.E0,0.E0));
#4828=DIRECTION('',(0.E0,0.E0,-1.E0));
#4829=AXIS2_PLACEMENT_3D('',#4826,#4827,#4828);
#4830=CYLINDRICAL_SURFACE('',#4829,1.5E-1);
#4831=ORIENTED_EDGE('',*,*,#3572,.T.);
#4832=ORIENTED_EDGE('',*,*,#4760,.F.);
#4833=ORIENTED_EDGE('',*,*,#4778,.F.);
#4834=ORIENTED_EDGE('',*,*,#4795,.T.);
#4835=EDGE_LOOP('',(#4831,#4832,#4833,#4834));
#4836=FACE_OUTER_BOUND('',#4835,.F.);
#4837=ADVANCED_FACE('',(#4836),#4830,.F.);
#4838=CARTESIAN_POINT('',(-3.57E0,0.E0,0.E0));
#4839=DIRECTION('',(1.E0,0.E0,0.E0));
#4840=DIRECTION('',(0.E0,0.E0,-1.E0));
#4841=AXIS2_PLACEMENT_3D('',#4838,#4839,#4840);
#4842=PLANE('',#4841);
#4843=ORIENTED_EDGE('',*,*,#4213,.T.);
#4845=ORIENTED_EDGE('',*,*,#4844,.T.);
#4847=ORIENTED_EDGE('',*,*,#4846,.T.);
#4848=ORIENTED_EDGE('',*,*,#3580,.F.);
#4850=ORIENTED_EDGE('',*,*,#4849,.T.);
#4852=ORIENTED_EDGE('',*,*,#4851,.T.);
#4853=EDGE_LOOP('',(#4843,#4845,#4847,#4848,#4850,#4852));
#4854=FACE_OUTER_BOUND('',#4853,.F.);
#4855=ADVANCED_FACE('',(#4854),#4842,.T.);
#4856=CARTESIAN_POINT('',(-3.57E0,-4.008408089291E0,-2.750485044463E0));
#4857=DIRECTION('',(0.E0,-9.439460713919E-1,-3.300997035803E-1));
#4858=DIRECTION('',(0.E0,3.300997035803E-1,-9.439460713919E-1));
#4859=AXIS2_PLACEMENT_3D('',#4856,#4857,#4858);
#4860=PLANE('',#4859);
#4861=ORIENTED_EDGE('',*,*,#4219,.F.);
#4863=ORIENTED_EDGE('',*,*,#4862,.T.);
#4865=ORIENTED_EDGE('',*,*,#4864,.T.);
#4866=ORIENTED_EDGE('',*,*,#4844,.F.);
#4867=EDGE_LOOP('',(#4861,#4863,#4865,#4866));
#4868=FACE_OUTER_BOUND('',#4867,.F.);
#4869=ADVANCED_FACE('',(#4868),#4860,.T.);
#4870=CARTESIAN_POINT('',(-4.03E0,0.E0,0.E0));
#4871=DIRECTION('',(1.E0,0.E0,0.E0));
#4872=DIRECTION('',(0.E0,0.E0,-1.E0));
#4873=AXIS2_PLACEMENT_3D('',#4870,#4871,#4872);
#4874=PLANE('',#4873);
#4875=ORIENTED_EDGE('',*,*,#4217,.F.);
#4877=ORIENTED_EDGE('',*,*,#4876,.F.);
#4879=ORIENTED_EDGE('',*,*,#4878,.F.);
#4880=ORIENTED_EDGE('',*,*,#3584,.T.);
#4882=ORIENTED_EDGE('',*,*,#4881,.F.);
#4883=ORIENTED_EDGE('',*,*,#4862,.F.);
#4884=EDGE_LOOP('',(#4875,#4877,#4879,#4880,#4882,#4883));
#4885=FACE_OUTER_BOUND('',#4884,.F.);
#4886=ADVANCED_FACE('',(#4885),#4874,.F.);
#4887=CARTESIAN_POINT('',(-3.57E0,-1.05E0,-1.015E1));
#4888=DIRECTION('',(0.E0,9.439460713919E-1,3.300997035803E-1));
#4889=DIRECTION('',(0.E0,-3.300997035803E-1,9.439460713919E-1));
#4890=AXIS2_PLACEMENT_3D('',#4887,#4888,#4889);
#4891=PLANE('',#4890);
#4892=ORIENTED_EDGE('',*,*,#4215,.T.);
#4893=ORIENTED_EDGE('',*,*,#4851,.F.);
#4895=ORIENTED_EDGE('',*,*,#4894,.F.);
#4896=ORIENTED_EDGE('',*,*,#4876,.T.);
#4897=EDGE_LOOP('',(#4892,#4893,#4895,#4896));
#4898=FACE_OUTER_BOUND('',#4897,.F.);
#4899=ADVANCED_FACE('',(#4898),#4891,.T.);
#4900=CARTESIAN_POINT('',(-3.57E0,-4.15E0,-2.8E0));
#4901=DIRECTION('',(1.E0,0.E0,0.E0));
#4902=DIRECTION('',(0.E0,0.E0,-1.E0));
#4903=AXIS2_PLACEMENT_3D('',#4900,#4901,#4902);
#4904=CYLINDRICAL_SURFACE('',#4903,5.E-1);
#4905=ORIENTED_EDGE('',*,*,#3586,.F.);
#4906=ORIENTED_EDGE('',*,*,#4878,.T.);
#4907=ORIENTED_EDGE('',*,*,#4894,.T.);
#4908=ORIENTED_EDGE('',*,*,#4849,.F.);
#4909=EDGE_LOOP('',(#4905,#4906,#4907,#4908));
#4910=FACE_OUTER_BOUND('',#4909,.F.);
#4911=ADVANCED_FACE('',(#4910),#4904,.T.);
#4912=CARTESIAN_POINT('',(-3.57E0,-4.15E0,-2.8E0));
#4913=DIRECTION('',(1.E0,0.E0,0.E0));
#4914=DIRECTION('',(0.E0,0.E0,-1.E0));
#4915=AXIS2_PLACEMENT_3D('',#4912,#4913,#4914);
#4916=CYLINDRICAL_SURFACE('',#4915,1.5E-1);
#4917=ORIENTED_EDGE('',*,*,#3582,.T.);
#4918=ORIENTED_EDGE('',*,*,#4846,.F.);
#4919=ORIENTED_EDGE('',*,*,#4864,.F.);
#4920=ORIENTED_EDGE('',*,*,#4881,.T.);
#4921=EDGE_LOOP('',(#4917,#4918,#4919,#4920));
#4922=FACE_OUTER_BOUND('',#4921,.F.);
#4923=ADVANCED_FACE('',(#4922),#4916,.F.);
#4924=CARTESIAN_POINT('',(3.5E0,4.72E0,0.E0));
#4925=DIRECTION('',(0.E0,1.E0,0.E0));
#4926=DIRECTION('',(-1.E0,0.E0,0.E0));
#4927=AXIS2_PLACEMENT_3D('',#4924,#4925,#4926);
#4928=PLANE('',#4927);
#4929=ORIENTED_EDGE('',*,*,#2873,.F.);
#4931=ORIENTED_EDGE('',*,*,#4930,.T.);
#4932=ORIENTED_EDGE('',*,*,#3470,.T.);
#4933=ORIENTED_EDGE('',*,*,#3406,.F.);
#4934=EDGE_LOOP('',(#4929,#4931,#4932,#4933));
#4935=FACE_OUTER_BOUND('',#4934,.F.);
#4936=ADVANCED_FACE('',(#4935),#4928,.F.);
#4937=CARTESIAN_POINT('',(3.5E0,2.93E0,0.E0));
#4938=DIRECTION('',(1.E0,0.E0,0.E0));
#4939=DIRECTION('',(0.E0,1.E0,0.E0));
#4940=AXIS2_PLACEMENT_3D('',#4937,#4938,#4939);
#4941=PLANE('',#4940);
#4942=ORIENTED_EDGE('',*,*,#2871,.F.);
#4944=ORIENTED_EDGE('',*,*,#4943,.T.);
#4945=ORIENTED_EDGE('',*,*,#3472,.T.);
#4946=ORIENTED_EDGE('',*,*,#4930,.F.);
#4947=EDGE_LOOP('',(#4942,#4944,#4945,#4946));
#4948=FACE_OUTER_BOUND('',#4947,.F.);
#4949=ADVANCED_FACE('',(#4948),#4941,.F.);
#4950=CARTESIAN_POINT('',(6.305E0,2.93E0,0.E0));
#4951=DIRECTION('',(0.E0,1.E0,0.E0));
#4952=DIRECTION('',(-1.E0,0.E0,0.E0));
#4953=AXIS2_PLACEMENT_3D('',#4950,#4951,#4952);
#4954=PLANE('',#4953);
#4955=ORIENTED_EDGE('',*,*,#2869,.F.);
#4957=ORIENTED_EDGE('',*,*,#4956,.T.);
#4958=ORIENTED_EDGE('',*,*,#3474,.T.);
#4959=ORIENTED_EDGE('',*,*,#4943,.F.);
#4960=EDGE_LOOP('',(#4955,#4957,#4958,#4959));
#4961=FACE_OUTER_BOUND('',#4960,.F.);
#4962=ADVANCED_FACE('',(#4961),#4954,.F.);
#4963=CARTESIAN_POINT('',(6.305E0,7.4E-1,0.E0));
#4964=DIRECTION('',(1.E0,0.E0,0.E0));
#4965=DIRECTION('',(0.E0,1.E0,0.E0));
#4966=AXIS2_PLACEMENT_3D('',#4963,#4964,#4965);
#4967=PLANE('',#4966);
#4968=ORIENTED_EDGE('',*,*,#2867,.F.);
#4970=ORIENTED_EDGE('',*,*,#4969,.T.);
#4971=ORIENTED_EDGE('',*,*,#3476,.T.);
#4972=ORIENTED_EDGE('',*,*,#4956,.F.);
#4973=EDGE_LOOP('',(#4968,#4970,#4971,#4972));
#4974=FACE_OUTER_BOUND('',#4973,.F.);
#4975=ADVANCED_FACE('',(#4974),#4967,.F.);
#4976=CARTESIAN_POINT('',(6.555E0,7.4E-1,0.E0));
#4977=DIRECTION('',(0.E0,1.E0,0.E0));
#4978=DIRECTION('',(-1.E0,0.E0,0.E0));
#4979=AXIS2_PLACEMENT_3D('',#4976,#4977,#4978);
#4980=PLANE('',#4979);
#4981=ORIENTED_EDGE('',*,*,#2865,.F.);
#4983=ORIENTED_EDGE('',*,*,#4982,.T.);
#4984=ORIENTED_EDGE('',*,*,#3478,.T.);
#4985=ORIENTED_EDGE('',*,*,#4969,.F.);
#4986=EDGE_LOOP('',(#4981,#4983,#4984,#4985));
#4987=FACE_OUTER_BOUND('',#4986,.F.);
#4988=ADVANCED_FACE('',(#4987),#4980,.F.);
#4989=CARTESIAN_POINT('',(6.555E0,4.9E-1,0.E0));
#4990=DIRECTION('',(1.E0,0.E0,0.E0));
#4991=DIRECTION('',(0.E0,1.E0,0.E0));
#4992=AXIS2_PLACEMENT_3D('',#4989,#4990,#4991);
#4993=PLANE('',#4992);
#4994=ORIENTED_EDGE('',*,*,#2863,.F.);
#4995=ORIENTED_EDGE('',*,*,#2966,.T.);
#4996=ORIENTED_EDGE('',*,*,#3480,.T.);
#4997=ORIENTED_EDGE('',*,*,#4982,.F.);
#4998=EDGE_LOOP('',(#4994,#4995,#4996,#4997));
#4999=FACE_OUTER_BOUND('',#4998,.F.);
#5000=ADVANCED_FACE('',(#4999),#4993,.F.);
#5001=CARTESIAN_POINT('',(-8.09E0,-5.65E0,0.E0));
#5002=DIRECTION('',(-1.E0,0.E0,0.E0));
#5003=DIRECTION('',(0.E0,1.E0,0.E0));
#5004=AXIS2_PLACEMENT_3D('',#5001,#5002,#5003);
#5005=PLANE('',#5004);
#5006=ORIENTED_EDGE('',*,*,#2883,.F.);
#5008=ORIENTED_EDGE('',*,*,#5007,.T.);
#5010=ORIENTED_EDGE('',*,*,#5009,.T.);
#5011=ORIENTED_EDGE('',*,*,#3360,.F.);
#5012=EDGE_LOOP('',(#5006,#5008,#5010,#5011));
#5013=FACE_OUTER_BOUND('',#5012,.F.);
#5014=ADVANCED_FACE('',(#5013),#5005,.T.);
#5015=CARTESIAN_POINT('',(8.09E0,-5.65E0,0.E0));
#5016=DIRECTION('',(0.E0,-1.E0,0.E0));
#5017=DIRECTION('',(-1.E0,0.E0,0.E0));
#5018=AXIS2_PLACEMENT_3D('',#5015,#5016,#5017);
#5019=PLANE('',#5018);
#5020=ORIENTED_EDGE('',*,*,#2881,.F.);
#5022=ORIENTED_EDGE('',*,*,#5021,.T.);
#5024=ORIENTED_EDGE('',*,*,#5023,.T.);
#5025=ORIENTED_EDGE('',*,*,#5007,.F.);
#5026=EDGE_LOOP('',(#5020,#5022,#5024,#5025));
#5027=FACE_OUTER_BOUND('',#5026,.F.);
#5029=ORIENTED_EDGE('',*,*,#5028,.T.);
#5031=ORIENTED_EDGE('',*,*,#5030,.T.);
#5032=EDGE_LOOP('',(#5029,#5031));
#5033=FACE_BOUND('',#5032,.F.);
#5035=ORIENTED_EDGE('',*,*,#5034,.T.);
#5037=ORIENTED_EDGE('',*,*,#5036,.T.);
#5038=EDGE_LOOP('',(#5035,#5037));
#5039=FACE_BOUND('',#5038,.F.);
#5041=ORIENTED_EDGE('',*,*,#5040,.T.);
#5043=ORIENTED_EDGE('',*,*,#5042,.T.);
#5045=ORIENTED_EDGE('',*,*,#5044,.T.);
#5047=ORIENTED_EDGE('',*,*,#5046,.T.);
#5048=EDGE_LOOP('',(#5041,#5043,#5045,#5047));
#5049=FACE_BOUND('',#5048,.F.);
#5051=ORIENTED_EDGE('',*,*,#5050,.T.);
#5053=ORIENTED_EDGE('',*,*,#5052,.T.);
#5055=ORIENTED_EDGE('',*,*,#5054,.T.);
#5057=ORIENTED_EDGE('',*,*,#5056,.T.);
#5058=EDGE_LOOP('',(#5051,#5053,#5055,#5057));
#5059=FACE_BOUND('',#5058,.F.);
#5061=ORIENTED_EDGE('',*,*,#5060,.T.);
#5063=ORIENTED_EDGE('',*,*,#5062,.T.);
#5065=ORIENTED_EDGE('',*,*,#5064,.T.);
#5067=ORIENTED_EDGE('',*,*,#5066,.T.);
#5068=EDGE_LOOP('',(#5061,#5063,#5065,#5067));
#5069=FACE_BOUND('',#5068,.F.);
#5071=ORIENTED_EDGE('',*,*,#5070,.T.);
#5073=ORIENTED_EDGE('',*,*,#5072,.T.);
#5075=ORIENTED_EDGE('',*,*,#5074,.T.);
#5077=ORIENTED_EDGE('',*,*,#5076,.T.);
#5078=EDGE_LOOP('',(#5071,#5073,#5075,#5077));
#5079=FACE_BOUND('',#5078,.F.);
#5081=ORIENTED_EDGE('',*,*,#5080,.T.);
#5083=ORIENTED_EDGE('',*,*,#5082,.T.);
#5085=ORIENTED_EDGE('',*,*,#5084,.T.);
#5087=ORIENTED_EDGE('',*,*,#5086,.T.);
#5088=EDGE_LOOP('',(#5081,#5083,#5085,#5087));
#5089=FACE_BOUND('',#5088,.F.);
#5091=ORIENTED_EDGE('',*,*,#5090,.T.);
#5093=ORIENTED_EDGE('',*,*,#5092,.T.);
#5095=ORIENTED_EDGE('',*,*,#5094,.T.);
#5097=ORIENTED_EDGE('',*,*,#5096,.T.);
#5098=EDGE_LOOP('',(#5091,#5093,#5095,#5097));
#5099=FACE_BOUND('',#5098,.F.);
#5101=ORIENTED_EDGE('',*,*,#5100,.T.);
#5103=ORIENTED_EDGE('',*,*,#5102,.T.);
#5105=ORIENTED_EDGE('',*,*,#5104,.T.);
#5107=ORIENTED_EDGE('',*,*,#5106,.T.);
#5108=EDGE_LOOP('',(#5101,#5103,#5105,#5107));
#5109=FACE_BOUND('',#5108,.F.);
#5111=ORIENTED_EDGE('',*,*,#5110,.T.);
#5113=ORIENTED_EDGE('',*,*,#5112,.T.);
#5115=ORIENTED_EDGE('',*,*,#5114,.T.);
#5117=ORIENTED_EDGE('',*,*,#5116,.T.);
#5118=EDGE_LOOP('',(#5111,#5113,#5115,#5117));
#5119=FACE_BOUND('',#5118,.F.);
#5121=ORIENTED_EDGE('',*,*,#5120,.T.);
#5123=ORIENTED_EDGE('',*,*,#5122,.T.);
#5125=ORIENTED_EDGE('',*,*,#5124,.T.);
#5127=ORIENTED_EDGE('',*,*,#5126,.T.);
#5128=EDGE_LOOP('',(#5121,#5123,#5125,#5127));
#5129=FACE_BOUND('',#5128,.F.);
#5131=ORIENTED_EDGE('',*,*,#5130,.T.);
#5133=ORIENTED_EDGE('',*,*,#5132,.T.);
#5135=ORIENTED_EDGE('',*,*,#5134,.T.);
#5137=ORIENTED_EDGE('',*,*,#5136,.T.);
#5138=EDGE_LOOP('',(#5131,#5133,#5135,#5137));
#5139=FACE_BOUND('',#5138,.F.);
#5140=ADVANCED_FACE('',(#5027,#5033,#5039,#5049,#5059,#5069,#5079,#5089,#5099,
#5109,#5119,#5129,#5139),#5019,.T.);
#5141=CARTESIAN_POINT('',(8.09E0,5.65E0,0.E0));
#5142=DIRECTION('',(1.E0,0.E0,0.E0));
#5143=DIRECTION('',(0.E0,-1.E0,0.E0));
#5144=AXIS2_PLACEMENT_3D('',#5141,#5142,#5143);
#5145=PLANE('',#5144);
#5146=ORIENTED_EDGE('',*,*,#2879,.F.);
#5147=ORIENTED_EDGE('',*,*,#3364,.T.);
#5149=ORIENTED_EDGE('',*,*,#5148,.T.);
#5150=ORIENTED_EDGE('',*,*,#5021,.F.);
#5151=EDGE_LOOP('',(#5146,#5147,#5149,#5150));
#5152=FACE_OUTER_BOUND('',#5151,.F.);
#5153=ADVANCED_FACE('',(#5152),#5145,.T.);
#5154=CARTESIAN_POINT('',(0.E0,0.E0,-1.5E1));
#5155=DIRECTION('',(0.E0,0.E0,-1.E0));
#5156=DIRECTION('',(1.E0,0.E0,0.E0));
#5157=AXIS2_PLACEMENT_3D('',#5154,#5155,#5156);
#5158=PLANE('',#5157);
#5159=ORIENTED_EDGE('',*,*,#5009,.F.);
#5160=ORIENTED_EDGE('',*,*,#5023,.F.);
#5161=ORIENTED_EDGE('',*,*,#5148,.F.);
#5162=ORIENTED_EDGE('',*,*,#3362,.F.);
#5163=EDGE_LOOP('',(#5159,#5160,#5161,#5162));
#5164=FACE_OUTER_BOUND('',#5163,.F.);
#5165=ADVANCED_FACE('',(#5164),#5158,.T.);
#5166=CARTESIAN_POINT('',(-6.4E0,-5.65E0,-4.35E0));
#5167=DIRECTION('',(0.E0,-1.E0,0.E0));
#5168=DIRECTION('',(1.E0,0.E0,0.E0));
#5169=AXIS2_PLACEMENT_3D('',#5166,#5167,#5168);
#5170=CYLINDRICAL_SURFACE('',#5169,5.5E-1);
#5172=ORIENTED_EDGE('',*,*,#5171,.T.);
#5174=ORIENTED_EDGE('',*,*,#5173,.F.);
#5175=ORIENTED_EDGE('',*,*,#5028,.F.);
#5177=ORIENTED_EDGE('',*,*,#5176,.T.);
#5178=EDGE_LOOP('',(#5172,#5174,#5175,#5177));
#5179=FACE_OUTER_BOUND('',#5178,.F.);
#5180=ADVANCED_FACE('',(#5179),#5170,.T.);
#5181=CARTESIAN_POINT('',(-6.4E0,-6.7E0,-4.35E0));
#5182=DIRECTION('',(0.E0,-1.E0,0.E0));
#5183=DIRECTION('',(1.E0,0.E0,-4.178751613168E-9));
#5184=AXIS2_PLACEMENT_3D('',#5181,#5182,#5183);
#5185=SPHERICAL_SURFACE('',#5184,5.5E-1);
#5186=ORIENTED_EDGE('',*,*,#5171,.F.);
#5188=ORIENTED_EDGE('',*,*,#5187,.F.);
#5190=ORIENTED_EDGE('',*,*,#5189,.T.);
#5191=EDGE_LOOP('',(#5186,#5188,#5190));
#5192=FACE_OUTER_BOUND('',#5191,.F.);
#5193=ADVANCED_FACE('',(#5192),#5185,.T.);
#5194=CARTESIAN_POINT('',(-6.4E0,-6.7E0,-4.35E0));
#5195=DIRECTION('',(0.E0,-1.E0,0.E0));
#5196=DIRECTION('',(-1.E0,0.E0,4.178751274892E-9));
#5197=AXIS2_PLACEMENT_3D('',#5194,#5195,#5196);
#5198=SPHERICAL_SURFACE('',#5197,5.5E-1);
#5200=ORIENTED_EDGE('',*,*,#5199,.F.);
#5201=ORIENTED_EDGE('',*,*,#5189,.F.);
#5202=ORIENTED_EDGE('',*,*,#5187,.T.);
#5203=EDGE_LOOP('',(#5200,#5201,#5202));
#5204=FACE_OUTER_BOUND('',#5203,.F.);
#5205=ADVANCED_FACE('',(#5204),#5198,.T.);
#5206=CARTESIAN_POINT('',(-6.4E0,-5.65E0,-4.35E0));
#5207=DIRECTION('',(0.E0,-1.E0,0.E0));
#5208=DIRECTION('',(1.E0,0.E0,0.E0));
#5209=AXIS2_PLACEMENT_3D('',#5206,#5207,#5208);
#5210=CYLINDRICAL_SURFACE('',#5209,5.5E-1);
#5211=ORIENTED_EDGE('',*,*,#5199,.T.);
#5212=ORIENTED_EDGE('',*,*,#5176,.F.);
#5213=ORIENTED_EDGE('',*,*,#5030,.F.);
#5214=ORIENTED_EDGE('',*,*,#5173,.T.);
#5215=EDGE_LOOP('',(#5211,#5212,#5213,#5214));
#5216=FACE_OUTER_BOUND('',#5215,.F.);
#5217=ADVANCED_FACE('',(#5216),#5210,.T.);
#5218=CARTESIAN_POINT('',(6.4E0,-5.65E0,-4.35E0));
#5219=DIRECTION('',(0.E0,-1.E0,0.E0));
#5220=DIRECTION('',(1.E0,0.E0,0.E0));
#5221=AXIS2_PLACEMENT_3D('',#5218,#5219,#5220);
#5222=CYLINDRICAL_SURFACE('',#5221,5.5E-1);
#5224=ORIENTED_EDGE('',*,*,#5223,.T.);
#5226=ORIENTED_EDGE('',*,*,#5225,.F.);
#5227=ORIENTED_EDGE('',*,*,#5034,.F.);
#5229=ORIENTED_EDGE('',*,*,#5228,.T.);
#5230=EDGE_LOOP('',(#5224,#5226,#5227,#5229));
#5231=FACE_OUTER_BOUND('',#5230,.F.);
#5232=ADVANCED_FACE('',(#5231),#5222,.T.);
#5233=CARTESIAN_POINT('',(6.4E0,-6.7E0,-4.35E0));
#5234=DIRECTION('',(0.E0,-1.E0,0.E0));
#5235=DIRECTION('',(1.E0,0.E0,-4.178751807460E-9));
#5236=AXIS2_PLACEMENT_3D('',#5233,#5234,#5235);
#5237=SPHERICAL_SURFACE('',#5236,5.5E-1);
#5238=ORIENTED_EDGE('',*,*,#5223,.F.);
#5240=ORIENTED_EDGE('',*,*,#5239,.F.);
#5242=ORIENTED_EDGE('',*,*,#5241,.T.);
#5243=EDGE_LOOP('',(#5238,#5240,#5242));
#5244=FACE_OUTER_BOUND('',#5243,.F.);
#5245=ADVANCED_FACE('',(#5244),#5237,.T.);
#5246=CARTESIAN_POINT('',(6.4E0,-6.7E0,-4.35E0));
#5247=DIRECTION('',(0.E0,-1.E0,0.E0));
#5248=DIRECTION('',(-1.E0,0.E0,4.178751306118E-9));
#5249=AXIS2_PLACEMENT_3D('',#5246,#5247,#5248);
#5250=SPHERICAL_SURFACE('',#5249,5.5E-1);
#5252=ORIENTED_EDGE('',*,*,#5251,.F.);
#5253=ORIENTED_EDGE('',*,*,#5241,.F.);
#5254=ORIENTED_EDGE('',*,*,#5239,.T.);
#5255=EDGE_LOOP('',(#5252,#5253,#5254));
#5256=FACE_OUTER_BOUND('',#5255,.F.);
#5257=ADVANCED_FACE('',(#5256),#5250,.T.);
#5258=CARTESIAN_POINT('',(6.4E0,-5.65E0,-4.35E0));
#5259=DIRECTION('',(0.E0,-1.E0,0.E0));
#5260=DIRECTION('',(1.E0,0.E0,0.E0));
#5261=AXIS2_PLACEMENT_3D('',#5258,#5259,#5260);
#5262=CYLINDRICAL_SURFACE('',#5261,5.5E-1);
#5263=ORIENTED_EDGE('',*,*,#5251,.T.);
#5264=ORIENTED_EDGE('',*,*,#5228,.F.);
#5265=ORIENTED_EDGE('',*,*,#5036,.F.);
#5266=ORIENTED_EDGE('',*,*,#5225,.T.);
#5267=EDGE_LOOP('',(#5263,#5264,#5265,#5266));
#5268=FACE_OUTER_BOUND('',#5267,.F.);
#5269=ADVANCED_FACE('',(#5268),#5262,.T.);
#5270=CARTESIAN_POINT('',(-6.715E0,-5.65E0,-8.78E0));
#5271=DIRECTION('',(0.E0,0.E0,-1.E0));
#5272=DIRECTION('',(1.E0,0.E0,0.E0));
#5273=AXIS2_PLACEMENT_3D('',#5270,#5271,#5272);
#5274=PLANE('',#5273);
#5276=ORIENTED_EDGE('',*,*,#5275,.T.);
#5278=ORIENTED_EDGE('',*,*,#5277,.F.);
#5279=ORIENTED_EDGE('',*,*,#5040,.F.);
#5281=ORIENTED_EDGE('',*,*,#5280,.T.);
#5282=EDGE_LOOP('',(#5276,#5278,#5279,#5281));
#5283=FACE_OUTER_BOUND('',#5282,.F.);
#5284=ADVANCED_FACE('',(#5283),#5274,.T.);
#5285=CARTESIAN_POINT('',(-2.9182248E1,-6.8E0,-7.73E0));
#5286=DIRECTION('',(1.E0,0.E0,0.E0));
#5287=DIRECTION('',(0.E0,-1.E0,0.E0));
#5288=AXIS2_PLACEMENT_3D('',#5285,#5286,#5287);
#5289=CYLINDRICAL_SURFACE('',#5288,1.05E0);
#5291=ORIENTED_EDGE('',*,*,#5290,.T.);
#5292=ORIENTED_EDGE('',*,*,#5275,.F.);
#5294=ORIENTED_EDGE('',*,*,#5293,.T.);
#5296=ORIENTED_EDGE('',*,*,#5295,.T.);
#5297=EDGE_LOOP('',(#5291,#5292,#5294,#5296));
#5298=FACE_OUTER_BOUND('',#5297,.F.);
#5299=ADVANCED_FACE('',(#5298),#5289,.T.);
#5300=CARTESIAN_POINT('',(-6.465E0,-5.65E0,-8.78E0));
#5301=DIRECTION('',(1.E0,0.E0,0.E0));
#5302=DIRECTION('',(0.E0,0.E0,1.E0));
#5303=AXIS2_PLACEMENT_3D('',#5300,#5301,#5302);
#5304=PLANE('',#5303);
#5305=ORIENTED_EDGE('',*,*,#5290,.F.);
#5307=ORIENTED_EDGE('',*,*,#5306,.F.);
#5309=ORIENTED_EDGE('',*,*,#5308,.F.);
#5310=ORIENTED_EDGE('',*,*,#5042,.F.);
#5311=ORIENTED_EDGE('',*,*,#5277,.T.);
#5312=EDGE_LOOP('',(#5305,#5307,#5309,#5310,#5311));
#5313=FACE_OUTER_BOUND('',#5312,.F.);
#5314=ADVANCED_FACE('',(#5313),#5304,.T.);
#5315=CARTESIAN_POINT('',(2.9182248E1,-6.8E0,-7.83E0));
#5316=DIRECTION('',(-1.E0,0.E0,0.E0));
#5317=DIRECTION('',(0.E0,-1.E0,0.E0));
#5318=AXIS2_PLACEMENT_3D('',#5315,#5316,#5317);
#5319=CYLINDRICAL_SURFACE('',#5318,1.05E0);
#5321=ORIENTED_EDGE('',*,*,#5320,.T.);
#5323=ORIENTED_EDGE('',*,*,#5322,.F.);
#5324=ORIENTED_EDGE('',*,*,#5306,.T.);
#5325=ORIENTED_EDGE('',*,*,#5295,.F.);
#5326=EDGE_LOOP('',(#5321,#5323,#5324,#5325));
#5327=FACE_OUTER_BOUND('',#5326,.F.);
#5328=ADVANCED_FACE('',(#5327),#5319,.T.);
#5329=CARTESIAN_POINT('',(-6.715E0,-5.65E0,-6.78E0));
#5330=DIRECTION('',(-1.E0,0.E0,0.E0));
#5331=DIRECTION('',(0.E0,0.E0,-1.E0));
#5332=AXIS2_PLACEMENT_3D('',#5329,#5330,#5331);
#5333=PLANE('',#5332);
#5334=ORIENTED_EDGE('',*,*,#5293,.F.);
#5335=ORIENTED_EDGE('',*,*,#5280,.F.);
#5336=ORIENTED_EDGE('',*,*,#5046,.F.);
#5338=ORIENTED_EDGE('',*,*,#5337,.T.);
#5339=ORIENTED_EDGE('',*,*,#5320,.F.);
#5340=EDGE_LOOP('',(#5334,#5335,#5336,#5338,#5339));
#5341=FACE_OUTER_BOUND('',#5340,.F.);
#5342=ADVANCED_FACE('',(#5341),#5333,.T.);
#5343=CARTESIAN_POINT('',(-6.465E0,-5.65E0,-6.78E0));
#5344=DIRECTION('',(0.E0,0.E0,1.E0));
#5345=DIRECTION('',(-1.E0,0.E0,0.E0));
#5346=AXIS2_PLACEMENT_3D('',#5343,#5344,#5345);
#5347=PLANE('',#5346);
#5348=ORIENTED_EDGE('',*,*,#5322,.T.);
#5349=ORIENTED_EDGE('',*,*,#5337,.F.);
#5350=ORIENTED_EDGE('',*,*,#5044,.F.);
#5351=ORIENTED_EDGE('',*,*,#5308,.T.);
#5352=EDGE_LOOP('',(#5348,#5349,#5350,#5351));
#5353=FACE_OUTER_BOUND('',#5352,.F.);
#5354=ADVANCED_FACE('',(#5353),#5347,.T.);
#5355=CARTESIAN_POINT('',(6.465E0,-5.65E0,-8.78E0));
#5356=DIRECTION('',(0.E0,0.E0,-1.E0));
#5357=DIRECTION('',(1.E0,0.E0,0.E0));
#5358=AXIS2_PLACEMENT_3D('',#5355,#5356,#5357);
#5359=PLANE('',#5358);
#5361=ORIENTED_EDGE('',*,*,#5360,.T.);
#5363=ORIENTED_EDGE('',*,*,#5362,.F.);
#5364=ORIENTED_EDGE('',*,*,#5050,.F.);
#5366=ORIENTED_EDGE('',*,*,#5365,.T.);
#5367=EDGE_LOOP('',(#5361,#5363,#5364,#5366));
#5368=FACE_OUTER_BOUND('',#5367,.F.);
#5369=ADVANCED_FACE('',(#5368),#5359,.T.);
#5370=CARTESIAN_POINT('',(-2.605016704295E1,-6.8E0,-7.73E0));
#5371=DIRECTION('',(1.E0,0.E0,0.E0));
#5372=DIRECTION('',(0.E0,-1.E0,0.E0));
#5373=AXIS2_PLACEMENT_3D('',#5370,#5371,#5372);
#5374=CYLINDRICAL_SURFACE('',#5373,1.05E0);
#5376=ORIENTED_EDGE('',*,*,#5375,.T.);
#5377=ORIENTED_EDGE('',*,*,#5360,.F.);
#5379=ORIENTED_EDGE('',*,*,#5378,.T.);
#5381=ORIENTED_EDGE('',*,*,#5380,.F.);
#5382=EDGE_LOOP('',(#5376,#5377,#5379,#5381));
#5383=FACE_OUTER_BOUND('',#5382,.F.);
#5384=ADVANCED_FACE('',(#5383),#5374,.T.);
#5385=CARTESIAN_POINT('',(6.715E0,-5.65E0,-8.78E0));
#5386=DIRECTION('',(1.E0,0.E0,0.E0));
#5387=DIRECTION('',(0.E0,0.E0,1.E0));
#5388=AXIS2_PLACEMENT_3D('',#5385,#5386,#5387);
#5389=PLANE('',#5388);
#5391=ORIENTED_EDGE('',*,*,#5390,.F.);
#5393=ORIENTED_EDGE('',*,*,#5392,.F.);
#5394=ORIENTED_EDGE('',*,*,#5052,.F.);
#5395=ORIENTED_EDGE('',*,*,#5362,.T.);
#5396=ORIENTED_EDGE('',*,*,#5375,.F.);
#5397=EDGE_LOOP('',(#5391,#5393,#5394,#5395,#5396));
#5398=FACE_OUTER_BOUND('',#5397,.F.);
#5399=ADVANCED_FACE('',(#5398),#5389,.T.);
#5400=CARTESIAN_POINT('',(2.9182248E1,-6.8E0,-7.83E0));
#5401=DIRECTION('',(-1.E0,0.E0,0.E0));
#5402=DIRECTION('',(0.E0,-1.E0,0.E0));
#5403=AXIS2_PLACEMENT_3D('',#5400,#5401,#5402);
#5404=CYLINDRICAL_SURFACE('',#5403,1.05E0);
#5406=ORIENTED_EDGE('',*,*,#5405,.T.);
#5408=ORIENTED_EDGE('',*,*,#5407,.F.);
#5409=ORIENTED_EDGE('',*,*,#5390,.T.);
#5410=ORIENTED_EDGE('',*,*,#5380,.T.);
#5411=EDGE_LOOP('',(#5406,#5408,#5409,#5410));
#5412=FACE_OUTER_BOUND('',#5411,.F.);
#5413=ADVANCED_FACE('',(#5412),#5404,.T.);
#5414=CARTESIAN_POINT('',(6.465E0,-5.65E0,-6.78E0));
#5415=DIRECTION('',(-1.E0,0.E0,0.E0));
#5416=DIRECTION('',(0.E0,0.E0,-1.E0));
#5417=AXIS2_PLACEMENT_3D('',#5414,#5415,#5416);
#5418=PLANE('',#5417);
#5419=ORIENTED_EDGE('',*,*,#5405,.F.);
#5420=ORIENTED_EDGE('',*,*,#5378,.F.);
#5421=ORIENTED_EDGE('',*,*,#5365,.F.);
#5422=ORIENTED_EDGE('',*,*,#5056,.F.);
#5424=ORIENTED_EDGE('',*,*,#5423,.T.);
#5425=EDGE_LOOP('',(#5419,#5420,#5421,#5422,#5424));
#5426=FACE_OUTER_BOUND('',#5425,.F.);
#5427=ADVANCED_FACE('',(#5426),#5418,.T.);
#5428=CARTESIAN_POINT('',(6.715E0,-5.65E0,-6.78E0));
#5429=DIRECTION('',(0.E0,0.E0,1.E0));
#5430=DIRECTION('',(-1.E0,0.E0,0.E0));
#5431=AXIS2_PLACEMENT_3D('',#5428,#5429,#5430);
#5432=PLANE('',#5431);
#5433=ORIENTED_EDGE('',*,*,#5407,.T.);
#5434=ORIENTED_EDGE('',*,*,#5423,.F.);
#5435=ORIENTED_EDGE('',*,*,#5054,.F.);
#5436=ORIENTED_EDGE('',*,*,#5392,.T.);
#5437=EDGE_LOOP('',(#5433,#5434,#5435,#5436));
#5438=FACE_OUTER_BOUND('',#5437,.F.);
#5439=ADVANCED_FACE('',(#5438),#5432,.T.);
#5440=CARTESIAN_POINT('',(-3.8E0,-5.65E0,-8.495E0));
#5441=DIRECTION('',(-1.E0,0.E0,0.E0));
#5442=DIRECTION('',(0.E0,0.E0,-1.E0));
#5443=AXIS2_PLACEMENT_3D('',#5440,#5441,#5442);
#5444=PLANE('',#5443);
#5445=ORIENTED_EDGE('',*,*,#5060,.F.);
#5447=ORIENTED_EDGE('',*,*,#5446,.T.);
#5449=ORIENTED_EDGE('',*,*,#5448,.T.);
#5451=ORIENTED_EDGE('',*,*,#5450,.F.);
#5452=EDGE_LOOP('',(#5445,#5447,#5449,#5451));
#5453=FACE_OUTER_BOUND('',#5452,.F.);
#5454=ADVANCED_FACE('',(#5453),#5444,.T.);
#5455=CARTESIAN_POINT('',(-3.34E0,-5.65E0,-8.495E0));
#5456=DIRECTION('',(0.E0,0.E0,1.E0));
#5457=DIRECTION('',(-1.E0,0.E0,0.E0));
#5458=AXIS2_PLACEMENT_3D('',#5455,#5456,#5457);
#5459=PLANE('',#5458);
#5460=ORIENTED_EDGE('',*,*,#5066,.F.);
#5462=ORIENTED_EDGE('',*,*,#5461,.T.);
#5464=ORIENTED_EDGE('',*,*,#5463,.T.);
#5465=ORIENTED_EDGE('',*,*,#5446,.F.);
#5466=EDGE_LOOP('',(#5460,#5462,#5464,#5465));
#5467=FACE_OUTER_BOUND('',#5466,.F.);
#5468=ADVANCED_FACE('',(#5467),#5459,.T.);
#5469=CARTESIAN_POINT('',(-3.34E0,-5.65E0,-8.845E0));
#5470=DIRECTION('',(1.E0,0.E0,0.E0));
#5471=DIRECTION('',(0.E0,0.E0,1.E0));
#5472=AXIS2_PLACEMENT_3D('',#5469,#5470,#5471);
#5473=PLANE('',#5472);
#5474=ORIENTED_EDGE('',*,*,#5064,.F.);
#5476=ORIENTED_EDGE('',*,*,#5475,.T.);
#5478=ORIENTED_EDGE('',*,*,#5477,.T.);
#5479=ORIENTED_EDGE('',*,*,#5461,.F.);
#5480=EDGE_LOOP('',(#5474,#5476,#5478,#5479));
#5481=FACE_OUTER_BOUND('',#5480,.F.);
#5482=ADVANCED_FACE('',(#5481),#5473,.T.);
#5483=CARTESIAN_POINT('',(-3.8E0,-5.65E0,-8.845E0));
#5484=DIRECTION('',(0.E0,0.E0,-1.E0));
#5485=DIRECTION('',(1.E0,0.E0,0.E0));
#5486=AXIS2_PLACEMENT_3D('',#5483,#5484,#5485);
#5487=PLANE('',#5486);
#5488=ORIENTED_EDGE('',*,*,#5062,.F.);
#5489=ORIENTED_EDGE('',*,*,#5450,.T.);
#5491=ORIENTED_EDGE('',*,*,#5490,.T.);
#5492=ORIENTED_EDGE('',*,*,#5475,.F.);
#5493=EDGE_LOOP('',(#5488,#5489,#5491,#5492));
#5494=FACE_OUTER_BOUND('',#5493,.F.);
#5495=ADVANCED_FACE('',(#5494),#5487,.T.);
#5496=CARTESIAN_POINT('',(0.E0,-8.05E0,0.E0));
#5497=DIRECTION('',(0.E0,-1.E0,0.E0));
#5498=DIRECTION('',(1.E0,0.E0,0.E0));
#5499=AXIS2_PLACEMENT_3D('',#5496,#5497,#5498);
#5500=PLANE('',#5499);
#5501=ORIENTED_EDGE('',*,*,#5448,.F.);
#5502=ORIENTED_EDGE('',*,*,#5463,.F.);
#5503=ORIENTED_EDGE('',*,*,#5477,.F.);
#5504=ORIENTED_EDGE('',*,*,#5490,.F.);
#5505=EDGE_LOOP('',(#5501,#5502,#5503,#5504));
#5506=FACE_OUTER_BOUND('',#5505,.F.);
#5507=ADVANCED_FACE('',(#5506),#5500,.T.);
#5508=CARTESIAN_POINT('',(0.E0,-8.05E0,0.E0));
#5509=DIRECTION('',(0.E0,-1.E0,0.E0));
#5510=DIRECTION('',(1.E0,0.E0,0.E0));
#5511=AXIS2_PLACEMENT_3D('',#5508,#5509,#5510);
#5512=PLANE('',#5511);
#5514=ORIENTED_EDGE('',*,*,#5513,.F.);
#5516=ORIENTED_EDGE('',*,*,#5515,.F.);
#5518=ORIENTED_EDGE('',*,*,#5517,.F.);
#5520=ORIENTED_EDGE('',*,*,#5519,.F.);
#5521=EDGE_LOOP('',(#5514,#5516,#5518,#5520));
#5522=FACE_OUTER_BOUND('',#5521,.F.);
#5523=ADVANCED_FACE('',(#5522),#5512,.T.);
#5524=CARTESIAN_POINT('',(0.E0,-8.05E0,0.E0));
#5525=DIRECTION('',(0.E0,-1.E0,0.E0));
#5526=DIRECTION('',(1.E0,0.E0,0.E0));
#5527=AXIS2_PLACEMENT_3D('',#5524,#5525,#5526);
#5528=PLANE('',#5527);
#5530=ORIENTED_EDGE('',*,*,#5529,.F.);
#5532=ORIENTED_EDGE('',*,*,#5531,.F.);
#5534=ORIENTED_EDGE('',*,*,#5533,.F.);
#5536=ORIENTED_EDGE('',*,*,#5535,.F.);
#5537=EDGE_LOOP('',(#5530,#5532,#5534,#5536));
#5538=FACE_OUTER_BOUND('',#5537,.F.);
#5539=ADVANCED_FACE('',(#5538),#5528,.T.);
#5540=CARTESIAN_POINT('',(0.E0,-8.05E0,0.E0));
#5541=DIRECTION('',(0.E0,-1.E0,0.E0));
#5542=DIRECTION('',(1.E0,0.E0,0.E0));
#5543=AXIS2_PLACEMENT_3D('',#5540,#5541,#5542);
#5544=PLANE('',#5543);
#5546=ORIENTED_EDGE('',*,*,#5545,.F.);
#5548=ORIENTED_EDGE('',*,*,#5547,.F.);
#5550=ORIENTED_EDGE('',*,*,#5549,.F.);
#5552=ORIENTED_EDGE('',*,*,#5551,.F.);
#5553=EDGE_LOOP('',(#5546,#5548,#5550,#5552));
#5554=FACE_OUTER_BOUND('',#5553,.F.);
#5555=ADVANCED_FACE('',(#5554),#5544,.T.);
#5556=CARTESIAN_POINT('',(0.E0,-8.05E0,0.E0));
#5557=DIRECTION('',(0.E0,-1.E0,0.E0));
#5558=DIRECTION('',(1.E0,0.E0,0.E0));
#5559=AXIS2_PLACEMENT_3D('',#5556,#5557,#5558);
#5560=PLANE('',#5559);
#5562=ORIENTED_EDGE('',*,*,#5561,.F.);
#5564=ORIENTED_EDGE('',*,*,#5563,.F.);
#5566=ORIENTED_EDGE('',*,*,#5565,.F.);
#5568=ORIENTED_EDGE('',*,*,#5567,.F.);
#5569=EDGE_LOOP('',(#5562,#5564,#5566,#5568));
#5570=FACE_OUTER_BOUND('',#5569,.F.);
#5571=ADVANCED_FACE('',(#5570),#5560,.T.);
#5572=CARTESIAN_POINT('',(0.E0,-8.05E0,0.E0));
#5573=DIRECTION('',(0.E0,-1.E0,0.E0));
#5574=DIRECTION('',(1.E0,0.E0,0.E0));
#5575=AXIS2_PLACEMENT_3D('',#5572,#5573,#5574);
#5576=PLANE('',#5575);
#5578=ORIENTED_EDGE('',*,*,#5577,.F.);
#5580=ORIENTED_EDGE('',*,*,#5579,.F.);
#5582=ORIENTED_EDGE('',*,*,#5581,.F.);
#5584=ORIENTED_EDGE('',*,*,#5583,.F.);
#5585=EDGE_LOOP('',(#5578,#5580,#5582,#5584));
#5586=FACE_OUTER_BOUND('',#5585,.F.);
#5587=ADVANCED_FACE('',(#5586),#5576,.T.);
#5588=CARTESIAN_POINT('',(0.E0,-8.05E0,0.E0));
#5589=DIRECTION('',(0.E0,-1.E0,0.E0));
#5590=DIRECTION('',(1.E0,0.E0,0.E0));
#5591=AXIS2_PLACEMENT_3D('',#5588,#5589,#5590);
#5592=PLANE('',#5591);
#5594=ORIENTED_EDGE('',*,*,#5593,.F.);
#5596=ORIENTED_EDGE('',*,*,#5595,.F.);
#5598=ORIENTED_EDGE('',*,*,#5597,.F.);
#5600=ORIENTED_EDGE('',*,*,#5599,.F.);
#5601=EDGE_LOOP('',(#5594,#5596,#5598,#5600));
#5602=FACE_OUTER_BOUND('',#5601,.F.);
#5603=ADVANCED_FACE('',(#5602),#5592,.T.);
#5604=CARTESIAN_POINT('',(0.E0,-8.05E0,0.E0));
#5605=DIRECTION('',(0.E0,-1.E0,0.E0));
#5606=DIRECTION('',(1.E0,0.E0,0.E0));
#5607=AXIS2_PLACEMENT_3D('',#5604,#5605,#5606);
#5608=PLANE('',#5607);
#5610=ORIENTED_EDGE('',*,*,#5609,.F.);
#5612=ORIENTED_EDGE('',*,*,#5611,.F.);
#5614=ORIENTED_EDGE('',*,*,#5613,.F.);
#5616=ORIENTED_EDGE('',*,*,#5615,.F.);
#5617=EDGE_LOOP('',(#5610,#5612,#5614,#5616));
#5618=FACE_OUTER_BOUND('',#5617,.F.);
#5619=ADVANCED_FACE('',(#5618),#5608,.T.);
#5620=CARTESIAN_POINT('',(-1.76E0,-5.65E0,-8.495E0));
#5621=DIRECTION('',(-1.E0,0.E0,0.E0));
#5622=DIRECTION('',(0.E0,0.E0,-1.E0));
#5623=AXIS2_PLACEMENT_3D('',#5620,#5621,#5622);
#5624=PLANE('',#5623);
#5625=ORIENTED_EDGE('',*,*,#5070,.F.);
#5627=ORIENTED_EDGE('',*,*,#5626,.T.);
#5628=ORIENTED_EDGE('',*,*,#5513,.T.);
#5630=ORIENTED_EDGE('',*,*,#5629,.F.);
#5631=EDGE_LOOP('',(#5625,#5627,#5628,#5630));
#5632=FACE_OUTER_BOUND('',#5631,.F.);
#5633=ADVANCED_FACE('',(#5632),#5624,.T.);
#5634=CARTESIAN_POINT('',(-1.3E0,-5.65E0,-8.495E0));
#5635=DIRECTION('',(0.E0,0.E0,1.E0));
#5636=DIRECTION('',(-1.E0,0.E0,0.E0));
#5637=AXIS2_PLACEMENT_3D('',#5634,#5635,#5636);
#5638=PLANE('',#5637);
#5639=ORIENTED_EDGE('',*,*,#5076,.F.);
#5641=ORIENTED_EDGE('',*,*,#5640,.T.);
#5642=ORIENTED_EDGE('',*,*,#5515,.T.);
#5643=ORIENTED_EDGE('',*,*,#5626,.F.);
#5644=EDGE_LOOP('',(#5639,#5641,#5642,#5643));
#5645=FACE_OUTER_BOUND('',#5644,.F.);
#5646=ADVANCED_FACE('',(#5645),#5638,.T.);
#5647=CARTESIAN_POINT('',(-1.3E0,-5.65E0,-8.845E0));
#5648=DIRECTION('',(1.E0,0.E0,0.E0));
#5649=DIRECTION('',(0.E0,0.E0,1.E0));
#5650=AXIS2_PLACEMENT_3D('',#5647,#5648,#5649);
#5651=PLANE('',#5650);
#5652=ORIENTED_EDGE('',*,*,#5074,.F.);
#5654=ORIENTED_EDGE('',*,*,#5653,.T.);
#5655=ORIENTED_EDGE('',*,*,#5517,.T.);
#5656=ORIENTED_EDGE('',*,*,#5640,.F.);
#5657=EDGE_LOOP('',(#5652,#5654,#5655,#5656));
#5658=FACE_OUTER_BOUND('',#5657,.F.);
#5659=ADVANCED_FACE('',(#5658),#5651,.T.);
#5660=CARTESIAN_POINT('',(-1.76E0,-5.65E0,-8.845E0));
#5661=DIRECTION('',(0.E0,0.E0,-1.E0));
#5662=DIRECTION('',(1.E0,0.E0,0.E0));
#5663=AXIS2_PLACEMENT_3D('',#5660,#5661,#5662);
#5664=PLANE('',#5663);
#5665=ORIENTED_EDGE('',*,*,#5072,.F.);
#5666=ORIENTED_EDGE('',*,*,#5629,.T.);
#5667=ORIENTED_EDGE('',*,*,#5519,.T.);
#5668=ORIENTED_EDGE('',*,*,#5653,.F.);
#5669=EDGE_LOOP('',(#5665,#5666,#5667,#5668));
#5670=FACE_OUTER_BOUND('',#5669,.F.);
#5671=ADVANCED_FACE('',(#5670),#5664,.T.);
#5672=CARTESIAN_POINT('',(2.8E-1,-5.65E0,-8.495E0));
#5673=DIRECTION('',(-1.E0,0.E0,0.E0));
#5674=DIRECTION('',(0.E0,0.E0,-1.E0));
#5675=AXIS2_PLACEMENT_3D('',#5672,#5673,#5674);
#5676=PLANE('',#5675);
#5677=ORIENTED_EDGE('',*,*,#5080,.F.);
#5679=ORIENTED_EDGE('',*,*,#5678,.T.);
#5680=ORIENTED_EDGE('',*,*,#5529,.T.);
#5682=ORIENTED_EDGE('',*,*,#5681,.F.);
#5683=EDGE_LOOP('',(#5677,#5679,#5680,#5682));
#5684=FACE_OUTER_BOUND('',#5683,.F.);
#5685=ADVANCED_FACE('',(#5684),#5676,.T.);
#5686=CARTESIAN_POINT('',(7.4E-1,-5.65E0,-8.495E0));
#5687=DIRECTION('',(0.E0,0.E0,1.E0));
#5688=DIRECTION('',(-1.E0,0.E0,0.E0));
#5689=AXIS2_PLACEMENT_3D('',#5686,#5687,#5688);
#5690=PLANE('',#5689);
#5691=ORIENTED_EDGE('',*,*,#5086,.F.);
#5693=ORIENTED_EDGE('',*,*,#5692,.T.);
#5694=ORIENTED_EDGE('',*,*,#5531,.T.);
#5695=ORIENTED_EDGE('',*,*,#5678,.F.);
#5696=EDGE_LOOP('',(#5691,#5693,#5694,#5695));
#5697=FACE_OUTER_BOUND('',#5696,.F.);
#5698=ADVANCED_FACE('',(#5697),#5690,.T.);
#5699=CARTESIAN_POINT('',(7.4E-1,-5.65E0,-8.845E0));
#5700=DIRECTION('',(1.E0,0.E0,0.E0));
#5701=DIRECTION('',(0.E0,0.E0,1.E0));
#5702=AXIS2_PLACEMENT_3D('',#5699,#5700,#5701);
#5703=PLANE('',#5702);
#5704=ORIENTED_EDGE('',*,*,#5084,.F.);
#5706=ORIENTED_EDGE('',*,*,#5705,.T.);
#5707=ORIENTED_EDGE('',*,*,#5533,.T.);
#5708=ORIENTED_EDGE('',*,*,#5692,.F.);
#5709=EDGE_LOOP('',(#5704,#5706,#5707,#5708));
#5710=FACE_OUTER_BOUND('',#5709,.F.);
#5711=ADVANCED_FACE('',(#5710),#5703,.T.);
#5712=CARTESIAN_POINT('',(2.8E-1,-5.65E0,-8.845E0));
#5713=DIRECTION('',(0.E0,0.E0,-1.E0));
#5714=DIRECTION('',(1.E0,0.E0,0.E0));
#5715=AXIS2_PLACEMENT_3D('',#5712,#5713,#5714);
#5716=PLANE('',#5715);
#5717=ORIENTED_EDGE('',*,*,#5082,.F.);
#5718=ORIENTED_EDGE('',*,*,#5681,.T.);
#5719=ORIENTED_EDGE('',*,*,#5535,.T.);
#5720=ORIENTED_EDGE('',*,*,#5705,.F.);
#5721=EDGE_LOOP('',(#5717,#5718,#5719,#5720));
#5722=FACE_OUTER_BOUND('',#5721,.F.);
#5723=ADVANCED_FACE('',(#5722),#5716,.T.);
#5724=CARTESIAN_POINT('',(2.32E0,-5.65E0,-8.495E0));
#5725=DIRECTION('',(-1.E0,0.E0,0.E0));
#5726=DIRECTION('',(0.E0,0.E0,-1.E0));
#5727=AXIS2_PLACEMENT_3D('',#5724,#5725,#5726);
#5728=PLANE('',#5727);
#5729=ORIENTED_EDGE('',*,*,#5090,.F.);
#5731=ORIENTED_EDGE('',*,*,#5730,.T.);
#5732=ORIENTED_EDGE('',*,*,#5545,.T.);
#5734=ORIENTED_EDGE('',*,*,#5733,.F.);
#5735=EDGE_LOOP('',(#5729,#5731,#5732,#5734));
#5736=FACE_OUTER_BOUND('',#5735,.F.);
#5737=ADVANCED_FACE('',(#5736),#5728,.T.);
#5738=CARTESIAN_POINT('',(2.78E0,-5.65E0,-8.495E0));
#5739=DIRECTION('',(0.E0,0.E0,1.E0));
#5740=DIRECTION('',(-1.E0,0.E0,0.E0));
#5741=AXIS2_PLACEMENT_3D('',#5738,#5739,#5740);
#5742=PLANE('',#5741);
#5743=ORIENTED_EDGE('',*,*,#5096,.F.);
#5745=ORIENTED_EDGE('',*,*,#5744,.T.);
#5746=ORIENTED_EDGE('',*,*,#5547,.T.);
#5747=ORIENTED_EDGE('',*,*,#5730,.F.);
#5748=EDGE_LOOP('',(#5743,#5745,#5746,#5747));
#5749=FACE_OUTER_BOUND('',#5748,.F.);
#5750=ADVANCED_FACE('',(#5749),#5742,.T.);
#5751=CARTESIAN_POINT('',(2.78E0,-5.65E0,-8.845E0));
#5752=DIRECTION('',(1.E0,0.E0,0.E0));
#5753=DIRECTION('',(0.E0,0.E0,1.E0));
#5754=AXIS2_PLACEMENT_3D('',#5751,#5752,#5753);
#5755=PLANE('',#5754);
#5756=ORIENTED_EDGE('',*,*,#5094,.F.);
#5758=ORIENTED_EDGE('',*,*,#5757,.T.);
#5759=ORIENTED_EDGE('',*,*,#5549,.T.);
#5760=ORIENTED_EDGE('',*,*,#5744,.F.);
#5761=EDGE_LOOP('',(#5756,#5758,#5759,#5760));
#5762=FACE_OUTER_BOUND('',#5761,.F.);
#5763=ADVANCED_FACE('',(#5762),#5755,.T.);
#5764=CARTESIAN_POINT('',(2.32E0,-5.65E0,-8.845E0));
#5765=DIRECTION('',(0.E0,0.E0,-1.E0));
#5766=DIRECTION('',(1.E0,0.E0,0.E0));
#5767=AXIS2_PLACEMENT_3D('',#5764,#5765,#5766);
#5768=PLANE('',#5767);
#5769=ORIENTED_EDGE('',*,*,#5092,.F.);
#5770=ORIENTED_EDGE('',*,*,#5733,.T.);
#5771=ORIENTED_EDGE('',*,*,#5551,.T.);
#5772=ORIENTED_EDGE('',*,*,#5757,.F.);
#5773=EDGE_LOOP('',(#5769,#5770,#5771,#5772));
#5774=FACE_OUTER_BOUND('',#5773,.F.);
#5775=ADVANCED_FACE('',(#5774),#5768,.T.);
#5776=CARTESIAN_POINT('',(-2.78E0,-5.65E0,-6.715E0));
#5777=DIRECTION('',(-1.E0,0.E0,0.E0));
#5778=DIRECTION('',(0.E0,0.E0,-1.E0));
#5779=AXIS2_PLACEMENT_3D('',#5776,#5777,#5778);
#5780=PLANE('',#5779);
#5781=ORIENTED_EDGE('',*,*,#5100,.F.);
#5783=ORIENTED_EDGE('',*,*,#5782,.T.);
#5784=ORIENTED_EDGE('',*,*,#5561,.T.);
#5786=ORIENTED_EDGE('',*,*,#5785,.F.);
#5787=EDGE_LOOP('',(#5781,#5783,#5784,#5786));
#5788=FACE_OUTER_BOUND('',#5787,.F.);
#5789=ADVANCED_FACE('',(#5788),#5780,.T.);
#5790=CARTESIAN_POINT('',(-2.32E0,-5.65E0,-6.715E0));
#5791=DIRECTION('',(0.E0,0.E0,1.E0));
#5792=DIRECTION('',(-1.E0,0.E0,0.E0));
#5793=AXIS2_PLACEMENT_3D('',#5790,#5791,#5792);
#5794=PLANE('',#5793);
#5795=ORIENTED_EDGE('',*,*,#5106,.F.);
#5797=ORIENTED_EDGE('',*,*,#5796,.T.);
#5798=ORIENTED_EDGE('',*,*,#5563,.T.);
#5799=ORIENTED_EDGE('',*,*,#5782,.F.);
#5800=EDGE_LOOP('',(#5795,#5797,#5798,#5799));
#5801=FACE_OUTER_BOUND('',#5800,.F.);
#5802=ADVANCED_FACE('',(#5801),#5794,.T.);
#5803=CARTESIAN_POINT('',(-2.32E0,-5.65E0,-7.065E0));
#5804=DIRECTION('',(1.E0,0.E0,0.E0));
#5805=DIRECTION('',(0.E0,0.E0,1.E0));
#5806=AXIS2_PLACEMENT_3D('',#5803,#5804,#5805);
#5807=PLANE('',#5806);
#5808=ORIENTED_EDGE('',*,*,#5104,.F.);
#5810=ORIENTED_EDGE('',*,*,#5809,.T.);
#5811=ORIENTED_EDGE('',*,*,#5565,.T.);
#5812=ORIENTED_EDGE('',*,*,#5796,.F.);
#5813=EDGE_LOOP('',(#5808,#5810,#5811,#5812));
#5814=FACE_OUTER_BOUND('',#5813,.F.);
#5815=ADVANCED_FACE('',(#5814),#5807,.T.);
#5816=CARTESIAN_POINT('',(-2.78E0,-5.65E0,-7.065E0));
#5817=DIRECTION('',(0.E0,0.E0,-1.E0));
#5818=DIRECTION('',(1.E0,0.E0,0.E0));
#5819=AXIS2_PLACEMENT_3D('',#5816,#5817,#5818);
#5820=PLANE('',#5819);
#5821=ORIENTED_EDGE('',*,*,#5102,.F.);
#5822=ORIENTED_EDGE('',*,*,#5785,.T.);
#5823=ORIENTED_EDGE('',*,*,#5567,.T.);
#5824=ORIENTED_EDGE('',*,*,#5809,.F.);
#5825=EDGE_LOOP('',(#5821,#5822,#5823,#5824));
#5826=FACE_OUTER_BOUND('',#5825,.F.);
#5827=ADVANCED_FACE('',(#5826),#5820,.T.);
#5828=CARTESIAN_POINT('',(-7.4E-1,-5.65E0,-6.715E0));
#5829=DIRECTION('',(-1.E0,0.E0,0.E0));
#5830=DIRECTION('',(0.E0,0.E0,-1.E0));
#5831=AXIS2_PLACEMENT_3D('',#5828,#5829,#5830);
#5832=PLANE('',#5831);
#5833=ORIENTED_EDGE('',*,*,#5110,.F.);
#5835=ORIENTED_EDGE('',*,*,#5834,.T.);
#5836=ORIENTED_EDGE('',*,*,#5577,.T.);
#5838=ORIENTED_EDGE('',*,*,#5837,.F.);
#5839=EDGE_LOOP('',(#5833,#5835,#5836,#5838));
#5840=FACE_OUTER_BOUND('',#5839,.F.);
#5841=ADVANCED_FACE('',(#5840),#5832,.T.);
#5842=CARTESIAN_POINT('',(-2.8E-1,-5.65E0,-6.715E0));
#5843=DIRECTION('',(0.E0,0.E0,1.E0));
#5844=DIRECTION('',(-1.E0,0.E0,0.E0));
#5845=AXIS2_PLACEMENT_3D('',#5842,#5843,#5844);
#5846=PLANE('',#5845);
#5847=ORIENTED_EDGE('',*,*,#5116,.F.);
#5849=ORIENTED_EDGE('',*,*,#5848,.T.);
#5850=ORIENTED_EDGE('',*,*,#5579,.T.);
#5851=ORIENTED_EDGE('',*,*,#5834,.F.);
#5852=EDGE_LOOP('',(#5847,#5849,#5850,#5851));
#5853=FACE_OUTER_BOUND('',#5852,.F.);
#5854=ADVANCED_FACE('',(#5853),#5846,.T.);
#5855=CARTESIAN_POINT('',(-2.8E-1,-5.65E0,-7.065E0));
#5856=DIRECTION('',(1.E0,0.E0,0.E0));
#5857=DIRECTION('',(0.E0,0.E0,1.E0));
#5858=AXIS2_PLACEMENT_3D('',#5855,#5856,#5857);
#5859=PLANE('',#5858);
#5860=ORIENTED_EDGE('',*,*,#5114,.F.);
#5862=ORIENTED_EDGE('',*,*,#5861,.T.);
#5863=ORIENTED_EDGE('',*,*,#5581,.T.);
#5864=ORIENTED_EDGE('',*,*,#5848,.F.);
#5865=EDGE_LOOP('',(#5860,#5862,#5863,#5864));
#5866=FACE_OUTER_BOUND('',#5865,.F.);
#5867=ADVANCED_FACE('',(#5866),#5859,.T.);
#5868=CARTESIAN_POINT('',(-7.4E-1,-5.65E0,-7.065E0));
#5869=DIRECTION('',(0.E0,0.E0,-1.E0));
#5870=DIRECTION('',(1.E0,0.E0,0.E0));
#5871=AXIS2_PLACEMENT_3D('',#5868,#5869,#5870);
#5872=PLANE('',#5871);
#5873=ORIENTED_EDGE('',*,*,#5112,.F.);
#5874=ORIENTED_EDGE('',*,*,#5837,.T.);
#5875=ORIENTED_EDGE('',*,*,#5583,.T.);
#5876=ORIENTED_EDGE('',*,*,#5861,.F.);
#5877=EDGE_LOOP('',(#5873,#5874,#5875,#5876));
#5878=FACE_OUTER_BOUND('',#5877,.F.);
#5879=ADVANCED_FACE('',(#5878),#5872,.T.);
#5880=CARTESIAN_POINT('',(1.3E0,-5.65E0,-6.715E0));
#5881=DIRECTION('',(-1.E0,0.E0,0.E0));
#5882=DIRECTION('',(0.E0,0.E0,-1.E0));
#5883=AXIS2_PLACEMENT_3D('',#5880,#5881,#5882);
#5884=PLANE('',#5883);
#5885=ORIENTED_EDGE('',*,*,#5120,.F.);
#5887=ORIENTED_EDGE('',*,*,#5886,.T.);
#5888=ORIENTED_EDGE('',*,*,#5593,.T.);
#5890=ORIENTED_EDGE('',*,*,#5889,.F.);
#5891=EDGE_LOOP('',(#5885,#5887,#5888,#5890));
#5892=FACE_OUTER_BOUND('',#5891,.F.);
#5893=ADVANCED_FACE('',(#5892),#5884,.T.);
#5894=CARTESIAN_POINT('',(1.76E0,-5.65E0,-6.715E0));
#5895=DIRECTION('',(0.E0,0.E0,1.E0));
#5896=DIRECTION('',(-1.E0,0.E0,0.E0));
#5897=AXIS2_PLACEMENT_3D('',#5894,#5895,#5896);
#5898=PLANE('',#5897);
#5899=ORIENTED_EDGE('',*,*,#5126,.F.);
#5901=ORIENTED_EDGE('',*,*,#5900,.T.);
#5902=ORIENTED_EDGE('',*,*,#5595,.T.);
#5903=ORIENTED_EDGE('',*,*,#5886,.F.);
#5904=EDGE_LOOP('',(#5899,#5901,#5902,#5903));
#5905=FACE_OUTER_BOUND('',#5904,.F.);
#5906=ADVANCED_FACE('',(#5905),#5898,.T.);
#5907=CARTESIAN_POINT('',(1.76E0,-5.65E0,-7.065E0));
#5908=DIRECTION('',(1.E0,0.E0,0.E0));
#5909=DIRECTION('',(0.E0,0.E0,1.E0));
#5910=AXIS2_PLACEMENT_3D('',#5907,#5908,#5909);
#5911=PLANE('',#5910);
#5912=ORIENTED_EDGE('',*,*,#5124,.F.);
#5914=ORIENTED_EDGE('',*,*,#5913,.T.);
#5915=ORIENTED_EDGE('',*,*,#5597,.T.);
#5916=ORIENTED_EDGE('',*,*,#5900,.F.);
#5917=EDGE_LOOP('',(#5912,#5914,#5915,#5916));
#5918=FACE_OUTER_BOUND('',#5917,.F.);
#5919=ADVANCED_FACE('',(#5918),#5911,.T.);
#5920=CARTESIAN_POINT('',(1.3E0,-5.65E0,-7.065E0));
#5921=DIRECTION('',(0.E0,0.E0,-1.E0));
#5922=DIRECTION('',(1.E0,0.E0,0.E0));
#5923=AXIS2_PLACEMENT_3D('',#5920,#5921,#5922);
#5924=PLANE('',#5923);
#5925=ORIENTED_EDGE('',*,*,#5122,.F.);
#5926=ORIENTED_EDGE('',*,*,#5889,.T.);
#5927=ORIENTED_EDGE('',*,*,#5599,.T.);
#5928=ORIENTED_EDGE('',*,*,#5913,.F.);
#5929=EDGE_LOOP('',(#5925,#5926,#5927,#5928));
#5930=FACE_OUTER_BOUND('',#5929,.F.);
#5931=ADVANCED_FACE('',(#5930),#5924,.T.);
#5932=CARTESIAN_POINT('',(3.34E0,-5.65E0,-6.715E0));
#5933=DIRECTION('',(-1.E0,0.E0,0.E0));
#5934=DIRECTION('',(0.E0,0.E0,-1.E0));
#5935=AXIS2_PLACEMENT_3D('',#5932,#5933,#5934);
#5936=PLANE('',#5935);
#5937=ORIENTED_EDGE('',*,*,#5130,.F.);
#5939=ORIENTED_EDGE('',*,*,#5938,.T.);
#5940=ORIENTED_EDGE('',*,*,#5609,.T.);
#5942=ORIENTED_EDGE('',*,*,#5941,.F.);
#5943=EDGE_LOOP('',(#5937,#5939,#5940,#5942));
#5944=FACE_OUTER_BOUND('',#5943,.F.);
#5945=ADVANCED_FACE('',(#5944),#5936,.T.);
#5946=CARTESIAN_POINT('',(3.8E0,-5.65E0,-6.715E0));
#5947=DIRECTION('',(0.E0,0.E0,1.E0));
#5948=DIRECTION('',(-1.E0,0.E0,0.E0));
#5949=AXIS2_PLACEMENT_3D('',#5946,#5947,#5948);
#5950=PLANE('',#5949);
#5951=ORIENTED_EDGE('',*,*,#5136,.F.);
#5953=ORIENTED_EDGE('',*,*,#5952,.T.);
#5954=ORIENTED_EDGE('',*,*,#5611,.T.);
#5955=ORIENTED_EDGE('',*,*,#5938,.F.);
#5956=EDGE_LOOP('',(#5951,#5953,#5954,#5955));
#5957=FACE_OUTER_BOUND('',#5956,.F.);
#5958=ADVANCED_FACE('',(#5957),#5950,.T.);
#5959=CARTESIAN_POINT('',(3.8E0,-5.65E0,-7.065E0));
#5960=DIRECTION('',(1.E0,0.E0,0.E0));
#5961=DIRECTION('',(0.E0,0.E0,1.E0));
#5962=AXIS2_PLACEMENT_3D('',#5959,#5960,#5961);
#5963=PLANE('',#5962);
#5964=ORIENTED_EDGE('',*,*,#5134,.F.);
#5966=ORIENTED_EDGE('',*,*,#5965,.T.);
#5967=ORIENTED_EDGE('',*,*,#5613,.T.);
#5968=ORIENTED_EDGE('',*,*,#5952,.F.);
#5969=EDGE_LOOP('',(#5964,#5966,#5967,#5968));
#5970=FACE_OUTER_BOUND('',#5969,.F.);
#5971=ADVANCED_FACE('',(#5970),#5963,.T.);
#5972=CARTESIAN_POINT('',(3.34E0,-5.65E0,-7.065E0));
#5973=DIRECTION('',(0.E0,0.E0,-1.E0));
#5974=DIRECTION('',(1.E0,0.E0,0.E0));
#5975=AXIS2_PLACEMENT_3D('',#5972,#5973,#5974);
#5976=PLANE('',#5975);
#5977=ORIENTED_EDGE('',*,*,#5132,.F.);
#5978=ORIENTED_EDGE('',*,*,#5941,.T.);
#5979=ORIENTED_EDGE('',*,*,#5615,.T.);
#5980=ORIENTED_EDGE('',*,*,#5965,.F.);
#5981=EDGE_LOOP('',(#5977,#5978,#5979,#5980));
#5982=FACE_OUTER_BOUND('',#5981,.F.);
#5983=ADVANCED_FACE('',(#5982),#5976,.T.);
#5984=CLOSED_SHELL('',(#2925,#2940,#2974,#2989,#3002,#3034,#3048,#3062,#3076,
#3090,#3104,#3118,#3132,#3166,#3181,#3195,#3208,#3240,#3254,#3268,#3282,#3296,
#3310,#3324,#3350,#3371,#3385,#3410,#3433,#3461,#3495,#3590,#3621,#3634,#3646,
#3659,#3672,#3685,#3698,#3710,#3725,#3741,#3755,#3771,#3787,#3801,#3828,#3842,
#3856,#3869,#3881,#3894,#3906,#3919,#3931,#3945,#3962,#3991,#4004,#4016,#4029,
#4042,#4055,#4068,#4080,#4095,#4108,#4122,#4223,#4235,#4253,#4267,#4284,#4297,
#4309,#4321,#4339,#4353,#4370,#4383,#4395,#4407,#4425,#4439,#4456,#4469,#4481,
#4493,#4511,#4525,#4542,#4555,#4567,#4579,#4597,#4611,#4628,#4641,#4653,#4665,
#4683,#4697,#4714,#4727,#4739,#4751,#4769,#4783,#4800,#4813,#4825,#4837,#4855,
#4869,#4886,#4899,#4911,#4923,#4936,#4949,#4962,#4975,#4988,#5000,#5014,#5140,
#5153,#5165,#5180,#5193,#5205,#5217,#5232,#5245,#5257,#5269,#5284,#5299,#5314,
#5328,#5342,#5354,#5369,#5384,#5399,#5413,#5427,#5439,#5454,#5468,#5482,#5495,
#5507,#5523,#5539,#5555,#5571,#5587,#5603,#5619,#5633,#5646,#5659,#5671,#5685,
#5698,#5711,#5723,#5737,#5750,#5763,#5775,#5789,#5802,#5815,#5827,#5841,#5854,
#5867,#5879,#5893,#5906,#5919,#5931,#5945,#5958,#5971,#5983));
#5985=MANIFOLD_SOLID_BREP('',#5984);
#5987=DIMENSIONAL_EXPONENTS(0.E0,0.E0,0.E0,0.E0,0.E0,0.E0,0.E0);
#5989=PLANE_ANGLE_MEASURE_WITH_UNIT(PLANE_ANGLE_MEASURE(1.745329251994E-2),
#5988);
#5990=(CONVERSION_BASED_UNIT('DEGREE',#5989)NAMED_UNIT(#5987)PLANE_ANGLE_UNIT(
));
#5992=UNCERTAINTY_MEASURE_WITH_UNIT(LENGTH_MEASURE(2.596976015459E-3),#5986,
'distance_accuracy_value',
'Maximum model space distance between geometric entities at asserted connectivities');
#5993=(GEOMETRIC_REPRESENTATION_CONTEXT(3)GLOBAL_UNCERTAINTY_ASSIGNED_CONTEXT((
#5992))GLOBAL_UNIT_ASSIGNED_CONTEXT((#5986,#5990,#5991))REPRESENTATION_CONTEXT(
'ID1','3'));
#5995=APPLICATION_CONTEXT('automotive_design');
#5996=APPLICATION_PROTOCOL_DEFINITION('international standard',
'automotive_design',2001,#5995);
#5997=PRODUCT_DEFINITION_CONTEXT('part definition',#5995,'design');
#5998=PRODUCT_CONTEXT('',#5995,'mechanical');
#5999=PRODUCT('C-1734795-1','C-1734795-1','NOT SPECIFIED',(#5998));
#6000=PRODUCT_DEFINITION_FORMATION('1','LAST_VERSION',#5999);
#6008=DERIVED_UNIT_ELEMENT(#6007,2.E0);
#6009=DERIVED_UNIT((#6008));
#6010=MEASURE_REPRESENTATION_ITEM('surface area measure',AREA_MEASURE(
1.785715633710E3),#6009);
#6015=DERIVED_UNIT_ELEMENT(#6014,3.E0);
#6016=DERIVED_UNIT((#6015));
#6017=MEASURE_REPRESENTATION_ITEM('volume measure',VOLUME_MEASURE(
1.803575201416E3),#6016);
#6021=CARTESIAN_POINT('centre point',(-1.363563568688E-3,-8.788925355718E-5,
-8.831173940073E0));
#6026=DERIVED_UNIT_ELEMENT(#6025,2.E0);
#6027=DERIVED_UNIT((#6026));
#6028=MEASURE_REPRESENTATION_ITEM('surface area measure',AREA_MEASURE(
1.785715633710E3),#6027);
#6033=DERIVED_UNIT_ELEMENT(#6032,3.E0);
#6034=DERIVED_UNIT((#6033));
#6035=MEASURE_REPRESENTATION_ITEM('volume measure',VOLUME_MEASURE(
1.803575201416E3),#6034);
#6039=CARTESIAN_POINT('centre point',(-1.363563568688E-3,-8.788925355718E-5,
-8.831173940073E0));
#6044=PRODUCT_RELATED_PRODUCT_CATEGORY('part','',(#5999));
#6046=GENERAL_PROPERTY('user defined attribute','','');
#6047=GENERAL_PROPERTY_ASSOCIATION('user defined attribute','',#6046,#6045);
#6048=DESCRIPTIVE_REPRESENTATION_ITEM('PART_NO','1734795');
#6052=GENERAL_PROPERTY('user defined attribute','','');
#6053=GENERAL_PROPERTY_ASSOCIATION('user defined attribute','',#6052,#6051);
#6054=DESCRIPTIVE_REPRESENTATION_ITEM('DWG_TITLE',
'MODULAR JACK CONNECTOR RJ45, 8P8C, ');
#6058=GENERAL_PROPERTY('user defined attribute','','');
#6059=GENERAL_PROPERTY_ASSOCIATION('user defined attribute','',#6058,#6057);
#6060=DESCRIPTIVE_REPRESENTATION_ITEM('DWG_TITLE_2',
'SHIELDED TAB UP, DIP TYPE, H=11.3mm');
#6064=GENERAL_PROPERTY('user defined attribute','','');
#6065=GENERAL_PROPERTY_ASSOCIATION('user defined attribute','',#6064,#6063);
#6066=DESCRIPTIVE_REPRESENTATION_ITEM('DESC',
'MODULAR JACK CONNECTOR RJ45, 8P8C, SHIELDED TAB UP, DIP TYPE, H=11.3mm');
#6070=GENERAL_PROPERTY('user defined attribute','','');
#6071=GENERAL_PROPERTY_ASSOCIATION('user defined attribute','',#6070,#6069);
#6072=DESCRIPTIVE_REPRESENTATION_ITEM('TIR','1');
#6076=GENERAL_PROPERTY('user defined attribute','','');
#6077=GENERAL_PROPERTY_ASSOCIATION('user defined attribute','',#6076,#6075);
#6078=DESCRIPTIVE_REPRESENTATION_ITEM('DOC_STATUS','Active');
#6082=GENERAL_PROPERTY('user defined attribute','','');
#6083=GENERAL_PROPERTY_ASSOCIATION('user defined attribute','',#6082,#6081);
#6084=DESCRIPTIVE_REPRESENTATION_ITEM('PDMREV','');
#6088=GENERAL_PROPERTY('user defined attribute','','');
#6089=GENERAL_PROPERTY_ASSOCIATION('user defined attribute','',#6088,#6087);
#6090=DESCRIPTIVE_REPRESENTATION_ITEM('PDMDB','');
#6094=GENERAL_PROPERTY('user defined attribute','','');
#6095=GENERAL_PROPERTY_ASSOCIATION('user defined attribute','',#6094,#6093);
#6096=DESCRIPTIVE_REPRESENTATION_ITEM('PDMRL','');
#6100=GENERAL_PROPERTY('user defined attribute','','');
#6101=GENERAL_PROPERTY_ASSOCIATION('user defined attribute','',#6100,#6099);
#6102=DESCRIPTIVE_REPRESENTATION_ITEM('PROI_REVISION','');
#6106=GENERAL_PROPERTY('user defined attribute','','');
#6107=GENERAL_PROPERTY_ASSOCIATION('user defined attribute','',#6106,#6105);
#6108=DESCRIPTIVE_REPRESENTATION_ITEM('PROI_VERSION','');
#6112=GENERAL_PROPERTY('user defined attribute','','');
#6113=GENERAL_PROPERTY_ASSOCIATION('user defined attribute','',#6112,#6111);
#6114=DESCRIPTIVE_REPRESENTATION_ITEM('PROI_BRANCH','');
#6118=GENERAL_PROPERTY('user defined attribute','','');
#6119=GENERAL_PROPERTY_ASSOCIATION('user defined attribute','',#6118,#6117);
#6120=DESCRIPTIVE_REPRESENTATION_ITEM('PROI_RELEASE','');
#6124=GENERAL_PROPERTY('user defined attribute','','');
#6125=GENERAL_PROPERTY_ASSOCIATION('user defined attribute','',#6124,#6123);
#6126=VALUE_REPRESENTATION_ITEM('PROI_MODIFIED',NUMERIC_MEASURE(0.E0));
#6130=GENERAL_PROPERTY('user defined attribute','','');
#6131=GENERAL_PROPERTY_ASSOCIATION('user defined attribute','',#6130,#6129);
#6132=DESCRIPTIVE_REPRESENTATION_ITEM('PTC_MODIFIED','NO');
#6136=GENERAL_PROPERTY('user defined attribute','','');
#6137=GENERAL_PROPERTY_ASSOCIATION('user defined attribute','',#6136,#6135);
#6138=DESCRIPTIVE_REPRESENTATION_ITEM('PROI_CREATED_BY','US0T8717');
#6142=GENERAL_PROPERTY('user defined attribute','','');
#6143=GENERAL_PROPERTY_ASSOCIATION('user defined attribute','',#6142,#6141);
#6144=DESCRIPTIVE_REPRESENTATION_ITEM('PROI_CREATED_ON','09/09/10 11:53:46');
#6148=GENERAL_PROPERTY('user defined attribute','','');
#6149=GENERAL_PROPERTY_ASSOCIATION('user defined attribute','',#6148,#6147);
#6150=DESCRIPTIVE_REPRESENTATION_ITEM('PROI_LOCATION',
'Root Folder/EMCS MOD SVCS/GPL-073');
#6154=GENERAL_PROPERTY('user defined attribute','','');
#6155=GENERAL_PROPERTY_ASSOCIATION('user defined attribute','',#6154,#6153);
#6156=DESCRIPTIVE_REPRESENTATION_ITEM('PTC_COMMON_NAME','');
#6160=GENERAL_PROPERTY('user defined attribute','','');
#6161=GENERAL_PROPERTY_ASSOCIATION('user defined attribute','',#6160,#6159);
#6162=DESCRIPTIVE_REPRESENTATION_ITEM('MOD_NUM','MOD39177');
#6166=GENERAL_PROPERTY('user defined attribute','','');
#6167=GENERAL_PROPERTY_ASSOCIATION('user defined attribute','',#6166,#6165);
#6168=DESCRIPTIVE_REPRESENTATION_ITEM('PART_REV','C');
#6172=GENERAL_PROPERTY('user defined attribute','','');
#6173=GENERAL_PROPERTY_ASSOCIATION('user defined attribute','',#6172,#6171);
#6174=DESCRIPTIVE_REPRESENTATION_ITEM('DOC_LANGUAGE','English');
#6178=GENERAL_PROPERTY('user defined attribute','','');
#6179=GENERAL_PROPERTY_ASSOCIATION('user defined attribute','',#6178,#6177);
#6180=DESCRIPTIVE_REPRESENTATION_ITEM('REASON_DOC_CHANGE','Not Specified');
#6184=GENERAL_PROPERTY('user defined attribute','','');
#6185=GENERAL_PROPERTY_ASSOCIATION('user defined attribute','',#6184,#6183);
#6186=DESCRIPTIVE_REPRESENTATION_ITEM('SEND_WEIGHT','NO');
#118=CIRCLE('',#117,5.E-1);
#139=CIRCLE('',#138,5.E-1);
#156=CIRCLE('',#155,5.E-1);
#165=CIRCLE('',#164,5.E-1);
#218=CIRCLE('',#217,5.E-1);
#239=CIRCLE('',#238,5.E-1);
#256=CIRCLE('',#255,5.E-1);
#265=CIRCLE('',#264,5.E-1);
#690=CIRCLE('',#689,2.5E-1);
#695=CIRCLE('',#694,2.5E-1);
#708=CIRCLE('',#707,2.5E-1);
#713=CIRCLE('',#712,2.5E-1);
#738=CIRCLE('',#737,3.5E-1);
#743=CIRCLE('',#742,3.5E-1);
#944=CIRCLE('',#943,2.5E-1);
#949=CIRCLE('',#948,2.5E-1);
#962=CIRCLE('',#961,2.5E-1);
#967=CIRCLE('',#966,2.5E-1);
#984=CIRCLE('',#983,3.5E-1);
#989=CIRCLE('',#988,3.5E-1);
#1178=CIRCLE('',#1177,1.5E-1);
#1183=CIRCLE('',#1182,5.E-1);
#1200=CIRCLE('',#1199,5.E-1);
#1205=CIRCLE('',#1204,1.5E-1);
#1222=CIRCLE('',#1221,1.5E-1);
#1227=CIRCLE('',#1226,5.E-1);
#1244=CIRCLE('',#1243,5.E-1);
#1249=CIRCLE('',#1248,1.5E-1);
#1266=CIRCLE('',#1265,1.5E-1);
#1271=CIRCLE('',#1270,5.E-1);
#1288=CIRCLE('',#1287,5.E-1);
#1293=CIRCLE('',#1292,1.5E-1);
#1310=CIRCLE('',#1309,1.5E-1);
#1315=CIRCLE('',#1314,5.E-1);
#1332=CIRCLE('',#1331,5.E-1);
#1337=CIRCLE('',#1336,1.5E-1);
#1354=CIRCLE('',#1353,1.5E-1);
#1359=CIRCLE('',#1358,5.E-1);
#1376=CIRCLE('',#1375,5.E-1);
#1381=CIRCLE('',#1380,1.5E-1);
#1398=CIRCLE('',#1397,1.5E-1);
#1403=CIRCLE('',#1402,5.E-1);
#1420=CIRCLE('',#1419,5.E-1);
#1425=CIRCLE('',#1424,1.5E-1);
#1442=CIRCLE('',#1441,1.5E-1);
#1447=CIRCLE('',#1446,5.E-1);
#1464=CIRCLE('',#1463,5.E-1);
#1469=CIRCLE('',#1468,1.5E-1);
#1486=CIRCLE('',#1485,1.5E-1);
#1491=CIRCLE('',#1490,5.E-1);
#1508=CIRCLE('',#1507,5.E-1);
#1513=CIRCLE('',#1512,1.5E-1);
#1558=CIRCLE('',#1557,5.5E-1);
#1563=CIRCLE('',#1562,5.5E-1);
#1568=CIRCLE('',#1567,5.5E-1);
#1573=CIRCLE('',#1572,5.5E-1);
#1758=CIRCLE('',#1757,5.5E-1);
#1767=CIRCLE('',#1766,5.5E-1);
#1772=CIRCLE('',#1771,5.5E-1);
#1777=CIRCLE('',#1776,5.5E-1);
#1786=CIRCLE('',#1785,5.5E-1);
#1795=CIRCLE('',#1794,5.5E-1);
#1800=CIRCLE('',#1799,5.5E-1);
#1805=CIRCLE('',#1804,5.5E-1);
#1822=CIRCLE('',#1821,1.05E0);
#1827=CIRCLE('',#1826,1.05E0);
#1840=CIRCLE('',#1839,1.05E0);
#1849=CIRCLE('',#1848,1.05E0);
#1874=CIRCLE('',#1873,1.05E0);
#1883=CIRCLE('',#1882,1.05E0);
#1888=CIRCLE('',#1887,1.05E0);
#1893=CIRCLE('',#1892,1.05E0);
#2859=EDGE_CURVE('',#2843,#2841,#5,.T.);
#2861=EDGE_CURVE('',#2776,#2841,#134,.T.);
#2863=EDGE_CURVE('',#2776,#2777,#9,.T.);
#2865=EDGE_CURVE('',#2777,#2779,#13,.T.);
#2867=EDGE_CURVE('',#2779,#2724,#17,.T.);
#2869=EDGE_CURVE('',#2724,#2725,#21,.T.);
#2871=EDGE_CURVE('',#2725,#2727,#25,.T.);
#2873=EDGE_CURVE('',#2727,#2729,#29,.T.);
#2875=EDGE_CURVE('',#2253,#2729,#33,.T.);
#2877=EDGE_CURVE('',#2253,#2168,#37,.T.);
#2879=EDGE_CURVE('',#2168,#2169,#41,.T.);
#2881=EDGE_CURVE('',#2169,#2164,#45,.T.);
#2883=EDGE_CURVE('',#2164,#2165,#49,.T.);
#2885=EDGE_CURVE('',#2165,#2251,#53,.T.);
#2887=EDGE_CURVE('',#2251,#2733,#57,.T.);
#2889=EDGE_CURVE('',#2733,#2710,#61,.T.);
#2891=EDGE_CURVE('',#2710,#2711,#65,.T.);
#2893=EDGE_CURVE('',#2711,#2713,#69,.T.);
#2895=EDGE_CURVE('',#2713,#2715,#73,.T.);
#2897=EDGE_CURVE('',#2715,#2771,#77,.T.);
#2899=EDGE_CURVE('',#2771,#2773,#81,.T.);
#2901=EDGE_CURVE('',#2851,#2773,#269,.T.);
#2903=EDGE_CURVE('',#2851,#2849,#85,.T.);
#2905=EDGE_CURVE('',#2786,#2849,#234,.T.);
#2907=EDGE_CURVE('',#2786,#2787,#89,.T.);
#2909=EDGE_CURVE('',#2787,#2789,#93,.T.);
#2911=EDGE_CURVE('',#2789,#2718,#97,.T.);
#2913=EDGE_CURVE('',#2718,#2719,#101,.T.);
#2915=EDGE_CURVE('',#2719,#2721,#105,.T.);
#2917=EDGE_CURVE('',#2721,#2781,#109,.T.);
#2919=EDGE_CURVE('',#2781,#2783,#113,.T.);
#2921=EDGE_CURVE('',#2843,#2783,#169,.T.);
#2931=EDGE_CURVE('',#2840,#2841,#139,.T.);
#2934=EDGE_CURVE('',#2843,#2845,#165,.T.);
#2936=EDGE_CURVE('',#2845,#2840,#151,.T.);
#2946=EDGE_CURVE('',#2832,#2833,#118,.T.);
#2948=EDGE_CURVE('',#2739,#2832,#927,.T.);
#2950=EDGE_CURVE('',#2739,#2741,#122,.T.);
#2952=EDGE_CURVE('',#2741,#2747,#887,.T.);
#2954=EDGE_CURVE('',#2804,#2747,#935,.T.);
#2956=EDGE_CURVE('',#2800,#2804,#944,.T.);
#2958=EDGE_CURVE('',#2800,#2812,#126,.T.);
#2960=EDGE_CURVE('',#2808,#2812,#962,.T.);
#2962=EDGE_CURVE('',#2808,#2749,#130,.T.);
#2964=EDGE_CURVE('',#2749,#2756,#481,.T.);
#2966=EDGE_CURVE('',#2776,#2756,#1545,.T.);
#2970=EDGE_CURVE('',#2840,#2833,#143,.T.);
#2981=EDGE_CURVE('',#2835,#2833,#147,.T.);
#2983=EDGE_CURVE('',#2835,#2837,#156,.T.);
#2985=EDGE_CURVE('',#2837,#2832,#919,.T.);
#2998=EDGE_CURVE('',#2845,#2835,#160,.T.);
#3012=EDGE_CURVE('',#2783,#2763,#173,.T.);
#3014=EDGE_CURVE('',#2763,#2245,#377,.T.);
#3016=EDGE_CURVE('',#2809,#2245,#177,.T.);
#3018=EDGE_CURVE('',#2813,#2809,#967,.T.);
#3020=EDGE_CURVE('',#2801,#2813,#181,.T.);
#3022=EDGE_CURVE('',#2805,#2801,#949,.T.);
#3024=EDGE_CURVE('',#2746,#2805,#939,.T.);
#3026=EDGE_CURVE('',#2743,#2746,#879,.T.);
#3028=EDGE_CURVE('',#2738,#2743,#185,.T.);
#3030=EDGE_CURVE('',#2837,#2738,#923,.T.);
#3041=EDGE_CURVE('',#2781,#2761,#189,.T.);
#3043=EDGE_CURVE('',#2761,#2763,#381,.T.);
#3055=EDGE_CURVE('',#2721,#2699,#193,.T.);
#3057=EDGE_CURVE('',#2699,#2761,#385,.T.);
#3069=EDGE_CURVE('',#2719,#2697,#197,.T.);
#3071=EDGE_CURVE('',#2697,#2699,#389,.T.);
#3083=EDGE_CURVE('',#2718,#2696,#201,.T.);
#3085=EDGE_CURVE('',#2696,#2697,#393,.T.);
#3097=EDGE_CURVE('',#2789,#2769,#205,.T.);
#3099=EDGE_CURVE('',#2769,#2696,#397,.T.);
#3111=EDGE_CURVE('',#2787,#2767,#209,.T.);
#3113=EDGE_CURVE('',#2767,#2769,#401,.T.);
#3125=EDGE_CURVE('',#2786,#2766,#213,.T.);
#3127=EDGE_CURVE('',#2766,#2767,#405,.T.);
#3138=EDGE_CURVE('',#2824,#2825,#218,.T.);
#3140=EDGE_CURVE('',#2484,#2824,#673,.T.);
#3142=EDGE_CURVE('',#2484,#2488,#222,.T.);
#3144=EDGE_CURVE('',#2488,#2492,#633,.T.);
#3146=EDGE_CURVE('',#2796,#2492,#681,.T.);
#3148=EDGE_CURVE('',#2792,#2796,#690,.T.);
#3150=EDGE_CURVE('',#2792,#2820,#226,.T.);
#3152=EDGE_CURVE('',#2816,#2820,#708,.T.);
#3154=EDGE_CURVE('',#2816,#2735,#230,.T.);
#3156=EDGE_CURVE('',#2735,#2766,#409,.T.);
#3160=EDGE_CURVE('',#2848,#2849,#239,.T.);
#3162=EDGE_CURVE('',#2848,#2825,#243,.T.);
#3173=EDGE_CURVE('',#2827,#2825,#247,.T.);
#3175=EDGE_CURVE('',#2827,#2829,#256,.T.);
#3177=EDGE_CURVE('',#2829,#2824,#665,.T.);
#3189=EDGE_CURVE('',#2853,#2848,#251,.T.);
#3191=EDGE_CURVE('',#2853,#2827,#260,.T.);
#3203=EDGE_CURVE('',#2851,#2853,#265,.T.);
#3218=EDGE_CURVE('',#2773,#2753,#273,.T.);
#3220=EDGE_CURVE('',#2753,#2239,#417,.T.);
#3222=EDGE_CURVE('',#2817,#2239,#277,.T.);
#3224=EDGE_CURVE('',#2821,#2817,#713,.T.);
#3226=EDGE_CURVE('',#2793,#2821,#281,.T.);
#3228=EDGE_CURVE('',#2797,#2793,#695,.T.);
#3230=EDGE_CURVE('',#2493,#2797,#685,.T.);
#3232=EDGE_CURVE('',#2489,#2493,#625,.T.);
#3234=EDGE_CURVE('',#2485,#2489,#285,.T.);
#3236=EDGE_CURVE('',#2829,#2485,#669,.T.);
#3247=EDGE_CURVE('',#2771,#2751,#289,.T.);
#3249=EDGE_CURVE('',#2751,#2753,#421,.T.);
#3261=EDGE_CURVE('',#2715,#2693,#293,.T.);
#3263=EDGE_CURVE('',#2693,#2751,#425,.T.);
#3275=EDGE_CURVE('',#2713,#2691,#297,.T.);
#3277=EDGE_CURVE('',#2691,#2693,#429,.T.);
#3289=EDGE_CURVE('',#2711,#2689,#301,.T.);
#3291=EDGE_CURVE('',#2689,#2691,#433,.T.);
#3303=EDGE_CURVE('',#2710,#2688,#305,.T.);
#3305=EDGE_CURVE('',#2688,#2689,#437,.T.);
#3317=EDGE_CURVE('',#2733,#2731,#309,.T.);
#3319=EDGE_CURVE('',#2731,#2688,#441,.T.);
#3330=EDGE_CURVE('',#2251,#2264,#313,.T.);
#3332=EDGE_CURVE('',#2261,#2264,#317,.T.);
#3334=EDGE_CURVE('',#2260,#2261,#321,.T.);
#3336=EDGE_CURVE('',#2276,#2260,#325,.T.);
#3338=EDGE_CURVE('',#2268,#2276,#779,.T.);
#3340=EDGE_CURVE('',#2291,#2268,#329,.T.);
#3342=EDGE_CURVE('',#2293,#2291,#333,.T.);
#3344=EDGE_CURVE('',#2293,#2731,#445,.T.);
#3356=EDGE_CURVE('',#2264,#2265,#337,.T.);
#3360=EDGE_CURVE('',#2165,#2173,#341,.T.);
#3362=EDGE_CURVE('',#2173,#2175,#1753,.T.);
#3364=EDGE_CURVE('',#2168,#2175,#1737,.T.);
#3367=EDGE_CURVE('',#2265,#2253,#369,.T.);
#3378=EDGE_CURVE('',#2265,#2256,#365,.T.);
#3380=EDGE_CURVE('',#2261,#2256,#345,.T.);
#3391=EDGE_CURVE('',#2707,#2289,#453,.T.);
#3393=EDGE_CURVE('',#2287,#2289,#349,.T.);
#3395=EDGE_CURVE('',#2273,#2287,#353,.T.);
#3397=EDGE_CURVE('',#2273,#2277,#787,.T.);
#3399=EDGE_CURVE('',#2257,#2277,#357,.T.);
#3401=EDGE_CURVE('',#2256,#2257,#361,.T.);
#3406=EDGE_CURVE('',#2729,#2707,#373,.T.);
#3416=EDGE_CURVE('',#2242,#2243,#485,.T.);
#3418=EDGE_CURVE('',#2243,#2245,#907,.T.);
#3429=EDGE_CURVE('',#2735,#2242,#645,.T.);
#3439=EDGE_CURVE('',#2293,#2281,#413,.T.);
#3441=EDGE_CURVE('',#2232,#2281,#827,.T.);
#3443=EDGE_CURVE('',#2232,#2233,#807,.T.);
#3445=EDGE_CURVE('',#2233,#2235,#767,.T.);
#3447=EDGE_CURVE('',#2235,#2237,#751,.T.);
#3449=EDGE_CURVE('',#2237,#2239,#653,.T.);
#3467=EDGE_CURVE('',#2285,#2289,#449,.T.);
#3470=EDGE_CURVE('',#2705,#2707,#457,.T.);
#3472=EDGE_CURVE('',#2703,#2705,#461,.T.);
#3474=EDGE_CURVE('',#2702,#2703,#465,.T.);
#3476=EDGE_CURVE('',#2759,#2702,#469,.T.);
#3478=EDGE_CURVE('',#2757,#2759,#473,.T.);
#3480=EDGE_CURVE('',#2756,#2757,#477,.T.);
#3483=EDGE_CURVE('',#2749,#2248,#899,.T.);
#3485=EDGE_CURVE('',#2248,#2249,#859,.T.);
#3487=EDGE_CURVE('',#2249,#2228,#851,.T.);
#3489=EDGE_CURVE('',#2228,#2229,#799,.T.);
#3491=EDGE_CURVE('',#2229,#2285,#843,.T.);
#3502=EDGE_CURVE('',#2242,#2188,#489,.T.);
#3504=EDGE_CURVE('',#2188,#2189,#1033,.T.);
#3506=EDGE_CURVE('',#2243,#2189,#911,.T.);
#3510=EDGE_CURVE('',#2512,#2513,#493,.T.);
#3512=EDGE_CURVE('',#2517,#2513,#497,.T.);
#3514=EDGE_CURVE('',#2516,#2517,#501,.T.);
#3516=EDGE_CURVE('',#2516,#2512,#505,.T.);
#3520=EDGE_CURVE('',#2536,#2537,#509,.T.);
#3522=EDGE_CURVE('',#2541,#2537,#513,.T.);
#3524=EDGE_CURVE('',#2540,#2541,#517,.T.);
#3526=EDGE_CURVE('',#2540,#2536,#521,.T.);
#3530=EDGE_CURVE('',#2560,#2561,#525,.T.);
#3532=EDGE_CURVE('',#2565,#2561,#529,.T.);
#3534=EDGE_CURVE('',#2564,#2565,#533,.T.);
#3536=EDGE_CURVE('',#2564,#2560,#537,.T.);
#3540=EDGE_CURVE('',#2584,#2585,#541,.T.);
#3542=EDGE_CURVE('',#2589,#2585,#545,.T.);
#3544=EDGE_CURVE('',#2588,#2589,#549,.T.);
#3546=EDGE_CURVE('',#2588,#2584,#553,.T.);
#3550=EDGE_CURVE('',#2608,#2609,#557,.T.);
#3552=EDGE_CURVE('',#2613,#2609,#561,.T.);
#3554=EDGE_CURVE('',#2612,#2613,#565,.T.);
#3556=EDGE_CURVE('',#2612,#2608,#569,.T.);
#3560=EDGE_CURVE('',#2632,#2633,#573,.T.);
#3562=EDGE_CURVE('',#2637,#2633,#577,.T.);
#3564=EDGE_CURVE('',#2636,#2637,#581,.T.);
#3566=EDGE_CURVE('',#2636,#2632,#585,.T.);
#3570=EDGE_CURVE('',#2656,#2657,#589,.T.);
#3572=EDGE_CURVE('',#2661,#2657,#593,.T.);
#3574=EDGE_CURVE('',#2660,#2661,#597,.T.);
#3576=EDGE_CURVE('',#2660,#2656,#601,.T.);
#3580=EDGE_CURVE('',#2680,#2681,#605,.T.);
#3582=EDGE_CURVE('',#2685,#2681,#609,.T.);
#3584=EDGE_CURVE('',#2684,#2685,#613,.T.);
#3586=EDGE_CURVE('',#2684,#2680,#617,.T.);
#3596=EDGE_CURVE('',#2209,#2217,#637,.T.);
#3598=EDGE_CURVE('',#2215,#2217,#738,.T.);
#3600=EDGE_CURVE('',#2192,#2215,#641,.T.);
#3602=EDGE_CURVE('',#2192,#2188,#1037,.T.);
#3606=EDGE_CURVE('',#2735,#2239,#649,.T.);
#3609=EDGE_CURVE('',#2237,#2209,#657,.T.);
#3613=EDGE_CURVE('',#2488,#2489,#621,.T.);
#3616=EDGE_CURVE('',#2492,#2493,#629,.T.);
#3629=EDGE_CURVE('',#2484,#2485,#661,.T.);
#3652=EDGE_CURVE('',#2796,#2797,#677,.T.);
#3665=EDGE_CURVE('',#2792,#2793,#699,.T.);
#3680=EDGE_CURVE('',#2820,#2821,#703,.T.);
#3691=EDGE_CURVE('',#2816,#2817,#717,.T.);
#3716=EDGE_CURVE('',#2217,#2212,#721,.T.);
#3719=EDGE_CURVE('',#2208,#2209,#763,.T.);
#3721=EDGE_CURVE('',#2212,#2208,#725,.T.);
#3731=EDGE_CURVE('',#2223,#2225,#729,.T.);
#3733=EDGE_CURVE('',#2205,#2223,#733,.T.);
#3735=EDGE_CURVE('',#2204,#2205,#867,.T.);
#3737=EDGE_CURVE('',#2204,#2225,#895,.T.);
#3747=EDGE_CURVE('',#2212,#2213,#743,.T.);
#3749=EDGE_CURVE('',#2215,#2213,#1169,.T.);
#3763=EDGE_CURVE('',#2195,#2208,#759,.T.);
#3765=EDGE_CURVE('',#2193,#2195,#997,.T.);
#3767=EDGE_CURVE('',#2193,#2213,#747,.T.);
#3778=EDGE_CURVE('',#2235,#2185,#755,.T.);
#3780=EDGE_CURVE('',#2185,#2195,#1001,.T.);
#3794=EDGE_CURVE('',#2233,#2183,#771,.T.);
#3796=EDGE_CURVE('',#2183,#2185,#1005,.T.);
#3807=EDGE_CURVE('',#2268,#2269,#775,.T.);
#3810=EDGE_CURVE('',#2276,#2277,#783,.T.);
#3813=EDGE_CURVE('',#2272,#2273,#791,.T.);
#3815=EDGE_CURVE('',#2229,#2272,#795,.T.);
#3818=EDGE_CURVE('',#2228,#2181,#803,.T.);
#3820=EDGE_CURVE('',#2181,#2183,#1009,.T.);
#3824=EDGE_CURVE('',#2232,#2269,#811,.T.);
#3835=EDGE_CURVE('',#2269,#2279,#823,.T.);
#3837=EDGE_CURVE('',#2291,#2279,#815,.T.);
#3850=EDGE_CURVE('',#2283,#2287,#819,.T.);
#3852=EDGE_CURVE('',#2272,#2283,#835,.T.);
#3865=EDGE_CURVE('',#2281,#2279,#831,.T.);
#3887=EDGE_CURVE('',#2285,#2283,#839,.T.);
#3914=EDGE_CURVE('',#2260,#2257,#847,.T.);
#3938=EDGE_CURVE('',#2249,#2180,#855,.T.);
#3940=EDGE_CURVE('',#2180,#2181,#1013,.T.);
#3952=EDGE_CURVE('',#2248,#2204,#863,.T.);
#3955=EDGE_CURVE('',#2198,#2205,#871,.T.);
#3957=EDGE_CURVE('',#2198,#2180,#1017,.T.);
#3968=EDGE_CURVE('',#2201,#2221,#891,.T.);
#3970=EDGE_CURVE('',#2225,#2221,#984,.T.);
#3975=EDGE_CURVE('',#2245,#2749,#903,.T.);
#3979=EDGE_CURVE('',#2189,#2201,#1029,.T.);
#3983=EDGE_CURVE('',#2743,#2741,#875,.T.);
#3986=EDGE_CURVE('',#2746,#2747,#883,.T.);
#3998=EDGE_CURVE('',#2738,#2739,#915,.T.);
#4022=EDGE_CURVE('',#2804,#2805,#931,.T.);
#4035=EDGE_CURVE('',#2800,#2801,#953,.T.);
#4050=EDGE_CURVE('',#2812,#2813,#957,.T.);
#4061=EDGE_CURVE('',#2808,#2809,#971,.T.);
#4086=EDGE_CURVE('',#2220,#2221,#975,.T.);
#4089=EDGE_CURVE('',#2199,#2201,#1025,.T.);
#4091=EDGE_CURVE('',#2199,#2220,#979,.T.);
#4102=EDGE_CURVE('',#2220,#2223,#989,.T.);
#4116=EDGE_CURVE('',#2198,#2199,#1021,.T.);
#4128=EDGE_CURVE('',#2192,#2193,#993,.T.);
#4143=EDGE_CURVE('',#2504,#2505,#1041,.T.);
#4145=EDGE_CURVE('',#2508,#2504,#1045,.T.);
#4147=EDGE_CURVE('',#2508,#2509,#1049,.T.);
#4149=EDGE_CURVE('',#2509,#2505,#1053,.T.);
#4153=EDGE_CURVE('',#2528,#2529,#1057,.T.);
#4155=EDGE_CURVE('',#2532,#2528,#1061,.T.);
#4157=EDGE_CURVE('',#2532,#2533,#1065,.T.);
#4159=EDGE_CURVE('',#2533,#2529,#1069,.T.);
#4163=EDGE_CURVE('',#2552,#2553,#1073,.T.);
#4165=EDGE_CURVE('',#2556,#2552,#1077,.T.);
#4167=EDGE_CURVE('',#2556,#2557,#1081,.T.);
#4169=EDGE_CURVE('',#2557,#2553,#1085,.T.);
#4173=EDGE_CURVE('',#2576,#2577,#1089,.T.);
#4175=EDGE_CURVE('',#2580,#2576,#1093,.T.);
#4177=EDGE_CURVE('',#2580,#2581,#1097,.T.);
#4179=EDGE_CURVE('',#2581,#2577,#1101,.T.);
#4183=EDGE_CURVE('',#2600,#2601,#1105,.T.);
#4185=EDGE_CURVE('',#2604,#2600,#1109,.T.);
#4187=EDGE_CURVE('',#2604,#2605,#1113,.T.);
#4189=EDGE_CURVE('',#2605,#2601,#1117,.T.);
#4193=EDGE_CURVE('',#2624,#2625,#1121,.T.);
#4195=EDGE_CURVE('',#2628,#2624,#1125,.T.);
#4197=EDGE_CURVE('',#2628,#2629,#1129,.T.);
#4199=EDGE_CURVE('',#2629,#2625,#1133,.T.);
#4203=EDGE_CURVE('',#2648,#2649,#1137,.T.);
#4205=EDGE_CURVE('',#2652,#2648,#1141,.T.);
#4207=EDGE_CURVE('',#2652,#2653,#1145,.T.);
#4209=EDGE_CURVE('',#2653,#2649,#1149,.T.);
#4213=EDGE_CURVE('',#2672,#2673,#1153,.T.);
#4215=EDGE_CURVE('',#2676,#2672,#1157,.T.);
#4217=EDGE_CURVE('',#2676,#2677,#1161,.T.);
#4219=EDGE_CURVE('',#2677,#2673,#1165,.T.);
#4242=EDGE_CURVE('',#2505,#2501,#1173,.T.);
#4244=EDGE_CURVE('',#2501,#2513,#1178,.T.);
#4247=EDGE_CURVE('',#2512,#2497,#1183,.T.);
#4249=EDGE_CURVE('',#2497,#2504,#1187,.T.);
#4260=EDGE_CURVE('',#2509,#2500,#1209,.T.);
#4262=EDGE_CURVE('',#2500,#2501,#1191,.T.);
#4274=EDGE_CURVE('',#2496,#2508,#1195,.T.);
#4276=EDGE_CURVE('',#2516,#2496,#1200,.T.);
#4279=EDGE_CURVE('',#2500,#2517,#1205,.T.);
#4292=EDGE_CURVE('',#2496,#2497,#1213,.T.);
#4328=EDGE_CURVE('',#2529,#2525,#1217,.T.);
#4330=EDGE_CURVE('',#2525,#2537,#1222,.T.);
#4333=EDGE_CURVE('',#2536,#2521,#1227,.T.);
#4335=EDGE_CURVE('',#2521,#2528,#1231,.T.);
#4346=EDGE_CURVE('',#2533,#2524,#1253,.T.);
#4348=EDGE_CURVE('',#2524,#2525,#1235,.T.);
#4360=EDGE_CURVE('',#2520,#2532,#1239,.T.);
#4362=EDGE_CURVE('',#2540,#2520,#1244,.T.);
#4365=EDGE_CURVE('',#2524,#2541,#1249,.T.);
#4378=EDGE_CURVE('',#2520,#2521,#1257,.T.);
#4414=EDGE_CURVE('',#2553,#2549,#1261,.T.);
#4416=EDGE_CURVE('',#2549,#2561,#1266,.T.);
#4419=EDGE_CURVE('',#2560,#2545,#1271,.T.);
#4421=EDGE_CURVE('',#2545,#2552,#1275,.T.);
#4432=EDGE_CURVE('',#2557,#2548,#1297,.T.);
#4434=EDGE_CURVE('',#2548,#2549,#1279,.T.);
#4446=EDGE_CURVE('',#2544,#2556,#1283,.T.);
#4448=EDGE_CURVE('',#2564,#2544,#1288,.T.);
#4451=EDGE_CURVE('',#2548,#2565,#1293,.T.);
#4464=EDGE_CURVE('',#2544,#2545,#1301,.T.);
#4500=EDGE_CURVE('',#2577,#2573,#1305,.T.);
#4502=EDGE_CURVE('',#2573,#2585,#1310,.T.);
#4505=EDGE_CURVE('',#2584,#2569,#1315,.T.);
#4507=EDGE_CURVE('',#2569,#2576,#1319,.T.);
#4518=EDGE_CURVE('',#2581,#2572,#1341,.T.);
#4520=EDGE_CURVE('',#2572,#2573,#1323,.T.);
#4532=EDGE_CURVE('',#2568,#2580,#1327,.T.);
#4534=EDGE_CURVE('',#2588,#2568,#1332,.T.);
#4537=EDGE_CURVE('',#2572,#2589,#1337,.T.);
#4550=EDGE_CURVE('',#2568,#2569,#1345,.T.);
#4586=EDGE_CURVE('',#2601,#2597,#1349,.T.);
#4588=EDGE_CURVE('',#2597,#2609,#1354,.T.);
#4591=EDGE_CURVE('',#2608,#2593,#1359,.T.);
#4593=EDGE_CURVE('',#2593,#2600,#1363,.T.);
#4604=EDGE_CURVE('',#2605,#2596,#1385,.T.);
#4606=EDGE_CURVE('',#2596,#2597,#1367,.T.);
#4618=EDGE_CURVE('',#2592,#2604,#1371,.T.);
#4620=EDGE_CURVE('',#2612,#2592,#1376,.T.);
#4623=EDGE_CURVE('',#2596,#2613,#1381,.T.);
#4636=EDGE_CURVE('',#2592,#2593,#1389,.T.);
#4672=EDGE_CURVE('',#2625,#2621,#1393,.T.);
#4674=EDGE_CURVE('',#2621,#2633,#1398,.T.);
#4677=EDGE_CURVE('',#2632,#2617,#1403,.T.);
#4679=EDGE_CURVE('',#2617,#2624,#1407,.T.);
#4690=EDGE_CURVE('',#2629,#2620,#1429,.T.);
#4692=EDGE_CURVE('',#2620,#2621,#1411,.T.);
#4704=EDGE_CURVE('',#2616,#2628,#1415,.T.);
#4706=EDGE_CURVE('',#2636,#2616,#1420,.T.);
#4709=EDGE_CURVE('',#2620,#2637,#1425,.T.);
#4722=EDGE_CURVE('',#2616,#2617,#1433,.T.);
#4758=EDGE_CURVE('',#2649,#2645,#1437,.T.);
#4760=EDGE_CURVE('',#2645,#2657,#1442,.T.);
#4763=EDGE_CURVE('',#2656,#2641,#1447,.T.);
#4765=EDGE_CURVE('',#2641,#2648,#1451,.T.);
#4776=EDGE_CURVE('',#2653,#2644,#1473,.T.);
#4778=EDGE_CURVE('',#2644,#2645,#1455,.T.);
#4790=EDGE_CURVE('',#2640,#2652,#1459,.T.);
#4792=EDGE_CURVE('',#2660,#2640,#1464,.T.);
#4795=EDGE_CURVE('',#2644,#2661,#1469,.T.);
#4808=EDGE_CURVE('',#2640,#2641,#1477,.T.);
#4844=EDGE_CURVE('',#2673,#2669,#1481,.T.);
#4846=EDGE_CURVE('',#2669,#2681,#1486,.T.);
#4849=EDGE_CURVE('',#2680,#2665,#1491,.T.);
#4851=EDGE_CURVE('',#2665,#2672,#1495,.T.);
#4862=EDGE_CURVE('',#2677,#2668,#1517,.T.);
#4864=EDGE_CURVE('',#2668,#2669,#1499,.T.);
#4876=EDGE_CURVE('',#2664,#2676,#1503,.T.);
#4878=EDGE_CURVE('',#2684,#2664,#1508,.T.);
#4881=EDGE_CURVE('',#2668,#2685,#1513,.T.);
#4894=EDGE_CURVE('',#2664,#2665,#1521,.T.);
#4930=EDGE_CURVE('',#2727,#2705,#1525,.T.);
#4943=EDGE_CURVE('',#2725,#2703,#1529,.T.);
#4956=EDGE_CURVE('',#2724,#2702,#1533,.T.);
#4969=EDGE_CURVE('',#2779,#2759,#1537,.T.);
#4982=EDGE_CURVE('',#2777,#2757,#1541,.T.);
#5007=EDGE_CURVE('',#2164,#2172,#1549,.T.);
#5009=EDGE_CURVE('',#2172,#2173,#1741,.T.);
#5021=EDGE_CURVE('',#2169,#2177,#1553,.T.);
#5023=EDGE_CURVE('',#2177,#2172,#1745,.T.);
#5028=EDGE_CURVE('',#2424,#2425,#1558,.T.);
#5030=EDGE_CURVE('',#2425,#2424,#1563,.T.);
#5034=EDGE_CURVE('',#2428,#2429,#1568,.T.);
#5036=EDGE_CURVE('',#2429,#2428,#1573,.T.);
#5040=EDGE_CURVE('',#2444,#2445,#1577,.T.);
#5042=EDGE_CURVE('',#2445,#2447,#1581,.T.);
#5044=EDGE_CURVE('',#2447,#2449,#1585,.T.);
#5046=EDGE_CURVE('',#2449,#2444,#1589,.T.);
#5050=EDGE_CURVE('',#2452,#2453,#1593,.T.);
#5052=EDGE_CURVE('',#2453,#2455,#1597,.T.);
#5054=EDGE_CURVE('',#2455,#2457,#1601,.T.);
#5056=EDGE_CURVE('',#2457,#2452,#1605,.T.);
#5060=EDGE_CURVE('',#2360,#2361,#1609,.T.);
#5062=EDGE_CURVE('',#2361,#2363,#1613,.T.);
#5064=EDGE_CURVE('',#2363,#2365,#1617,.T.);
#5066=EDGE_CURVE('',#2365,#2360,#1621,.T.);
#5070=EDGE_CURVE('',#2368,#2369,#1625,.T.);
#5072=EDGE_CURVE('',#2369,#2371,#1629,.T.);
#5074=EDGE_CURVE('',#2371,#2373,#1633,.T.);
#5076=EDGE_CURVE('',#2373,#2368,#1637,.T.);
#5080=EDGE_CURVE('',#2376,#2377,#1641,.T.);
#5082=EDGE_CURVE('',#2377,#2379,#1645,.T.);
#5084=EDGE_CURVE('',#2379,#2381,#1649,.T.);
#5086=EDGE_CURVE('',#2381,#2376,#1653,.T.);
#5090=EDGE_CURVE('',#2384,#2385,#1657,.T.);
#5092=EDGE_CURVE('',#2385,#2387,#1661,.T.);
#5094=EDGE_CURVE('',#2387,#2389,#1665,.T.);
#5096=EDGE_CURVE('',#2389,#2384,#1669,.T.);
#5100=EDGE_CURVE('',#2392,#2393,#1673,.T.);
#5102=EDGE_CURVE('',#2393,#2395,#1677,.T.);
#5104=EDGE_CURVE('',#2395,#2397,#1681,.T.);
#5106=EDGE_CURVE('',#2397,#2392,#1685,.T.);
#5110=EDGE_CURVE('',#2400,#2401,#1689,.T.);
#5112=EDGE_CURVE('',#2401,#2403,#1693,.T.);
#5114=EDGE_CURVE('',#2403,#2405,#1697,.T.);
#5116=EDGE_CURVE('',#2405,#2400,#1701,.T.);
#5120=EDGE_CURVE('',#2408,#2409,#1705,.T.);
#5122=EDGE_CURVE('',#2409,#2411,#1709,.T.);
#5124=EDGE_CURVE('',#2411,#2413,#1713,.T.);
#5126=EDGE_CURVE('',#2413,#2408,#1717,.T.);
#5130=EDGE_CURVE('',#2416,#2417,#1721,.T.);
#5132=EDGE_CURVE('',#2417,#2419,#1725,.T.);
#5134=EDGE_CURVE('',#2419,#2421,#1729,.T.);
#5136=EDGE_CURVE('',#2421,#2416,#1733,.T.);
#5148=EDGE_CURVE('',#2175,#2177,#1749,.T.);
#5171=EDGE_CURVE('',#2432,#2433,#1758,.T.);
#5173=EDGE_CURVE('',#2425,#2433,#1781,.T.);
#5176=EDGE_CURVE('',#2424,#2432,#1762,.T.);
#5187=EDGE_CURVE('',#2439,#2432,#1767,.T.);
#5189=EDGE_CURVE('',#2439,#2433,#1772,.T.);
#5199=EDGE_CURVE('',#2433,#2432,#1777,.T.);
#5223=EDGE_CURVE('',#2436,#2437,#1786,.T.);
#5225=EDGE_CURVE('',#2429,#2437,#1809,.T.);
#5228=EDGE_CURVE('',#2428,#2436,#1790,.T.);
#5239=EDGE_CURVE('',#2441,#2436,#1795,.T.);
#5241=EDGE_CURVE('',#2441,#2437,#1800,.T.);
#5251=EDGE_CURVE('',#2437,#2436,#1805,.T.);
#5275=EDGE_CURVE('',#2475,#2473,#1813,.T.);
#5277=EDGE_CURVE('',#2445,#2473,#1831,.T.);
#5280=EDGE_CURVE('',#2444,#2475,#1817,.T.);
#5290=EDGE_CURVE('',#2472,#2473,#1822,.T.);
#5293=EDGE_CURVE('',#2475,#2477,#1840,.T.);
#5295=EDGE_CURVE('',#2477,#2472,#1835,.T.);
#5306=EDGE_CURVE('',#2481,#2472,#1827,.T.);
#5308=EDGE_CURVE('',#2447,#2481,#1857,.T.);
#5320=EDGE_CURVE('',#2477,#2479,#1849,.T.);
#5322=EDGE_CURVE('',#2481,#2479,#1853,.T.);
#5337=EDGE_CURVE('',#2449,#2479,#1844,.T.);
#5360=EDGE_CURVE('',#2469,#2467,#1861,.T.);
#5362=EDGE_CURVE('',#2453,#2467,#1878,.T.);
#5365=EDGE_CURVE('',#2452,#2469,#1865,.T.);
#5375=EDGE_CURVE('',#2465,#2467,#1883,.T.);
#5378=EDGE_CURVE('',#2469,#2460,#1893,.T.);
#5380=EDGE_CURVE('',#2465,#2460,#1869,.T.);
#5390=EDGE_CURVE('',#2463,#2465,#1874,.T.);
#5392=EDGE_CURVE('',#2455,#2463,#1905,.T.);
#5405=EDGE_CURVE('',#2460,#2461,#1888,.T.);
#5407=EDGE_CURVE('',#2463,#2461,#1901,.T.);
#5423=EDGE_CURVE('',#2457,#2461,#1897,.T.);
#5446=EDGE_CURVE('',#2360,#2296,#1909,.T.);
#5448=EDGE_CURVE('',#2296,#2297,#1925,.T.);
#5450=EDGE_CURVE('',#2361,#2297,#1921,.T.);
#5461=EDGE_CURVE('',#2365,#2301,#1913,.T.);
#5463=EDGE_CURVE('',#2301,#2296,#1929,.T.);
#5475=EDGE_CURVE('',#2363,#2299,#1917,.T.);
#5477=EDGE_CURVE('',#2299,#2301,#1933,.T.);
#5490=EDGE_CURVE('',#2297,#2299,#1937,.T.);
#5513=EDGE_CURVE('',#2304,#2305,#1941,.T.);
#5515=EDGE_CURVE('',#2309,#2304,#1945,.T.);
#5517=EDGE_CURVE('',#2307,#2309,#1949,.T.);
#5519=EDGE_CURVE('',#2305,#2307,#1953,.T.);
#5529=EDGE_CURVE('',#2312,#2313,#1957,.T.);
#5531=EDGE_CURVE('',#2317,#2312,#1961,.T.);
#5533=EDGE_CURVE('',#2315,#2317,#1965,.T.);
#5535=EDGE_CURVE('',#2313,#2315,#1969,.T.);
#5545=EDGE_CURVE('',#2320,#2321,#1973,.T.);
#5547=EDGE_CURVE('',#2325,#2320,#1977,.T.);
#5549=EDGE_CURVE('',#2323,#2325,#1981,.T.);
#5551=EDGE_CURVE('',#2321,#2323,#1985,.T.);
#5561=EDGE_CURVE('',#2328,#2329,#1989,.T.);
#5563=EDGE_CURVE('',#2333,#2328,#1993,.T.);
#5565=EDGE_CURVE('',#2331,#2333,#1997,.T.);
#5567=EDGE_CURVE('',#2329,#2331,#2001,.T.);
#5577=EDGE_CURVE('',#2336,#2337,#2005,.T.);
#5579=EDGE_CURVE('',#2341,#2336,#2009,.T.);
#5581=EDGE_CURVE('',#2339,#2341,#2013,.T.);
#5583=EDGE_CURVE('',#2337,#2339,#2017,.T.);
#5593=EDGE_CURVE('',#2344,#2345,#2021,.T.);
#5595=EDGE_CURVE('',#2349,#2344,#2025,.T.);
#5597=EDGE_CURVE('',#2347,#2349,#2029,.T.);
#5599=EDGE_CURVE('',#2345,#2347,#2033,.T.);
#5609=EDGE_CURVE('',#2352,#2353,#2037,.T.);
#5611=EDGE_CURVE('',#2357,#2352,#2041,.T.);
#5613=EDGE_CURVE('',#2355,#2357,#2045,.T.);
#5615=EDGE_CURVE('',#2353,#2355,#2049,.T.);
#5626=EDGE_CURVE('',#2368,#2304,#2053,.T.);
#5629=EDGE_CURVE('',#2369,#2305,#2065,.T.);
#5640=EDGE_CURVE('',#2373,#2309,#2057,.T.);
#5653=EDGE_CURVE('',#2371,#2307,#2061,.T.);
#5678=EDGE_CURVE('',#2376,#2312,#2069,.T.);
#5681=EDGE_CURVE('',#2377,#2313,#2081,.T.);
#5692=EDGE_CURVE('',#2381,#2317,#2073,.T.);
#5705=EDGE_CURVE('',#2379,#2315,#2077,.T.);
#5730=EDGE_CURVE('',#2384,#2320,#2085,.T.);
#5733=EDGE_CURVE('',#2385,#2321,#2097,.T.);
#5744=EDGE_CURVE('',#2389,#2325,#2089,.T.);
#5757=EDGE_CURVE('',#2387,#2323,#2093,.T.);
#5782=EDGE_CURVE('',#2392,#2328,#2101,.T.);
#5785=EDGE_CURVE('',#2393,#2329,#2113,.T.);
#5796=EDGE_CURVE('',#2397,#2333,#2105,.T.);
#5809=EDGE_CURVE('',#2395,#2331,#2109,.T.);
#5834=EDGE_CURVE('',#2400,#2336,#2117,.T.);
#5837=EDGE_CURVE('',#2401,#2337,#2129,.T.);
#5848=EDGE_CURVE('',#2405,#2341,#2121,.T.);
#5861=EDGE_CURVE('',#2403,#2339,#2125,.T.);
#5886=EDGE_CURVE('',#2408,#2344,#2133,.T.);
#5889=EDGE_CURVE('',#2409,#2345,#2145,.T.);
#5900=EDGE_CURVE('',#2413,#2349,#2137,.T.);
#5913=EDGE_CURVE('',#2411,#2347,#2141,.T.);
#5938=EDGE_CURVE('',#2416,#2352,#2149,.T.);
#5941=EDGE_CURVE('',#2417,#2353,#2161,.T.);
#5952=EDGE_CURVE('',#2421,#2357,#2153,.T.);
#5965=EDGE_CURVE('',#2419,#2355,#2157,.T.);
#5986=(LENGTH_UNIT()NAMED_UNIT(*)SI_UNIT(.MILLI.,.METRE.));
#5988=(NAMED_UNIT(*)PLANE_ANGLE_UNIT()SI_UNIT($,.RADIAN.));
#5991=(NAMED_UNIT(*)SI_UNIT($,.STERADIAN.)SOLID_ANGLE_UNIT());
#5994=ADVANCED_BREP_SHAPE_REPRESENTATION('',(#5985),#5993);
#6001=PRODUCT_DEFINITION('part definition','',#6000,#5997);
#6002=PRODUCT_DEFINITION_SHAPE('','SHAPE FOR C-1734795-1.',#6001);
#6003=SHAPE_ASPECT('','solid data associated with C-1734795-1',#6002,.F.);
#6004=PROPERTY_DEFINITION('',
'shape for solid data with which properties are associated',#6003);
#6005=SHAPE_REPRESENTATION('',(#5985),#5993);
#6006=SHAPE_DEFINITION_REPRESENTATION(#6004,#6005);
#6007=(LENGTH_UNIT()NAMED_UNIT(*)SI_UNIT(.MILLI.,.METRE.));
#6011=PROPERTY_DEFINITION('geometric validation property','area of C-1734795-1',
#6003);
#6012=REPRESENTATION('surface area',(#6010),#5993);
#6013=PROPERTY_DEFINITION_REPRESENTATION(#6011,#6012);
#6014=(LENGTH_UNIT()NAMED_UNIT(*)SI_UNIT(.MILLI.,.METRE.));
#6018=PROPERTY_DEFINITION('geometric validation property',
'volume of C-1734795-1',#6003);
#6019=REPRESENTATION('volume',(#6017),#5993);
#6020=PROPERTY_DEFINITION_REPRESENTATION(#6018,#6019);
#6022=PROPERTY_DEFINITION('geometric validation property',
'centroid of C-1734795-1',#6003);
#6023=REPRESENTATION('centroid',(#6021),#5993);
#6024=PROPERTY_DEFINITION_REPRESENTATION(#6022,#6023);
#6025=(LENGTH_UNIT()NAMED_UNIT(*)SI_UNIT(.MILLI.,.METRE.));
#6029=PROPERTY_DEFINITION('geometric validation property','area of C-1734795-1',
#6002);
#6030=REPRESENTATION('surface area',(#6028),#5993);
#6031=PROPERTY_DEFINITION_REPRESENTATION(#6029,#6030);
#6032=(LENGTH_UNIT()NAMED_UNIT(*)SI_UNIT(.MILLI.,.METRE.));
#6036=PROPERTY_DEFINITION('geometric validation property',
'volume of C-1734795-1',#6002);
#6037=REPRESENTATION('volume',(#6035),#5993);
#6038=PROPERTY_DEFINITION_REPRESENTATION(#6036,#6037);
#6040=PROPERTY_DEFINITION('geometric validation property',
'centroid of C-1734795-1',#6002);
#6041=REPRESENTATION('centroid',(#6039),#5993);
#6042=PROPERTY_DEFINITION_REPRESENTATION(#6040,#6041);
#6043=SHAPE_DEFINITION_REPRESENTATION(#6002,#5994);
#6045=PROPERTY_DEFINITION('user defined attribute','',#6001);
#6049=REPRESENTATION('',(#6048),#5993);
#6050=PROPERTY_DEFINITION_REPRESENTATION(#6045,#6049);
#6051=PROPERTY_DEFINITION('user defined attribute','',#6001);
#6055=REPRESENTATION('',(#6054),#5993);
#6056=PROPERTY_DEFINITION_REPRESENTATION(#6051,#6055);
#6057=PROPERTY_DEFINITION('user defined attribute','',#6001);
#6061=REPRESENTATION('',(#6060),#5993);
#6062=PROPERTY_DEFINITION_REPRESENTATION(#6057,#6061);
#6063=PROPERTY_DEFINITION('user defined attribute','',#6001);
#6067=REPRESENTATION('',(#6066),#5993);
#6068=PROPERTY_DEFINITION_REPRESENTATION(#6063,#6067);
#6069=PROPERTY_DEFINITION('user defined attribute','',#6001);
#6073=REPRESENTATION('',(#6072),#5993);
#6074=PROPERTY_DEFINITION_REPRESENTATION(#6069,#6073);
#6075=PROPERTY_DEFINITION('user defined attribute','',#6001);
#6079=REPRESENTATION('',(#6078),#5993);
#6080=PROPERTY_DEFINITION_REPRESENTATION(#6075,#6079);
#6081=PROPERTY_DEFINITION('user defined attribute','',#6001);
#6085=REPRESENTATION('',(#6084),#5993);
#6086=PROPERTY_DEFINITION_REPRESENTATION(#6081,#6085);
#6087=PROPERTY_DEFINITION('user defined attribute','',#6001);
#6091=REPRESENTATION('',(#6090),#5993);
#6092=PROPERTY_DEFINITION_REPRESENTATION(#6087,#6091);
#6093=PROPERTY_DEFINITION('user defined attribute','',#6001);
#6097=REPRESENTATION('',(#6096),#5993);
#6098=PROPERTY_DEFINITION_REPRESENTATION(#6093,#6097);
#6099=PROPERTY_DEFINITION('user defined attribute','',#6001);
#6103=REPRESENTATION('',(#6102),#5993);
#6104=PROPERTY_DEFINITION_REPRESENTATION(#6099,#6103);
#6105=PROPERTY_DEFINITION('user defined attribute','',#6001);
#6109=REPRESENTATION('',(#6108),#5993);
#6110=PROPERTY_DEFINITION_REPRESENTATION(#6105,#6109);
#6111=PROPERTY_DEFINITION('user defined attribute','',#6001);
#6115=REPRESENTATION('',(#6114),#5993);
#6116=PROPERTY_DEFINITION_REPRESENTATION(#6111,#6115);
#6117=PROPERTY_DEFINITION('user defined attribute','',#6001);
#6121=REPRESENTATION('',(#6120),#5993);
#6122=PROPERTY_DEFINITION_REPRESENTATION(#6117,#6121);
#6123=PROPERTY_DEFINITION('user defined attribute','',#6001);
#6127=REPRESENTATION('',(#6126),#5993);
#6128=PROPERTY_DEFINITION_REPRESENTATION(#6123,#6127);
#6129=PROPERTY_DEFINITION('user defined attribute','',#6001);
#6133=REPRESENTATION('',(#6132),#5993);
#6134=PROPERTY_DEFINITION_REPRESENTATION(#6129,#6133);
#6135=PROPERTY_DEFINITION('user defined attribute','',#6001);
#6139=REPRESENTATION('',(#6138),#5993);
#6140=PROPERTY_DEFINITION_REPRESENTATION(#6135,#6139);
#6141=PROPERTY_DEFINITION('user defined attribute','',#6001);
#6145=REPRESENTATION('',(#6144),#5993);
#6146=PROPERTY_DEFINITION_REPRESENTATION(#6141,#6145);
#6147=PROPERTY_DEFINITION('user defined attribute','',#6001);
#6151=REPRESENTATION('',(#6150),#5993);
#6152=PROPERTY_DEFINITION_REPRESENTATION(#6147,#6151);
#6153=PROPERTY_DEFINITION('user defined attribute','',#6001);
#6157=REPRESENTATION('',(#6156),#5993);
#6158=PROPERTY_DEFINITION_REPRESENTATION(#6153,#6157);
#6159=PROPERTY_DEFINITION('user defined attribute','',#6001);
#6163=REPRESENTATION('',(#6162),#5993);
#6164=PROPERTY_DEFINITION_REPRESENTATION(#6159,#6163);
#6165=PROPERTY_DEFINITION('user defined attribute','',#6001);
#6169=REPRESENTATION('',(#6168),#5993);
#6170=PROPERTY_DEFINITION_REPRESENTATION(#6165,#6169);
#6171=PROPERTY_DEFINITION('user defined attribute','',#6001);
#6175=REPRESENTATION('',(#6174),#5993);
#6176=PROPERTY_DEFINITION_REPRESENTATION(#6171,#6175);
#6177=PROPERTY_DEFINITION('user defined attribute','',#6001);
#6181=REPRESENTATION('',(#6180),#5993);
#6182=PROPERTY_DEFINITION_REPRESENTATION(#6177,#6181);
#6183=PROPERTY_DEFINITION('user defined attribute','',#6001);
#6187=REPRESENTATION('',(#6186),#5993);
#6188=PROPERTY_DEFINITION_REPRESENTATION(#6183,#6187);
ENDSEC;
END-ISO-10303-21;
