ISO-10303-21;
HEADER;
FILE_DESCRIPTION (( 'STEP AP214' ),
    '1' );
FILE_NAME ('ADT1-1WT+.STEP',
    '2023-06-19T15:50:25',
    ( '' ),
    ( '' ),
    'SwSTEP 2.0',
    'SolidWorks 2021',
    '' );
FILE_SCHEMA (( 'AUTOMOTIVE_DESIGN' ));
ENDSEC;

DATA;
#1 = MECHANICAL_DESIGN_GEOMETRIC_PRESENTATION_REPRESENTATION (  '', ( #449 ), #1467 ) ;
#2 = CARTESIAN_POINT ( 'NONE',  ( 1.624999999999999334, 0.1499999999999999667, 0.3799999999999996714 ) ) ;
#3 = ORIENTED_EDGE ( 'NONE', *, *, #1446, .T. ) ;
#4 = EDGE_CURVE ( 'NONE', #940, #1009, #250, .T. ) ;
#5 = EDGE_CURVE ( 'NONE', #394, #1623, #1448, .T. ) ;
#6 = LINE ( 'NONE', #426, #1122 ) ;
#7 = ORIENTED_EDGE ( 'NONE', *, *, #1182, .F. ) ;
#8 = CIRCLE ( 'NONE', #1700, 0.2499999999999997780 ) ;
#9 = LINE ( 'NONE', #550, #219 ) ;
#10 = DIRECTION ( 'NONE',  ( 0.000000000000000000, 1.000000000000000000, 0.000000000000000000 ) ) ;
#11 = VECTOR ( 'NONE', #103, 1000.000000000000000 ) ;
#12 = FILL_AREA_STYLE_COLOUR ( '', #1226 ) ;
#13 = AXIS2_PLACEMENT_3D ( 'NONE', #521, #1485, #1736 ) ;
#14 =( NAMED_UNIT ( * ) PLANE_ANGLE_UNIT ( ) SI_UNIT ( $, .RADIAN. ) );
#15 = ORIENTED_EDGE ( 'NONE', *, *, #864, .F. ) ;
#16 = ADVANCED_FACE ( 'NONE', ( #653 ), #795, .F. ) ;
#17 = ORIENTED_EDGE ( 'NONE', *, *, #429, .T. ) ;
#18 = AXIS2_PLACEMENT_3D ( 'NONE', #1607, #1199, #233 ) ;
#19 = DIRECTION ( 'NONE',  ( -0.000000000000000000, -0.000000000000000000, -1.000000000000000000 ) ) ;
#20 = DIRECTION ( 'NONE',  ( -0.000000000000000000, -1.000000000000000000, -0.000000000000000000 ) ) ;
#21 = FACE_OUTER_BOUND ( 'NONE', #1177, .T. ) ;
#22 = CARTESIAN_POINT ( 'NONE',  ( -3.455000000000000071, 0.000000000000000000, 2.919999999999999929 ) ) ;
#23 = ORIENTED_EDGE ( 'NONE', *, *, #1581, .F. ) ;
#24 = VERTEX_POINT ( 'NONE', #1069 ) ;
#25 = CARTESIAN_POINT ( 'NONE',  ( -1.994999999999999885, 2.739999999999999769, -3.384999999999999787 ) ) ;
#26 = VERTEX_POINT ( 'NONE', #1037 ) ;
#27 = EDGE_CURVE ( 'NONE', #1179, #1278, #1062, .T. ) ;
#28 = DIRECTION ( 'NONE',  ( -1.000000000000000000, 0.000000000000000000, 0.000000000000000000 ) ) ;
#29 = LINE ( 'NONE', #1408, #390 ) ;
#30 = PRODUCT_DEFINITION_FORMATION_WITH_SPECIFIED_SOURCE ( 'ANY', '', #213, .NOT_KNOWN. ) ;
#31 = DIRECTION ( 'NONE',  ( -1.000000000000000000, 0.000000000000000000, 0.000000000000000000 ) ) ;
#32 = ORIENTED_EDGE ( 'NONE', *, *, #945, .T. ) ;
#33 = CARTESIAN_POINT ( 'NONE',  ( -2.794999999999999929, 0.1499999999999999944, -2.160000000000000586 ) ) ;
#34 = ORIENTED_EDGE ( 'NONE', *, *, #1085, .T. ) ;
#35 = VECTOR ( 'NONE', #816, 1000.000000000000000 ) ;
#36 = ADVANCED_FACE ( 'NONE', ( #1465 ), #931, .F. ) ;
#37 = AXIS2_PLACEMENT_3D ( 'NONE', #337, #76, #192 ) ;
#38 = FACE_OUTER_BOUND ( 'NONE', #457, .T. ) ;
#39 = ADVANCED_FACE ( 'NONE', ( #89 ), #924, .F. ) ;
#40 = COLOUR_RGB ( '',0.7921568627450980005, 0.8196078431372548767, 0.9333333333333333481 ) ;
#41 = CARTESIAN_POINT ( 'NONE',  ( -1.624999999999999334, 0.1499999999999999667, 2.919999999999999929 ) ) ;
#42 = LINE ( 'NONE', #1545, #150 ) ;
#43 = VERTEX_POINT ( 'NONE', #109 ) ;
#44 = ORIENTED_EDGE ( 'NONE', *, *, #140, .F. ) ;
#45 = LINE ( 'NONE', #1560, #610 ) ;
#46 = CARTESIAN_POINT ( 'NONE',  ( 3.455000000000000071, 0.000000000000000000, 2.160000000000000142 ) ) ;
#47 = ORIENTED_EDGE ( 'NONE', *, *, #1103, .F. ) ;
#48 = LINE ( 'NONE', #1406, #819 ) ;
#49 = ORIENTED_EDGE ( 'NONE', *, *, #943, .F. ) ;
#50 = FACE_OUTER_BOUND ( 'NONE', #633, .T. ) ;
#51 = ADVANCED_FACE ( 'NONE', ( #1336 ), #617, .F. ) ;
#52 = LINE ( 'NONE', #1678, #1510 ) ;
#53 = DIRECTION ( 'NONE',  ( 0.000000000000000000, 0.000000000000000000, 1.000000000000000000 ) ) ;
#54 = EDGE_CURVE ( 'NONE', #846, #1528, #1456, .T. ) ;
#55 = ORIENTED_EDGE ( 'NONE', *, *, #534, .T. ) ;
#56 = ORIENTED_EDGE ( 'NONE', *, *, #703, .F. ) ;
#57 = DIRECTION ( 'NONE',  ( 2.316671308729709494E-17, -1.000000000000000000, 0.000000000000000000 ) ) ;
#58 = CARTESIAN_POINT ( 'NONE',  ( -2.794999999999999929, 0.1499999999999999944, -0.3800000000000001155 ) ) ;
#59 = LINE ( 'NONE', #46, #1625 ) ;
#60 = EDGE_LOOP ( 'NONE', ( #1080, #1661, #393, #309 ) ) ;
#61 = DIRECTION ( 'NONE',  ( -1.000000000000000000, 2.316671308729709494E-17, -0.000000000000000000 ) ) ;
#62 = ORIENTED_EDGE ( 'NONE', *, *, #822, .F. ) ;
#63 = PLANE ( 'NONE',  #333 ) ;
#64 = DIRECTION ( 'NONE',  ( -0.000000000000000000, -1.000000000000000000, -0.000000000000000000 ) ) ;
#65 = LINE ( 'NONE', #41, #1071 ) ;
#66 = EDGE_CURVE ( 'NONE', #172, #805, #223, .T. ) ;
#67 = SHAPE_DEFINITION_REPRESENTATION ( #523, #851 ) ;
#68 = ORIENTED_EDGE ( 'NONE', *, *, #1138, .T. ) ;
#69 = VECTOR ( 'NONE', #182, 1000.000000000000000 ) ;
#70 = CARTESIAN_POINT ( 'NONE',  ( -2.794999999999999929, 0.2000000000000000944, 0.3799999999999996714 ) ) ;
#71 = ORIENTED_EDGE ( 'NONE', *, *, #1379, .F. ) ;
#72 = EDGE_CURVE ( 'NONE', #346, #1743, #1319, .T. ) ;
#73 = ORIENTED_EDGE ( 'NONE', *, *, #480, .T. ) ;
#74 =( LENGTH_UNIT ( ) NAMED_UNIT ( * ) SI_UNIT ( .MILLI., .METRE. ) );
#75 = VECTOR ( 'NONE', #994, 1000.000000000000000 ) ;
#76 = DIRECTION ( 'NONE',  ( 0.000000000000000000, 1.000000000000000000, 0.000000000000000000 ) ) ;
#77 = CIRCLE ( 'NONE', #935, 0.2499999999999997780 ) ;
#78 = AXIS2_PLACEMENT_3D ( 'NONE', #1475, #479, #214 ) ;
#79 = DIRECTION ( 'NONE',  ( 0.000000000000000000, 1.000000000000000000, 0.000000000000000000 ) ) ;
#80 = VECTOR ( 'NONE', #777, 1000.000000000000000 ) ;
#81 = ORIENTED_EDGE ( 'NONE', *, *, #480, .F. ) ;
#82 = DIRECTION ( 'NONE',  ( -1.000000000000000000, 0.000000000000000000, -0.000000000000000000 ) ) ;
#83 = FILL_AREA_STYLE ('',( #1564 ) ) ;
#84 = CARTESIAN_POINT ( 'NONE',  ( -1.994999999999999885, 2.839999999999999858, -3.135000000000000231 ) ) ;
#85 = FACE_OUTER_BOUND ( 'NONE', #417, .T. ) ;
#86 = SURFACE_STYLE_FILL_AREA ( #1453 ) ;
#87 = ORIENTED_EDGE ( 'NONE', *, *, #790, .T. ) ;
#88 = STYLED_ITEM ( 'NONE', ( #268 ), #176 ) ;
#89 = FACE_OUTER_BOUND ( 'NONE', #649, .T. ) ;
#90 = APPLICATION_CONTEXT ( 'automotive_design' ) ;
#91 = CARTESIAN_POINT ( 'NONE',  ( -1.994999999999999885, 2.032893218813452751, -2.885000000000000231 ) ) ;
#92 = PLANE ( 'NONE',  #764 ) ;
#93 = ADVANCED_FACE ( 'NONE', ( #1492 ), #1533, .F. ) ;
#94 = CARTESIAN_POINT ( 'NONE',  ( -1.994999999999999885, 2.739999999999999769, -3.135000000000000231 ) ) ;
#95 = DIRECTION ( 'NONE',  ( 1.000000000000000000, 0.000000000000000000, -0.000000000000000000 ) ) ;
#96 =( LENGTH_UNIT ( ) NAMED_UNIT ( * ) SI_UNIT ( .MILLI., .METRE. ) );
#97 = PRODUCT_DEFINITION_CONTEXT ( 'detailed design', #365, 'design' ) ;
#98 = EDGE_LOOP ( 'NONE', ( #363, #1487, #1186, #467, #1121, #1751 ) ) ;
#99 = EDGE_LOOP ( 'NONE', ( #115, #427, #254, #659, #380, #1675 ) ) ;
#100 = LINE ( 'NONE', #1057, #844 ) ;
#101 = PLANE ( 'NONE',  #1076 ) ;
#102 = DIRECTION ( 'NONE',  ( -2.316671308729709494E-17, -1.000000000000000000, 0.000000000000000000 ) ) ;
#103 = DIRECTION ( 'NONE',  ( 1.000000000000000000, 2.316671308729709494E-17, 0.000000000000000000 ) ) ;
#104 = ADVANCED_FACE ( 'NONE', ( #1630 ), #178, .F. ) ;
#105 = MECHANICAL_DESIGN_GEOMETRIC_PRESENTATION_REPRESENTATION (  '', ( #874 ), #1189 ) ;
#106 = VERTEX_POINT ( 'NONE', #811 ) ;
#107 = VECTOR ( 'NONE', #591, 1000.000000000000000 ) ;
#108 = DIRECTION ( 'NONE',  ( 0.000000000000000000, -0.000000000000000000, 1.000000000000000000 ) ) ;
#109 = CARTESIAN_POINT ( 'NONE',  ( 1.624999999999999334, 0.000000000000000000, 2.160000000000000142 ) ) ;
#110 = VECTOR ( 'NONE', #205, 1000.000000000000000 ) ;
#111 = ORIENTED_EDGE ( 'NONE', *, *, #936, .T. ) ;
#112 = DIRECTION ( 'NONE',  ( 1.000000000000000000, 0.000000000000000000, 0.000000000000000000 ) ) ;
#113 = DIRECTION ( 'NONE',  ( 0.000000000000000000, 0.000000000000000000, -1.000000000000000000 ) ) ;
#114 = CARTESIAN_POINT ( 'NONE',  ( 2.794999999999999929, 0.2000000000000000944, -2.920000000000000373 ) ) ;
#115 = ORIENTED_EDGE ( 'NONE', *, *, #488, .T. ) ;
#116 = DIRECTION ( 'NONE',  ( 0.000000000000000000, -0.000000000000000000, -1.000000000000000000 ) ) ;
#117 = EDGE_LOOP ( 'NONE', ( #1454, #868, #1106, #1133, #153, #1170 ) ) ;
#118 = EDGE_CURVE ( 'NONE', #328, #1708, #1648, .T. ) ;
#119 = AXIS2_PLACEMENT_3D ( 'NONE', #672, #165, #529 ) ;
#120 = LINE ( 'NONE', #1340, #1735 ) ;
#121 = DIRECTION ( 'NONE',  ( 1.000000000000000000, -1.232047923278981460E-16, -0.000000000000000000 ) ) ;
#122 = CARTESIAN_POINT ( 'NONE',  ( -3.455000000000000071, 0.000000000000000000, -2.160000000000000586 ) ) ;
#123 = ORIENTED_EDGE ( 'NONE', *, *, #747, .T. ) ;
#124 = EDGE_LOOP ( 'NONE', ( #127, #1583, #1362, #401 ) ) ;
#125 = EDGE_CURVE ( 'NONE', #585, #290, #1287, .T. ) ;
#126 = CARTESIAN_POINT ( 'NONE',  ( -3.455000000000000071, 0.000000000000000000, 2.919999999999999929 ) ) ;
#127 = ORIENTED_EDGE ( 'NONE', *, *, #415, .F. ) ;
#128 = SURFACE_STYLE_USAGE ( .BOTH. , #1664 ) ;
#129 = VECTOR ( 'NONE', #953, 1000.000000000000000 ) ;
#130 = VERTEX_POINT ( 'NONE', #718 ) ;
#131 = VECTOR ( 'NONE', #1529, 1000.000000000000000 ) ;
#132 = DIRECTION ( 'NONE',  ( 0.000000000000000000, -0.000000000000000000, 1.000000000000000000 ) ) ;
#133 = CARTESIAN_POINT ( 'NONE',  ( -1.624999999999999334, 0.1499999999999999667, -2.160000000000000586 ) ) ;
#134 = CARTESIAN_POINT ( 'NONE',  ( -2.794999999999999929, 0.1499999999999999944, -3.935000000000000053 ) ) ;
#135 = LINE ( 'NONE', #1373, #421 ) ;
#136 = EDGE_LOOP ( 'NONE', ( #49, #348, #420, #644 ) ) ;
#137 = CARTESIAN_POINT ( 'NONE',  ( -1.624999999999999334, 0.1499999999999999667, -0.3800000000000001155 ) ) ;
#138 = ORIENTED_EDGE ( 'NONE', *, *, #1150, .F. ) ;
#139 = CARTESIAN_POINT ( 'NONE',  ( -3.455000000000000071, 0.2000000000000000111, 2.919999999999999929 ) ) ;
#140 = EDGE_CURVE ( 'NONE', #195, #1577, #857, .T. ) ;
#141 =( NAMED_UNIT ( * ) PLANE_ANGLE_UNIT ( ) SI_UNIT ( $, .RADIAN. ) );
#142 = EDGE_LOOP ( 'NONE', ( #73, #161, #702, #515 ) ) ;
#143 = LINE ( 'NONE', #831, #1644 ) ;
#144 = DIRECTION ( 'NONE',  ( -2.316671308729709494E-17, -1.000000000000000000, 0.000000000000000000 ) ) ;
#145 = DIRECTION ( 'NONE',  ( -1.000000000000000000, -1.232047923278981460E-16, -0.000000000000000000 ) ) ;
#146 = CARTESIAN_POINT ( 'NONE',  ( -2.794999999999999929, 0.1499999999999999944, 0.3799999999999996714 ) ) ;
#147 = ADVANCED_FACE ( 'NONE', ( #1361 ), #400, .F. ) ;
#148 = PLANE ( 'NONE',  #355 ) ;
#149 = VERTEX_POINT ( 'NONE', #661 ) ;
#150 = VECTOR ( 'NONE', #897, 1000.000000000000000 ) ;
#151 = VECTOR ( 'NONE', #658, 1000.000000000000000 ) ;
#152 = LINE ( 'NONE', #163, #1641 ) ;
#153 = ORIENTED_EDGE ( 'NONE', *, *, #1175, .T. ) ;
#154 = VECTOR ( 'NONE', #773, 1000.000000000000000 ) ;
#155 = VECTOR ( 'NONE', #613, 1000.000000000000000 ) ;
#156 =( LENGTH_UNIT ( ) NAMED_UNIT ( * ) SI_UNIT ( .MILLI., .METRE. ) );
#157 =( NAMED_UNIT ( * ) PLANE_ANGLE_UNIT ( ) SI_UNIT ( $, .RADIAN. ) );
#158 = DIRECTION ( 'NONE',  ( -1.000000000000000000, 0.000000000000000000, 0.000000000000000000 ) ) ;
#159 = PLANE ( 'NONE',  #1359 ) ;
#160 = ORIENTED_EDGE ( 'NONE', *, *, #841, .F. ) ;
#161 = ORIENTED_EDGE ( 'NONE', *, *, #675, .F. ) ;
#162 = EDGE_CURVE ( 'NONE', #609, #1416, #707, .T. ) ;
#163 = CARTESIAN_POINT ( 'NONE',  ( -1.624999999999999334, 0.1499999999999999667, -0.3800000000000001155 ) ) ;
#164 = CLOSED_SHELL ( 'NONE', ( #104, #51, #519, #490, #384, #1252, #1654, #814 ) ) ;
#165 = DIRECTION ( 'NONE',  ( 0.000000000000000000, 1.000000000000000000, 0.000000000000000000 ) ) ;
#166 = CARTESIAN_POINT ( 'NONE',  ( -2.794999999999999929, 15.33323779879061988, 3.935000000000000053 ) ) ;
#167 = DIRECTION ( 'NONE',  ( 0.000000000000000000, -0.000000000000000000, 1.000000000000000000 ) ) ;
#168 = DIRECTION ( 'NONE',  ( 1.000000000000000000, 0.000000000000000000, 0.000000000000000000 ) ) ;
#169 = MANIFOLD_SOLID_BREP ( 'Boss-Extrude3', #1716 ) ;
#170 = ORIENTED_EDGE ( 'NONE', *, *, #245, .F. ) ;
#171 = EDGE_CURVE ( 'NONE', #1342, #940, #939, .T. ) ;
#172 = VERTEX_POINT ( 'NONE', #971 ) ;
#173 = DIRECTION ( 'NONE',  ( -1.000000000000000000, -2.316671308729709494E-17, 0.000000000000000000 ) ) ;
#174 = EDGE_CURVE ( 'NONE', #130, #1509, #1267, .T. ) ;
#175 = CARTESIAN_POINT ( 'NONE',  ( 3.455000000000000071, 0.000000000000000000, 2.160000000000000142 ) ) ;
#176 = MANIFOLD_SOLID_BREP ( 'LPattern1[1]', #705 ) ;
#177 = DIRECTION ( 'NONE',  ( 0.000000000000000000, -0.000000000000000000, -1.000000000000000000 ) ) ;
#178 = PLANE ( 'NONE',  #1495 ) ;
#179 = FILL_AREA_STYLE_COLOUR ( '', #1680 ) ;
#180 = CARTESIAN_POINT ( 'NONE',  ( 2.794999999999999929, 15.33323779879061988, 3.935000000000000053 ) ) ;
#181 = CARTESIAN_POINT ( 'NONE',  ( -1.994999999999999885, 2.739999999999999769, -3.135000000000000231 ) ) ;
#182 = DIRECTION ( 'NONE',  ( 1.000000000000000000, 2.316671308729709494E-17, 0.000000000000000000 ) ) ;
#183 = ORIENTED_EDGE ( 'NONE', *, *, #171, .T. ) ;
#184 = ORIENTED_EDGE ( 'NONE', *, *, #209, .F. ) ;
#185 = CARTESIAN_POINT ( 'NONE',  ( 1.624999999999999334, 0.1499999999999999667, -2.160000000000000586 ) ) ;
#186 = AXIS2_PLACEMENT_3D ( 'NONE', #871, #1398, #316 ) ;
#187 = FILL_AREA_STYLE ('',( #1313 ) ) ;
#188 = DIRECTION ( 'NONE',  ( 0.000000000000000000, -0.000000000000000000, 1.000000000000000000 ) ) ;
#189 = ORIENTED_EDGE ( 'NONE', *, *, #466, .T. ) ;
#190 = EDGE_CURVE ( 'NONE', #1070, #781, #538, .T. ) ;
#191 = VECTOR ( 'NONE', #112, 1000.000000000000000 ) ;
#192 = DIRECTION ( 'NONE',  ( 0.000000000000000000, 0.000000000000000000, 1.000000000000000000 ) ) ;
#193 = CARTESIAN_POINT ( 'NONE',  ( 0.000000000000000000, 0.000000000000000000, 2.919999999999999929 ) ) ;
#194 = CARTESIAN_POINT ( 'NONE',  ( -3.455000000000000071, 0.2000000000000000111, 2.160000000000000142 ) ) ;
#195 = VERTEX_POINT ( 'NONE', #1097 ) ;
#196 = DIRECTION ( 'NONE',  ( -1.000000000000000000, 2.316671308729709494E-17, -0.000000000000000000 ) ) ;
#197 = ORIENTED_EDGE ( 'NONE', *, *, #1153, .T. ) ;
#198 = DIRECTION ( 'NONE',  ( -1.000000000000000000, 0.000000000000000000, 0.000000000000000000 ) ) ;
#199 =( GEOMETRIC_REPRESENTATION_CONTEXT ( 3 ) GLOBAL_UNCERTAINTY_ASSIGNED_CONTEXT ( ( #1334 ) ) GLOBAL_UNIT_ASSIGNED_CONTEXT ( ( #1090, #409, #957 ) ) REPRESENTATION_CONTEXT ( 'NONE', 'WORKASPACE' ) );
#200 = DIRECTION ( 'NONE',  ( 0.000000000000000000, -1.000000000000000000, -0.000000000000000000 ) ) ;
#201 = DIRECTION ( 'NONE',  ( 0.000000000000000000, 1.000000000000000000, 0.000000000000000000 ) ) ;
#202 = EDGE_CURVE ( 'NONE', #149, #711, #135, .T. ) ;
#203 = FACE_OUTER_BOUND ( 'NONE', #865, .T. ) ;
#204 = VERTEX_POINT ( 'NONE', #139 ) ;
#205 = DIRECTION ( 'NONE',  ( -0.000000000000000000, -0.000000000000000000, -1.000000000000000000 ) ) ;
#206 = MANIFOLD_SOLID_BREP ( 'LPattern1[4]', #1250 ) ;
#207 = CARTESIAN_POINT ( 'NONE',  ( 2.794999999999999929, 0.1499999999999999944, -2.920000000000000373 ) ) ;
#208 = CARTESIAN_POINT ( 'NONE',  ( -1.624999999999999334, 0.1499999999999999667, -2.160000000000000586 ) ) ;
#209 = EDGE_CURVE ( 'NONE', #599, #1640, #688, .T. ) ;
#210 = EDGE_LOOP ( 'NONE', ( #1598, #748, #111, #1045 ) ) ;
#211 = PRESENTATION_LAYER_ASSIGNMENT (  '', '', ( #492 ) ) ;
#212 = ORIENTED_EDGE ( 'NONE', *, *, #559, .F. ) ;
#213 = PRODUCT ( 'ADT1-1WT+', 'ADT1-1WT+', '', ( #1426 ) ) ;
#214 = DIRECTION ( 'NONE',  ( 0.000000000000000000, 0.000000000000000000, 1.000000000000000000 ) ) ;
#215 = AXIS2_PLACEMENT_3D ( 'NONE', #1424, #1007, #1570 ) ;
#216 = MANIFOLD_SOLID_BREP ( 'Mirror1', #164 ) ;
#217 = LINE ( 'NONE', #779, #547 ) ;
#218 = VECTOR ( 'NONE', #1535, 1000.000000000000000 ) ;
#219 = VECTOR ( 'NONE', #1104, 1000.000000000000000 ) ;
#220 =( NAMED_UNIT ( * ) PLANE_ANGLE_UNIT ( ) SI_UNIT ( $, .RADIAN. ) );
#221 = UNCERTAINTY_MEASURE_WITH_UNIT (LENGTH_MEASURE( 1.000000000000000082E-05 ), #1665, 'distance_accuracy_value', 'NONE');
#222 = EDGE_LOOP ( 'NONE', ( #1698, #1701, #1557, #1497, #371, #862 ) ) ;
#223 = LINE ( 'NONE', #1727, #1172 ) ;
#224 = ADVANCED_FACE ( 'NONE', ( #286 ), #966, .F. ) ;
#225 = ORIENTED_EDGE ( 'NONE', *, *, #140, .T. ) ;
#226 = CARTESIAN_POINT ( 'NONE',  ( -1.624999999999999334, 0.000000000000000000, -2.160000000000000586 ) ) ;
#227 = DIRECTION ( 'NONE',  ( -1.000000000000000000, -1.232047923278981460E-16, -0.000000000000000000 ) ) ;
#228 = PRESENTATION_STYLE_ASSIGNMENT (( #1462 ) ) ;
#229 = COLOUR_RGB ( '',0.2509803921568627416, 0.2509803921568627416, 0.2509803921568627416 ) ;
#230 = ORIENTED_EDGE ( 'NONE', *, *, #1175, .F. ) ;
#231 = LINE ( 'NONE', #794, #638 ) ;
#232 = VECTOR ( 'NONE', #1100, 1000.000000000000000 ) ;
#233 = DIRECTION ( 'NONE',  ( 0.000000000000000000, 0.000000000000000000, -1.000000000000000000 ) ) ;
#234 = ADVANCED_FACE ( 'NONE', ( #972 ), #1257, .T. ) ;
#235 = CARTESIAN_POINT ( 'NONE',  ( -2.794999999999999929, 2.839999999999998970, -3.935000000000000053 ) ) ;
#236 = CARTESIAN_POINT ( 'NONE',  ( 3.455000000000000071, 0.2000000000000000111, -2.160000000000000586 ) ) ;
#237 = EDGE_LOOP ( 'NONE', ( #319, #1441, #1771, #907 ) ) ;
#238 = VERTEX_POINT ( 'NONE', #1388 ) ;
#239 = PLANE ( 'NONE',  #246 ) ;
#240 = ORIENTED_EDGE ( 'NONE', *, *, #619, .F. ) ;
#241 = EDGE_LOOP ( 'NONE', ( #1280, #564, #1047, #1195, #1552, #1726 ) ) ;
#242 = DIRECTION ( 'NONE',  ( 0.000000000000000000, 0.000000000000000000, 1.000000000000000000 ) ) ;
#243 = DIRECTION ( 'NONE',  ( 2.316671308729709494E-17, -1.000000000000000000, 0.000000000000000000 ) ) ;
#244 = CARTESIAN_POINT ( 'NONE',  ( -3.455000000000000071, 0.000000000000000000, 2.919999999999999929 ) ) ;
#245 = EDGE_CURVE ( 'NONE', #1350, #1030, #29, .T. ) ;
#246 = AXIS2_PLACEMENT_3D ( 'NONE', #364, #399, #372 ) ;
#247 = ORIENTED_EDGE ( 'NONE', *, *, #423, .T. ) ;
#248 = VECTOR ( 'NONE', #1210, 1000.000000000000000 ) ;
#249 = FACE_OUTER_BOUND ( 'NONE', #210, .T. ) ;
#250 = LINE ( 'NONE', #349, #774 ) ;
#251 = CIRCLE ( 'NONE', #1624, 0.2499999999999997780 ) ;
#252 = ORIENTED_EDGE ( 'NONE', *, *, #1591, .F. ) ;
#253 = CARTESIAN_POINT ( 'NONE',  ( -3.455000000000000071, 0.000000000000000000, 2.160000000000000142 ) ) ;
#254 = ORIENTED_EDGE ( 'NONE', *, *, #1452, .T. ) ;
#255 = LINE ( 'NONE', #921, #1129 ) ;
#256 = ADVANCED_FACE ( 'NONE', ( #1091 ), #410, .F. ) ;
#257 = EDGE_LOOP ( 'NONE', ( #225, #604, #386, #1659 ) ) ;
#258 = FILL_AREA_STYLE_COLOUR ( '', #229 ) ;
#259 = AXIS2_PLACEMENT_3D ( 'NONE', #1396, #991, #978 ) ;
#260 = ORIENTED_EDGE ( 'NONE', *, *, #926, .T. ) ;
#261 = ORIENTED_EDGE ( 'NONE', *, *, #1720, .F. ) ;
#262 = DIRECTION ( 'NONE',  ( -0.000000000000000000, 1.000000000000000000, -0.000000000000000000 ) ) ;
#263 = SURFACE_SIDE_STYLE ('',( #1499 ) ) ;
#264 = ORIENTED_EDGE ( 'NONE', *, *, #54, .T. ) ;
#265 = CARTESIAN_POINT ( 'NONE',  ( 1.624999999999999334, 0.000000000000000000, -2.160000000000000586 ) ) ;
#266 = DIRECTION ( 'NONE',  ( 0.000000000000000000, 1.000000000000000000, 0.000000000000000000 ) ) ;
#267 = AXIS2_PLACEMENT_3D ( 'NONE', #70, #1059, #1655 ) ;
#268 = PRESENTATION_STYLE_ASSIGNMENT (( #676 ) ) ;
#269 = COLOUR_RGB ( '',0.7921568627450980005, 0.8196078431372548767, 0.9333333333333333481 ) ;
#270 = VECTOR ( 'NONE', #1651, 1000.000000000000000 ) ;
#271 = ORIENTED_EDGE ( 'NONE', *, *, #27, .F. ) ;
#272 = VECTOR ( 'NONE', #64, 1000.000000000000000 ) ;
#273 = LINE ( 'NONE', #265, #932 ) ;
#274 = EDGE_CURVE ( 'NONE', #1120, #934, #303, .T. ) ;
#275 = ORIENTED_EDGE ( 'NONE', *, *, #274, .T. ) ;
#276 = SURFACE_STYLE_USAGE ( .BOTH. , #687 ) ;
#277 = LINE ( 'NONE', #1232, #694 ) ;
#278 = FACE_OUTER_BOUND ( 'NONE', #222, .T. ) ;
#279 = EDGE_LOOP ( 'NONE', ( #1695, #749 ) ) ;
#280 = EDGE_CURVE ( 'NONE', #1342, #501, #277, .T. ) ;
#281 = CLOSED_SHELL ( 'NONE', ( #503, #1474, #690, #557, #1500, #345, #594, #1125 ) ) ;
#282 = DIRECTION ( 'NONE',  ( 0.000000000000000000, 0.000000000000000000, 1.000000000000000000 ) ) ;
#283 = DIRECTION ( 'NONE',  ( 0.000000000000000000, 1.000000000000000000, 0.000000000000000000 ) ) ;
#284 = ORIENTED_EDGE ( 'NONE', *, *, #1591, .T. ) ;
#285 = EDGE_CURVE ( 'NONE', #346, #1342, #418, .T. ) ;
#286 = FACE_OUTER_BOUND ( 'NONE', #324, .T. ) ;
#287 = CYLINDRICAL_SURFACE ( 'NONE', #752, 0.2499999999999997780 ) ;
#288 = VERTEX_POINT ( 'NONE', #1040 ) ;
#289 = LINE ( 'NONE', #1530, #1046 ) ;
#290 = VERTEX_POINT ( 'NONE', #1176 ) ;
#291 = MECHANICAL_DESIGN_GEOMETRIC_PRESENTATION_REPRESENTATION (  '', ( #492 ), #901 ) ;
#292 = FILL_AREA_STYLE_COLOUR ( '', #448 ) ;
#293 = DIRECTION ( 'NONE',  ( -0.000000000000000000, -0.000000000000000000, -1.000000000000000000 ) ) ;
#294 = EDGE_CURVE ( 'NONE', #1056, #873, #1676, .T. ) ;
#295 = LINE ( 'NONE', #307, #662 ) ;
#296 = ORIENTED_EDGE ( 'NONE', *, *, #684, .T. ) ;
#297 = VECTOR ( 'NONE', #1472, 1000.000000000000000 ) ;
#298 = VECTOR ( 'NONE', #1690, 1000.000000000000000 ) ;
#299 = CARTESIAN_POINT ( 'NONE',  ( -2.794999999999999929, 0.1499999999999999944, 2.919999999999999929 ) ) ;
#300 = AXIS2_PLACEMENT_3D ( 'NONE', #1719, #589, #729 ) ;
#301 = VECTOR ( 'NONE', #1746, 1000.000000000000000 ) ;
#302 = DIRECTION ( 'NONE',  ( 1.000000000000000000, 0.000000000000000000, 0.000000000000000000 ) ) ;
#303 = LINE ( 'NONE', #1108, #218 ) ;
#304 = EDGE_CURVE ( 'NONE', #204, #1018, #1027, .T. ) ;
#305 = LINE ( 'NONE', #326, #908 ) ;
#306 = EDGE_CURVE ( 'NONE', #1077, #938, #743, .T. ) ;
#307 = CARTESIAN_POINT ( 'NONE',  ( -2.794999999999999929, 0.1499999999999999944, -3.935000000000000053 ) ) ;
#308 = ORIENTED_EDGE ( 'NONE', *, *, #787, .F. ) ;
#309 = ORIENTED_EDGE ( 'NONE', *, *, #387, .T. ) ;
#310 = LINE ( 'NONE', #175, #1758 ) ;
#311 = ORIENTED_EDGE ( 'NONE', *, *, #373, .T. ) ;
#312 = AXIS2_PLACEMENT_3D ( 'NONE', #1355, #698, #302 ) ;
#313 = DIRECTION ( 'NONE',  ( 0.000000000000000000, 0.000000000000000000, -1.000000000000000000 ) ) ;
#314 = CARTESIAN_POINT ( 'NONE',  ( -1.994999999999999885, 2.739999999999999769, -3.135000000000000231 ) ) ;
#315 = CARTESIAN_POINT ( 'NONE',  ( 0.000000000000000000, 0.1499999999999999944, 0.000000000000000000 ) ) ;
#316 = DIRECTION ( 'NONE',  ( 0.000000000000000000, 0.000000000000000000, 1.000000000000000000 ) ) ;
#317 = FACE_OUTER_BOUND ( 'NONE', #1671, .T. ) ;
#318 = VERTEX_POINT ( 'NONE', #1450 ) ;
#319 = ORIENTED_EDGE ( 'NONE', *, *, #162, .F. ) ;
#320 = FACE_OUTER_BOUND ( 'NONE', #1464, .T. ) ;
#321 = EDGE_LOOP ( 'NONE', ( #704, #1541, #1353, #1242 ) ) ;
#322 = CARTESIAN_POINT ( 'NONE',  ( -3.455000000000000071, 0.000000000000000000, -0.3800000000000001155 ) ) ;
#323 = LINE ( 'NONE', #741, #1022 ) ;
#324 = EDGE_LOOP ( 'NONE', ( #1230, #1670, #930, #879 ) ) ;
#325 = DIRECTION ( 'NONE',  ( 1.000000000000000000, 1.232047923278981460E-16, 0.000000000000000000 ) ) ;
#326 = CARTESIAN_POINT ( 'NONE',  ( 3.455000000000000071, 0.000000000000000000, -2.920000000000000373 ) ) ;
#327 = CARTESIAN_POINT ( 'NONE',  ( 3.455000000000000071, 0.2000000000000000111, 0.3799999999999996714 ) ) ;
#328 = VERTEX_POINT ( 'NONE', #912 ) ;
#329 = ORIENTED_EDGE ( 'NONE', *, *, #1311, .T. ) ;
#330 = ADVANCED_FACE ( 'NONE', ( #85 ), #895, .F. ) ;
#331 = AXIS2_PLACEMENT_3D ( 'NONE', #710, #79, #167 ) ;
#332 = EDGE_CURVE ( 'NONE', #1346, #1514, #1421, .T. ) ;
#333 = AXIS2_PLACEMENT_3D ( 'NONE', #602, #359, #753 ) ;
#334 = LINE ( 'NONE', #881, #1484 ) ;
#335 = ORIENTED_EDGE ( 'NONE', *, *, #202, .F. ) ;
#336 = VECTOR ( 'NONE', #1704, 1000.000000000000000 ) ;
#337 = CARTESIAN_POINT ( 'NONE',  ( -1.994999999999999885, 2.739999999999999769, -3.135000000000000231 ) ) ;
#338 = LINE ( 'NONE', #568, #1455 ) ;
#339 = DIRECTION ( 'NONE',  ( -0.000000000000000000, 1.000000000000000000, -0.000000000000000000 ) ) ;
#340 = PLANE ( 'NONE',  #1731 ) ;
#341 = VERTEX_POINT ( 'NONE', #207 ) ;
#342 = EDGE_LOOP ( 'NONE', ( #1087, #1521, #977, #17 ) ) ;
#343 = PLANE ( 'NONE',  #361 ) ;
#344 = DIRECTION ( 'NONE',  ( 1.000000000000000000, 1.232047923278981460E-16, 0.000000000000000000 ) ) ;
#345 = ADVANCED_FACE ( 'NONE', ( #50 ), #622, .F. ) ;
#346 = VERTEX_POINT ( 'NONE', #452 ) ;
#347 = CARTESIAN_POINT ( 'NONE',  ( -3.455000000000000071, 0.2000000000000000111, 2.919999999999999929 ) ) ;
#348 = ORIENTED_EDGE ( 'NONE', *, *, #1446, .F. ) ;
#349 = CARTESIAN_POINT ( 'NONE',  ( -3.455000000000000071, 0.000000000000000000, -2.160000000000000586 ) ) ;
#350 =( NAMED_UNIT ( * ) SI_UNIT ( $, .STERADIAN. ) SOLID_ANGLE_UNIT ( ) );
#351 = DIRECTION ( 'NONE',  ( -0.000000000000000000, -1.000000000000000000, -0.000000000000000000 ) ) ;
#352 = CARTESIAN_POINT ( 'NONE',  ( 2.794999999999999929, 0.2000000000000000944, -2.160000000000000586 ) ) ;
#353 = EDGE_CURVE ( 'NONE', #288, #1555, #1590, .T. ) ;
#354 = ORIENTED_EDGE ( 'NONE', *, *, #841, .T. ) ;
#355 = AXIS2_PLACEMENT_3D ( 'NONE', #974, #860, #1375 ) ;
#356 = DIRECTION ( 'NONE',  ( 1.000000000000000000, 0.000000000000000000, 0.000000000000000000 ) ) ;
#357 = CARTESIAN_POINT ( 'NONE',  ( -2.794999999999999929, 0.1499999999999999944, 0.3799999999999996714 ) ) ;
#358 = AXIS2_PLACEMENT_3D ( 'NONE', #746, #1411, #984 ) ;
#359 = DIRECTION ( 'NONE',  ( -2.316671308729709494E-17, -1.000000000000000000, 0.000000000000000000 ) ) ;
#360 = AXIS2_PLACEMENT_3D ( 'NONE', #378, #1084, #1322 ) ;
#361 = AXIS2_PLACEMENT_3D ( 'NONE', #1032, #717, #750 ) ;
#362 = UNCERTAINTY_MEASURE_WITH_UNIT (LENGTH_MEASURE( 1.000000000000000082E-05 ), #1274, 'distance_accuracy_value', 'NONE');
#363 = ORIENTED_EDGE ( 'NONE', *, *, #405, .F. ) ;
#364 = CARTESIAN_POINT ( 'NONE',  ( 3.455000000000000071, 0.000000000000000000, 2.919999999999999929 ) ) ;
#365 = APPLICATION_CONTEXT ( 'automotive_design' ) ;
#366 = DIRECTION ( 'NONE',  ( 0.000000000000000000, 0.000000000000000000, 1.000000000000000000 ) ) ;
#367 = ADVANCED_FACE ( 'NONE', ( #1281 ), #63, .F. ) ;
#368 = CARTESIAN_POINT ( 'NONE',  ( -2.794999999999999929, 0.1499999999999999944, 2.919999999999999929 ) ) ;
#369 = PLANE ( 'NONE',  #1537 ) ;
#370 = DIRECTION ( 'NONE',  ( -1.000000000000000000, 0.000000000000000000, 0.000000000000000000 ) ) ;
#371 = ORIENTED_EDGE ( 'NONE', *, *, #412, .T. ) ;
#372 = DIRECTION ( 'NONE',  ( 0.000000000000000000, 0.000000000000000000, 1.000000000000000000 ) ) ;
#373 = EDGE_CURVE ( 'NONE', #24, #1566, #765, .T. ) ;
#374 = ORIENTED_EDGE ( 'NONE', *, *, #1041, .T. ) ;
#375 = EDGE_CURVE ( 'NONE', #1262, #673, #760, .T. ) ;
#376 = PLANE ( 'NONE',  #78 ) ;
#377 = DIRECTION ( 'NONE',  ( -1.000000000000000000, 0.000000000000000000, -0.000000000000000000 ) ) ;
#378 = CARTESIAN_POINT ( 'NONE',  ( 2.794999999999999929, 0.1499999999999999944, -2.160000000000000586 ) ) ;
#379 = FILL_AREA_STYLE ('',( #1470 ) ) ;
#380 = ORIENTED_EDGE ( 'NONE', *, *, #1558, .T. ) ;
#381 = CARTESIAN_POINT ( 'NONE',  ( -2.794999999999999929, 0.2000000000000000944, 0.3799999999999996714 ) ) ;
#382 = EDGE_LOOP ( 'NONE', ( #1275, #308, #446, #329 ) ) ;
#383 = ORIENTED_EDGE ( 'NONE', *, *, #1744, .F. ) ;
#384 = ADVANCED_FACE ( 'NONE', ( #481 ), #719, .F. ) ;
#385 = CARTESIAN_POINT ( 'NONE',  ( 3.455000000000000071, 0.2000000000000000111, 2.919999999999999929 ) ) ;
#386 = ORIENTED_EDGE ( 'NONE', *, *, #1452, .F. ) ;
#387 = EDGE_CURVE ( 'NONE', #846, #824, #1005, .T. ) ;
#388 = DIRECTION ( 'NONE',  ( 0.000000000000000000, 0.000000000000000000, 1.000000000000000000 ) ) ;
#389 = AXIS2_PLACEMENT_3D ( 'NONE', #815, #821, #1370 ) ;
#390 = VECTOR ( 'NONE', #700, 1000.000000000000000 ) ;
#391 = ORIENTED_EDGE ( 'NONE', *, *, #1185, .F. ) ;
#392 = COLOUR_RGB ( '',1.000000000000000000, 1.000000000000000000, 1.000000000000000000 ) ;
#393 = ORIENTED_EDGE ( 'NONE', *, *, #54, .F. ) ;
#394 = VERTEX_POINT ( 'NONE', #462 ) ;
#395 = CARTESIAN_POINT ( 'NONE',  ( -3.455000000000000071, 0.000000000000000000, -0.3800000000000001155 ) ) ;
#396 = LINE ( 'NONE', #1332, #789 ) ;
#397 = EDGE_CURVE ( 'NONE', #934, #1179, #1714, .T. ) ;
#398 = ORIENTED_EDGE ( 'NONE', *, *, #618, .F. ) ;
#399 = DIRECTION ( 'NONE',  ( 0.000000000000000000, 1.000000000000000000, 0.000000000000000000 ) ) ;
#400 = PLANE ( 'NONE',  #119 ) ;
#401 = ORIENTED_EDGE ( 'NONE', *, *, #1391, .F. ) ;
#402 = LINE ( 'NONE', #1214, #1215 ) ;
#403 = CARTESIAN_POINT ( 'NONE',  ( -3.455000000000000071, 0.000000000000000000, -2.920000000000000373 ) ) ;
#404 = FACE_OUTER_BOUND ( 'NONE', #736, .T. ) ;
#405 = EDGE_CURVE ( 'NONE', #898, #24, #902, .T. ) ;
#406 = EDGE_LOOP ( 'NONE', ( #55, #1618 ) ) ;
#407 = PLANE ( 'NONE',  #389 ) ;
#408 = DIRECTION ( 'NONE',  ( -1.232047923278981460E-16, -1.000000000000000000, 0.000000000000000000 ) ) ;
#409 =( NAMED_UNIT ( * ) PLANE_ANGLE_UNIT ( ) SI_UNIT ( $, .RADIAN. ) );
#410 = PLANE ( 'NONE',  #1425 ) ;
#411 = AXIS2_PLACEMENT_3D ( 'NONE', #1105, #408, #956 ) ;
#412 = EDGE_CURVE ( 'NONE', #1750, #1747, #217, .T. ) ;
#413 = DIRECTION ( 'NONE',  ( -0.000000000000000000, -0.000000000000000000, -1.000000000000000000 ) ) ;
#414 = VECTOR ( 'NONE', #869, 1000.000000000000000 ) ;
#415 = EDGE_CURVE ( 'NONE', #875, #1029, #396, .T. ) ;
#416 = AXIS2_PLACEMENT_3D ( 'NONE', #1722, #95, #913 ) ;
#417 = EDGE_LOOP ( 'NONE', ( #1760, #646, #1013, #723 ) ) ;
#418 = LINE ( 'NONE', #1247, #298 ) ;
#419 = DIRECTION ( 'NONE',  ( 0.000000000000000000, 0.000000000000000000, -1.000000000000000000 ) ) ;
#420 = ORIENTED_EDGE ( 'NONE', *, *, #1763, .T. ) ;
#421 = VECTOR ( 'NONE', #145, 1000.000000000000000 ) ;
#422 = EDGE_CURVE ( 'NONE', #26, #1299, #1479, .T. ) ;
#423 = EDGE_CURVE ( 'NONE', #1262, #585, #1066, .T. ) ;
#424 = CARTESIAN_POINT ( 'NONE',  ( -3.455000000000000071, 0.000000000000000000, 0.3799999999999996714 ) ) ;
#425 = DIRECTION ( 'NONE',  ( -0.000000000000000000, -1.000000000000000000, -0.000000000000000000 ) ) ;
#426 = CARTESIAN_POINT ( 'NONE',  ( 3.455000000000000071, 0.000000000000000000, -2.160000000000000586 ) ) ;
#427 = ORIENTED_EDGE ( 'NONE', *, *, #970, .T. ) ;
#428 = VECTOR ( 'NONE', #413, 1000.000000000000000 ) ;
#429 = EDGE_CURVE ( 'NONE', #445, #1276, #1627, .T. ) ;
#430 = DIRECTION ( 'NONE',  ( 0.000000000000000000, 1.000000000000000000, 0.000000000000000000 ) ) ;
#431 = SURFACE_STYLE_USAGE ( .BOTH. , #441 ) ;
#432 = CARTESIAN_POINT ( 'NONE',  ( -2.794999999999999929, 0.2000000000000000944, 0.3799999999999996714 ) ) ;
#433 = LINE ( 'NONE', #745, #75 ) ;
#434 = CARTESIAN_POINT ( 'NONE',  ( 0.000000000000000000, 0.000000000000000000, 0.3799999999999996714 ) ) ;
#435 = ORIENTED_EDGE ( 'NONE', *, *, #1744, .T. ) ;
#436 = VECTOR ( 'NONE', #1442, 1000.000000000000000 ) ;
#437 = EDGE_LOOP ( 'NONE', ( #1288, #1586, #275, #1222 ) ) ;
#438 = VECTOR ( 'NONE', #1544, 1000.000000000000000 ) ;
#439 = COLOUR_RGB ( '',0.7921568627450980005, 0.8196078431372548767, 0.9333333333333333481 ) ;
#440 =( NAMED_UNIT ( * ) PLANE_ANGLE_UNIT ( ) SI_UNIT ( $, .RADIAN. ) );
#441 = SURFACE_SIDE_STYLE ('',( #828 ) ) ;
#442 = FACE_OUTER_BOUND ( 'NONE', #1767, .T. ) ;
#443 = PLANE ( 'NONE',  #186 ) ;
#444 = CARTESIAN_POINT ( 'NONE',  ( -1.994999999999999885, 2.032893218813452751, -3.135000000000000231 ) ) ;
#445 = VERTEX_POINT ( 'NONE', #126 ) ;
#446 = ORIENTED_EDGE ( 'NONE', *, *, #567, .T. ) ;
#447 = PLANE ( 'NONE',  #1622 ) ;
#448 = COLOUR_RGB ( '',0.7921568627450980005, 0.8196078431372548767, 0.9333333333333333481 ) ;
#449 = STYLED_ITEM ( 'NONE', ( #826 ), #206 ) ;
#450 = DIRECTION ( 'NONE',  ( 1.000000000000000000, 0.000000000000000000, 0.000000000000000000 ) ) ;
#451 = EDGE_LOOP ( 'NONE', ( #570, #1523, #212, #1447 ) ) ;
#452 = CARTESIAN_POINT ( 'NONE',  ( -2.794999999999999929, 0.1499999999999999944, -2.160000000000000586 ) ) ;
#453 = LINE ( 'NONE', #1006, #1368 ) ;
#454 = CARTESIAN_POINT ( 'NONE',  ( -3.455000000000000071, 0.2000000000000000111, 0.3799999999999996714 ) ) ;
#455 = LINE ( 'NONE', #327, #1662 ) ;
#456 = APPLICATION_PROTOCOL_DEFINITION ( 'draft international standard', 'automotive_design', 1998, #365 ) ;
#457 = EDGE_LOOP ( 'NONE', ( #954, #1540 ) ) ;
#458 = ORIENTED_EDGE ( 'NONE', *, *, #353, .F. ) ;
#459 = ADVANCED_FACE ( 'NONE', ( #1058 ), #942, .T. ) ;
#460 = DIRECTION ( 'NONE',  ( 0.000000000000000000, 0.000000000000000000, 1.000000000000000000 ) ) ;
#461 = EDGE_LOOP ( 'NONE', ( #1356, #987, #335, #830 ) ) ;
#462 = CARTESIAN_POINT ( 'NONE',  ( -1.624999999999999334, 0.1499999999999999667, 0.3799999999999996714 ) ) ;
#463 = DIRECTION ( 'NONE',  ( -0.000000000000000000, -0.000000000000000000, 1.000000000000000000 ) ) ;
#464 = ORIENTED_EDGE ( 'NONE', *, *, #4, .T. ) ;
#465 = DIRECTION ( 'NONE',  ( 0.000000000000000000, 0.000000000000000000, -1.000000000000000000 ) ) ;
#466 = EDGE_CURVE ( 'NONE', #1009, #1026, #1488, .T. ) ;
#467 = ORIENTED_EDGE ( 'NONE', *, *, #768, .F. ) ;
#468 = VECTOR ( 'NONE', #681, 1000.000000000000000 ) ;
#469 = AXIS2_PLACEMENT_3D ( 'NONE', #314, #553, #858 ) ;
#470 = DIRECTION ( 'NONE',  ( 0.000000000000000000, -0.000000000000000000, -1.000000000000000000 ) ) ;
#471 = FACE_OUTER_BOUND ( 'NONE', #99, .T. ) ;
#472 = EDGE_LOOP ( 'NONE', ( #1592, #1428 ) ) ;
#473 = VECTOR ( 'NONE', #918, 1000.000000000000000 ) ;
#474 = DIRECTION ( 'NONE',  ( 0.000000000000000000, -1.000000000000000000, -0.000000000000000000 ) ) ;
#475 = LINE ( 'NONE', #208, #549 ) ;
#476 = ORIENTED_EDGE ( 'NONE', *, *, #1216, .F. ) ;
#477 = VERTEX_POINT ( 'NONE', #807 ) ;
#478 = CARTESIAN_POINT ( 'NONE',  ( 3.455000000000000071, 0.2000000000000000111, -2.920000000000000373 ) ) ;
#479 = DIRECTION ( 'NONE',  ( -1.000000000000000000, 0.000000000000000000, 0.000000000000000000 ) ) ;
#480 = EDGE_CURVE ( 'NONE', #1640, #130, #255, .T. ) ;
#481 = FACE_OUTER_BOUND ( 'NONE', #1213, .T. ) ;
#482 = VECTOR ( 'NONE', #502, 1000.000000000000000 ) ;
#483 = CARTESIAN_POINT ( 'NONE',  ( 3.455000000000000071, 0.000000000000000000, 2.160000000000000142 ) ) ;
#484 = ORIENTED_EDGE ( 'NONE', *, *, #1549, .T. ) ;
#485 = DIRECTION ( 'NONE',  ( 0.000000000000000000, 0.000000000000000000, 1.000000000000000000 ) ) ;
#486 = PRESENTATION_STYLE_ASSIGNMENT (( #1173 ) ) ;
#487 = CARTESIAN_POINT ( 'NONE',  ( -3.455000000000000071, 0.2000000000000000111, -2.160000000000000586 ) ) ;
#488 = EDGE_CURVE ( 'NONE', #204, #445, #1617, .T. ) ;
#489 = CARTESIAN_POINT ( 'NONE',  ( -3.455000000000000071, 0.2000000000000000111, -2.920000000000000373 ) ) ;
#490 = ADVANCED_FACE ( 'NONE', ( #667 ), #533, .F. ) ;
#491 = ORIENTED_EDGE ( 'NONE', *, *, #510, .F. ) ;
#492 = STYLED_ITEM ( 'NONE', ( #1285 ), #851 ) ;
#493 = DIRECTION ( 'NONE',  ( 0.000000000000000000, 1.000000000000000000, 0.000000000000000000 ) ) ;
#494 = ORIENTED_EDGE ( 'NONE', *, *, #925, .F. ) ;
#495 = DIRECTION ( 'NONE',  ( -1.000000000000000000, 0.000000000000000000, 0.000000000000000000 ) ) ;
#496 = VECTOR ( 'NONE', #587, 1000.000000000000000 ) ;
#497 = FACE_OUTER_BOUND ( 'NONE', #1709, .T. ) ;
#498 = VECTOR ( 'NONE', #293, 1000.000000000000000 ) ;
#499 =( GEOMETRIC_REPRESENTATION_CONTEXT ( 3 ) GLOBAL_UNCERTAINTY_ASSIGNED_CONTEXT ( ( #1042 ) ) GLOBAL_UNIT_ASSIGNED_CONTEXT ( ( #74, #728, #350 ) ) REPRESENTATION_CONTEXT ( 'NONE', 'WORKASPACE' ) );
#500 = EDGE_CURVE ( 'NONE', #1021, #845, #77, .T. ) ;
#501 = VERTEX_POINT ( 'NONE', #1196 ) ;
#502 = DIRECTION ( 'NONE',  ( -0.000000000000000000, -0.000000000000000000, -1.000000000000000000 ) ) ;
#503 = ADVANCED_FACE ( 'NONE', ( #497 ), #788, .F. ) ;
#504 = DIRECTION ( 'NONE',  ( 0.000000000000000000, 0.000000000000000000, -1.000000000000000000 ) ) ;
#505 = LINE ( 'NONE', #1034, #606 ) ;
#506 = VERTEX_POINT ( 'NONE', #114 ) ;
#507 = CARTESIAN_POINT ( 'NONE',  ( 2.794999999999999929, 0.1499999999999999944, -2.160000000000000586 ) ) ;
#508 = VERTEX_POINT ( 'NONE', #1204 ) ;
#509 = EDGE_CURVE ( 'NONE', #938, #1120, #799, .T. ) ;
#510 = EDGE_CURVE ( 'NONE', #1318, #1584, #45, .T. ) ;
#511 = VERTEX_POINT ( 'NONE', #574 ) ;
#512 = FACE_OUTER_BOUND ( 'NONE', #1211, .T. ) ;
#513 = FACE_OUTER_BOUND ( 'NONE', #237, .T. ) ;
#514 = DIRECTION ( 'NONE',  ( -0.000000000000000000, 0.000000000000000000, 1.000000000000000000 ) ) ;
#515 = ORIENTED_EDGE ( 'NONE', *, *, #209, .T. ) ;
#516 = LINE ( 'NONE', #1068, #691 ) ;
#517 = DIRECTION ( 'NONE',  ( 0.000000000000000000, 0.000000000000000000, -1.000000000000000000 ) ) ;
#518 = VERTEX_POINT ( 'NONE', #1685 ) ;
#519 = ADVANCED_FACE ( 'NONE', ( #586 ), #447, .F. ) ;
#520 = CARTESIAN_POINT ( 'NONE',  ( -1.624999999999999334, 0.1499999999999999667, -2.160000000000000586 ) ) ;
#521 = CARTESIAN_POINT ( 'NONE',  ( 0.000000000000000000, 0.000000000000000000, -2.920000000000000373 ) ) ;
#522 = CARTESIAN_POINT ( 'NONE',  ( -2.794999999999999929, 0.1499999999999999944, 2.919999999999999929 ) ) ;
#523 = PRODUCT_DEFINITION_SHAPE ( 'NONE', 'NONE',  #1524 ) ;
#524 = CARTESIAN_POINT ( 'NONE',  ( -1.994999999999999885, 2.739999999999999769, -3.384999999999999787 ) ) ;
#525 = VECTOR ( 'NONE', #709, 1000.000000000000000 ) ;
#526 = AXIS2_PLACEMENT_3D ( 'NONE', #877, #1263, #737 ) ;
#527 = ORIENTED_EDGE ( 'NONE', *, *, #125, .T. ) ;
#528 = CARTESIAN_POINT ( 'NONE',  ( -3.455000000000000071, 0.2000000000000000111, -2.160000000000000586 ) ) ;
#529 = DIRECTION ( 'NONE',  ( 0.000000000000000000, 0.000000000000000000, 1.000000000000000000 ) ) ;
#530 = AXIS2_PLACEMENT_3D ( 'NONE', #1209, #1486, #797 ) ;
#531 = ORIENTED_EDGE ( 'NONE', *, *, #548, .F. ) ;
#532 = CARTESIAN_POINT ( 'NONE',  ( -1.624999999999999334, 0.1499999999999999667, 2.160000000000000142 ) ) ;
#533 = PLANE ( 'NONE',  #360 ) ;
#534 = EDGE_CURVE ( 'NONE', #673, #1262, #1308, .T. ) ;
#535 = VERTEX_POINT ( 'NONE', #1010 ) ;
#536 = DIRECTION ( 'NONE',  ( 0.000000000000000000, -1.000000000000000000, -0.000000000000000000 ) ) ;
#537 = PLANE ( 'NONE',  #411 ) ;
#538 = LINE ( 'NONE', #545, #1203 ) ;
#539 = EDGE_CURVE ( 'NONE', #986, #1743, #1000, .T. ) ;
#540 = FILL_AREA_STYLE ('',( #179 ) ) ;
#541 = EDGE_CURVE ( 'NONE', #873, #712, #1277, .T. ) ;
#542 = DIRECTION ( 'NONE',  ( 0.000000000000000000, 1.000000000000000000, 0.000000000000000000 ) ) ;
#543 = EDGE_LOOP ( 'NONE', ( #629, #531, #775, #572 ) ) ;
#544 = ORIENTED_EDGE ( 'NONE', *, *, #945, .F. ) ;
#545 = CARTESIAN_POINT ( 'NONE',  ( 1.624999999999999334, 0.1499999999999999667, 0.3799999999999996714 ) ) ;
#546 = FACE_OUTER_BOUND ( 'NONE', #899, .T. ) ;
#547 = VECTOR ( 'NONE', #1219, 1000.000000000000000 ) ;
#548 = EDGE_CURVE ( 'NONE', #172, #1750, #596, .T. ) ;
#549 = VECTOR ( 'NONE', #1229, 1000.000000000000000 ) ;
#550 = CARTESIAN_POINT ( 'NONE',  ( 2.794999999999999929, 0.2000000000000000944, 0.3799999999999996714 ) ) ;
#551 = FACE_OUTER_BOUND ( 'NONE', #556, .T. ) ;
#552 = DIRECTION ( 'NONE',  ( -1.000000000000000000, -1.232047923278981460E-16, -0.000000000000000000 ) ) ;
#553 = DIRECTION ( 'NONE',  ( -0.000000000000000000, 1.000000000000000000, -0.000000000000000000 ) ) ;
#554 = CARTESIAN_POINT ( 'NONE',  ( -2.794999999999999929, 0.2000000000000000944, 2.919999999999999929 ) ) ;
#555 =( LENGTH_UNIT ( ) NAMED_UNIT ( * ) SI_UNIT ( .MILLI., .METRE. ) );
#556 = EDGE_LOOP ( 'NONE', ( #138, #62, #949, #1574 ) ) ;
#557 = ADVANCED_FACE ( 'NONE', ( #320 ), #725, .F. ) ;
#558 = STYLED_ITEM ( 'NONE', ( #1238 ), #169 ) ;
#559 = EDGE_CURVE ( 'NONE', #508, #346, #713, .T. ) ;
#560 = VERTEX_POINT ( 'NONE', #1569 ) ;
#561 = CARTESIAN_POINT ( 'NONE',  ( -1.994999999999999885, 2.739999999999999769, -2.885000000000000231 ) ) ;
#562 = CARTESIAN_POINT ( 'NONE',  ( -2.794999999999999929, 0.1499999999999999944, 3.935000000000000053 ) ) ;
#563 = LINE ( 'NONE', #1381, #428 ) ;
#564 = ORIENTED_EDGE ( 'NONE', *, *, #618, .T. ) ;
#565 = ORIENTED_EDGE ( 'NONE', *, *, #833, .F. ) ;
#566 = PLANE ( 'NONE',  #576 ) ;
#567 = EDGE_CURVE ( 'NONE', #805, #898, #338, .T. ) ;
#568 = CARTESIAN_POINT ( 'NONE',  ( 3.455000000000000071, 0.2000000000000000111, 0.3799999999999996714 ) ) ;
#569 = FACE_OUTER_BOUND ( 'NONE', #1768, .T. ) ;
#570 = ORIENTED_EDGE ( 'NONE', *, *, #539, .T. ) ;
#571 = AXIS2_PLACEMENT_3D ( 'NONE', #1431, #738, #1290 ) ;
#572 = ORIENTED_EDGE ( 'NONE', *, *, #787, .T. ) ;
#573 = VECTOR ( 'NONE', #425, 1000.000000000000000 ) ;
#574 = CARTESIAN_POINT ( 'NONE',  ( -1.624999999999999334, 0.1499999999999999667, 2.919999999999999929 ) ) ;
#575 = ORIENTED_EDGE ( 'NONE', *, *, #1561, .F. ) ;
#576 = AXIS2_PLACEMENT_3D ( 'NONE', #133, #1089, #282 ) ;
#577 = FILL_AREA_STYLE ('',( #1167 ) ) ;
#578 = DIRECTION ( 'NONE',  ( -1.000000000000000000, 0.000000000000000000, 0.000000000000000000 ) ) ;
#579 = FILL_AREA_STYLE ('',( #258 ) ) ;
#580 = CARTESIAN_POINT ( 'NONE',  ( 3.455000000000000071, 0.2000000000000000111, 2.919999999999999929 ) ) ;
#581 = LINE ( 'NONE', #973, #1272 ) ;
#582 = FACE_OUTER_BOUND ( 'NONE', #461, .T. ) ;
#583 = ADVANCED_FACE ( 'NONE', ( #1691 ), #733, .F. ) ;
#584 = DIRECTION ( 'NONE',  ( 1.000000000000000000, 0.000000000000000000, 0.000000000000000000 ) ) ;
#585 = VERTEX_POINT ( 'NONE', #701 ) ;
#586 = FACE_OUTER_BOUND ( 'NONE', #616, .T. ) ;
#587 = DIRECTION ( 'NONE',  ( 0.000000000000000000, 1.000000000000000000, 0.000000000000000000 ) ) ;
#588 = ORIENTED_EDGE ( 'NONE', *, *, #1200, .F. ) ;
#589 = DIRECTION ( 'NONE',  ( 0.000000000000000000, 0.000000000000000000, -1.000000000000000000 ) ) ;
#590 = ORIENTED_EDGE ( 'NONE', *, *, #715, .F. ) ;
#591 = DIRECTION ( 'NONE',  ( -0.000000000000000000, -0.000000000000000000, -1.000000000000000000 ) ) ;
#592 = DIRECTION ( 'NONE',  ( -0.000000000000000000, -1.000000000000000000, -0.000000000000000000 ) ) ;
#593 = LINE ( 'NONE', #735, #958 ) ;
#594 = ADVANCED_FACE ( 'NONE', ( #1270 ), #1397, .F. ) ;
#595 = ORIENTED_EDGE ( 'NONE', *, *, #1434, .F. ) ;
#596 = LINE ( 'NONE', #1430, #983 ) ;
#597 = FACE_OUTER_BOUND ( 'NONE', #906, .T. ) ;
#598 = LINE ( 'NONE', #889, #1237 ) ;
#599 = VERTEX_POINT ( 'NONE', #1282 ) ;
#600 = CARTESIAN_POINT ( 'NONE',  ( -1.624999999999999334, 0.1499999999999999667, -2.920000000000000373 ) ) ;
#601 = ORIENTED_EDGE ( 'NONE', *, *, #1711, .T. ) ;
#602 = CARTESIAN_POINT ( 'NONE',  ( -2.794999999999999929, 0.1499999999999999944, -2.160000000000000586 ) ) ;
#603 = LINE ( 'NONE', #720, #1126 ) ;
#604 = ORIENTED_EDGE ( 'NONE', *, *, #1478, .F. ) ;
#605 = ORIENTED_EDGE ( 'NONE', *, *, #1243, .F. ) ;
#606 = VECTOR ( 'NONE', #780, 1000.000000000000000 ) ;
#607 = LINE ( 'NONE', #1710, #1365 ) ;
#608 = EDGE_CURVE ( 'NONE', #106, #1318, #870, .T. ) ;
#609 = VERTEX_POINT ( 'NONE', #708 ) ;
#610 = VECTOR ( 'NONE', #1154, 1000.000000000000000 ) ;
#611 = PRESENTATION_LAYER_ASSIGNMENT (  '', '', ( #1534 ) ) ;
#612 = SURFACE_SIDE_STYLE ('',( #1718 ) ) ;
#613 = DIRECTION ( 'NONE',  ( 1.000000000000000000, 0.000000000000000000, 0.000000000000000000 ) ) ;
#614 = VECTOR ( 'NONE', #1181, 1000.000000000000000 ) ;
#615 = DIRECTION ( 'NONE',  ( 1.000000000000000000, 0.000000000000000000, -0.000000000000000000 ) ) ;
#616 = EDGE_LOOP ( 'NONE', ( #1404, #252, #1613, #888 ) ) ;
#617 = PLANE ( 'NONE',  #1351 ) ;
#618 = EDGE_CURVE ( 'NONE', #477, #518, #305, .T. ) ;
#619 = EDGE_CURVE ( 'NONE', #793, #477, #52, .T. ) ;
#620 = CARTESIAN_POINT ( 'NONE',  ( 0.000000000000000000, 0.000000000000000000, -2.920000000000000373 ) ) ;
#621 = DIRECTION ( 'NONE',  ( 0.000000000000000000, 1.000000000000000000, 0.000000000000000000 ) ) ;
#622 = PLANE ( 'NONE',  #1073 ) ;
#623 =( GEOMETRIC_REPRESENTATION_CONTEXT ( 3 ) GLOBAL_UNCERTAINTY_ASSIGNED_CONTEXT ( ( #905 ) ) GLOBAL_UNIT_ASSIGNED_CONTEXT ( ( #156, #440, #1246 ) ) REPRESENTATION_CONTEXT ( 'NONE', 'WORKASPACE' ) );
#624 = FACE_OUTER_BOUND ( 'NONE', #1376, .T. ) ;
#625 =( NAMED_UNIT ( * ) PLANE_ANGLE_UNIT ( ) SI_UNIT ( $, .RADIAN. ) );
#626 = ORIENTED_EDGE ( 'NONE', *, *, #422, .F. ) ;
#627 = DIRECTION ( 'NONE',  ( -0.000000000000000000, -0.000000000000000000, -1.000000000000000000 ) ) ;
#628 = CARTESIAN_POINT ( 'NONE',  ( -2.794999999999999929, 0.1499999999999999944, -2.160000000000000586 ) ) ;
#629 = ORIENTED_EDGE ( 'NONE', *, *, #412, .F. ) ;
#630 = CARTESIAN_POINT ( 'NONE',  ( -1.994999999999999885, 2.739999999999999769, -3.384999999999999787 ) ) ;
#631 = EDGE_CURVE ( 'NONE', #1018, #1276, #1656, .T. ) ;
#632 = PLANE ( 'NONE',  #1597 ) ;
#633 = EDGE_LOOP ( 'NONE', ( #491, #917, #946, #68 ) ) ;
#634 = PLANE ( 'NONE',  #1703 ) ;
#635 = ORIENTED_EDGE ( 'NONE', *, *, #1681, .F. ) ;
#636 = CARTESIAN_POINT ( 'NONE',  ( 3.455000000000000071, 0.000000000000000000, 2.919999999999999929 ) ) ;
#637 = CARTESIAN_POINT ( 'NONE',  ( 0.000000000000000000, 0.000000000000000000, 2.160000000000000142 ) ) ;
#638 = VECTOR ( 'NONE', #1498, 1000.000000000000000 ) ;
#639 = DIRECTION ( 'NONE',  ( 1.000000000000000000, -2.316671308729709494E-17, 0.000000000000000000 ) ) ;
#640 = VECTOR ( 'NONE', #884, 1000.000000000000000 ) ;
#641 = EDGE_CURVE ( 'NONE', #43, #26, #581, .T. ) ;
#642 = AXIS2_PLACEMENT_3D ( 'NONE', #1157, #1565, #1699 ) ;
#643 = ADVANCED_FACE ( 'NONE', ( #442 ), #1526, .T. ) ;
#644 = ORIENTED_EDGE ( 'NONE', *, *, #190, .T. ) ;
#645 = ORIENTED_EDGE ( 'NONE', *, *, #405, .T. ) ;
#646 = ORIENTED_EDGE ( 'NONE', *, *, #1549, .F. ) ;
#647 = LINE ( 'NONE', #253, #191 ) ;
#648 = CARTESIAN_POINT ( 'NONE',  ( 3.455000000000000071, 0.2000000000000000111, -0.3800000000000001155 ) ) ;
#649 = EDGE_LOOP ( 'NONE', ( #679, #1054, #1501, #1369 ) ) ;
#650 = CLOSED_SHELL ( 'NONE', ( #1284, #1403, #758, #367, #916, #330, #1074, #883 ) ) ;
#651 = ORIENTED_EDGE ( 'NONE', *, *, #755, .T. ) ;
#652 = CARTESIAN_POINT ( 'NONE',  ( -1.624999999999999334, 0.000000000000000000, 0.3799999999999996714 ) ) ;
#653 = FACE_OUTER_BOUND ( 'NONE', #257, .T. ) ;
#654 = EDGE_CURVE ( 'NONE', #1026, #1514, #859, .T. ) ;
#655 = CARTESIAN_POINT ( 'NONE',  ( 2.794999999999999929, 0.1499999999999999944, -0.3800000000000001155 ) ) ;
#656 =( LENGTH_UNIT ( ) NAMED_UNIT ( * ) SI_UNIT ( .MILLI., .METRE. ) );
#657 = CARTESIAN_POINT ( 'NONE',  ( 2.794999999999999929, 0.1499999999999999944, -3.935000000000000053 ) ) ;
#658 = DIRECTION ( 'NONE',  ( 0.000000000000000000, 1.000000000000000000, 0.000000000000000000 ) ) ;
#659 = ORIENTED_EDGE ( 'NONE', *, *, #896, .T. ) ;
#660 = CARTESIAN_POINT ( 'NONE',  ( 3.455000000000000071, 0.000000000000000000, 0.3799999999999996714 ) ) ;
#661 = CARTESIAN_POINT ( 'NONE',  ( -2.794999999999999929, 0.2000000000000000944, 0.3799999999999996714 ) ) ;
#662 = VECTOR ( 'NONE', #985, 1000.000000000000000 ) ;
#663 = EDGE_LOOP ( 'NONE', ( #464, #189, #1563, #836, #1335, #183 ) ) ;
#664 = CARTESIAN_POINT ( 'NONE',  ( -2.794999999999999929, 0.2000000000000000944, 2.919999999999999929 ) ) ;
#665 = DIRECTION ( 'NONE',  ( -0.000000000000000000, -0.000000000000000000, -1.000000000000000000 ) ) ;
#666 = EDGE_CURVE ( 'NONE', #609, #1350, #1248, .T. ) ;
#667 = FACE_OUTER_BOUND ( 'NONE', #437, .T. ) ;
#668 = VECTOR ( 'NONE', #536, 1000.000000000000000 ) ;
#669 = AXIS2_PLACEMENT_3D ( 'NONE', #554, #158, #885 ) ;
#670 = ORIENTED_EDGE ( 'NONE', *, *, #280, .F. ) ;
#671 = VECTOR ( 'NONE', #665, 1000.000000000000000 ) ;
#672 = CARTESIAN_POINT ( 'NONE',  ( 3.455000000000000071, 0.000000000000000000, 0.3799999999999996714 ) ) ;
#673 = VERTEX_POINT ( 'NONE', #561 ) ;
#674 = CARTESIAN_POINT ( 'NONE',  ( -3.455000000000000071, 0.000000000000000000, 0.3799999999999996714 ) ) ;
#675 = EDGE_CURVE ( 'NONE', #149, #130, #1117, .T. ) ;
#676 = SURFACE_STYLE_USAGE ( .BOTH. , #263 ) ;
#677 = CLOSED_SHELL ( 'NONE', ( #1225, #1055, #1753, #1608, #39, #643, #1468, #224, #1330 ) ) ;
#678 = PRESENTATION_LAYER_ASSIGNMENT (  '', '', ( #449 ) ) ;
#679 = ORIENTED_EDGE ( 'NONE', *, *, #1345, .F. ) ;
#680 = CARTESIAN_POINT ( 'NONE',  ( 3.455000000000000071, 0.2000000000000000111, 2.160000000000000142 ) ) ;
#681 = DIRECTION ( 'NONE',  ( -1.000000000000000000, -1.232047923278981460E-16, -0.000000000000000000 ) ) ;
#682 = EDGE_CURVE ( 'NONE', #1151, #195, #453, .T. ) ;
#683 = CARTESIAN_POINT ( 'NONE',  ( 0.000000000000000000, 0.000000000000000000, 2.160000000000000142 ) ) ;
#684 = EDGE_CURVE ( 'NONE', #711, #846, #1315, .T. ) ;
#685 = LINE ( 'NONE', #1637, #1165 ) ;
#686 = CARTESIAN_POINT ( 'NONE',  ( -2.794999999999999929, 0.2000000000000000944, 2.160000000000000142 ) ) ;
#687 = SURFACE_SIDE_STYLE ('',( #1224 ) ) ;
#688 = LINE ( 'NONE', #146, #232 ) ;
#689 = AXIS2_PLACEMENT_3D ( 'NONE', #674, #1088, #132 ) ;
#690 = ADVANCED_FACE ( 'NONE', ( #624 ), #1082, .F. ) ;
#691 = VECTOR ( 'NONE', #801, 1000.000000000000000 ) ;
#692 = EDGE_CURVE ( 'NONE', #501, #990, #941, .T. ) ;
#693 = CARTESIAN_POINT ( 'NONE',  ( 2.794999999999999929, 0.1499999999999999944, -2.920000000000000373 ) ) ;
#694 = VECTOR ( 'NONE', #1650, 1000.000000000000000 ) ;
#695 = VERTEX_POINT ( 'NONE', #1357 ) ;
#696 = VECTOR ( 'NONE', #61, 1000.000000000000000 ) ;
#697 = CARTESIAN_POINT ( 'NONE',  ( -1.624999999999999334, 0.000000000000000000, 0.3799999999999996714 ) ) ;
#698 = DIRECTION ( 'NONE',  ( 0.000000000000000000, 0.000000000000000000, -1.000000000000000000 ) ) ;
#699 = FACE_OUTER_BOUND ( 'NONE', #342, .T. ) ;
#700 = DIRECTION ( 'NONE',  ( 0.000000000000000000, 0.000000000000000000, -1.000000000000000000 ) ) ;
#701 = CARTESIAN_POINT ( 'NONE',  ( -1.994999999999999885, 2.839999999999999858, -3.384999999999999787 ) ) ;
#702 = ORIENTED_EDGE ( 'NONE', *, *, #1489, .F. ) ;
#703 = EDGE_CURVE ( 'NONE', #781, #1750, #806, .T. ) ;
#704 = ORIENTED_EDGE ( 'NONE', *, *, #631, .T. ) ;
#705 = CLOSED_SHELL ( 'NONE', ( #36, #147, #1634, #1063, #1389, #1265, #93, #1765 ) ) ;
#706 = LINE ( 'NONE', #697, #1240 ) ;
#707 = LINE ( 'NONE', #1386, #1519 ) ;
#708 = CARTESIAN_POINT ( 'NONE',  ( 2.794999999999999929, 2.839999999999998970, 3.935000000000000053 ) ) ;
#709 = DIRECTION ( 'NONE',  ( -0.000000000000000000, -1.000000000000000000, -0.000000000000000000 ) ) ;
#710 = CARTESIAN_POINT ( 'NONE',  ( -1.994999999999999885, 2.739999999999999769, -3.135000000000000231 ) ) ;
#711 = VERTEX_POINT ( 'NONE', #1632 ) ;
#712 = VERTEX_POINT ( 'NONE', #483 ) ;
#713 = LINE ( 'NONE', #33, #438 ) ;
#714 = DIRECTION ( 'NONE',  ( -1.000000000000000000, 0.000000000000000000, 0.000000000000000000 ) ) ;
#715 = EDGE_CURVE ( 'NONE', #508, #986, #1494, .T. ) ;
#716 = CIRCLE ( 'NONE', #1449, 0.2499999999999997780 ) ;
#717 = DIRECTION ( 'NONE',  ( 0.000000000000000000, 1.000000000000000000, 0.000000000000000000 ) ) ;
#718 = CARTESIAN_POINT ( 'NONE',  ( -2.794999999999999929, 0.2000000000000000944, -0.3800000000000001155 ) ) ;
#719 = PLANE ( 'NONE',  #1571 ) ;
#720 = CARTESIAN_POINT ( 'NONE',  ( -2.794999999999999929, 0.2000000000000000944, -2.920000000000000373 ) ) ;
#721 = ORIENTED_EDGE ( 'NONE', *, *, #684, .F. ) ;
#722 = VECTOR ( 'NONE', #463, 1000.000000000000000 ) ;
#723 = ORIENTED_EDGE ( 'NONE', *, *, #280, .T. ) ;
#724 = AXIS2_PLACEMENT_3D ( 'NONE', #1766, #1496, #1050 ) ;
#725 = PLANE ( 'NONE',  #1218 ) ;
#726 =( GEOMETRIC_REPRESENTATION_CONTEXT ( 3 ) GLOBAL_UNCERTAINTY_ASSIGNED_CONTEXT ( ( #1725 ) ) GLOBAL_UNIT_ASSIGNED_CONTEXT ( ( #656, #927, #1201 ) ) REPRESENTATION_CONTEXT ( 'NONE', 'WORKASPACE' ) );
#727 = EDGE_CURVE ( 'NONE', #990, #1346, #1217, .T. ) ;
#728 =( NAMED_UNIT ( * ) PLANE_ANGLE_UNIT ( ) SI_UNIT ( $, .RADIAN. ) );
#729 = DIRECTION ( 'NONE',  ( -1.000000000000000000, 0.000000000000000000, -0.000000000000000000 ) ) ;
#730 = EDGE_CURVE ( 'NONE', #1026, #508, #475, .T. ) ;
#731 = ORIENTED_EDGE ( 'NONE', *, *, #375, .F. ) ;
#732 = DIRECTION ( 'NONE',  ( 1.000000000000000000, 0.000000000000000000, 0.000000000000000000 ) ) ;
#733 = PLANE ( 'NONE',  #669 ) ;
#734 = CARTESIAN_POINT ( 'NONE',  ( 2.794999999999999929, 2.839999999999998970, -3.935000000000000053 ) ) ;
#735 = CARTESIAN_POINT ( 'NONE',  ( 1.624999999999999334, 0.1499999999999999667, -2.920000000000000373 ) ) ;
#736 = EDGE_LOOP ( 'NONE', ( #32, #47, #968, #1152 ) ) ;
#737 = DIRECTION ( 'NONE',  ( 0.000000000000000000, 0.000000000000000000, 1.000000000000000000 ) ) ;
#738 = DIRECTION ( 'NONE',  ( 1.000000000000000000, 0.000000000000000000, -0.000000000000000000 ) ) ;
#739 = PRESENTATION_LAYER_ASSIGNMENT (  '', '', ( #558 ) ) ;
#740 =( NAMED_UNIT ( * ) SI_UNIT ( $, .STERADIAN. ) SOLID_ANGLE_UNIT ( ) );
#741 = CARTESIAN_POINT ( 'NONE',  ( 1.624999999999999334, 0.1499999999999999667, -0.3800000000000001155 ) ) ;
#742 = VERTEX_POINT ( 'NONE', #988 ) ;
#743 = LINE ( 'NONE', #1596, #1705 ) ;
#744 = CARTESIAN_POINT ( 'NONE',  ( -3.455000000000000071, 0.000000000000000000, 2.160000000000000142 ) ) ;
#745 = CARTESIAN_POINT ( 'NONE',  ( 3.455000000000000071, 0.2000000000000000111, 2.919999999999999929 ) ) ;
#746 = CARTESIAN_POINT ( 'NONE',  ( -3.455000000000000071, 0.000000000000000000, -2.160000000000000586 ) ) ;
#747 = EDGE_CURVE ( 'NONE', #1528, #695, #706, .T. ) ;
#748 = ORIENTED_EDGE ( 'NONE', *, *, #162, .T. ) ;
#749 = ORIENTED_EDGE ( 'NONE', *, *, #125, .F. ) ;
#750 = DIRECTION ( 'NONE',  ( 0.000000000000000000, -0.000000000000000000, 1.000000000000000000 ) ) ;
#751 = CARTESIAN_POINT ( 'NONE',  ( -2.794999999999999929, 0.1499999999999999944, 2.160000000000000142 ) ) ;
#752 = AXIS2_PLACEMENT_3D ( 'NONE', #444, #1546, #1539 ) ;
#753 = DIRECTION ( 'NONE',  ( 1.000000000000000000, -2.316671308729709494E-17, 0.000000000000000000 ) ) ;
#754 = DIRECTION ( 'NONE',  ( 0.000000000000000000, -0.000000000000000000, -1.000000000000000000 ) ) ;
#755 = EDGE_CURVE ( 'NONE', #288, #43, #1515, .T. ) ;
#756 = ORIENTED_EDGE ( 'NONE', *, *, #790, .F. ) ;
#757 = DIRECTION ( 'NONE',  ( -1.000000000000000000, 0.000000000000000000, 0.000000000000000000 ) ) ;
#758 = ADVANCED_FACE ( 'NONE', ( #1254 ), #566, .F. ) ;
#759 = VECTOR ( 'NONE', #627, 1000.000000000000000 ) ;
#760 = CIRCLE ( 'NONE', #37, 0.2499999999999997780 ) ;
#761 =( GEOMETRIC_REPRESENTATION_CONTEXT ( 3 ) GLOBAL_UNCERTAINTY_ASSIGNED_CONTEXT ( ( #1060 ) ) GLOBAL_UNIT_ASSIGNED_CONTEXT ( ( #1553, #1594, #740 ) ) REPRESENTATION_CONTEXT ( 'NONE', 'WORKASPACE' ) );
#762 = DIRECTION ( 'NONE',  ( 0.000000000000000000, 0.000000000000000000, -1.000000000000000000 ) ) ;
#763 = LINE ( 'NONE', #357, #1310 ) ;
#764 = AXIS2_PLACEMENT_3D ( 'NONE', #1065, #113, #377 ) ;
#765 = LINE ( 'NONE', #1721, #1385 ) ;
#766 = ORIENTED_EDGE ( 'NONE', *, *, #692, .F. ) ;
#767 = DIRECTION ( 'NONE',  ( 0.000000000000000000, 1.000000000000000000, 0.000000000000000000 ) ) ;
#768 = EDGE_CURVE ( 'NONE', #1070, #172, #685, .T. ) ;
#769 = ORIENTED_EDGE ( 'NONE', *, *, #1506, .F. ) ;
#770 = PRESENTATION_STYLE_ASSIGNMENT (( #1578 ) ) ;
#771 = CARTESIAN_POINT ( 'NONE',  ( 1.624999999999999334, 0.1499999999999999667, 0.3799999999999996714 ) ) ;
#772 = VECTOR ( 'NONE', #19, 1000.000000000000000 ) ;
#773 = DIRECTION ( 'NONE',  ( 1.000000000000000000, 0.000000000000000000, 0.000000000000000000 ) ) ;
#774 = VECTOR ( 'NONE', #1600, 1000.000000000000000 ) ;
#775 = ORIENTED_EDGE ( 'NONE', *, *, #66, .T. ) ;
#776 = CARTESIAN_POINT ( 'NONE',  ( 3.455000000000000071, 0.000000000000000000, -0.3800000000000001155 ) ) ;
#777 = DIRECTION ( 'NONE',  ( 0.000000000000000000, -0.000000000000000000, -1.000000000000000000 ) ) ;
#778 = EDGE_CURVE ( 'NONE', #1555, #560, #143, .T. ) ;
#779 = CARTESIAN_POINT ( 'NONE',  ( 2.794999999999999929, 0.2000000000000000944, -0.3800000000000001155 ) ) ;
#780 = DIRECTION ( 'NONE',  ( 1.000000000000000000, -0.000000000000000000, 0.000000000000000000 ) ) ;
#781 = VERTEX_POINT ( 'NONE', #1377 ) ;
#782 = CARTESIAN_POINT ( 'NONE',  ( -3.455000000000000071, 0.2000000000000000111, -0.3800000000000001155 ) ) ;
#783 = CARTESIAN_POINT ( 'NONE',  ( -2.794999999999999929, 15.33323779879061988, 3.935000000000000053 ) ) ;
#784 = DIRECTION ( 'NONE',  ( -0.000000000000000000, 1.000000000000000000, -0.000000000000000000 ) ) ;
#785 = LINE ( 'NONE', #522, #614 ) ;
#786 = VECTOR ( 'NONE', #283, 1000.000000000000000 ) ;
#787 = EDGE_CURVE ( 'NONE', #805, #1747, #9, .T. ) ;
#788 = PLANE ( 'NONE',  #1367 ) ;
#789 = VECTOR ( 'NONE', #514, 1000.000000000000000 ) ;
#790 = EDGE_CURVE ( 'NONE', #1623, #1640, #969, .T. ) ;
#791 = VECTOR ( 'NONE', #1754, 1000.000000000000000 ) ;
#792 = UNCERTAINTY_MEASURE_WITH_UNIT (LENGTH_MEASURE( 1.000000000000000082E-05 ), #96, 'distance_accuracy_value', 'NONE');
#793 = VERTEX_POINT ( 'NONE', #478 ) ;
#794 = CARTESIAN_POINT ( 'NONE',  ( -1.624999999999999334, 0.1499999999999999667, 2.919999999999999929 ) ) ;
#795 = PLANE ( 'NONE',  #1440 ) ;
#796 = ORIENTED_EDGE ( 'NONE', *, *, #925, .T. ) ;
#797 = DIRECTION ( 'NONE',  ( 0.000000000000000000, 0.000000000000000000, 1.000000000000000000 ) ) ;
#798 = ORIENTED_EDGE ( 'NONE', *, *, #541, .T. ) ;
#799 = LINE ( 'NONE', #1352, #151 ) ;
#800 = ORIENTED_EDGE ( 'NONE', *, *, #1333, .T. ) ;
#801 = DIRECTION ( 'NONE',  ( 0.000000000000000000, -0.000000000000000000, -1.000000000000000000 ) ) ;
#802 = CARTESIAN_POINT ( 'NONE',  ( -3.455000000000000071, 0.2000000000000000111, -0.3800000000000001155 ) ) ;
#803 = ADVANCED_FACE ( 'NONE', ( #38 ), #343, .F. ) ;
#804 = ORIENTED_EDGE ( 'NONE', *, *, #5, .F. ) ;
#805 = VERTEX_POINT ( 'NONE', #891 ) ;
#806 = LINE ( 'NONE', #655, #937 ) ;
#807 = CARTESIAN_POINT ( 'NONE',  ( 3.455000000000000071, 0.000000000000000000, -2.920000000000000373 ) ) ;
#808 = MANIFOLD_SOLID_BREP ( 'Cut-Extrude1', #677 ) ;
#809 = ORIENTED_EDGE ( 'NONE', *, *, #539, .F. ) ;
#810 = LINE ( 'NONE', #507, #1098 ) ;
#811 = CARTESIAN_POINT ( 'NONE',  ( 2.794999999999999929, 0.2000000000000000944, 2.919999999999999929 ) ) ;
#812 = AXIS2_PLACEMENT_3D ( 'NONE', #1306, #53, #584 ) ;
#813 = ORIENTED_EDGE ( 'NONE', *, *, #1536, .F. ) ;
#814 = ADVANCED_FACE ( 'NONE', ( #1673 ), #1587, .T. ) ;
#815 = CARTESIAN_POINT ( 'NONE',  ( -2.794999999999999929, 15.33323779879061988, 3.935000000000000053 ) ) ;
#816 = DIRECTION ( 'NONE',  ( -0.000000000000000000, 1.000000000000000000, -0.000000000000000000 ) ) ;
#817 = AXIS2_PLACEMENT_3D ( 'NONE', #1083, #832, #1114 ) ;
#818 = MANIFOLD_SOLID_BREP ( 'LPattern1[3]', #1399 ) ;
#819 = VECTOR ( 'NONE', #177, 1000.000000000000000 ) ;
#820 = ORIENTED_EDGE ( 'NONE', *, *, #1023, .F. ) ;
#821 = DIRECTION ( 'NONE',  ( 1.000000000000000000, -0.000000000000000000, 0.000000000000000000 ) ) ;
#822 = EDGE_CURVE ( 'NONE', #1179, #506, #48, .T. ) ;
#823 = DIRECTION ( 'NONE',  ( 1.000000000000000000, 2.316671308729709494E-17, 0.000000000000000000 ) ) ;
#824 = VERTEX_POINT ( 'NONE', #322 ) ;
#825 = EDGE_CURVE ( 'NONE', #1120, #318, #1301, .T. ) ;
#826 = PRESENTATION_STYLE_ASSIGNMENT (( #276 ) ) ;
#827 = MANIFOLD_SOLID_BREP ( 'Boss-Extrude2', #650 ) ;
#828 = SURFACE_STYLE_FILL_AREA ( #540 ) ;
#829 = DIRECTION ( 'NONE',  ( 0.000000000000000000, 0.000000000000000000, -1.000000000000000000 ) ) ;
#830 = ORIENTED_EDGE ( 'NONE', *, *, #675, .T. ) ;
#831 = CARTESIAN_POINT ( 'NONE',  ( 2.794999999999999929, 0.1499999999999999944, 2.919999999999999929 ) ) ;
#832 = DIRECTION ( 'NONE',  ( -0.000000000000000000, 1.000000000000000000, -0.000000000000000000 ) ) ;
#833 = EDGE_CURVE ( 'NONE', #1708, #328, #251, .T. ) ;
#834 =( NAMED_UNIT ( * ) SI_UNIT ( $, .STERADIAN. ) SOLID_ANGLE_UNIT ( ) );
#835 = CARTESIAN_POINT ( 'NONE',  ( -2.794999999999999929, 0.2000000000000000944, 2.160000000000000142 ) ) ;
#836 = ORIENTED_EDGE ( 'NONE', *, *, #559, .T. ) ;
#837 = CARTESIAN_POINT ( 'NONE',  ( -2.794999999999999929, 0.1499999999999999944, -0.3800000000000001155 ) ) ;
#838 = FILL_AREA_STYLE ('',( #292 ) ) ;
#839 = DIRECTION ( 'NONE',  ( 0.000000000000000000, 0.000000000000000000, -1.000000000000000000 ) ) ;
#840 = AXIS2_PLACEMENT_3D ( 'NONE', #299, #144, #1394 ) ;
#841 = EDGE_CURVE ( 'NONE', #1021, #328, #1064, .T. ) ;
#842 = VECTOR ( 'NONE', #474, 1000.000000000000000 ) ;
#843 = CARTESIAN_POINT ( 'NONE',  ( 0.000000000000000000, 0.000000000000000000, -0.3800000000000001155 ) ) ;
#844 = VECTOR ( 'NONE', #1193, 1000.000000000000000 ) ;
#845 = VERTEX_POINT ( 'NONE', #630 ) ;
#846 = VERTEX_POINT ( 'NONE', #1180 ) ;
#847 = VECTOR ( 'NONE', #1755, 1000.000000000000000 ) ;
#848 = CARTESIAN_POINT ( 'NONE',  ( -3.455000000000000071, 0.2000000000000000111, 2.919999999999999929 ) ) ;
#849 = CARTESIAN_POINT ( 'NONE',  ( 3.455000000000000071, 0.000000000000000000, -2.160000000000000586 ) ) ;
#850 = DIRECTION ( 'NONE',  ( -1.000000000000000000, 0.000000000000000000, 0.000000000000000000 ) ) ;
#851 = ADVANCED_BREP_SHAPE_REPRESENTATION ( 'ADT1-1WT+', ( #827, #216, #176, #1363, #818, #206, #808, #169, #812 ), #1616 ) ;
#852 = DIRECTION ( 'NONE',  ( 1.000000000000000000, 0.000000000000000000, 0.000000000000000000 ) ) ;
#853 = ORIENTED_EDGE ( 'NONE', *, *, #631, .F. ) ;
#854 = EDGE_CURVE ( 'NONE', #673, #290, #120, .T. ) ;
#855 = VECTOR ( 'NONE', #1079, 1000.000000000000000 ) ;
#856 = CARTESIAN_POINT ( 'NONE',  ( 3.455000000000000071, 0.000000000000000000, 2.919999999999999929 ) ) ;
#857 = LINE ( 'NONE', #1620, #1769 ) ;
#858 = DIRECTION ( 'NONE',  ( 0.000000000000000000, 0.000000000000000000, 1.000000000000000000 ) ) ;
#859 = LINE ( 'NONE', #1409, #498 ) ;
#860 = DIRECTION ( 'NONE',  ( 0.000000000000000000, 0.000000000000000000, 1.000000000000000000 ) ) ;
#861 = EDGE_LOOP ( 'NONE', ( #7, #975, #800, #651 ) ) ;
#862 = ORIENTED_EDGE ( 'NONE', *, *, #1093, .T. ) ;
#863 = DIRECTION ( 'NONE',  ( 1.000000000000000000, 0.000000000000000000, -0.000000000000000000 ) ) ;
#864 = EDGE_CURVE ( 'NONE', #1276, #195, #647, .T. ) ;
#865 = EDGE_LOOP ( 'NONE', ( #1435, #1031, #1178, #484 ) ) ;
#866 = CARTESIAN_POINT ( 'NONE',  ( 1.624999999999999334, 0.1499999999999999667, -2.160000000000000586 ) ) ;
#867 = PLANE ( 'NONE',  #1427 ) ;
#868 = ORIENTED_EDGE ( 'NONE', *, *, #1182, .T. ) ;
#869 = DIRECTION ( 'NONE',  ( -0.000000000000000000, -0.000000000000000000, -1.000000000000000000 ) ) ;
#870 = LINE ( 'NONE', #1437, #270 ) ;
#871 = CARTESIAN_POINT ( 'NONE',  ( 2.794999999999999929, 0.2000000000000000944, 0.3799999999999996714 ) ) ;
#872 = CARTESIAN_POINT ( 'NONE',  ( 2.794999999999999929, 0.2000000000000000944, 2.160000000000000142 ) ) ;
#873 = VERTEX_POINT ( 'NONE', #636 ) ;
#874 = STYLED_ITEM ( 'NONE', ( #228 ), #1363 ) ;
#875 = VERTEX_POINT ( 'NONE', #235 ) ;
#876 = AXIS2_PLACEMENT_3D ( 'NONE', #1137, #1461, #325 ) ;
#877 = CARTESIAN_POINT ( 'NONE',  ( -1.994999999999999885, 2.739999999999999769, -3.135000000000000231 ) ) ;
#878 = PLANE ( 'NONE',  #571 ) ;
#879 = ORIENTED_EDGE ( 'NONE', *, *, #1739, .T. ) ;
#880 = DIRECTION ( 'NONE',  ( -1.000000000000000000, 2.316671308729709494E-17, -0.000000000000000000 ) ) ;
#881 = CARTESIAN_POINT ( 'NONE',  ( -2.794999999999999929, 2.839999999999998970, -3.935000000000000053 ) ) ;
#882 = ORIENTED_EDGE ( 'NONE', *, *, #1379, .T. ) ;
#883 = ADVANCED_FACE ( 'NONE', ( #512 ), #1728, .T. ) ;
#884 = DIRECTION ( 'NONE',  ( 0.000000000000000000, 1.000000000000000000, 0.000000000000000000 ) ) ;
#885 = DIRECTION ( 'NONE',  ( 0.000000000000000000, 0.000000000000000000, 1.000000000000000000 ) ) ;
#886 = ORIENTED_EDGE ( 'NONE', *, *, #306, .F. ) ;
#887 = PLANE ( 'NONE',  #267 ) ;
#888 = ORIENTED_EDGE ( 'NONE', *, *, #825, .T. ) ;
#889 = CARTESIAN_POINT ( 'NONE',  ( 3.455000000000000071, 0.2000000000000000111, -2.920000000000000373 ) ) ;
#890 = EDGE_LOOP ( 'NONE', ( #374, #1004, #721, #601 ) ) ;
#891 = CARTESIAN_POINT ( 'NONE',  ( 2.794999999999999929, 0.2000000000000000944, 0.3799999999999996714 ) ) ;
#892 = CARTESIAN_POINT ( 'NONE',  ( -1.994999999999999885, 2.739999999999999769, -2.885000000000000231 ) ) ;
#893 = ADVANCED_FACE ( 'NONE', ( #1614 ), #910, .F. ) ;
#894 = ORIENTED_EDGE ( 'NONE', *, *, #755, .F. ) ;
#895 = PLANE ( 'NONE',  #876 ) ;
#896 = EDGE_CURVE ( 'NONE', #511, #535, #1602, .T. ) ;
#897 = DIRECTION ( 'NONE',  ( 1.000000000000000000, 0.000000000000000000, 0.000000000000000000 ) ) ;
#898 = VERTEX_POINT ( 'NONE', #1328 ) ;
#899 = EDGE_LOOP ( 'NONE', ( #296, #264, #1645, #796, #1061, #915 ) ) ;
#900 = LINE ( 'NONE', #1279, #155 ) ;
#901 =( GEOMETRIC_REPRESENTATION_CONTEXT ( 3 ) GLOBAL_UNCERTAINTY_ASSIGNED_CONTEXT ( ( #362 ) ) GLOBAL_UNIT_ASSIGNED_CONTEXT ( ( #1274, #625, #1724 ) ) REPRESENTATION_CONTEXT ( 'NONE', 'WORKASPACE' ) );
#902 = LINE ( 'NONE', #1159, #1339 ) ;
#903 = CARTESIAN_POINT ( 'NONE',  ( -2.794999999999999929, 0.1499999999999999944, 2.160000000000000142 ) ) ;
#904 = EDGE_CURVE ( 'NONE', #1482, #1683, #100, .T. ) ;
#905 = UNCERTAINTY_MEASURE_WITH_UNIT (LENGTH_MEASURE( 1.000000000000000082E-05 ), #156, 'distance_accuracy_value', 'NONE');
#906 = EDGE_LOOP ( 'NONE', ( #87, #184, #494, #1741 ) ) ;
#907 = ORIENTED_EDGE ( 'NONE', *, *, #1153, .F. ) ;
#908 = VECTOR ( 'NONE', #850, 1000.000000000000000 ) ;
#909 = VECTOR ( 'NONE', #227, 1000.000000000000000 ) ;
#910 = PLANE ( 'NONE',  #1192 ) ;
#911 = DIRECTION ( 'NONE',  ( 1.232047923278981460E-16, -1.000000000000000000, 0.000000000000000000 ) ) ;
#912 = CARTESIAN_POINT ( 'NONE',  ( -1.994999999999999885, 2.839999999999999858, -2.885000000000000231 ) ) ;
#913 = DIRECTION ( 'NONE',  ( 0.000000000000000000, 0.000000000000000000, 1.000000000000000000 ) ) ;
#914 = FILL_AREA_STYLE_COLOUR ( '', #1380 ) ;
#915 = ORIENTED_EDGE ( 'NONE', *, *, #202, .T. ) ;
#916 = ADVANCED_FACE ( 'NONE', ( #1609 ), #376, .F. ) ;
#917 = ORIENTED_EDGE ( 'NONE', *, *, #608, .F. ) ;
#918 = DIRECTION ( 'NONE',  ( -1.000000000000000000, 2.316671308729709494E-17, -0.000000000000000000 ) ) ;
#919 = FACE_OUTER_BOUND ( 'NONE', #663, .T. ) ;
#920 = MECHANICAL_DESIGN_GEOMETRIC_PRESENTATION_REPRESENTATION (  '', ( #88 ), #199 ) ;
#921 = CARTESIAN_POINT ( 'NONE',  ( -2.794999999999999929, 0.2000000000000000944, -0.3800000000000001155 ) ) ;
#922 = STYLED_ITEM ( 'NONE', ( #1525 ), #216 ) ;
#923 = ORIENTED_EDGE ( 'NONE', *, *, #397, .F. ) ;
#924 = PLANE ( 'NONE',  #999 ) ;
#925 = EDGE_CURVE ( 'NONE', #394, #599, #763, .T. ) ;
#926 = EDGE_CURVE ( 'NONE', #1009, #1346, #1554, .T. ) ;
#927 =( NAMED_UNIT ( * ) PLANE_ANGLE_UNIT ( ) SI_UNIT ( $, .RADIAN. ) );
#928 = LINE ( 'NONE', #1072, #847 ) ;
#929 = CARTESIAN_POINT ( 'NONE',  ( 2.794999999999999929, 0.1499999999999999944, 2.160000000000000142 ) ) ;
#930 = ORIENTED_EDGE ( 'NONE', *, *, #854, .T. ) ;
#931 = PLANE ( 'NONE',  #18 ) ;
#932 = VECTOR ( 'NONE', #1223, 1000.000000000000000 ) ;
#933 = DIRECTION ( 'NONE',  ( 0.000000000000000000, -0.000000000000000000, -1.000000000000000000 ) ) ;
#934 = VERTEX_POINT ( 'NONE', #1419 ) ;
#935 = AXIS2_PLACEMENT_3D ( 'NONE', #94, #1730, #388 ) ;
#936 = EDGE_CURVE ( 'NONE', #1416, #875, #334, .T. ) ;
#937 = VECTOR ( 'NONE', #1752, 1000.000000000000000 ) ;
#938 = VERTEX_POINT ( 'NONE', #1433 ) ;
#939 = LINE ( 'NONE', #1116, #1745 ) ;
#940 = VERTEX_POINT ( 'NONE', #487 ) ;
#941 = LINE ( 'NONE', #489, #909 ) ;
#942 = CYLINDRICAL_SURFACE ( 'NONE', #724, 0.2499999999999997780 ) ;
#943 = EDGE_CURVE ( 'NONE', #1683, #781, #323, .T. ) ;
#944 = VECTOR ( 'NONE', #1749, 1000.000000000000000 ) ;
#945 = EDGE_CURVE ( 'NONE', #1577, #1360, #1012, .T. ) ;
#946 = ORIENTED_EDGE ( 'NONE', *, *, #1417, .T. ) ;
#947 = FACE_BOUND ( 'NONE', #279, .T. ) ;
#948 = CARTESIAN_POINT ( 'NONE',  ( -1.994999999999999885, 2.839999999999999858, -3.135000000000000231 ) ) ;
#949 = ORIENTED_EDGE ( 'NONE', *, *, #27, .T. ) ;
#950 = FACE_OUTER_BOUND ( 'NONE', #124, .T. ) ;
#951 = CARTESIAN_POINT ( 'NONE',  ( -3.455000000000000071, 0.000000000000000000, 0.3799999999999996714 ) ) ;
#952 = PLANE ( 'NONE',  #840 ) ;
#953 = DIRECTION ( 'NONE',  ( -0.000000000000000000, -1.000000000000000000, -0.000000000000000000 ) ) ;
#954 = ORIENTED_EDGE ( 'NONE', *, *, #500, .T. ) ;
#955 = FACE_OUTER_BOUND ( 'NONE', #60, .T. ) ;
#956 = DIRECTION ( 'NONE',  ( -1.000000000000000000, 1.232047923278981460E-16, 0.000000000000000000 ) ) ;
#957 =( NAMED_UNIT ( * ) SI_UNIT ( $, .STERADIAN. ) SOLID_ANGLE_UNIT ( ) );
#958 = VECTOR ( 'NONE', #1149, 1000.000000000000000 ) ;
#959 = VECTOR ( 'NONE', #981, 1000.000000000000000 ) ;
#960 = DIRECTION ( 'NONE',  ( 1.000000000000000000, 0.000000000000000000, 0.000000000000000000 ) ) ;
#961 = AXIS2_PLACEMENT_3D ( 'NONE', #620, #762, #450 ) ;
#962 = PLANE ( 'NONE',  #1039 ) ;
#963 = EDGE_LOOP ( 'NONE', ( #23, #1221, #645, #1738 ) ) ;
#964 = EDGE_CURVE ( 'NONE', #875, #1190, #1314, .T. ) ;
#965 = CARTESIAN_POINT ( 'NONE',  ( 2.794999999999999929, 0.2000000000000000944, 2.919999999999999929 ) ) ;
#966 = CYLINDRICAL_SURFACE ( 'NONE', #469, 0.2499999999999997780 ) ;
#967 = PLANE ( 'NONE',  #1300 ) ;
#968 = ORIENTED_EDGE ( 'NONE', *, *, #896, .F. ) ;
#969 = LINE ( 'NONE', #837, #1166 ) ;
#970 = EDGE_CURVE ( 'NONE', #445, #1151, #900, .T. ) ;
#971 = CARTESIAN_POINT ( 'NONE',  ( 2.794999999999999929, 0.1499999999999999944, 0.3799999999999996714 ) ) ;
#972 = FACE_OUTER_BOUND ( 'NONE', #1198, .T. ) ;
#973 = CARTESIAN_POINT ( 'NONE',  ( 1.624999999999999334, 0.1499999999999999667, 2.160000000000000142 ) ) ;
#974 = CARTESIAN_POINT ( 'NONE',  ( -2.794999999999999929, 15.33323779879061988, -3.935000000000000053 ) ) ;
#975 = ORIENTED_EDGE ( 'NONE', *, *, #541, .F. ) ;
#976 = VECTOR ( 'NONE', #542, 1000.000000000000000 ) ;
#977 = ORIENTED_EDGE ( 'NONE', *, *, #970, .F. ) ;
#978 = DIRECTION ( 'NONE',  ( 0.000000000000000000, 0.000000000000000000, 1.000000000000000000 ) ) ;
#979 = DIRECTION ( 'NONE',  ( -1.000000000000000000, 0.000000000000000000, -0.000000000000000000 ) ) ;
#980 = VECTOR ( 'NONE', #1636, 1000.000000000000000 ) ;
#981 = DIRECTION ( 'NONE',  ( -0.000000000000000000, -0.000000000000000000, -1.000000000000000000 ) ) ;
#982 = ADVANCED_FACE ( 'NONE', ( #1033 ), #867, .T. ) ;
#983 = VECTOR ( 'NONE', #1550, 1000.000000000000000 ) ;
#984 = DIRECTION ( 'NONE',  ( 0.000000000000000000, 0.000000000000000000, -1.000000000000000000 ) ) ;
#985 = DIRECTION ( 'NONE',  ( -1.000000000000000000, -0.000000000000000000, -0.000000000000000000 ) ) ;
#986 = VERTEX_POINT ( 'NONE', #600 ) ;
#987 = ORIENTED_EDGE ( 'NONE', *, *, #1711, .F. ) ;
#988 = CARTESIAN_POINT ( 'NONE',  ( -2.794999999999999929, 0.2000000000000000944, 2.919999999999999929 ) ) ;
#989 = CARTESIAN_POINT ( 'NONE',  ( 2.794999999999999929, 0.2000000000000000944, -2.160000000000000586 ) ) ;
#990 = VERTEX_POINT ( 'NONE', #1579 ) ;
#991 = DIRECTION ( 'NONE',  ( 0.000000000000000000, 1.000000000000000000, 0.000000000000000000 ) ) ;
#992 =( LENGTH_UNIT ( ) NAMED_UNIT ( * ) SI_UNIT ( .MILLI., .METRE. ) );
#993 = DIRECTION ( 'NONE',  ( 0.000000000000000000, -0.000000000000000000, -1.000000000000000000 ) ) ;
#994 = DIRECTION ( 'NONE',  ( 1.000000000000000000, -1.232047923278981460E-16, -0.000000000000000000 ) ) ;
#995 = DIRECTION ( 'NONE',  ( -1.232047923278981460E-16, -1.000000000000000000, 0.000000000000000000 ) ) ;
#996 = ADVANCED_FACE ( 'NONE', ( #1168 ), #1713, .F. ) ;
#997 = CARTESIAN_POINT ( 'NONE',  ( -2.794999999999999929, 0.1499999999999999944, 3.935000000000000053 ) ) ;
#998 = ORIENTED_EDGE ( 'NONE', *, *, #466, .F. ) ;
#999 = AXIS2_PLACEMENT_3D ( 'NONE', #783, #517, #82 ) ;
#1000 = LINE ( 'NONE', #1415, #1759 ) ;
#1001 = ORIENTED_EDGE ( 'NONE', *, *, #1536, .T. ) ;
#1002 = SURFACE_SIDE_STYLE ('',( #1418 ) ) ;
#1003 = CARTESIAN_POINT ( 'NONE',  ( -2.794999999999999929, 15.33323779879061988, -3.935000000000000053 ) ) ;
#1004 = ORIENTED_EDGE ( 'NONE', *, *, #387, .F. ) ;
#1005 = LINE ( 'NONE', #1169, #414 ) ;
#1006 = CARTESIAN_POINT ( 'NONE',  ( -1.624999999999999334, 0.000000000000000000, 2.919999999999999929 ) ) ;
#1007 = DIRECTION ( 'NONE',  ( 0.000000000000000000, 0.000000000000000000, -1.000000000000000000 ) ) ;
#1008 = ORIENTED_EDGE ( 'NONE', *, *, #294, .F. ) ;
#1009 = VERTEX_POINT ( 'NONE', #1588 ) ;
#1010 = CARTESIAN_POINT ( 'NONE',  ( -2.794999999999999929, 0.1499999999999999944, 2.919999999999999929 ) ) ;
#1011 = ADVANCED_FACE ( 'NONE', ( #471 ), #1266, .F. ) ;
#1012 = LINE ( 'NONE', #751, #696 ) ;
#1013 = ORIENTED_EDGE ( 'NONE', *, *, #171, .F. ) ;
#1014 = DIRECTION ( 'NONE',  ( -1.000000000000000000, 1.232047923278981460E-16, 0.000000000000000000 ) ) ;
#1015 = ORIENTED_EDGE ( 'NONE', *, *, #500, .F. ) ;
#1016 = DIRECTION ( 'NONE',  ( 1.000000000000000000, 0.000000000000000000, 0.000000000000000000 ) ) ;
#1017 = AXIS2_PLACEMENT_3D ( 'NONE', #1044, #1187, #108 ) ;
#1018 = VERTEX_POINT ( 'NONE', #1145 ) ;
#1019 = VECTOR ( 'NONE', #1611, 1000.000000000000000 ) ;
#1020 = ADVANCED_FACE ( 'NONE', ( #1038 ), #1595, .F. ) ;
#1021 = VERTEX_POINT ( 'NONE', #892 ) ;
#1022 = VECTOR ( 'NONE', #621, 1000.000000000000000 ) ;
#1023 = EDGE_CURVE ( 'NONE', #1514, #986, #1443, .T. ) ;
#1024 = SURFACE_SIDE_STYLE ('',( #1687 ) ) ;
#1025 = CARTESIAN_POINT ( 'NONE',  ( -3.455000000000000071, 0.000000000000000000, -2.160000000000000586 ) ) ;
#1026 = VERTEX_POINT ( 'NONE', #226 ) ;
#1027 = LINE ( 'NONE', #347, #107 ) ;
#1028 = CARTESIAN_POINT ( 'NONE',  ( -3.455000000000000071, 0.000000000000000000, 2.160000000000000142 ) ) ;
#1029 = VERTEX_POINT ( 'NONE', #1469 ) ;
#1030 = VERTEX_POINT ( 'NONE', #657 ) ;
#1031 = ORIENTED_EDGE ( 'NONE', *, *, #926, .F. ) ;
#1032 = CARTESIAN_POINT ( 'NONE',  ( -1.994999999999999885, 2.739999999999999769, -3.135000000000000231 ) ) ;
#1033 = FACE_OUTER_BOUND ( 'NONE', #472, .T. ) ;
#1034 = CARTESIAN_POINT ( 'NONE',  ( -2.794999999999999929, 2.839999999999998970, 3.935000000000000053 ) ) ;
#1035 = SURFACE_STYLE_USAGE ( .BOTH. , #1682 ) ;
#1036 = EDGE_LOOP ( 'NONE', ( #398, #476, #1067, #284 ) ) ;
#1037 = CARTESIAN_POINT ( 'NONE',  ( 1.624999999999999334, 0.1499999999999999667, 2.160000000000000142 ) ) ;
#1038 = FACE_OUTER_BOUND ( 'NONE', #1660, .T. ) ;
#1039 = AXIS2_PLACEMENT_3D ( 'NONE', #434, #419, #1102 ) ;
#1040 = CARTESIAN_POINT ( 'NONE',  ( 1.624999999999999334, 0.000000000000000000, 2.919999999999999929 ) ) ;
#1041 = EDGE_CURVE ( 'NONE', #1509, #824, #1603, .T. ) ;
#1042 = UNCERTAINTY_MEASURE_WITH_UNIT (LENGTH_MEASURE( 1.000000000000000082E-05 ), #74, 'distance_accuracy_value', 'NONE');
#1043 = ORIENTED_EDGE ( 'NONE', *, *, #397, .T. ) ;
#1044 = CARTESIAN_POINT ( 'NONE',  ( 0.000000000000000000, 2.839999999999999858, 0.000000000000000000 ) ) ;
#1045 = ORIENTED_EDGE ( 'NONE', *, *, #415, .T. ) ;
#1046 = VECTOR ( 'NONE', #1256, 1000.000000000000000 ) ;
#1047 = ORIENTED_EDGE ( 'NONE', *, *, #1320, .T. ) ;
#1048 = VECTOR ( 'NONE', #1405, 1000.000000000000000 ) ;
#1049 = DIRECTION ( 'NONE',  ( 0.000000000000000000, 0.000000000000000000, 1.000000000000000000 ) ) ;
#1050 = DIRECTION ( 'NONE',  ( 0.000000000000000000, 0.000000000000000000, 1.000000000000000000 ) ) ;
#1051 = CARTESIAN_POINT ( 'NONE',  ( -3.455000000000000071, 0.000000000000000000, -2.920000000000000373 ) ) ;
#1052 = ORIENTED_EDGE ( 'NONE', *, *, #1208, .F. ) ;
#1053 = CARTESIAN_POINT ( 'NONE',  ( 2.794999999999999929, 0.2000000000000000944, 2.919999999999999929 ) ) ;
#1054 = ORIENTED_EDGE ( 'NONE', *, *, #1391, .T. ) ;
#1055 = ADVANCED_FACE ( 'NONE', ( #513 ), #1729, .F. ) ;
#1056 = VERTEX_POINT ( 'NONE', #1610 ) ;
#1057 = CARTESIAN_POINT ( 'NONE',  ( 3.455000000000000071, 0.000000000000000000, -0.3800000000000001155 ) ) ;
#1058 = FACE_OUTER_BOUND ( 'NONE', #1207, .T. ) ;
#1059 = DIRECTION ( 'NONE',  ( -1.000000000000000000, 0.000000000000000000, 0.000000000000000000 ) ) ;
#1060 = UNCERTAINTY_MEASURE_WITH_UNIT (LENGTH_MEASURE( 1.000000000000000082E-05 ), #1553, 'distance_accuracy_value', 'NONE');
#1061 = ORIENTED_EDGE ( 'NONE', *, *, #1489, .T. ) ;
#1062 = LINE ( 'NONE', #1309, #944 ) ;
#1063 = ADVANCED_FACE ( 'NONE', ( #1476 ), #369, .F. ) ;
#1064 = LINE ( 'NONE', #91, #791 ) ;
#1065 = CARTESIAN_POINT ( 'NONE',  ( 0.000000000000000000, 0.000000000000000000, -2.160000000000000586 ) ) ;
#1066 = LINE ( 'NONE', #524, #1019 ) ;
#1067 = ORIENTED_EDGE ( 'NONE', *, *, #306, .T. ) ;
#1068 = CARTESIAN_POINT ( 'NONE',  ( 2.794999999999999929, 0.1499999999999999944, 2.919999999999999929 ) ) ;
#1069 = CARTESIAN_POINT ( 'NONE',  ( 3.455000000000000071, 0.000000000000000000, 0.3799999999999996714 ) ) ;
#1070 = VERTEX_POINT ( 'NONE', #771 ) ;
#1071 = VECTOR ( 'NONE', #1657, 1000.000000000000000 ) ;
#1072 = CARTESIAN_POINT ( 'NONE',  ( -2.794999999999999929, 0.2000000000000000944, 2.919999999999999929 ) ) ;
#1073 = AXIS2_PLACEMENT_3D ( 'NONE', #580, #1294, #1014 ) ;
#1074 = ADVANCED_FACE ( 'NONE', ( #919 ), #92, .F. ) ;
#1075 = AXIS2_PLACEMENT_3D ( 'NONE', #1688, #911, #344 ) ;
#1076 = AXIS2_PLACEMENT_3D ( 'NONE', #637, #504, #1341 ) ;
#1077 = VERTEX_POINT ( 'NONE', #1321 ) ;
#1078 = DIRECTION ( 'NONE',  ( 1.000000000000000000, 1.232047923278981460E-16, 0.000000000000000000 ) ) ;
#1079 = DIRECTION ( 'NONE',  ( -1.000000000000000000, -1.232047923278981460E-16, -0.000000000000000000 ) ) ;
#1080 = ORIENTED_EDGE ( 'NONE', *, *, #1297, .T. ) ;
#1081 = LINE ( 'NONE', #1631, #668 ) ;
#1082 = PLANE ( 'NONE',  #416 ) ;
#1083 = CARTESIAN_POINT ( 'NONE',  ( -1.994999999999999885, 2.739999999999999769, -3.135000000000000231 ) ) ;
#1084 = DIRECTION ( 'NONE',  ( 2.316671308729709494E-17, -1.000000000000000000, 0.000000000000000000 ) ) ;
#1085 = EDGE_CURVE ( 'NONE', #742, #1733, #928, .T. ) ;
#1086 = MECHANICAL_DESIGN_GEOMETRIC_PRESENTATION_REPRESENTATION (  '', ( #558 ), #623 ) ;
#1087 = ORIENTED_EDGE ( 'NONE', *, *, #864, .T. ) ;
#1088 = DIRECTION ( 'NONE',  ( 0.000000000000000000, 1.000000000000000000, 0.000000000000000000 ) ) ;
#1089 = DIRECTION ( 'NONE',  ( -1.000000000000000000, 0.000000000000000000, 0.000000000000000000 ) ) ;
#1090 =( LENGTH_UNIT ( ) NAMED_UNIT ( * ) SI_UNIT ( .MILLI., .METRE. ) );
#1091 = FACE_OUTER_BOUND ( 'NONE', #890, .T. ) ;
#1092 = CARTESIAN_POINT ( 'NONE',  ( 1.624999999999999334, 0.1499999999999999667, 2.919999999999999929 ) ) ;
#1093 = EDGE_CURVE ( 'NONE', #1747, #238, #1626, .T. ) ;
#1094 = DIRECTION ( 'NONE',  ( 0.000000000000000000, -0.000000000000000000, 1.000000000000000000 ) ) ;
#1095 = ORIENTED_EDGE ( 'NONE', *, *, #904, .F. ) ;
#1096 = ORIENTED_EDGE ( 'NONE', *, *, #548, .T. ) ;
#1097 = CARTESIAN_POINT ( 'NONE',  ( -1.624999999999999334, 0.000000000000000000, 2.160000000000000142 ) ) ;
#1098 = VECTOR ( 'NONE', #116, 1000.000000000000000 ) ;
#1099 = VECTOR ( 'NONE', #732, 1000.000000000000000 ) ;
#1100 = DIRECTION ( 'NONE',  ( -0.000000000000000000, -0.000000000000000000, -1.000000000000000000 ) ) ;
#1101 = STYLED_ITEM ( 'NONE', ( #770 ), #827 ) ;
#1102 = DIRECTION ( 'NONE',  ( -1.000000000000000000, 0.000000000000000000, -0.000000000000000000 ) ) ;
#1103 = EDGE_CURVE ( 'NONE', #535, #1360, #785, .T. ) ;
#1104 = DIRECTION ( 'NONE',  ( 0.000000000000000000, -0.000000000000000000, -1.000000000000000000 ) ) ;
#1105 = CARTESIAN_POINT ( 'NONE',  ( 3.455000000000000071, 0.2000000000000000111, -2.160000000000000586 ) ) ;
#1106 = ORIENTED_EDGE ( 'NONE', *, *, #641, .T. ) ;
#1107 = DIRECTION ( 'NONE',  ( -0.000000000000000000, 1.000000000000000000, -0.000000000000000000 ) ) ;
#1108 = CARTESIAN_POINT ( 'NONE',  ( 2.794999999999999929, 0.1499999999999999944, -2.160000000000000586 ) ) ;
#1109 = DIRECTION ( 'NONE',  ( 0.000000000000000000, 0.000000000000000000, -1.000000000000000000 ) ) ;
#1110 = VECTOR ( 'NONE', #356, 1000.000000000000000 ) ;
#1111 = CARTESIAN_POINT ( 'NONE',  ( -2.794999999999999929, 0.1499999999999999944, 3.935000000000000053 ) ) ;
#1112 = ORIENTED_EDGE ( 'NONE', *, *, #1255, .T. ) ;
#1113 = CARTESIAN_POINT ( 'NONE',  ( 1.624999999999999334, 0.000000000000000000, 2.919999999999999929 ) ) ;
#1114 = DIRECTION ( 'NONE',  ( 0.000000000000000000, 0.000000000000000000, 1.000000000000000000 ) ) ;
#1115 = EDGE_CURVE ( 'NONE', #1278, #793, #1737, .T. ) ;
#1116 = CARTESIAN_POINT ( 'NONE',  ( -3.455000000000000071, 0.2000000000000000111, -2.160000000000000586 ) ) ;
#1117 = LINE ( 'NONE', #432, #959 ) ;
#1118 = FACE_OUTER_BOUND ( 'NONE', #1135, .T. ) ;
#1119 = DIRECTION ( 'NONE',  ( 0.000000000000000000, -1.000000000000000000, -0.000000000000000000 ) ) ;
#1120 = VERTEX_POINT ( 'NONE', #1329 ) ;
#1121 = ORIENTED_EDGE ( 'NONE', *, *, #1763, .F. ) ;
#1122 = VECTOR ( 'NONE', #1119, 1000.000000000000000 ) ;
#1123 = LINE ( 'NONE', #1551, #496 ) ;
#1124 = PRODUCT_RELATED_PRODUCT_CATEGORY ( 'part', '', ( #213 ) ) ;
#1125 = ADVANCED_FACE ( 'NONE', ( #1615 ), #101, .T. ) ;
#1126 = VECTOR ( 'NONE', #339, 1000.000000000000000 ) ;
#1127 = DIRECTION ( 'NONE',  ( 1.000000000000000000, 0.000000000000000000, 0.000000000000000000 ) ) ;
#1128 = LINE ( 'NONE', #194, #1451 ) ;
#1129 = VECTOR ( 'NONE', #1358, 1000.000000000000000 ) ;
#1130 = FACE_OUTER_BOUND ( 'NONE', #382, .T. ) ;
#1131 = CARTESIAN_POINT ( 'NONE',  ( 2.794999999999999929, 0.2000000000000000944, -0.3800000000000001155 ) ) ;
#1132 = ORIENTED_EDGE ( 'NONE', *, *, #768, .T. ) ;
#1133 = ORIENTED_EDGE ( 'NONE', *, *, #422, .T. ) ;
#1134 = LINE ( 'NONE', #1697, #436 ) ;
#1135 = EDGE_LOOP ( 'NONE', ( #1298, #1164, #998, #260 ) ) ;
#1136 = ORIENTED_EDGE ( 'NONE', *, *, #1085, .F. ) ;
#1137 = CARTESIAN_POINT ( 'NONE',  ( -3.455000000000000071, 0.2000000000000000111, -2.160000000000000586 ) ) ;
#1138 = EDGE_CURVE ( 'NONE', #1056, #1584, #1202, .T. ) ;
#1139 = PLANE ( 'NONE',  #1422 ) ;
#1140 = CARTESIAN_POINT ( 'NONE',  ( 2.794999999999999929, 0.1499999999999999944, 2.160000000000000142 ) ) ;
#1141 = EDGE_CURVE ( 'NONE', #1584, #712, #59, .T. ) ;
#1142 = ORIENTED_EDGE ( 'NONE', *, *, #1200, .T. ) ;
#1143 = ORIENTED_EDGE ( 'NONE', *, *, #304, .F. ) ;
#1144 = PRESENTATION_LAYER_ASSIGNMENT (  '', '', ( #922 ) ) ;
#1145 = CARTESIAN_POINT ( 'NONE',  ( -3.455000000000000071, 0.2000000000000000111, 2.160000000000000142 ) ) ;
#1146 = ORIENTED_EDGE ( 'NONE', *, *, #1208, .T. ) ;
#1147 = CARTESIAN_POINT ( 'NONE',  ( 1.624999999999999334, 0.1499999999999999667, 2.919999999999999929 ) ) ;
#1148 = DIRECTION ( 'NONE',  ( -1.000000000000000000, -1.232047923278981460E-16, -0.000000000000000000 ) ) ;
#1149 = DIRECTION ( 'NONE',  ( 0.000000000000000000, 1.000000000000000000, 0.000000000000000000 ) ) ;
#1150 = EDGE_CURVE ( 'NONE', #506, #793, #598, .T. ) ;
#1151 = VERTEX_POINT ( 'NONE', #1155 ) ;
#1152 = ORIENTED_EDGE ( 'NONE', *, *, #1478, .T. ) ;
#1153 = EDGE_CURVE ( 'NONE', #1416, #1030, #1134, .T. ) ;
#1154 = DIRECTION ( 'NONE',  ( 1.000000000000000000, -1.232047923278981460E-16, -0.000000000000000000 ) ) ;
#1155 = CARTESIAN_POINT ( 'NONE',  ( -1.624999999999999334, 0.000000000000000000, 2.919999999999999929 ) ) ;
#1156 = PRESENTATION_STYLE_ASSIGNMENT (( #1712 ) ) ;
#1157 = CARTESIAN_POINT ( 'NONE',  ( -3.455000000000000071, 0.000000000000000000, 2.919999999999999929 ) ) ;
#1158 = ORIENTED_EDGE ( 'NONE', *, *, #1138, .F. ) ;
#1159 = CARTESIAN_POINT ( 'NONE',  ( 3.455000000000000071, 0.000000000000000000, 0.3799999999999996714 ) ) ;
#1160 = PLANE ( 'NONE',  #1269 ) ;
#1161 = DIRECTION ( 'NONE',  ( -1.000000000000000000, 1.232047923278981460E-16, 0.000000000000000000 ) ) ;
#1162 = VECTOR ( 'NONE', #10, 1000.000000000000000 ) ;
#1163 = ORIENTED_EDGE ( 'NONE', *, *, #332, .F. ) ;
#1164 = ORIENTED_EDGE ( 'NONE', *, *, #654, .F. ) ;
#1165 = VECTOR ( 'NONE', #823, 1000.000000000000000 ) ;
#1166 = VECTOR ( 'NONE', #880, 1000.000000000000000 ) ;
#1167 = FILL_AREA_STYLE_COLOUR ( '', #392 ) ;
#1168 = FACE_OUTER_BOUND ( 'NONE', #321, .T. ) ;
#1169 = CARTESIAN_POINT ( 'NONE',  ( -3.455000000000000071, 0.000000000000000000, 0.3799999999999996714 ) ) ;
#1170 = ORIENTED_EDGE ( 'NONE', *, *, #510, .T. ) ;
#1171 = CARTESIAN_POINT ( 'NONE',  ( 3.455000000000000071, 0.000000000000000000, -2.160000000000000586 ) ) ;
#1172 = VECTOR ( 'NONE', #767, 1000.000000000000000 ) ;
#1173 = SURFACE_STYLE_USAGE ( .BOTH. , #1002 ) ;
#1174 = DIRECTION ( 'NONE',  ( 0.000000000000000000, 1.000000000000000000, 0.000000000000000000 ) ) ;
#1175 = EDGE_CURVE ( 'NONE', #1299, #1318, #1123, .T. ) ;
#1176 = CARTESIAN_POINT ( 'NONE',  ( -1.994999999999999885, 2.839999999999999858, -2.885000000000000231 ) ) ;
#1177 = EDGE_LOOP ( 'NONE', ( #1264, #1286, #81, #756, #1251, #1325 ) ) ;
#1178 = ORIENTED_EDGE ( 'NONE', *, *, #4, .F. ) ;
#1179 = VERTEX_POINT ( 'NONE', #989 ) ;
#1180 = CARTESIAN_POINT ( 'NONE',  ( -3.455000000000000071, 0.000000000000000000, 0.3799999999999996714 ) ) ;
#1181 = DIRECTION ( 'NONE',  ( -0.000000000000000000, -0.000000000000000000, -1.000000000000000000 ) ) ;
#1182 = EDGE_CURVE ( 'NONE', #712, #43, #310, .T. ) ;
#1183 = CARTESIAN_POINT ( 'NONE',  ( 0.000000000000000000, 0.000000000000000000, -2.160000000000000586 ) ) ;
#1184 = CARTESIAN_POINT ( 'NONE',  ( -3.455000000000000071, 0.000000000000000000, 2.919999999999999929 ) ) ;
#1185 = EDGE_CURVE ( 'NONE', #742, #204, #1647, .T. ) ;
#1186 = ORIENTED_EDGE ( 'NONE', *, *, #66, .F. ) ;
#1187 = DIRECTION ( 'NONE',  ( 0.000000000000000000, 1.000000000000000000, 0.000000000000000000 ) ) ;
#1188 = EDGE_LOOP ( 'NONE', ( #882, #670, #1327, #1531 ) ) ;
#1189 =( GEOMETRIC_REPRESENTATION_CONTEXT ( 3 ) GLOBAL_UNCERTAINTY_ASSIGNED_CONTEXT ( ( #792 ) ) GLOBAL_UNIT_ASSIGNED_CONTEXT ( ( #96, #220, #1438 ) ) REPRESENTATION_CONTEXT ( 'NONE', 'WORKASPACE' ) );
#1190 = VERTEX_POINT ( 'NONE', #134 ) ;
#1191 = VECTOR ( 'NONE', #1567, 1000.000000000000000 ) ;
#1192 = AXIS2_PLACEMENT_3D ( 'NONE', #1459, #495, #1049 ) ;
#1193 = DIRECTION ( 'NONE',  ( -1.000000000000000000, 0.000000000000000000, 0.000000000000000000 ) ) ;
#1194 = CARTESIAN_POINT ( 'NONE',  ( 2.794999999999999929, 0.1499999999999999944, 0.3799999999999996714 ) ) ;
#1195 = ORIENTED_EDGE ( 'NONE', *, *, #1694, .T. ) ;
#1196 = CARTESIAN_POINT ( 'NONE',  ( -2.794999999999999929, 0.2000000000000000944, -2.920000000000000373 ) ) ;
#1197 = CARTESIAN_POINT ( 'NONE',  ( 2.794999999999999929, 0.1499999999999999944, 3.935000000000000053 ) ) ;
#1198 = EDGE_LOOP ( 'NONE', ( #853, #1473, #605, #544, #44, #15 ) ) ;
#1199 = DIRECTION ( 'NONE',  ( -1.000000000000000000, 0.000000000000000000, 0.000000000000000000 ) ) ;
#1200 = EDGE_CURVE ( 'NONE', #560, #106, #1522, .T. ) ;
#1201 =( NAMED_UNIT ( * ) SI_UNIT ( $, .STERADIAN. ) SOLID_ANGLE_UNIT ( ) );
#1202 = LINE ( 'NONE', #385, #1390 ) ;
#1203 = VECTOR ( 'NONE', #1643, 1000.000000000000000 ) ;
#1204 = CARTESIAN_POINT ( 'NONE',  ( -1.624999999999999334, 0.1499999999999999667, -2.160000000000000586 ) ) ;
#1205 = ORIENTED_EDGE ( 'NONE', *, *, #1417, .F. ) ;
#1206 = CARTESIAN_POINT ( 'NONE',  ( -1.624999999999999334, 0.1499999999999999667, 2.919999999999999929 ) ) ;
#1207 = EDGE_LOOP ( 'NONE', ( #1052, #1015, #354, #565 ) ) ;
#1208 = EDGE_CURVE ( 'NONE', #845, #1708, #1516, .T. ) ;
#1209 = CARTESIAN_POINT ( 'NONE',  ( 2.794999999999999929, 15.33323779879061988, 3.935000000000000053 ) ) ;
#1210 = DIRECTION ( 'NONE',  ( -0.000000000000000000, -0.000000000000000000, -1.000000000000000000 ) ) ;
#1211 = EDGE_LOOP ( 'NONE', ( #1338, #766, #71, #809, #820, #1163 ) ) ;
#1212 = LINE ( 'NONE', #528, #759 ) ;
#1213 = EDGE_LOOP ( 'NONE', ( #1439, #1580, #1043, #1382 ) ) ;
#1214 = CARTESIAN_POINT ( 'NONE',  ( -1.624999999999999334, 0.1499999999999999667, 0.3799999999999996714 ) ) ;
#1215 = VECTOR ( 'NONE', #1507, 1000.000000000000000 ) ;
#1216 = EDGE_CURVE ( 'NONE', #1077, #477, #289, .T. ) ;
#1217 = LINE ( 'NONE', #403, #272 ) ;
#1218 = AXIS2_PLACEMENT_3D ( 'NONE', #1289, #57, #173 ) ;
#1219 = DIRECTION ( 'NONE',  ( 0.000000000000000000, 1.000000000000000000, 0.000000000000000000 ) ) ;
#1220 = PRESENTATION_LAYER_ASSIGNMENT (  '', '', ( #1573 ) ) ;
#1221 = ORIENTED_EDGE ( 'NONE', *, *, #1311, .F. ) ;
#1222 = ORIENTED_EDGE ( 'NONE', *, *, #1517, .T. ) ;
#1223 = DIRECTION ( 'NONE',  ( 0.000000000000000000, -0.000000000000000000, -1.000000000000000000 ) ) ;
#1224 = SURFACE_STYLE_FILL_AREA ( #1518 ) ;
#1225 = ADVANCED_FACE ( 'NONE', ( #1383 ), #1236, .F. ) ;
#1226 = COLOUR_RGB ( '',0.7921568627450980005, 0.8196078431372548767, 0.9333333333333333481 ) ;
#1227 = DIRECTION ( 'NONE',  ( 0.000000000000000000, 0.000000000000000000, 1.000000000000000000 ) ) ;
#1228 = ORIENTED_EDGE ( 'NONE', *, *, #1243, .T. ) ;
#1229 = DIRECTION ( 'NONE',  ( -0.000000000000000000, 1.000000000000000000, -0.000000000000000000 ) ) ;
#1230 = ORIENTED_EDGE ( 'NONE', *, *, #423, .F. ) ;
#1231 = ADVANCED_FACE ( 'NONE', ( #404 ), #952, .F. ) ;
#1232 = CARTESIAN_POINT ( 'NONE',  ( -2.794999999999999929, 0.2000000000000000944, -2.160000000000000586 ) ) ;
#1233 = EDGE_CURVE ( 'NONE', #341, #506, #1503, .T. ) ;
#1234 = DIRECTION ( 'NONE',  ( 0.000000000000000000, 1.000000000000000000, 0.000000000000000000 ) ) ;
#1235 = ORIENTED_EDGE ( 'NONE', *, *, #964, .F. ) ;
#1236 = CYLINDRICAL_SURFACE ( 'NONE', #817, 0.2499999999999997780 ) ;
#1237 = VECTOR ( 'NONE', #1672, 1000.000000000000000 ) ;
#1238 = PRESENTATION_STYLE_ASSIGNMENT (( #128 ) ) ;
#1239 = AXIS2_PLACEMENT_3D ( 'NONE', #683, #839, #979 ) ;
#1240 = VECTOR ( 'NONE', #1542, 1000.000000000000000 ) ;
#1241 = CARTESIAN_POINT ( 'NONE',  ( -1.994999999999999885, 2.839999999999999858, -3.384999999999999787 ) ) ;
#1242 = ORIENTED_EDGE ( 'NONE', *, *, #304, .T. ) ;
#1243 = EDGE_CURVE ( 'NONE', #1360, #1733, #1653, .T. ) ;
#1244 = DIRECTION ( 'NONE',  ( 1.000000000000000000, 2.316671308729709494E-17, 0.000000000000000000 ) ) ;
#1245 = CARTESIAN_POINT ( 'NONE',  ( 2.794999999999999929, 0.2000000000000000944, -2.920000000000000373 ) ) ;
#1246 =( NAMED_UNIT ( * ) SI_UNIT ( $, .STERADIAN. ) SOLID_ANGLE_UNIT ( ) );
#1247 = CARTESIAN_POINT ( 'NONE',  ( -2.794999999999999929, 0.2000000000000000944, -2.160000000000000586 ) ) ;
#1248 = LINE ( 'NONE', #180, #1734 ) ;
#1249 = DIRECTION ( 'NONE',  ( 0.000000000000000000, -0.000000000000000000, 1.000000000000000000 ) ) ;
#1250 = CLOSED_SHELL ( 'NONE', ( #996, #1677, #16, #1231, #583, #1020, #1011, #234 ) ) ;
#1251 = ORIENTED_EDGE ( 'NONE', *, *, #1255, .F. ) ;
#1252 = ADVANCED_FACE ( 'NONE', ( #551 ), #537, .F. ) ;
#1253 = ORIENTED_EDGE ( 'NONE', *, *, #608, .T. ) ;
#1254 = FACE_OUTER_BOUND ( 'NONE', #1505, .T. ) ;
#1255 = EDGE_CURVE ( 'NONE', #695, #1623, #152, .T. ) ;
#1256 = DIRECTION ( 'NONE',  ( 0.000000000000000000, -0.000000000000000000, -1.000000000000000000 ) ) ;
#1257 = PLANE ( 'NONE',  #1239 ) ;
#1258 = CARTESIAN_POINT ( 'NONE',  ( -3.455000000000000071, 0.000000000000000000, -2.160000000000000586 ) ) ;
#1259 = CARTESIAN_POINT ( 'NONE',  ( 3.455000000000000071, 0.000000000000000000, 2.919999999999999929 ) ) ;
#1260 = DIRECTION ( 'NONE',  ( 0.000000000000000000, 1.000000000000000000, 0.000000000000000000 ) ) ;
#1261 = ORIENTED_EDGE ( 'NONE', *, *, #1633, .T. ) ;
#1262 = VERTEX_POINT ( 'NONE', #25 ) ;
#1263 = DIRECTION ( 'NONE',  ( 0.000000000000000000, 1.000000000000000000, 0.000000000000000000 ) ) ;
#1264 = ORIENTED_EDGE ( 'NONE', *, *, #1041, .F. ) ;
#1265 = ADVANCED_FACE ( 'NONE', ( #1130 ), #340, .F. ) ;
#1266 = PLANE ( 'NONE',  #300 ) ;
#1267 = LINE ( 'NONE', #802, #855 ) ;
#1268 = DIRECTION ( 'NONE',  ( 0.000000000000000000, 0.000000000000000000, 1.000000000000000000 ) ) ;
#1269 = AXIS2_PLACEMENT_3D ( 'NONE', #1258, #201, #1249 ) ;
#1270 = FACE_OUTER_BOUND ( 'NONE', #1471, .T. ) ;
#1271 = DIRECTION ( 'NONE',  ( 0.000000000000000000, -0.000000000000000000, -1.000000000000000000 ) ) ;
#1272 = VECTOR ( 'NONE', #1666, 1000.000000000000000 ) ;
#1273 = CARTESIAN_POINT ( 'NONE',  ( 3.455000000000000071, 0.2000000000000000111, 0.3799999999999996714 ) ) ;
#1274 =( LENGTH_UNIT ( ) NAMED_UNIT ( * ) SI_UNIT ( .MILLI., .METRE. ) );
#1275 = ORIENTED_EDGE ( 'NONE', *, *, #1093, .F. ) ;
#1276 = VERTEX_POINT ( 'NONE', #1028 ) ;
#1277 = LINE ( 'NONE', #856, #1048 ) ;
#1278 = VERTEX_POINT ( 'NONE', #1572 ) ;
#1279 = CARTESIAN_POINT ( 'NONE',  ( -3.455000000000000071, 0.000000000000000000, 2.919999999999999929 ) ) ;
#1280 = ORIENTED_EDGE ( 'NONE', *, *, #619, .T. ) ;
#1281 = FACE_OUTER_BOUND ( 'NONE', #451, .T. ) ;
#1282 = CARTESIAN_POINT ( 'NONE',  ( -2.794999999999999929, 0.1499999999999999944, 0.3799999999999996714 ) ) ;
#1283 = DIRECTION ( 'NONE',  ( 0.000000000000000000, 0.000000000000000000, 1.000000000000000000 ) ) ;
#1284 = ADVANCED_FACE ( 'NONE', ( #203 ), #1706, .F. ) ;
#1285 = PRESENTATION_STYLE_ASSIGNMENT (( #1035 ) ) ;
#1286 = ORIENTED_EDGE ( 'NONE', *, *, #174, .F. ) ;
#1287 = CIRCLE ( 'NONE', #259, 0.2499999999999997780 ) ;
#1288 = ORIENTED_EDGE ( 'NONE', *, *, #1694, .F. ) ;
#1289 = CARTESIAN_POINT ( 'NONE',  ( 2.794999999999999929, 0.1499999999999999944, 2.919999999999999929 ) ) ;
#1290 = DIRECTION ( 'NONE',  ( 0.000000000000000000, 0.000000000000000000, 1.000000000000000000 ) ) ;
#1291 = ORIENTED_EDGE ( 'NONE', *, *, #1372, .T. ) ;
#1292 = CARTESIAN_POINT ( 'NONE',  ( -1.994999999999999885, 2.839999999999999858, -3.135000000000000231 ) ) ;
#1293 = EDGE_LOOP ( 'NONE', ( #56, #1612, #1132, #1096 ) ) ;
#1294 = DIRECTION ( 'NONE',  ( -1.232047923278981460E-16, -1.000000000000000000, 0.000000000000000000 ) ) ;
#1295 = DIRECTION ( 'NONE',  ( 1.000000000000000000, -1.232047923278981460E-16, -0.000000000000000000 ) ) ;
#1296 = CARTESIAN_POINT ( 'NONE',  ( 1.624999999999999334, 0.000000000000000000, 0.3799999999999996714 ) ) ;
#1297 = EDGE_CURVE ( 'NONE', #824, #695, #42, .T. ) ;
#1298 = ORIENTED_EDGE ( 'NONE', *, *, #332, .T. ) ;
#1299 = VERTEX_POINT ( 'NONE', #1140 ) ;
#1300 = AXIS2_PLACEMENT_3D ( 'NONE', #22, #1234, #1094 ) ;
#1301 = LINE ( 'NONE', #866, #1387 ) ;
#1302 = CARTESIAN_POINT ( 'NONE',  ( -1.624999999999999334, 0.1499999999999999667, -2.920000000000000373 ) ) ;
#1303 = DIRECTION ( 'NONE',  ( -1.000000000000000000, 0.000000000000000000, 0.000000000000000000 ) ) ;
#1304 = FACE_OUTER_BOUND ( 'NONE', #406, .T. ) ;
#1305 = VECTOR ( 'NONE', #266, 1000.000000000000000 ) ;
#1306 = CARTESIAN_POINT ( 'NONE',  ( 0.000000000000000000, 0.000000000000000000, 0.000000000000000000 ) ) ;
#1307 = ORIENTED_EDGE ( 'NONE', *, *, #778, .F. ) ;
#1308 = CIRCLE ( 'NONE', #526, 0.2499999999999997780 ) ;
#1309 = CARTESIAN_POINT ( 'NONE',  ( 3.455000000000000071, 0.2000000000000000111, -2.160000000000000586 ) ) ;
#1310 = VECTOR ( 'NONE', #1674, 1000.000000000000000 ) ;
#1311 = EDGE_CURVE ( 'NONE', #898, #238, #455, .T. ) ;
#1312 = VECTOR ( 'NONE', #1460, 1000.000000000000000 ) ;
#1313 = FILL_AREA_STYLE_COLOUR ( '', #40 ) ;
#1314 = LINE ( 'NONE', #1003, #1707 ) ;
#1315 = LINE ( 'NONE', #951, #336 ) ;
#1316 = SURFACE_SIDE_STYLE ('',( #1324 ) ) ;
#1317 = APPLICATION_PROTOCOL_DEFINITION ( 'draft international standard', 'automotive_design', 1998, #90 ) ;
#1318 = VERTEX_POINT ( 'NONE', #872 ) ;
#1319 = LINE ( 'NONE', #628, #772 ) ;
#1320 = EDGE_CURVE ( 'NONE', #518, #318, #593, .T. ) ;
#1321 = CARTESIAN_POINT ( 'NONE',  ( 3.455000000000000071, 0.000000000000000000, -2.160000000000000586 ) ) ;
#1322 = DIRECTION ( 'NONE',  ( -1.000000000000000000, -2.316671308729709494E-17, 0.000000000000000000 ) ) ;
#1323 = DIRECTION ( 'NONE',  ( -0.000000000000000000, -0.000000000000000000, -1.000000000000000000 ) ) ;
#1324 = SURFACE_STYLE_FILL_AREA ( #379 ) ;
#1325 = ORIENTED_EDGE ( 'NONE', *, *, #1297, .F. ) ;
#1326 = FACE_OUTER_BOUND ( 'NONE', #1652, .T. ) ;
#1327 = ORIENTED_EDGE ( 'NONE', *, *, #285, .F. ) ;
#1328 = CARTESIAN_POINT ( 'NONE',  ( 3.455000000000000071, 0.2000000000000000111, 0.3799999999999996714 ) ) ;
#1329 = CARTESIAN_POINT ( 'NONE',  ( 1.624999999999999334, 0.1499999999999999667, -2.160000000000000586 ) ) ;
#1330 = ADVANCED_FACE ( 'NONE', ( #1304 ), #1400, .T. ) ;
#1331 = PLANE ( 'NONE',  #1384 ) ;
#1332 = CARTESIAN_POINT ( 'NONE',  ( -2.794999999999999929, 2.839999999999998970, 3.935000000000000053 ) ) ;
#1333 = EDGE_CURVE ( 'NONE', #873, #288, #1538, .T. ) ;
#1334 = UNCERTAINTY_MEASURE_WITH_UNIT (LENGTH_MEASURE( 1.000000000000000082E-05 ), #1090, 'distance_accuracy_value', 'NONE');
#1335 = ORIENTED_EDGE ( 'NONE', *, *, #285, .T. ) ;
#1336 = FACE_OUTER_BOUND ( 'NONE', #1036, .T. ) ;
#1337 = VECTOR ( 'NONE', #31, 1000.000000000000000 ) ;
#1338 = ORIENTED_EDGE ( 'NONE', *, *, #727, .F. ) ;
#1339 = VECTOR ( 'NONE', #1702, 1000.000000000000000 ) ;
#1340 = CARTESIAN_POINT ( 'NONE',  ( -1.994999999999999885, 2.739999999999999769, -2.885000000000000231 ) ) ;
#1341 = DIRECTION ( 'NONE',  ( 1.000000000000000000, 0.000000000000000000, 0.000000000000000000 ) ) ;
#1342 = VERTEX_POINT ( 'NONE', #1723 ) ;
#1343 = FACE_OUTER_BOUND ( 'NONE', #1413, .T. ) ;
#1344 = DIRECTION ( 'NONE',  ( 0.000000000000000000, 0.000000000000000000, -1.000000000000000000 ) ) ;
#1345 = EDGE_CURVE ( 'NONE', #1029, #609, #505, .T. ) ;
#1346 = VERTEX_POINT ( 'NONE', #1051 ) ;
#1347 = DIRECTION ( 'NONE',  ( 0.000000000000000000, 0.000000000000000000, 1.000000000000000000 ) ) ;
#1348 = DIRECTION ( 'NONE',  ( 0.000000000000000000, 1.000000000000000000, 0.000000000000000000 ) ) ;
#1349 = DIRECTION ( 'NONE',  ( -1.000000000000000000, -2.316671308729709494E-17, 0.000000000000000000 ) ) ;
#1350 = VERTEX_POINT ( 'NONE', #1197 ) ;
#1351 = AXIS2_PLACEMENT_3D ( 'NONE', #1171, #493, #485 ) ;
#1352 = CARTESIAN_POINT ( 'NONE',  ( 1.624999999999999334, 0.1499999999999999667, -2.160000000000000586 ) ) ;
#1353 = ORIENTED_EDGE ( 'NONE', *, *, #488, .F. ) ;
#1354 = PLANE ( 'NONE',  #1017 ) ;
#1355 = CARTESIAN_POINT ( 'NONE',  ( 0.000000000000000000, 0.000000000000000000, 0.3799999999999996714 ) ) ;
#1356 = ORIENTED_EDGE ( 'NONE', *, *, #174, .T. ) ;
#1357 = CARTESIAN_POINT ( 'NONE',  ( -1.624999999999999334, 0.000000000000000000, -0.3800000000000001155 ) ) ;
#1358 = DIRECTION ( 'NONE',  ( -0.000000000000000000, 1.000000000000000000, -0.000000000000000000 ) ) ;
#1359 = AXIS2_PLACEMENT_3D ( 'NONE', #843, #829, #168 ) ;
#1360 = VERTEX_POINT ( 'NONE', #903 ) ;
#1361 = FACE_OUTER_BOUND ( 'NONE', #1392, .T. ) ;
#1362 = ORIENTED_EDGE ( 'NONE', *, *, #1434, .T. ) ;
#1363 = MANIFOLD_SOLID_BREP ( 'LPattern1[2]', #281 ) ;
#1364 = CARTESIAN_POINT ( 'NONE',  ( 1.624999999999999334, 0.000000000000000000, 0.3799999999999996714 ) ) ;
#1365 = VECTOR ( 'NONE', #1585, 1000.000000000000000 ) ;
#1366 = EDGE_CURVE ( 'NONE', #845, #1021, #8, .T. ) ;
#1367 = AXIS2_PLACEMENT_3D ( 'NONE', #1604, #370, #1344 ) ;
#1368 = VECTOR ( 'NONE', #1323, 1000.000000000000000 ) ;
#1369 = ORIENTED_EDGE ( 'NONE', *, *, #666, .F. ) ;
#1370 = DIRECTION ( 'NONE',  ( 0.000000000000000000, 0.000000000000000000, -1.000000000000000000 ) ) ;
#1371 = ORIENTED_EDGE ( 'NONE', *, *, #1366, .F. ) ;
#1372 = EDGE_CURVE ( 'NONE', #1733, #1018, #1128, .T. ) ;
#1373 = CARTESIAN_POINT ( 'NONE',  ( -3.455000000000000071, 0.2000000000000000111, 0.3799999999999996714 ) ) ;
#1374 = AXIS2_PLACEMENT_3D ( 'NONE', #948, #430, #1543 ) ;
#1375 = DIRECTION ( 'NONE',  ( 1.000000000000000000, 0.000000000000000000, -0.000000000000000000 ) ) ;
#1376 = EDGE_LOOP ( 'NONE', ( #1635, #894, #1393, #1261 ) ) ;
#1377 = CARTESIAN_POINT ( 'NONE',  ( 1.624999999999999334, 0.1499999999999999667, -0.3800000000000001155 ) ) ;
#1378 = ADVANCED_FACE ( 'NONE', ( #21 ), #1410, .T. ) ;
#1379 = EDGE_CURVE ( 'NONE', #1743, #501, #603, .T. ) ;
#1380 = COLOUR_RGB ( '',0.7921568627450980005, 0.8196078431372548767, 0.9333333333333333481 ) ;
#1381 = CARTESIAN_POINT ( 'NONE',  ( -3.455000000000000071, 0.2000000000000000111, 0.3799999999999996714 ) ) ;
#1382 = ORIENTED_EDGE ( 'NONE', *, *, #822, .T. ) ;
#1383 = FACE_OUTER_BOUND ( 'NONE', #1684, .T. ) ;
#1384 = AXIS2_PLACEMENT_3D ( 'NONE', #1477, #102, #639 ) ;
#1385 = VECTOR ( 'NONE', #1303, 1000.000000000000000 ) ;
#1386 = CARTESIAN_POINT ( 'NONE',  ( 2.794999999999999929, 2.839999999999998970, 3.935000000000000053 ) ) ;
#1387 = VECTOR ( 'NONE', #470, 1000.000000000000000 ) ;
#1388 = CARTESIAN_POINT ( 'NONE',  ( 3.455000000000000071, 0.2000000000000000111, -0.3800000000000001155 ) ) ;
#1389 = ADVANCED_FACE ( 'NONE', ( #1692 ), #443, .F. ) ;
#1390 = VECTOR ( 'NONE', #933, 1000.000000000000000 ) ;
#1391 = EDGE_CURVE ( 'NONE', #1029, #1715, #1556, .T. ) ;
#1392 = EDGE_LOOP ( 'NONE', ( #1095, #769, #311, #3 ) ) ;
#1393 = ORIENTED_EDGE ( 'NONE', *, *, #353, .T. ) ;
#1394 = DIRECTION ( 'NONE',  ( 1.000000000000000000, -2.316671308729709494E-17, 0.000000000000000000 ) ) ;
#1395 = ORIENTED_EDGE ( 'NONE', *, *, #730, .F. ) ;
#1396 = CARTESIAN_POINT ( 'NONE',  ( -1.994999999999999885, 2.839999999999999858, -3.135000000000000231 ) ) ;
#1397 = PLANE ( 'NONE',  #1663 ) ;
#1398 = DIRECTION ( 'NONE',  ( 1.000000000000000000, 0.000000000000000000, -0.000000000000000000 ) ) ;
#1399 = CLOSED_SHELL ( 'NONE', ( #256, #1589, #893, #1646, #1668, #1457, #1732, #1378 ) ) ;
#1400 = PLANE ( 'NONE',  #331 ) ;
#1401 = CARTESIAN_POINT ( 'NONE',  ( 2.794999999999999929, 0.1499999999999999944, -0.3800000000000001155 ) ) ;
#1402 = ORIENTED_EDGE ( 'NONE', *, *, #1333, .F. ) ;
#1403 = ADVANCED_FACE ( 'NONE', ( #1118 ), #1160, .F. ) ;
#1404 = ORIENTED_EDGE ( 'NONE', *, *, #1320, .F. ) ;
#1405 = DIRECTION ( 'NONE',  ( 0.000000000000000000, -0.000000000000000000, -1.000000000000000000 ) ) ;
#1406 = CARTESIAN_POINT ( 'NONE',  ( 2.794999999999999929, 0.2000000000000000944, -2.160000000000000586 ) ) ;
#1407 = DIRECTION ( 'NONE',  ( 0.000000000000000000, 0.000000000000000000, -1.000000000000000000 ) ) ;
#1408 = CARTESIAN_POINT ( 'NONE',  ( 2.794999999999999929, 0.1499999999999999944, 3.935000000000000053 ) ) ;
#1409 = CARTESIAN_POINT ( 'NONE',  ( -1.624999999999999334, 0.000000000000000000, -2.160000000000000586 ) ) ;
#1410 = PLANE ( 'NONE',  #215 ) ;
#1411 = DIRECTION ( 'NONE',  ( 1.000000000000000000, 0.000000000000000000, 0.000000000000000000 ) ) ;
#1412 = LINE ( 'NONE', #2, #976 ) ;
#1413 = EDGE_LOOP ( 'NONE', ( #261, #271, #923, #1414, #1686, #886 ) ) ;
#1414 = ORIENTED_EDGE ( 'NONE', *, *, #274, .F. ) ;
#1415 = CARTESIAN_POINT ( 'NONE',  ( -2.794999999999999929, 0.1499999999999999944, -2.920000000000000373 ) ) ;
#1416 = VERTEX_POINT ( 'NONE', #734 ) ;
#1417 = EDGE_CURVE ( 'NONE', #106, #1056, #433, .T. ) ;
#1418 = SURFACE_STYLE_FILL_AREA ( #83 ) ;
#1419 = CARTESIAN_POINT ( 'NONE',  ( 2.794999999999999929, 0.1499999999999999944, -2.160000000000000586 ) ) ;
#1420 = ORIENTED_EDGE ( 'NONE', *, *, #1103, .T. ) ;
#1421 = LINE ( 'NONE', #1445, #1099 ) ;
#1422 = AXIS2_PLACEMENT_3D ( 'NONE', #454, #1491, #1078 ) ;
#1423 = DIRECTION ( 'NONE',  ( 0.000000000000000000, -1.000000000000000000, 0.000000000000000000 ) ) ;
#1424 = CARTESIAN_POINT ( 'NONE',  ( 0.000000000000000000, 0.000000000000000000, -0.3800000000000001155 ) ) ;
#1425 = AXIS2_PLACEMENT_3D ( 'NONE', #424, #960, #1512 ) ;
#1426 = PRODUCT_CONTEXT ( 'NONE', #90, 'mechanical' ) ;
#1427 = AXIS2_PLACEMENT_3D ( 'NONE', #84, #1174, #188 ) ;
#1428 = ORIENTED_EDGE ( 'NONE', *, *, #833, .T. ) ;
#1429 = ORIENTED_EDGE ( 'NONE', *, *, #1023, .T. ) ;
#1430 = CARTESIAN_POINT ( 'NONE',  ( 2.794999999999999929, 0.1499999999999999944, 0.3799999999999996714 ) ) ;
#1431 = CARTESIAN_POINT ( 'NONE',  ( 1.624999999999999334, 0.1499999999999999667, 0.3799999999999996714 ) ) ;
#1432 = ORIENTED_EDGE ( 'NONE', *, *, #118, .F. ) ;
#1433 = CARTESIAN_POINT ( 'NONE',  ( 1.624999999999999334, 0.000000000000000000, -2.160000000000000586 ) ) ;
#1434 = EDGE_CURVE ( 'NONE', #1190, #1715, #1667, .T. ) ;
#1435 = ORIENTED_EDGE ( 'NONE', *, *, #727, .T. ) ;
#1436 = CARTESIAN_POINT ( 'NONE',  ( 2.794999999999999929, 0.2000000000000000944, -2.160000000000000586 ) ) ;
#1437 = CARTESIAN_POINT ( 'NONE',  ( 2.794999999999999929, 0.2000000000000000944, 2.919999999999999929 ) ) ;
#1438 =( NAMED_UNIT ( * ) SI_UNIT ( $, .STERADIAN. ) SOLID_ANGLE_UNIT ( ) );
#1439 = ORIENTED_EDGE ( 'NONE', *, *, #1233, .F. ) ;
#1440 = AXIS2_PLACEMENT_3D ( 'NONE', #1206, #757, #366 ) ;
#1441 = ORIENTED_EDGE ( 'NONE', *, *, #666, .T. ) ;
#1442 = DIRECTION ( 'NONE',  ( -0.000000000000000000, -1.000000000000000000, -0.000000000000000000 ) ) ;
#1443 = LINE ( 'NONE', #1302, #1312 ) ;
#1444 = ORIENTED_EDGE ( 'NONE', *, *, #1633, .F. ) ;
#1445 = CARTESIAN_POINT ( 'NONE',  ( -3.455000000000000071, 0.000000000000000000, -2.920000000000000373 ) ) ;
#1446 = EDGE_CURVE ( 'NONE', #1566, #1683, #1679, .T. ) ;
#1447 = ORIENTED_EDGE ( 'NONE', *, *, #715, .T. ) ;
#1448 = LINE ( 'NONE', #1717, #482 ) ;
#1449 = AXIS2_PLACEMENT_3D ( 'NONE', #1513, #1260, #1227 ) ;
#1450 = CARTESIAN_POINT ( 'NONE',  ( 1.624999999999999334, 0.1499999999999999667, -2.920000000000000373 ) ) ;
#1451 = VECTOR ( 'NONE', #1148, 1000.000000000000000 ) ;
#1452 = EDGE_CURVE ( 'NONE', #1151, #511, #65, .T. ) ;
#1453 = FILL_AREA_STYLE ('',( #914 ) ) ;
#1454 = ORIENTED_EDGE ( 'NONE', *, *, #1141, .T. ) ;
#1455 = VECTOR ( 'NONE', #1295, 1000.000000000000000 ) ;
#1456 = LINE ( 'NONE', #1593, #1110 ) ;
#1457 = ADVANCED_FACE ( 'NONE', ( #582 ), #1139, .F. ) ;
#1458 = PRESENTATION_LAYER_ASSIGNMENT (  '', '', ( #1101 ) ) ;
#1459 = CARTESIAN_POINT ( 'NONE',  ( -1.624999999999999334, 0.1499999999999999667, 0.3799999999999996714 ) ) ;
#1460 = DIRECTION ( 'NONE',  ( -0.000000000000000000, 1.000000000000000000, -0.000000000000000000 ) ) ;
#1461 = DIRECTION ( 'NONE',  ( 1.232047923278981460E-16, -1.000000000000000000, 0.000000000000000000 ) ) ;
#1462 = SURFACE_STYLE_USAGE ( .BOTH. , #1316 ) ;
#1463 = UNCERTAINTY_MEASURE_WITH_UNIT (LENGTH_MEASURE( 1.000000000000000082E-05 ), #555, 'distance_accuracy_value', 'NONE');
#1464 = EDGE_LOOP ( 'NONE', ( #626, #1444, #1548, #1001 ) ) ;
#1465 = FACE_OUTER_BOUND ( 'NONE', #963, .T. ) ;
#1466 = PRESENTATION_LAYER_ASSIGNMENT (  '', '', ( #88 ) ) ;
#1467 =( GEOMETRIC_REPRESENTATION_CONTEXT ( 3 ) GLOBAL_UNCERTAINTY_ASSIGNED_CONTEXT ( ( #221 ) ) GLOBAL_UNIT_ASSIGNED_CONTEXT ( ( #1665, #14, #834 ) ) REPRESENTATION_CONTEXT ( 'NONE', 'WORKASPACE' ) );
#1468 = ADVANCED_FACE ( 'NONE', ( #947, #249 ), #1354, .T. ) ;
#1469 = CARTESIAN_POINT ( 'NONE',  ( -2.794999999999999929, 2.839999999999998970, 3.935000000000000053 ) ) ;
#1470 = FILL_AREA_STYLE_COLOUR ( '', #269 ) ;
#1471 = EDGE_LOOP ( 'NONE', ( #1008, #1205, #588, #1307, #458, #1402 ) ) ;
#1472 = DIRECTION ( 'NONE',  ( 0.000000000000000000, -0.000000000000000000, -1.000000000000000000 ) ) ;
#1473 = ORIENTED_EDGE ( 'NONE', *, *, #1372, .F. ) ;
#1474 = ADVANCED_FACE ( 'NONE', ( #1629 ), #239, .F. ) ;
#1475 = CARTESIAN_POINT ( 'NONE',  ( -2.794999999999999929, 0.2000000000000000944, -2.160000000000000586 ) ) ;
#1476 = FACE_OUTER_BOUND ( 'NONE', #1293, .T. ) ;
#1477 = CARTESIAN_POINT ( 'NONE',  ( -2.794999999999999929, 0.1499999999999999944, 0.3799999999999996714 ) ) ;
#1478 = EDGE_CURVE ( 'NONE', #511, #1577, #231, .T. ) ;
#1479 = LINE ( 'NONE', #929, #11 ) ;
#1480 = EDGE_LOOP ( 'NONE', ( #1112, #804, #575, #123 ) ) ;
#1481 = ORIENTED_EDGE ( 'NONE', *, *, #1720, .T. ) ;
#1482 = VERTEX_POINT ( 'NONE', #776 ) ;
#1483 = MECHANICAL_DESIGN_GEOMETRIC_PRESENTATION_REPRESENTATION (  '', ( #922 ), #1642 ) ;
#1484 = VECTOR ( 'NONE', #578, 1000.000000000000000 ) ;
#1485 = DIRECTION ( 'NONE',  ( 0.000000000000000000, 0.000000000000000000, -1.000000000000000000 ) ) ;
#1486 = DIRECTION ( 'NONE',  ( -1.000000000000000000, 0.000000000000000000, 0.000000000000000000 ) ) ;
#1487 = ORIENTED_EDGE ( 'NONE', *, *, #567, .F. ) ;
#1488 = LINE ( 'NONE', #122, #154 ) ;
#1489 = EDGE_CURVE ( 'NONE', #599, #149, #1619, .T. ) ;
#1490 = ORIENTED_EDGE ( 'NONE', *, *, #654, .T. ) ;
#1491 = DIRECTION ( 'NONE',  ( 1.232047923278981460E-16, -1.000000000000000000, 0.000000000000000000 ) ) ;
#1492 = FACE_OUTER_BOUND ( 'NONE', #98, .T. ) ;
#1493 = ORIENTED_EDGE ( 'NONE', *, *, #1558, .F. ) ;
#1494 = LINE ( 'NONE', #520, #671 ) ;
#1495 = AXIS2_PLACEMENT_3D ( 'NONE', #849, #28, #313 ) ;
#1496 = DIRECTION ( 'NONE',  ( 0.000000000000000000, 1.000000000000000000, 0.000000000000000000 ) ) ;
#1497 = ORIENTED_EDGE ( 'NONE', *, *, #703, .T. ) ;
#1498 = DIRECTION ( 'NONE',  ( -0.000000000000000000, -0.000000000000000000, -1.000000000000000000 ) ) ;
#1499 = SURFACE_STYLE_FILL_AREA ( #838 ) ;
#1500 = ADVANCED_FACE ( 'NONE', ( #1326 ), #634, .F. ) ;
#1501 = ORIENTED_EDGE ( 'NONE', *, *, #1681, .T. ) ;
#1502 = PLANE ( 'NONE',  #689 ) ;
#1503 = LINE ( 'NONE', #1245, #1162 ) ;
#1504 = ORIENTED_EDGE ( 'NONE', *, *, #936, .F. ) ;
#1505 = EDGE_LOOP ( 'NONE', ( #1429, #590, #1395, #1490 ) ) ;
#1506 = EDGE_CURVE ( 'NONE', #24, #1482, #1606, .T. ) ;
#1507 = DIRECTION ( 'NONE',  ( -0.000000000000000000, 1.000000000000000000, -0.000000000000000000 ) ) ;
#1508 = DIRECTION ( 'NONE',  ( -0.000000000000000000, 1.000000000000000000, -0.000000000000000000 ) ) ;
#1509 = VERTEX_POINT ( 'NONE', #782 ) ;
#1510 = VECTOR ( 'NONE', #200, 1000.000000000000000 ) ;
#1511 = MECHANICAL_DESIGN_GEOMETRIC_PRESENTATION_REPRESENTATION (  '', ( #1534 ), #761 ) ;
#1512 = DIRECTION ( 'NONE',  ( 0.000000000000000000, 0.000000000000000000, -1.000000000000000000 ) ) ;
#1513 = CARTESIAN_POINT ( 'NONE',  ( -1.994999999999999885, 2.839999999999999858, -3.135000000000000231 ) ) ;
#1514 = VERTEX_POINT ( 'NONE', #1742 ) ;
#1515 = LINE ( 'NONE', #1113, #131 ) ;
#1516 = LINE ( 'NONE', #1770, #786 ) ;
#1517 = EDGE_CURVE ( 'NONE', #934, #341, #810, .T. ) ;
#1518 = FILL_AREA_STYLE ('',( #12 ) ) ;
#1519 = VECTOR ( 'NONE', #1407, 1000.000000000000000 ) ;
#1520 = LINE ( 'NONE', #1111, #1756 ) ;
#1521 = ORIENTED_EDGE ( 'NONE', *, *, #682, .F. ) ;
#1522 = LINE ( 'NONE', #965, #1305 ) ;
#1523 = ORIENTED_EDGE ( 'NONE', *, *, #72, .F. ) ;
#1524 = PRODUCT_DEFINITION ( 'UNKNOWN', '', #30, #97 ) ;
#1525 = PRESENTATION_STYLE_ASSIGNMENT (( #431 ) ) ;
#1526 = PLANE ( 'NONE',  #1599 ) ;
#1527 =( NAMED_UNIT ( * ) SI_UNIT ( $, .STERADIAN. ) SOLID_ANGLE_UNIT ( ) );
#1528 = VERTEX_POINT ( 'NONE', #652 ) ;
#1529 = DIRECTION ( 'NONE',  ( 0.000000000000000000, -0.000000000000000000, -1.000000000000000000 ) ) ;
#1530 = CARTESIAN_POINT ( 'NONE',  ( 3.455000000000000071, 0.000000000000000000, -2.160000000000000586 ) ) ;
#1531 = ORIENTED_EDGE ( 'NONE', *, *, #72, .T. ) ;
#1532 = VECTOR ( 'NONE', #262, 1000.000000000000000 ) ;
#1533 = PLANE ( 'NONE',  #312 ) ;
#1534 = STYLED_ITEM ( 'NONE', ( #486 ), #818 ) ;
#1535 = DIRECTION ( 'NONE',  ( 1.000000000000000000, 2.316671308729709494E-17, 0.000000000000000000 ) ) ;
#1536 = EDGE_CURVE ( 'NONE', #560, #1299, #516, .T. ) ;
#1537 = AXIS2_PLACEMENT_3D ( 'NONE', #1194, #243, #1349 ) ;
#1538 = LINE ( 'NONE', #1259, #1337 ) ;
#1539 = DIRECTION ( 'NONE',  ( 0.000000000000000000, 0.000000000000000000, 1.000000000000000000 ) ) ;
#1540 = ORIENTED_EDGE ( 'NONE', *, *, #1366, .T. ) ;
#1541 = ORIENTED_EDGE ( 'NONE', *, *, #429, .F. ) ;
#1542 = DIRECTION ( 'NONE',  ( -0.000000000000000000, -0.000000000000000000, -1.000000000000000000 ) ) ;
#1543 = DIRECTION ( 'NONE',  ( 0.000000000000000000, 0.000000000000000000, 1.000000000000000000 ) ) ;
#1544 = DIRECTION ( 'NONE',  ( -1.000000000000000000, 2.316671308729709494E-17, -0.000000000000000000 ) ) ;
#1545 = CARTESIAN_POINT ( 'NONE',  ( -3.455000000000000071, 0.000000000000000000, -0.3800000000000001155 ) ) ;
#1546 = DIRECTION ( 'NONE',  ( 0.000000000000000000, 1.000000000000000000, 0.000000000000000000 ) ) ;
#1547 = ORIENTED_EDGE ( 'NONE', *, *, #1115, .F. ) ;
#1548 = ORIENTED_EDGE ( 'NONE', *, *, #778, .T. ) ;
#1549 = EDGE_CURVE ( 'NONE', #940, #990, #1212, .T. ) ;
#1550 = DIRECTION ( 'NONE',  ( 0.000000000000000000, -0.000000000000000000, -1.000000000000000000 ) ) ;
#1551 = CARTESIAN_POINT ( 'NONE',  ( 2.794999999999999929, 0.2000000000000000944, 2.160000000000000142 ) ) ;
#1552 = ORIENTED_EDGE ( 'NONE', *, *, #1233, .T. ) ;
#1553 =( LENGTH_UNIT ( ) NAMED_UNIT ( * ) SI_UNIT ( .MILLI., .METRE. ) );
#1554 = LINE ( 'NONE', #1025, #110 ) ;
#1555 = VERTEX_POINT ( 'NONE', #1092 ) ;
#1556 = LINE ( 'NONE', #166, #525 ) ;
#1557 = ORIENTED_EDGE ( 'NONE', *, *, #943, .T. ) ;
#1558 = EDGE_CURVE ( 'NONE', #535, #742, #1762, .T. ) ;
#1559 = ORIENTED_EDGE ( 'NONE', *, *, #1141, .F. ) ;
#1560 = CARTESIAN_POINT ( 'NONE',  ( 3.455000000000000071, 0.2000000000000000111, 2.160000000000000142 ) ) ;
#1561 = EDGE_CURVE ( 'NONE', #1528, #394, #402, .T. ) ;
#1562 = FACE_OUTER_BOUND ( 'NONE', #136, .T. ) ;
#1563 = ORIENTED_EDGE ( 'NONE', *, *, #730, .T. ) ;
#1564 = FILL_AREA_STYLE_COLOUR ( '', #439 ) ;
#1565 = DIRECTION ( 'NONE',  ( 1.000000000000000000, 0.000000000000000000, 0.000000000000000000 ) ) ;
#1566 = VERTEX_POINT ( 'NONE', #1364 ) ;
#1567 = DIRECTION ( 'NONE',  ( 0.000000000000000000, 1.000000000000000000, 0.000000000000000000 ) ) ;
#1568 = PRESENTATION_LAYER_ASSIGNMENT (  '', '', ( #874 ) ) ;
#1569 = CARTESIAN_POINT ( 'NONE',  ( 2.794999999999999929, 0.1499999999999999944, 2.919999999999999929 ) ) ;
#1570 = DIRECTION ( 'NONE',  ( -1.000000000000000000, 0.000000000000000000, -0.000000000000000000 ) ) ;
#1571 = AXIS2_PLACEMENT_3D ( 'NONE', #352, #615, #1268 ) ;
#1572 = CARTESIAN_POINT ( 'NONE',  ( 3.455000000000000071, 0.2000000000000000111, -2.160000000000000586 ) ) ;
#1573 = STYLED_ITEM ( 'NONE', ( #1156 ), #808 ) ;
#1574 = ORIENTED_EDGE ( 'NONE', *, *, #1115, .T. ) ;
#1575 = FACE_OUTER_BOUND ( 'NONE', #142, .T. ) ;
#1576 = DIRECTION ( 'NONE',  ( 0.000000000000000000, -1.000000000000000000, -0.000000000000000000 ) ) ;
#1577 = VERTEX_POINT ( 'NONE', #532 ) ;
#1578 = SURFACE_STYLE_USAGE ( .BOTH. , #1024 ) ;
#1579 = CARTESIAN_POINT ( 'NONE',  ( -3.455000000000000071, 0.2000000000000000111, -2.920000000000000373 ) ) ;
#1580 = ORIENTED_EDGE ( 'NONE', *, *, #1517, .F. ) ;
#1581 = EDGE_CURVE ( 'NONE', #238, #1482, #1081, .T. ) ;
#1582 = CARTESIAN_POINT ( 'NONE',  ( 3.455000000000000071, 0.000000000000000000, 2.919999999999999929 ) ) ;
#1583 = ORIENTED_EDGE ( 'NONE', *, *, #964, .T. ) ;
#1584 = VERTEX_POINT ( 'NONE', #680 ) ;
#1585 = DIRECTION ( 'NONE',  ( 0.000000000000000000, -0.000000000000000000, -1.000000000000000000 ) ) ;
#1586 = ORIENTED_EDGE ( 'NONE', *, *, #825, .F. ) ;
#1587 = PLANE ( 'NONE',  #961 ) ;
#1588 = CARTESIAN_POINT ( 'NONE',  ( -3.455000000000000071, 0.000000000000000000, -2.160000000000000586 ) ) ;
#1589 = ADVANCED_FACE ( 'NONE', ( #955 ), #1502, .F. ) ;
#1590 = LINE ( 'NONE', #1147, #1191 ) ;
#1591 = EDGE_CURVE ( 'NONE', #938, #518, #273, .T. ) ;
#1592 = ORIENTED_EDGE ( 'NONE', *, *, #118, .T. ) ;
#1593 = CARTESIAN_POINT ( 'NONE',  ( -3.455000000000000071, 0.000000000000000000, 0.3799999999999996714 ) ) ;
#1594 =( NAMED_UNIT ( * ) PLANE_ANGLE_UNIT ( ) SI_UNIT ( $, .RADIAN. ) );
#1595 = PLANE ( 'NONE',  #1075 ) ;
#1596 = CARTESIAN_POINT ( 'NONE',  ( 3.455000000000000071, 0.000000000000000000, -2.160000000000000586 ) ) ;
#1597 = AXIS2_PLACEMENT_3D ( 'NONE', #1183, #465, #1016 ) ;
#1598 = ORIENTED_EDGE ( 'NONE', *, *, #1345, .T. ) ;
#1599 = AXIS2_PLACEMENT_3D ( 'NONE', #315, #1423, #993 ) ;
#1600 = DIRECTION ( 'NONE',  ( -0.000000000000000000, -1.000000000000000000, -0.000000000000000000 ) ) ;
#1601 = MECHANICAL_DESIGN_GEOMETRIC_PRESENTATION_REPRESENTATION (  '', ( #1573 ), #499 ) ;
#1602 = LINE ( 'NONE', #368, #473 ) ;
#1603 = LINE ( 'NONE', #395, #301 ) ;
#1604 = CARTESIAN_POINT ( 'NONE',  ( 3.455000000000000071, 0.000000000000000000, 2.919999999999999929 ) ) ;
#1605 = ORIENTED_EDGE ( 'NONE', *, *, #1216, .T. ) ;
#1606 = LINE ( 'NONE', #660, #297 ) ;
#1607 = CARTESIAN_POINT ( 'NONE',  ( 3.455000000000000071, 0.000000000000000000, 0.3799999999999996714 ) ) ;
#1608 = ADVANCED_FACE ( 'NONE', ( #950 ), #407, .F. ) ;
#1609 = FACE_OUTER_BOUND ( 'NONE', #1188, .T. ) ;
#1610 = CARTESIAN_POINT ( 'NONE',  ( 3.455000000000000071, 0.2000000000000000111, 2.919999999999999929 ) ) ;
#1611 = DIRECTION ( 'NONE',  ( -0.000000000000000000, 1.000000000000000000, -0.000000000000000000 ) ) ;
#1612 = ORIENTED_EDGE ( 'NONE', *, *, #190, .F. ) ;
#1613 = ORIENTED_EDGE ( 'NONE', *, *, #509, .T. ) ;
#1614 = FACE_OUTER_BOUND ( 'NONE', #1480, .T. ) ;
#1615 = FACE_OUTER_BOUND ( 'NONE', #117, .T. ) ;
#1616 =( GEOMETRIC_REPRESENTATION_CONTEXT ( 3 ) GLOBAL_UNCERTAINTY_ASSIGNED_CONTEXT ( ( #1463 ) ) GLOBAL_UNIT_ASSIGNED_CONTEXT ( ( #555, #141, #1527 ) ) REPRESENTATION_CONTEXT ( 'NONE', 'WORKASPACE' ) );
#1617 = LINE ( 'NONE', #244, #129 ) ;
#1618 = ORIENTED_EDGE ( 'NONE', *, *, #375, .T. ) ;
#1619 = LINE ( 'NONE', #381, #1532 ) ;
#1620 = CARTESIAN_POINT ( 'NONE',  ( -1.624999999999999334, 0.1499999999999999667, 2.160000000000000142 ) ) ;
#1621 = VECTOR ( 'NONE', #1271, 1000.000000000000000 ) ;
#1622 = AXIS2_PLACEMENT_3D ( 'NONE', #185, #863, #460 ) ;
#1623 = VERTEX_POINT ( 'NONE', #137 ) ;
#1624 = AXIS2_PLACEMENT_3D ( 'NONE', #1292, #1348, #242 ) ;
#1625 = VECTOR ( 'NONE', #1576, 1000.000000000000000 ) ;
#1626 = LINE ( 'NONE', #648, #1764 ) ;
#1627 = LINE ( 'NONE', #1184, #248 ) ;
#1628 = ORIENTED_EDGE ( 'NONE', *, *, #294, .T. ) ;
#1629 = FACE_OUTER_BOUND ( 'NONE', #861, .T. ) ;
#1630 = FACE_OUTER_BOUND ( 'NONE', #1689, .T. ) ;
#1631 = CARTESIAN_POINT ( 'NONE',  ( 3.455000000000000071, 0.000000000000000000, -0.3800000000000001155 ) ) ;
#1632 = CARTESIAN_POINT ( 'NONE',  ( -3.455000000000000071, 0.2000000000000000111, 0.3799999999999996714 ) ) ;
#1633 = EDGE_CURVE ( 'NONE', #1555, #26, #607, .T. ) ;
#1634 = ADVANCED_FACE ( 'NONE', ( #1562 ), #878, .F. ) ;
#1635 = ORIENTED_EDGE ( 'NONE', *, *, #641, .F. ) ;
#1636 = DIRECTION ( 'NONE',  ( -0.000000000000000000, 1.000000000000000000, -0.000000000000000000 ) ) ;
#1637 = CARTESIAN_POINT ( 'NONE',  ( 2.794999999999999929, 0.1499999999999999944, 0.3799999999999996714 ) ) ;
#1638 =( NAMED_UNIT ( * ) SI_UNIT ( $, .STERADIAN. ) SOLID_ANGLE_UNIT ( ) );
#1639 = CARTESIAN_POINT ( 'NONE',  ( 1.624999999999999334, 0.000000000000000000, -0.3800000000000001155 ) ) ;
#1640 = VERTEX_POINT ( 'NONE', #58 ) ;
#1641 = VECTOR ( 'NONE', #1508, 1000.000000000000000 ) ;
#1642 =( GEOMETRIC_REPRESENTATION_CONTEXT ( 3 ) GLOBAL_UNCERTAINTY_ASSIGNED_CONTEXT ( ( #1740 ) ) GLOBAL_UNIT_ASSIGNED_CONTEXT ( ( #992, #157, #1638 ) ) REPRESENTATION_CONTEXT ( 'NONE', 'WORKASPACE' ) );
#1643 = DIRECTION ( 'NONE',  ( 0.000000000000000000, -0.000000000000000000, -1.000000000000000000 ) ) ;
#1644 = VECTOR ( 'NONE', #1244, 1000.000000000000000 ) ;
#1645 = ORIENTED_EDGE ( 'NONE', *, *, #1561, .T. ) ;
#1646 = ADVANCED_FACE ( 'NONE', ( #597 ), #1331, .F. ) ;
#1647 = LINE ( 'NONE', #848, #468 ) ;
#1648 = CIRCLE ( 'NONE', #1374, 0.2499999999999997780 ) ;
#1649 = SURFACE_STYLE_FILL_AREA ( #579 ) ;
#1650 = DIRECTION ( 'NONE',  ( -0.000000000000000000, -0.000000000000000000, -1.000000000000000000 ) ) ;
#1651 = DIRECTION ( 'NONE',  ( 0.000000000000000000, -0.000000000000000000, -1.000000000000000000 ) ) ;
#1652 = EDGE_LOOP ( 'NONE', ( #230, #813, #1142, #1253 ) ) ;
#1653 = LINE ( 'NONE', #686, #35 ) ;
#1654 = ADVANCED_FACE ( 'NONE', ( #1343 ), #632, .F. ) ;
#1655 = DIRECTION ( 'NONE',  ( 0.000000000000000000, 0.000000000000000000, 1.000000000000000000 ) ) ;
#1656 = LINE ( 'NONE', #744, #573 ) ;
#1657 = DIRECTION ( 'NONE',  ( -0.000000000000000000, 1.000000000000000000, -0.000000000000000000 ) ) ;
#1658 = CARTESIAN_POINT ( 'NONE',  ( -2.794999999999999929, 0.1499999999999999944, -2.920000000000000373 ) ) ;
#1659 = ORIENTED_EDGE ( 'NONE', *, *, #682, .T. ) ;
#1660 = EDGE_LOOP ( 'NONE', ( #1291, #1143, #391, #34 ) ) ;
#1661 = ORIENTED_EDGE ( 'NONE', *, *, #747, .F. ) ;
#1662 = VECTOR ( 'NONE', #754, 1000.000000000000000 ) ;
#1663 = AXIS2_PLACEMENT_3D ( 'NONE', #193, #1109, #1127 ) ;
#1664 = SURFACE_SIDE_STYLE ('',( #1649 ) ) ;
#1665 =( LENGTH_UNIT ( ) NAMED_UNIT ( * ) SI_UNIT ( .MILLI., .METRE. ) );
#1666 = DIRECTION ( 'NONE',  ( 0.000000000000000000, 1.000000000000000000, 0.000000000000000000 ) ) ;
#1667 = LINE ( 'NONE', #562, #722 ) ;
#1668 = ADVANCED_FACE ( 'NONE', ( #1575 ), #887, .F. ) ;
#1669 = LINE ( 'NONE', #693, #69 ) ;
#1670 = ORIENTED_EDGE ( 'NONE', *, *, #534, .F. ) ;
#1671 = EDGE_LOOP ( 'NONE', ( #1504, #197, #435, #1235 ) ) ;
#1672 = DIRECTION ( 'NONE',  ( 1.000000000000000000, -1.232047923278981460E-16, -0.000000000000000000 ) ) ;
#1673 = FACE_OUTER_BOUND ( 'NONE', #241, .T. ) ;
#1674 = DIRECTION ( 'NONE',  ( -1.000000000000000000, 2.316671308729709494E-17, -0.000000000000000000 ) ) ;
#1675 = ORIENTED_EDGE ( 'NONE', *, *, #1185, .T. ) ;
#1676 = LINE ( 'NONE', #1582, #842 ) ;
#1677 = ADVANCED_FACE ( 'NONE', ( #699 ), #967, .F. ) ;
#1678 = CARTESIAN_POINT ( 'NONE',  ( 3.455000000000000071, 0.000000000000000000, -2.920000000000000373 ) ) ;
#1679 = LINE ( 'NONE', #1296, #1621 ) ;
#1680 = COLOUR_RGB ( '',0.7921568627450980005, 0.8196078431372548767, 0.9333333333333333481 ) ;
#1681 = EDGE_CURVE ( 'NONE', #1715, #1350, #1520, .T. ) ;
#1682 = SURFACE_SIDE_STYLE ('',( #86 ) ) ;
#1683 = VERTEX_POINT ( 'NONE', #1639 ) ;
#1684 = EDGE_LOOP ( 'NONE', ( #731, #247, #527, #1757 ) ) ;
#1685 = CARTESIAN_POINT ( 'NONE',  ( 1.624999999999999334, 0.000000000000000000, -2.920000000000000373 ) ) ;
#1686 = ORIENTED_EDGE ( 'NONE', *, *, #509, .F. ) ;
#1687 = SURFACE_STYLE_FILL_AREA ( #187 ) ;
#1688 = CARTESIAN_POINT ( 'NONE',  ( -3.455000000000000071, 0.2000000000000000111, 2.919999999999999929 ) ) ;
#1689 = EDGE_LOOP ( 'NONE', ( #240, #1547, #1481, #1605 ) ) ;
#1690 = DIRECTION ( 'NONE',  ( -0.000000000000000000, 1.000000000000000000, -0.000000000000000000 ) ) ;
#1691 = FACE_OUTER_BOUND ( 'NONE', #1693, .T. ) ;
#1692 = FACE_OUTER_BOUND ( 'NONE', #543, .T. ) ;
#1693 = EDGE_LOOP ( 'NONE', ( #1228, #1136, #1493, #1420 ) ) ;
#1694 = EDGE_CURVE ( 'NONE', #318, #341, #1669, .T. ) ;
#1695 = ORIENTED_EDGE ( 'NONE', *, *, #1739, .F. ) ;
#1696 = ADVANCED_FACE ( 'NONE', ( #569 ), #287, .T. ) ;
#1697 = CARTESIAN_POINT ( 'NONE',  ( 2.794999999999999929, 15.33323779879061988, -3.935000000000000053 ) ) ;
#1698 = ORIENTED_EDGE ( 'NONE', *, *, #1581, .T. ) ;
#1699 = DIRECTION ( 'NONE',  ( 0.000000000000000000, 0.000000000000000000, -1.000000000000000000 ) ) ;
#1700 = AXIS2_PLACEMENT_3D ( 'NONE', #181, #592, #1283 ) ;
#1701 = ORIENTED_EDGE ( 'NONE', *, *, #904, .T. ) ;
#1702 = DIRECTION ( 'NONE',  ( 0.000000000000000000, -1.000000000000000000, -0.000000000000000000 ) ) ;
#1703 = AXIS2_PLACEMENT_3D ( 'NONE', #1053, #1748, #1347 ) ;
#1704 = DIRECTION ( 'NONE',  ( -0.000000000000000000, -1.000000000000000000, -0.000000000000000000 ) ) ;
#1705 = VECTOR ( 'NONE', #198, 1000.000000000000000 ) ;
#1706 = PLANE ( 'NONE',  #358 ) ;
#1707 = VECTOR ( 'NONE', #351, 1000.000000000000000 ) ;
#1708 = VERTEX_POINT ( 'NONE', #1241 ) ;
#1709 = EDGE_LOOP ( 'NONE', ( #1559, #1158, #1628, #798 ) ) ;
#1710 = CARTESIAN_POINT ( 'NONE',  ( 1.624999999999999334, 0.1499999999999999667, 2.919999999999999929 ) ) ;
#1711 = EDGE_CURVE ( 'NONE', #711, #1509, #563, .T. ) ;
#1712 = SURFACE_STYLE_USAGE ( .BOTH. , #612 ) ;
#1713 = PLANE ( 'NONE',  #642 ) ;
#1714 = LINE ( 'NONE', #1436, #640 ) ;
#1715 = VERTEX_POINT ( 'NONE', #997 ) ;
#1716 = CLOSED_SHELL ( 'NONE', ( #1696, #459, #982, #803 ) ) ;
#1717 = CARTESIAN_POINT ( 'NONE',  ( -1.624999999999999334, 0.1499999999999999667, 0.3799999999999996714 ) ) ;
#1718 = SURFACE_STYLE_FILL_AREA ( #577 ) ;
#1719 = CARTESIAN_POINT ( 'NONE',  ( 0.000000000000000000, 0.000000000000000000, 2.919999999999999929 ) ) ;
#1720 = EDGE_CURVE ( 'NONE', #1278, #1077, #6, .T. ) ;
#1721 = CARTESIAN_POINT ( 'NONE',  ( 3.455000000000000071, 0.000000000000000000, 0.3799999999999996714 ) ) ;
#1722 = CARTESIAN_POINT ( 'NONE',  ( 1.624999999999999334, 0.1499999999999999667, 2.919999999999999929 ) ) ;
#1723 = CARTESIAN_POINT ( 'NONE',  ( -2.794999999999999929, 0.2000000000000000944, -2.160000000000000586 ) ) ;
#1724 =( NAMED_UNIT ( * ) SI_UNIT ( $, .STERADIAN. ) SOLID_ANGLE_UNIT ( ) );
#1725 = UNCERTAINTY_MEASURE_WITH_UNIT (LENGTH_MEASURE( 1.000000000000000082E-05 ), #656, 'distance_accuracy_value', 'NONE');
#1726 = ORIENTED_EDGE ( 'NONE', *, *, #1150, .T. ) ;
#1727 = CARTESIAN_POINT ( 'NONE',  ( 2.794999999999999929, 0.2000000000000000944, 0.3799999999999996714 ) ) ;
#1728 = PLANE ( 'NONE',  #13 ) ;
#1729 = PLANE ( 'NONE',  #530 ) ;
#1730 = DIRECTION ( 'NONE',  ( -0.000000000000000000, -1.000000000000000000, -0.000000000000000000 ) ) ;
#1731 = AXIS2_PLACEMENT_3D ( 'NONE', #1273, #995, #1161 ) ;
#1732 = ADVANCED_FACE ( 'NONE', ( #546 ), #962, .F. ) ;
#1733 = VERTEX_POINT ( 'NONE', #835 ) ;
#1734 = VECTOR ( 'NONE', #20, 1000.000000000000000 ) ;
#1735 = VECTOR ( 'NONE', #784, 1000.000000000000000 ) ;
#1736 = DIRECTION ( 'NONE',  ( -1.000000000000000000, 0.000000000000000000, -0.000000000000000000 ) ) ;
#1737 = LINE ( 'NONE', #236, #80 ) ;
#1738 = ORIENTED_EDGE ( 'NONE', *, *, #1506, .T. ) ;
#1739 = EDGE_CURVE ( 'NONE', #290, #585, #716, .T. ) ;
#1740 = UNCERTAINTY_MEASURE_WITH_UNIT (LENGTH_MEASURE( 1.000000000000000082E-05 ), #992, 'distance_accuracy_value', 'NONE');
#1741 = ORIENTED_EDGE ( 'NONE', *, *, #5, .T. ) ;
#1742 = CARTESIAN_POINT ( 'NONE',  ( -1.624999999999999334, 0.000000000000000000, -2.920000000000000373 ) ) ;
#1743 = VERTEX_POINT ( 'NONE', #1658 ) ;
#1744 = EDGE_CURVE ( 'NONE', #1030, #1190, #295, .T. ) ;
#1745 = VECTOR ( 'NONE', #552, 1000.000000000000000 ) ;
#1746 = DIRECTION ( 'NONE',  ( -0.000000000000000000, -1.000000000000000000, -0.000000000000000000 ) ) ;
#1747 = VERTEX_POINT ( 'NONE', #1131 ) ;
#1748 = DIRECTION ( 'NONE',  ( 1.000000000000000000, 0.000000000000000000, -0.000000000000000000 ) ) ;
#1749 = DIRECTION ( 'NONE',  ( 1.000000000000000000, -1.232047923278981460E-16, -0.000000000000000000 ) ) ;
#1750 = VERTEX_POINT ( 'NONE', #1401 ) ;
#1751 = ORIENTED_EDGE ( 'NONE', *, *, #373, .F. ) ;
#1752 = DIRECTION ( 'NONE',  ( 1.000000000000000000, 2.316671308729709494E-17, 0.000000000000000000 ) ) ;
#1753 = ADVANCED_FACE ( 'NONE', ( #317 ), #148, .F. ) ;
#1754 = DIRECTION ( 'NONE',  ( 0.000000000000000000, 1.000000000000000000, 0.000000000000000000 ) ) ;
#1755 = DIRECTION ( 'NONE',  ( -0.000000000000000000, -0.000000000000000000, -1.000000000000000000 ) ) ;
#1756 = VECTOR ( 'NONE', #852, 1000.000000000000000 ) ;
#1757 = ORIENTED_EDGE ( 'NONE', *, *, #854, .F. ) ;
#1758 = VECTOR ( 'NONE', #714, 1000.000000000000000 ) ;
#1759 = VECTOR ( 'NONE', #196, 1000.000000000000000 ) ;
#1760 = ORIENTED_EDGE ( 'NONE', *, *, #692, .T. ) ;
#1761 = MECHANICAL_DESIGN_GEOMETRIC_PRESENTATION_REPRESENTATION (  '', ( #1101 ), #726 ) ;
#1762 = LINE ( 'NONE', #664, #980 ) ;
#1763 = EDGE_CURVE ( 'NONE', #1566, #1070, #1412, .T. ) ;
#1764 = VECTOR ( 'NONE', #121, 1000.000000000000000 ) ;
#1765 = ADVANCED_FACE ( 'NONE', ( #278 ), #159, .T. ) ;
#1766 = CARTESIAN_POINT ( 'NONE',  ( -1.994999999999999885, 2.032893218813452751, -3.135000000000000231 ) ) ;
#1767 = EDGE_LOOP ( 'NONE', ( #170, #635, #595, #383 ) ) ;
#1768 = EDGE_LOOP ( 'NONE', ( #1371, #1146, #1432, #160 ) ) ;
#1769 = VECTOR ( 'NONE', #1107, 1000.000000000000000 ) ;
#1770 = CARTESIAN_POINT ( 'NONE',  ( -1.994999999999999885, 2.032893218813452751, -3.384999999999999787 ) ) ;
#1771 = ORIENTED_EDGE ( 'NONE', *, *, #245, .T. ) ;
ENDSEC;
END-ISO-10303-21;
