ISO-10303-21;
HEADER;
FILE_DESCRIPTION (( 'STEP AP214' ),
    '1' );
FILE_NAME ('MSOP8.STEP',
    '2012-04-03T01:01:40',
    ( 'ROHM' ),
    ( 'MEDIA' ),
    'SwSTEP 2.0',
    'SolidWorks 2008',
    '' );
FILE_SCHEMA (( 'AUTOMOTIVE_DESIGN' ));
ENDSEC;

DATA;
#1 = ORIENTED_EDGE ( 'NONE', *, *, #31, .F. ) ;
#2 = ORIENTED_EDGE ( 'NONE', *, *, #7709, .F. ) ;
#3 = ADVANCED_FACE ( 'NONE', ( #1883 ), #1935, .T. ) ;
#4 = ORIENTED_EDGE ( 'NONE', *, *, #168, .F. ) ;
#5 = ORIENTED_EDGE ( 'NONE', *, *, #7748, .F. ) ;
#6 = ORIENTED_EDGE ( 'NONE', *, *, #146, .F. ) ;
#7 = ORIENTED_EDGE ( 'NONE', *, *, #7706, .F. ) ;
#8 = ADVANCED_FACE ( 'NONE', ( #1936 ), #1970, .T. ) ;
#9 = EDGE_LOOP ( 'NONE', ( #45, #46, #53, #37 ) ) ;
#10 = EDGE_LOOP ( 'NONE', ( #11, #13, #16, #2 ) ) ;
#11 = ORIENTED_EDGE ( 'NONE', *, *, #7772, .T. ) ;
#12 = EDGE_LOOP ( 'NONE', ( #18, #5, #1, #30 ) ) ;
#13 = ORIENTED_EDGE ( 'NONE', *, *, #177, .F. ) ;
#14 = ORIENTED_EDGE ( 'NONE', *, *, #21, .T. ) ;
#15 = EDGE_CURVE ( 'NONE', #7704, #398, #1965, .T. ) ;
#16 = ORIENTED_EDGE ( 'NONE', *, *, #21, .F. ) ;
#17 = EDGE_LOOP ( 'NONE', ( #14, #4, #23, #7 ) ) ;
#18 = ORIENTED_EDGE ( 'NONE', *, *, #194, .F. ) ;
#19 = ADVANCED_FACE ( 'NONE', ( #1960 ), #1999, .T. ) ;
#20 = ORIENTED_EDGE ( 'NONE', *, *, #584, .F. ) ;
#21 = EDGE_CURVE ( 'NONE', #7702, #175, #2000, .T. ) ;
#22 = ORIENTED_EDGE ( 'NONE', *, *, #24, .F. ) ;
#23 = ORIENTED_EDGE ( 'NONE', *, *, #15, .F. ) ;
#24 = EDGE_CURVE ( 'NONE', #136, #121, #1990, .T. ) ;
#25 = ORIENTED_EDGE ( 'NONE', *, *, #122, .F. ) ;
#26 = ORIENTED_EDGE ( 'NONE', *, *, #34, .F. ) ;
#27 = ADVANCED_FACE ( 'NONE', ( #1985 ), #2025, .T. ) ;
#28 = EDGE_LOOP ( 'NONE', ( #29, #25, #26, #33 ) ) ;
#29 = ORIENTED_EDGE ( 'NONE', *, *, #24, .T. ) ;
#30 = ORIENTED_EDGE ( 'NONE', *, *, #116, .F. ) ;
#31 = EDGE_CURVE ( 'NONE', #120, #7733, #2026, .T. ) ;
#32 = ADVANCED_FACE ( 'NONE', ( #2016 ), #2053, .T. ) ;
#33 = ORIENTED_EDGE ( 'NONE', *, *, #142, .F. ) ;
#34 = EDGE_CURVE ( 'NONE', #129, #120, #2054, .T. ) ;
#35 = ORIENTED_EDGE ( 'NONE', *, *, #55, .T. ) ;
#36 = EDGE_LOOP ( 'NONE', ( #68, #67, #65, #66 ) ) ;
#37 = ORIENTED_EDGE ( 'NONE', *, *, #7730, .F. ) ;
#38 = EDGE_LOOP ( 'NONE', ( #39, #41, #42 ) ) ;
#39 = ORIENTED_EDGE ( 'NONE', *, *, #34, .T. ) ;
#40 = ADVANCED_FACE ( 'NONE', ( #2044 ), #2076, .T. ) ;
#41 = ORIENTED_EDGE ( 'NONE', *, *, #31, .T. ) ;
#42 = ORIENTED_EDGE ( 'NONE', *, *, #60, .F. ) ;
#43 = ORIENTED_EDGE ( 'NONE', *, *, #452, .F. ) ;
#44 = EDGE_LOOP ( 'NONE', ( #35, #47, #48, #59 ) ) ;
#45 = ORIENTED_EDGE ( 'NONE', *, *, #15, .T. ) ;
#46 = ORIENTED_EDGE ( 'NONE', *, *, #407, .F. ) ;
#47 = ORIENTED_EDGE ( 'NONE', *, *, #465, .F. ) ;
#48 = ORIENTED_EDGE ( 'NONE', *, *, #50, .F. ) ;
#49 = EDGE_LOOP ( 'NONE', ( #51, #52, #58, #43 ) ) ;
#50 = EDGE_CURVE ( 'NONE', #158, #463, #2077, .T. ) ;
#51 = ORIENTED_EDGE ( 'NONE', *, *, #440, .F. ) ;
#52 = ORIENTED_EDGE ( 'NONE', *, *, #161, .F. ) ;
#53 = ORIENTED_EDGE ( 'NONE', *, *, #55, .F. ) ;
#54 = EDGE_CURVE ( 'NONE', #391, #158, #2068, .T. ) ;
#55 = EDGE_CURVE ( 'NONE', #153, #405, #2061, .T. ) ;
#56 = ADVANCED_FACE ( 'NONE', ( #2063 ), #2083, .T. ) ;
#57 = ADVANCED_FACE ( 'NONE', ( #2084 ), #2115, .T. ) ;
#58 = ORIENTED_EDGE ( 'NONE', *, *, #54, .F. ) ;
#59 = ORIENTED_EDGE ( 'NONE', *, *, #152, .F. ) ;
#60 = EDGE_CURVE ( 'NONE', #129, #7733, #2116, .T. ) ;
#61 = EDGE_LOOP ( 'NONE', ( #62, #63, #86 ) ) ;
#62 = ORIENTED_EDGE ( 'NONE', *, *, #54, .T. ) ;
#63 = ORIENTED_EDGE ( 'NONE', *, *, #50, .T. ) ;
#64 = ADVANCED_FACE ( 'NONE', ( #2106 ), #2141, .T. ) ;
#65 = ORIENTED_EDGE ( 'NONE', *, *, #69, .F. ) ;
#66 = ORIENTED_EDGE ( 'NONE', *, *, #127, .F. ) ;
#67 = ORIENTED_EDGE ( 'NONE', *, *, #7737, .F. ) ;
#68 = ORIENTED_EDGE ( 'NONE', *, *, #60, .T. ) ;
#69 = EDGE_CURVE ( 'NONE', #186, #7732, #2135, .T. ) ;
#70 = ORIENTED_EDGE ( 'NONE', *, *, #89, .T. ) ;
#71 = ADVANCED_FACE ( 'NONE', ( #2137 ), #2159, .T. ) ;
#72 = ORIENTED_EDGE ( 'NONE', *, *, #461, .F. ) ;
#73 = EDGE_LOOP ( 'NONE', ( #70, #72, #74, #96 ) ) ;
#74 = ORIENTED_EDGE ( 'NONE', *, *, #97, .F. ) ;
#75 = ORIENTED_EDGE ( 'NONE', *, *, #7735, .F. ) ;
#76 = ORIENTED_EDGE ( 'NONE', *, *, #77, .F. ) ;
#77 = EDGE_CURVE ( 'NONE', #130, #7753, #2201, .T. ) ;
#78 = ORIENTED_EDGE ( 'NONE', *, *, #125, .F. ) ;
#79 = EDGE_LOOP ( 'NONE', ( #80, #75, #76, #78 ) ) ;
#80 = ORIENTED_EDGE ( 'NONE', *, *, #69, .T. ) ;
#81 = ADVANCED_FACE ( 'NONE', ( #2197 ), #2181, .T. ) ;
#82 = EDGE_LOOP ( 'NONE', ( #85, #108, #109, #104 ) ) ;
#83 = EDGE_CURVE ( 'NONE', #7727, #444, #2228, .T. ) ;
#84 = ORIENTED_EDGE ( 'NONE', *, *, #7722, .F. ) ;
#85 = ORIENTED_EDGE ( 'NONE', *, *, #77, .T. ) ;
#86 = ORIENTED_EDGE ( 'NONE', *, *, #89, .F. ) ;
#87 = ADVANCED_FACE ( 'NONE', ( #2223 ), #2207, .T. ) ;
#88 = ORIENTED_EDGE ( 'NONE', *, *, #446, .F. ) ;
#89 = EDGE_CURVE ( 'NONE', #391, #463, #2264, .T. ) ;
#90 = ORIENTED_EDGE ( 'NONE', *, *, #83, .F. ) ;
#91 = ADVANCED_FACE ( 'NONE', ( #2259 ), #2241, .T. ) ;
#92 = ADVANCED_FACE ( 'NONE', ( #2242 ), #2284, .T. ) ;
#93 = EDGE_LOOP ( 'NONE', ( #7558, #7556, #7555, #7554 ) ) ;
#94 = EDGE_LOOP ( 'NONE', ( #95, #88, #90, #84 ) ) ;
#95 = ORIENTED_EDGE ( 'NONE', *, *, #429, .F. ) ;
#96 = ORIENTED_EDGE ( 'NONE', *, *, #443, .F. ) ;
#97 = EDGE_CURVE ( 'NONE', #444, #462, #2285, .T. ) ;
#98 = VERTEX_POINT ( 'NONE', #2275 ) ;
#99 = ORIENTED_EDGE ( 'NONE', *, *, #468, .T. ) ;
#100 = ORIENTED_EDGE ( 'NONE', *, *, #97, .T. ) ;
#101 = ADVANCED_FACE ( 'NONE', ( #2274 ), #2310, .T. ) ;
#102 = ORIENTED_EDGE ( 'NONE', *, *, #83, .T. ) ;
#103 = EDGE_CURVE ( 'NONE', #133, #7741, #2311, .T. ) ;
#104 = ORIENTED_EDGE ( 'NONE', *, *, #138, .F. ) ;
#105 = ORIENTED_EDGE ( 'NONE', *, *, #107, .F. ) ;
#106 = EDGE_LOOP ( 'NONE', ( #102, #100, #105 ) ) ;
#107 = EDGE_CURVE ( 'NONE', #7727, #462, #2301, .T. ) ;
#108 = ORIENTED_EDGE ( 'NONE', *, *, #7757, .F. ) ;
#109 = ORIENTED_EDGE ( 'NONE', *, *, #103, .F. ) ;
#110 = ADVANCED_FACE ( 'NONE', ( #2302 ), #2333, .T. ) ;
#111 = VERTEX_POINT ( 'NONE', #2334 ) ;
#112 = ADVANCED_FACE ( 'NONE', ( #2329 ), #2365, .T. ) ;
#113 = ORIENTED_EDGE ( 'NONE', *, *, #114, .F. ) ;
#114 = EDGE_CURVE ( 'NONE', #98, #186, #2364, .T. ) ;
#115 = EDGE_LOOP ( 'NONE', ( #113, #139, #135, #132 ) ) ;
#116 = EDGE_CURVE ( 'NONE', #232, #120, #2356, .T. ) ;
#117 = ORIENTED_EDGE ( 'NONE', *, *, #116, .T. ) ;
#118 = ORIENTED_EDGE ( 'NONE', *, *, #119, .T. ) ;
#119 = EDGE_CURVE ( 'NONE', #121, #419, #2352, .T. ) ;
#120 = VERTEX_POINT ( 'NONE', #2348 ) ;
#121 = VERTEX_POINT ( 'NONE', #2347 ) ;
#122 = EDGE_CURVE ( 'NONE', #120, #121, #2397, .T. ) ;
#123 = EDGE_LOOP ( 'NONE', ( #126, #128, #156, #163 ) ) ;
#124 = ADVANCED_FACE ( 'NONE', ( #2393 ), #2378, .T. ) ;
#125 = EDGE_CURVE ( 'NONE', #186, #130, #2377, .T. ) ;
#126 = ORIENTED_EDGE ( 'NONE', *, *, #114, .T. ) ;
#127 = EDGE_CURVE ( 'NONE', #129, #186, #2430, .T. ) ;
#128 = ORIENTED_EDGE ( 'NONE', *, *, #125, .T. ) ;
#129 = VERTEX_POINT ( 'NONE', #2426 ) ;
#130 = VERTEX_POINT ( 'NONE', #2425 ) ;
#131 = ORIENTED_EDGE ( 'NONE', *, *, #122, .T. ) ;
#132 = ORIENTED_EDGE ( 'NONE', *, *, #127, .T. ) ;
#133 = VERTEX_POINT ( 'NONE', #2424 ) ;
#134 = EDGE_CURVE ( 'NONE', #143, #162, #2423, .T. ) ;
#135 = ORIENTED_EDGE ( 'NONE', *, *, #142, .T. ) ;
#136 = VERTEX_POINT ( 'NONE', #2418 ) ;
#137 = ORIENTED_EDGE ( 'NONE', *, *, #180, .T. ) ;
#138 = EDGE_CURVE ( 'NONE', #130, #133, #2417, .T. ) ;
#139 = ORIENTED_EDGE ( 'NONE', *, *, #146, .T. ) ;
#140 = ORIENTED_EDGE ( 'NONE', *, *, #141, .F. ) ;
#141 = EDGE_CURVE ( 'NONE', #143, #133, #2412, .T. ) ;
#142 = EDGE_CURVE ( 'NONE', #136, #129, #2408, .T. ) ;
#143 = VERTEX_POINT ( 'NONE', #2404 ) ;
#144 = EDGE_LOOP ( 'NONE', ( #137, #145, #140, #147 ) ) ;
#145 = ORIENTED_EDGE ( 'NONE', *, *, #138, .T. ) ;
#146 = EDGE_CURVE ( 'NONE', #98, #136, #2402, .T. ) ;
#147 = ORIENTED_EDGE ( 'NONE', *, *, #134, .T. ) ;
#148 = EDGE_CURVE ( 'NONE', #174, #399, #2460, .T. ) ;
#149 = EDGE_LOOP ( 'NONE', ( #150, #160, #7707, #7698, #7699, #7700, #7701, #7695, #7696, #7694, #151, #7718, #7714, #7708, #7703, #7705 ) ) ;
#150 = ORIENTED_EDGE ( 'NONE', *, *, #152, .T. ) ;
#151 = ORIENTED_EDGE ( 'NONE', *, *, #7713, .T. ) ;
#152 = EDGE_CURVE ( 'NONE', #153, #158, #2456, .T. ) ;
#153 = VERTEX_POINT ( 'NONE', #2452 ) ;
#154 = EDGE_LOOP ( 'NONE', ( #155, #159, #157, #173 ) ) ;
#155 = ORIENTED_EDGE ( 'NONE', *, *, #176, .T. ) ;
#156 = ORIENTED_EDGE ( 'NONE', *, *, #180, .F. ) ;
#157 = ORIENTED_EDGE ( 'NONE', *, *, #397, .F. ) ;
#158 = VERTEX_POINT ( 'NONE', #2451 ) ;
#159 = ORIENTED_EDGE ( 'NONE', *, *, #148, .T. ) ;
#160 = ORIENTED_EDGE ( 'NONE', *, *, #161, .T. ) ;
#161 = EDGE_CURVE ( 'NONE', #158, #438, #2450, .T. ) ;
#162 = VERTEX_POINT ( 'NONE', #2446 ) ;
#163 = ORIENTED_EDGE ( 'NONE', *, *, #179, .T. ) ;
#164 = ORIENTED_EDGE ( 'NONE', *, *, #176, .F. ) ;
#165 = ADVANCED_FACE ( 'NONE', ( #2445 ), #2486, .T. ) ;
#166 = EDGE_LOOP ( 'NONE', ( #167, #170, #164, #181 ) ) ;
#167 = ORIENTED_EDGE ( 'NONE', *, *, #141, .T. ) ;
#168 = EDGE_CURVE ( 'NONE', #398, #175, #2478, .T. ) ;
#169 = ADVANCED_FACE ( 'NONE', ( #2474 ), #2545, .T. ) ;
#170 = ORIENTED_EDGE ( 'NONE', *, *, #171, .T. ) ;
#171 = EDGE_CURVE ( 'NONE', #133, #174, #2541, .T. ) ;
#172 = VERTEX_POINT ( 'NONE', #2531 ) ;
#173 = ORIENTED_EDGE ( 'NONE', *, *, #168, .T. ) ;
#174 = VERTEX_POINT ( 'NONE', #2529 ) ;
#175 = VERTEX_POINT ( 'NONE', #2526 ) ;
#176 = EDGE_CURVE ( 'NONE', #175, #174, #2525, .T. ) ;
#177 = EDGE_CURVE ( 'NONE', #175, #143, #2515, .T. ) ;
#178 = ADVANCED_FACE ( 'NONE', ( #2509 ), #2590, .T. ) ;
#179 = EDGE_CURVE ( 'NONE', #162, #98, #2582, .T. ) ;
#180 = EDGE_CURVE ( 'NONE', #162, #130, #2572, .T. ) ;
#181 = ORIENTED_EDGE ( 'NONE', *, *, #177, .T. ) ;
#182 = ADVANCED_FACE ( 'NONE', ( #2566 ), #2644, .T. ) ;
#183 = ORIENTED_EDGE ( 'NONE', *, *, #195, .T. ) ;
#184 = ORIENTED_EDGE ( 'NONE', *, *, #194, .T. ) ;
#185 = ADVANCED_FACE ( 'NONE', ( #2645 ), #2716, .T. ) ;
#186 = VERTEX_POINT ( 'NONE', #2714 ) ;
#187 = ORIENTED_EDGE ( 'NONE', *, *, #188, .T. ) ;
#188 = EDGE_CURVE ( 'NONE', #419, #193, #2707, .T. ) ;
#189 = ORIENTED_EDGE ( 'NONE', *, *, #192, .F. ) ;
#190 = VERTEX_POINT ( 'NONE', #2699 ) ;
#191 = ORIENTED_EDGE ( 'NONE', *, *, #7660, .T. ) ;
#192 = EDGE_CURVE ( 'NONE', #190, #7662, #2695, .T. ) ;
#193 = VERTEX_POINT ( 'NONE', #2689 ) ;
#194 = EDGE_CURVE ( 'NONE', #190, #232, #2684, .T. ) ;
#195 = EDGE_CURVE ( 'NONE', #193, #7659, #2685, .T. ) ;
#196 = EDGE_LOOP ( 'NONE', ( #467, #187, #183, #191, #189, #184 ) ) ;
#197 = ADVANCED_FACE ( 'NONE', ( #2668 ), #2736, .T. ) ;
#198 = EDGE_LOOP ( 'NONE', ( #199, #201, #255, #257 ) ) ;
#199 = ORIENTED_EDGE ( 'NONE', *, *, #200, .F. ) ;
#200 = EDGE_CURVE ( 'NONE', #1814, #1915, #2720, .T. ) ;
#201 = ORIENTED_EDGE ( 'NONE', *, *, #1862, .F. ) ;
#202 = VERTEX_POINT ( 'NONE', #2725 ) ;
#203 = ORIENTED_EDGE ( 'NONE', *, *, #204, .T. ) ;
#204 = EDGE_CURVE ( 'NONE', #202, #205, #2811, .T. ) ;
#205 = VERTEX_POINT ( 'NONE', #2807 ) ;
#206 = ORIENTED_EDGE ( 'NONE', *, *, #207, .T. ) ;
#207 = EDGE_CURVE ( 'NONE', #205, #208, #2802, .T. ) ;
#208 = VERTEX_POINT ( 'NONE', #2794 ) ;
#209 = ORIENTED_EDGE ( 'NONE', *, *, #210, .T. ) ;
#210 = EDGE_CURVE ( 'NONE', #208, #211, #2793, .T. ) ;
#211 = VERTEX_POINT ( 'NONE', #2784 ) ;
#212 = ORIENTED_EDGE ( 'NONE', *, *, #213, .T. ) ;
#213 = EDGE_CURVE ( 'NONE', #211, #214, #2780, .T. ) ;
#214 = VERTEX_POINT ( 'NONE', #2774 ) ;
#215 = ORIENTED_EDGE ( 'NONE', *, *, #216, .T. ) ;
#216 = EDGE_CURVE ( 'NONE', #214, #1826, #2770, .T. ) ;
#217 = ADVANCED_FACE ( 'NONE', ( #2875 ), #2844, .F. ) ;
#218 = EDGE_LOOP ( 'NONE', ( #219, #220, #223, #226, #229, #203, #206, #209, #212, #215, #267, #268, #269, #270, #271, #272 ) ) ;
#219 = ORIENTED_EDGE ( 'NONE', *, *, #1728, .T. ) ;
#220 = ORIENTED_EDGE ( 'NONE', *, *, #221, .T. ) ;
#221 = EDGE_CURVE ( 'NONE', #1754, #222, #2838, .T. ) ;
#222 = VERTEX_POINT ( 'NONE', #2825 ) ;
#223 = ORIENTED_EDGE ( 'NONE', *, *, #224, .T. ) ;
#224 = EDGE_CURVE ( 'NONE', #222, #225, #2945, .T. ) ;
#225 = VERTEX_POINT ( 'NONE', #2939 ) ;
#226 = ORIENTED_EDGE ( 'NONE', *, *, #227, .T. ) ;
#227 = EDGE_CURVE ( 'NONE', #225, #228, #2933, .T. ) ;
#228 = VERTEX_POINT ( 'NONE', #2929 ) ;
#229 = ORIENTED_EDGE ( 'NONE', *, *, #230, .T. ) ;
#230 = EDGE_CURVE ( 'NONE', #228, #202, #2924, .T. ) ;
#231 = ORIENTED_EDGE ( 'NONE', *, *, #1663, .T. ) ;
#232 = VERTEX_POINT ( 'NONE', #2918 ) ;
#233 = VERTEX_POINT ( 'NONE', #2917 ) ;
#234 = ORIENTED_EDGE ( 'NONE', *, *, #1550, .F. ) ;
#235 = ADVANCED_FACE ( 'NONE', ( #2914 ), #3000, .T. ) ;
#236 = EDGE_LOOP ( 'NONE', ( #237, #238, #239 ) ) ;
#237 = ORIENTED_EDGE ( 'NONE', *, *, #252, .T. ) ;
#238 = ORIENTED_EDGE ( 'NONE', *, *, #245, .T. ) ;
#239 = ORIENTED_EDGE ( 'NONE', *, *, #240, .F. ) ;
#240 = EDGE_CURVE ( 'NONE', #1818, #1804, #3001, .T. ) ;
#241 = EDGE_LOOP ( 'NONE', ( #295, #296, #297, #299 ) ) ;
#242 = ORIENTED_EDGE ( 'NONE', *, *, #1819, .F. ) ;
#243 = ORIENTED_EDGE ( 'NONE', *, *, #1806, .F. ) ;
#244 = ORIENTED_EDGE ( 'NONE', *, *, #245, .F. ) ;
#245 = EDGE_CURVE ( 'NONE', #1913, #1804, #2979, .T. ) ;
#246 = ORIENTED_EDGE ( 'NONE', *, *, #1912, .F. ) ;
#247 = ADVANCED_FACE ( 'NONE', ( #2970 ), #3051, .T. ) ;
#248 = EDGE_LOOP ( 'NONE', ( #249, #250, #251, #253 ) ) ;
#249 = ORIENTED_EDGE ( 'NONE', *, *, #200, .T. ) ;
#250 = ORIENTED_EDGE ( 'NONE', *, *, #1891, .F. ) ;
#251 = ORIENTED_EDGE ( 'NONE', *, *, #252, .F. ) ;
#252 = EDGE_CURVE ( 'NONE', #1818, #1913, #3052, .T. ) ;
#253 = ORIENTED_EDGE ( 'NONE', *, *, #1817, .F. ) ;
#254 = ADVANCED_FACE ( 'NONE', ( #3036 ), #3111, .T. ) ;
#255 = ORIENTED_EDGE ( 'NONE', *, *, #256, .F. ) ;
#256 = EDGE_CURVE ( 'NONE', #1894, #1860, #3113, .T. ) ;
#257 = ORIENTED_EDGE ( 'NONE', *, *, #1893, .F. ) ;
#258 = ADVANCED_FACE ( 'NONE', ( #3097 ), #3169, .T. ) ;
#259 = EDGE_LOOP ( 'NONE', ( #260, #261, #262, #264 ) ) ;
#260 = ORIENTED_EDGE ( 'NONE', *, *, #256, .T. ) ;
#261 = ORIENTED_EDGE ( 'NONE', *, *, #1873, .F. ) ;
#262 = ORIENTED_EDGE ( 'NONE', *, *, #263, .F. ) ;
#263 = EDGE_CURVE ( 'NONE', #1897, #1871, #3171, .T. ) ;
#264 = ORIENTED_EDGE ( 'NONE', *, *, #1896, .F. ) ;
#265 = ADVANCED_FACE ( 'NONE', ( #3153 ), #3222, .T. ) ;
#266 = EDGE_LOOP ( 'NONE', ( #242, #243, #244, #246 ) ) ;
#267 = ORIENTED_EDGE ( 'NONE', *, *, #1825, .T. ) ;
#268 = ORIENTED_EDGE ( 'NONE', *, *, #1837, .T. ) ;
#269 = ORIENTED_EDGE ( 'NONE', *, *, #1773, .T. ) ;
#270 = ORIENTED_EDGE ( 'NONE', *, *, #1791, .T. ) ;
#271 = ORIENTED_EDGE ( 'NONE', *, *, #1725, .T. ) ;
#272 = ORIENTED_EDGE ( 'NONE', *, *, #1714, .T. ) ;
#273 = ADVANCED_FACE ( 'NONE', ( #3224 ), #3293, .T. ) ;
#274 = EDGE_LOOP ( 'NONE', ( #275, #276, #277 ) ) ;
#275 = ORIENTED_EDGE ( 'NONE', *, *, #288, .T. ) ;
#276 = ORIENTED_EDGE ( 'NONE', *, *, #305, .T. ) ;
#277 = ORIENTED_EDGE ( 'NONE', *, *, #278, .F. ) ;
#278 = EDGE_CURVE ( 'NONE', #1876, #214, #3286, .T. ) ;
#279 = ADVANCED_FACE ( 'NONE', ( #3276 ), #3238, .T. ) ;
#280 = EDGE_LOOP ( 'NONE', ( #281, #332, #333, #335 ) ) ;
#281 = ORIENTED_EDGE ( 'NONE', *, *, #346, .T. ) ;
#282 = ORIENTED_EDGE ( 'NONE', *, *, #1809, .F. ) ;
#283 = ADVANCED_FACE ( 'NONE', ( #3239 ), #3316, .T. ) ;
#284 = EDGE_LOOP ( 'NONE', ( #285, #286, #287, #289 ) ) ;
#285 = ORIENTED_EDGE ( 'NONE', *, *, #240, .T. ) ;
#286 = ORIENTED_EDGE ( 'NONE', *, *, #1832, .F. ) ;
#287 = ORIENTED_EDGE ( 'NONE', *, *, #288, .F. ) ;
#288 = EDGE_CURVE ( 'NONE', #1876, #1833, #3317, .T. ) ;
#289 = ORIENTED_EDGE ( 'NONE', *, *, #1875, .F. ) ;
#290 = ADVANCED_FACE ( 'NONE', ( #3307 ), #3384, .T. ) ;
#291 = EDGE_LOOP ( 'NONE', ( #292, #344, #345, #347 ) ) ;
#292 = ORIENTED_EDGE ( 'NONE', *, *, #298, .T. ) ;
#293 = ORIENTED_EDGE ( 'NONE', *, *, #669, .T. ) ;
#294 = ADVANCED_FACE ( 'NONE', ( #3385 ), #3458, .T. ) ;
#295 = ORIENTED_EDGE ( 'NONE', *, *, #310, .T. ) ;
#296 = ORIENTED_EDGE ( 'NONE', *, *, #1920, .F. ) ;
#297 = ORIENTED_EDGE ( 'NONE', *, *, #298, .F. ) ;
#298 = EDGE_CURVE ( 'NONE', #1903, #1694, #3461, .T. ) ;
#299 = ORIENTED_EDGE ( 'NONE', *, *, #1902, .F. ) ;
#300 = ADVANCED_FACE ( 'NONE', ( #3441 ), #3517, .T. ) ;
#301 = EDGE_LOOP ( 'NONE', ( #302, #303, #304, #282 ) ) ;
#302 = ORIENTED_EDGE ( 'NONE', *, *, #1828, .F. ) ;
#303 = ORIENTED_EDGE ( 'NONE', *, *, #216, .F. ) ;
#304 = ORIENTED_EDGE ( 'NONE', *, *, #305, .F. ) ;
#305 = EDGE_CURVE ( 'NONE', #1833, #214, #3519, .T. ) ;
#306 = EDGE_LOOP ( 'NONE', ( #307, #308, #309, #311 ) ) ;
#307 = ORIENTED_EDGE ( 'NONE', *, *, #263, .T. ) ;
#308 = ORIENTED_EDGE ( 'NONE', *, *, #1856, .F. ) ;
#309 = ORIENTED_EDGE ( 'NONE', *, *, #310, .F. ) ;
#310 = EDGE_CURVE ( 'NONE', #1900, #1854, #3502, .T. ) ;
#311 = ORIENTED_EDGE ( 'NONE', *, *, #1899, .F. ) ;
#312 = EDGE_CURVE ( 'NONE', #1801, #208, #3490, .T. ) ;
#313 = ORIENTED_EDGE ( 'NONE', *, *, #1800, .F. ) ;
#314 = ADVANCED_FACE ( 'NONE', ( #3482 ), #3555, .T. ) ;
#315 = EDGE_LOOP ( 'NONE', ( #316, #317, #318, #370 ) ) ;
#316 = ORIENTED_EDGE ( 'NONE', *, *, #330, .T. ) ;
#317 = ORIENTED_EDGE ( 'NONE', *, *, #1676, .F. ) ;
#318 = ORIENTED_EDGE ( 'NONE', *, *, #369, .F. ) ;
#319 = EDGE_LOOP ( 'NONE', ( #320, #321, #322, #324 ) ) ;
#320 = ORIENTED_EDGE ( 'NONE', *, *, #278, .T. ) ;
#321 = ORIENTED_EDGE ( 'NONE', *, *, #213, .F. ) ;
#322 = ORIENTED_EDGE ( 'NONE', *, *, #323, .F. ) ;
#323 = EDGE_CURVE ( 'NONE', #1815, #211, #3540, .T. ) ;
#324 = ORIENTED_EDGE ( 'NONE', *, *, #1878, .F. ) ;
#325 = ADVANCED_FACE ( 'NONE', ( #3545 ), #3602, .T. ) ;
#326 = EDGE_LOOP ( 'NONE', ( #327, #328, #329 ) ) ;
#327 = ORIENTED_EDGE ( 'NONE', *, *, #341, .T. ) ;
#328 = ORIENTED_EDGE ( 'NONE', *, *, #334, .T. ) ;
#329 = ORIENTED_EDGE ( 'NONE', *, *, #330, .F. ) ;
#330 = EDGE_CURVE ( 'NONE', #1687, #1678, #3592, .T. ) ;
#331 = EDGE_LOOP ( 'NONE', ( #383, #384, #385, #313 ) ) ;
#332 = ORIENTED_EDGE ( 'NONE', *, *, #1680, .F. ) ;
#333 = ORIENTED_EDGE ( 'NONE', *, *, #334, .F. ) ;
#334 = EDGE_CURVE ( 'NONE', #1842, #1678, #3677, .T. ) ;
#335 = ORIENTED_EDGE ( 'NONE', *, *, #1840, .F. ) ;
#336 = ADVANCED_FACE ( 'NONE', ( #3671 ), #3642, .T. ) ;
#337 = EDGE_LOOP ( 'NONE', ( #338, #339, #340, #342 ) ) ;
#338 = ORIENTED_EDGE ( 'NONE', *, *, #1737, .F. ) ;
#339 = ORIENTED_EDGE ( 'NONE', *, *, #1844, .F. ) ;
#340 = ORIENTED_EDGE ( 'NONE', *, *, #341, .F. ) ;
#341 = EDGE_CURVE ( 'NONE', #1687, #1842, #3743, .T. ) ;
#342 = ORIENTED_EDGE ( 'NONE', *, *, #1749, .F. ) ;
#343 = ADVANCED_FACE ( 'NONE', ( #3733 ), #3700, .T. ) ;
#344 = ORIENTED_EDGE ( 'NONE', *, *, #1703, .F. ) ;
#345 = ORIENTED_EDGE ( 'NONE', *, *, #346, .F. ) ;
#346 = EDGE_CURVE ( 'NONE', #1841, #1701, #3785, .T. ) ;
#347 = ORIENTED_EDGE ( 'NONE', *, *, #958, .F. ) ;
#348 = ADVANCED_FACE ( 'NONE', ( #3792 ), #3839, .T. ) ;
#349 = EDGE_LOOP ( 'NONE', ( #350, #351, #352, #354 ) ) ;
#350 = ORIENTED_EDGE ( 'NONE', *, *, #365, .T. ) ;
#351 = ORIENTED_EDGE ( 'NONE', *, *, #1683, .F. ) ;
#352 = ORIENTED_EDGE ( 'NONE', *, *, #353, .F. ) ;
#353 = EDGE_CURVE ( 'NONE', #225, #1698, #3827, .T. ) ;
#354 = ORIENTED_EDGE ( 'NONE', *, *, #224, .F. ) ;
#355 = ADVANCED_FACE ( 'NONE', ( #3834 ), #3894, .T. ) ;
#356 = EDGE_LOOP ( 'NONE', ( #408, #409, #410, #412 ) ) ;
#357 = ORIENTED_EDGE ( 'NONE', *, *, #358, .F. ) ;
#358 = EDGE_CURVE ( 'NONE', #1868, #205, #3895, .T. ) ;
#359 = ORIENTED_EDGE ( 'NONE', *, *, #1867, .F. ) ;
#360 = ADVANCED_FACE ( 'NONE', ( #3878 ), #3947, .T. ) ;
#361 = EDGE_LOOP ( 'NONE', ( #362, #363, #364 ) ) ;
#362 = ORIENTED_EDGE ( 'NONE', *, *, #376, .T. ) ;
#363 = ORIENTED_EDGE ( 'NONE', *, *, #369, .T. ) ;
#364 = ORIENTED_EDGE ( 'NONE', *, *, #365, .F. ) ;
#365 = EDGE_CURVE ( 'NONE', #222, #1677, #3948, .T. ) ;
#366 = ADVANCED_FACE ( 'NONE', ( #3936 ), #4002, .T. ) ;
#367 = EDGE_LOOP ( 'NONE', ( #368, #420, #421, #423 ) ) ;
#368 = ORIENTED_EDGE ( 'NONE', *, *, #358, .T. ) ;
#369 = EDGE_CURVE ( 'NONE', #1741, #1677, #4003, .T. ) ;
#370 = ORIENTED_EDGE ( 'NONE', *, *, #1740, .F. ) ;
#371 = ADVANCED_FACE ( 'NONE', ( #3986 ), #4067, .T. ) ;
#372 = EDGE_LOOP ( 'NONE', ( #373, #374, #375, #377 ) ) ;
#373 = ORIENTED_EDGE ( 'NONE', *, *, #1726, .F. ) ;
#374 = ORIENTED_EDGE ( 'NONE', *, *, #1743, .F. ) ;
#375 = ORIENTED_EDGE ( 'NONE', *, *, #376, .F. ) ;
#376 = EDGE_CURVE ( 'NONE', #222, #1741, #4059, .T. ) ;
#377 = ORIENTED_EDGE ( 'NONE', *, *, #221, .F. ) ;
#378 = ADVANCED_FACE ( 'NONE', ( #4051 ), #4116, .T. ) ;
#379 = EDGE_LOOP ( 'NONE', ( #380, #381, #357, #359 ) ) ;
#380 = ORIENTED_EDGE ( 'NONE', *, *, #312, .T. ) ;
#381 = ORIENTED_EDGE ( 'NONE', *, *, #207, .F. ) ;
#382 = ADVANCED_FACE ( 'NONE', ( #4117 ), #4081, .T. ) ;
#383 = ORIENTED_EDGE ( 'NONE', *, *, #323, .T. ) ;
#384 = ORIENTED_EDGE ( 'NONE', *, *, #210, .F. ) ;
#385 = ORIENTED_EDGE ( 'NONE', *, *, #312, .F. ) ;
#386 = ORIENTED_EDGE ( 'NONE', *, *, #387, .T. ) ;
#387 = EDGE_CURVE ( 'NONE', #402, #462, #4076, .T. ) ;
#388 = ADVANCED_FACE ( 'NONE', ( #4177 ), #4147, .T. ) ;
#389 = EDGE_LOOP ( 'NONE', ( #390, #445, #448, #451 ) ) ;
#390 = ORIENTED_EDGE ( 'NONE', *, *, #443, .T. ) ;
#391 = VERTEX_POINT ( 'NONE', #4135 ) ;
#392 = MANIFOLD_SOLID_BREP ( 'NONE', #7596 ) ;
#393 = EDGE_LOOP ( 'NONE', ( #396, #400, #403, #406 ) ) ;
#394 = CLOSED_SHELL ( 'NONE', ( #1691, #1673, #1684, #1750, #1738, #1721, #1787, #1769, #1780, #1762, #1829, #1810, #1796, #1863, #1846, #1857, #1921, #217, #273, #258, #265, #247, #254, #235, #294, #300, #283, #290, #348, #279, #336, #343, #325, #382, #314, #371, #378, #360, #366, #424, #355, #413 ) ) ;
#395 = ADVANCED_FACE ( 'NONE', ( #4209 ), #4285, .T. ) ;
#396 = ORIENTED_EDGE ( 'NONE', *, *, #397, .T. ) ;
#397 = EDGE_CURVE ( 'NONE', #398, #399, #4280, .T. ) ;
#398 = VERTEX_POINT ( 'NONE', #4263 ) ;
#399 = VERTEX_POINT ( 'NONE', #4260 ) ;
#400 = ORIENTED_EDGE ( 'NONE', *, *, #401, .T. ) ;
#401 = EDGE_CURVE ( 'NONE', #399, #402, #4254, .T. ) ;
#402 = VERTEX_POINT ( 'NONE', #4249 ) ;
#403 = ORIENTED_EDGE ( 'NONE', *, *, #404, .F. ) ;
#404 = EDGE_CURVE ( 'NONE', #405, #402, #4247, .T. ) ;
#405 = VERTEX_POINT ( 'NONE', #4242 ) ;
#406 = ORIENTED_EDGE ( 'NONE', *, *, #407, .T. ) ;
#407 = EDGE_CURVE ( 'NONE', #405, #398, #4240, .T. ) ;
#408 = ORIENTED_EDGE ( 'NONE', *, *, #422, .T. ) ;
#409 = ORIENTED_EDGE ( 'NONE', *, *, #230, .F. ) ;
#410 = ORIENTED_EDGE ( 'NONE', *, *, #411, .F. ) ;
#411 = EDGE_CURVE ( 'NONE', #1695, #228, #4235, .T. ) ;
#412 = ORIENTED_EDGE ( 'NONE', *, *, #1917, .F. ) ;
#413 = ADVANCED_FACE ( 'NONE', ( #4341 ), #4299, .T. ) ;
#414 = EDGE_LOOP ( 'NONE', ( #415, #416, #417, #418 ) ) ;
#415 = ORIENTED_EDGE ( 'NONE', *, *, #353, .T. ) ;
#416 = ORIENTED_EDGE ( 'NONE', *, *, #1697, .F. ) ;
#417 = ORIENTED_EDGE ( 'NONE', *, *, #411, .T. ) ;
#418 = ORIENTED_EDGE ( 'NONE', *, *, #227, .F. ) ;
#419 = VERTEX_POINT ( 'NONE', #4300 ) ;
#420 = ORIENTED_EDGE ( 'NONE', *, *, #204, .F. ) ;
#421 = ORIENTED_EDGE ( 'NONE', *, *, #422, .F. ) ;
#422 = EDGE_CURVE ( 'NONE', #1851, #202, #4292, .T. ) ;
#423 = ORIENTED_EDGE ( 'NONE', *, *, #1850, .F. ) ;
#424 = ADVANCED_FACE ( 'NONE', ( #4393 ), #4352, .T. ) ;
#425 = EDGE_LOOP ( 'NONE', ( #426, #427, #485, #488 ) ) ;
#426 = ORIENTED_EDGE ( 'NONE', *, *, #503, .T. ) ;
#427 = ORIENTED_EDGE ( 'NONE', *, *, #428, .F. ) ;
#428 = EDGE_CURVE ( 'NONE', #484, #501, #4347, .T. ) ;
#429 = EDGE_CURVE ( 'NONE', #447, #457, #4469, .T. ) ;
#430 = ORIENTED_EDGE ( 'NONE', *, *, #431, .F. ) ;
#431 = EDGE_CURVE ( 'NONE', #432, #457, #4470, .T. ) ;
#432 = VERTEX_POINT ( 'NONE', #4454 ) ;
#433 = ORIENTED_EDGE ( 'NONE', *, *, #434, .F. ) ;
#434 = EDGE_CURVE ( 'NONE', #435, #432, #4450, .T. ) ;
#435 = VERTEX_POINT ( 'NONE', #4443 ) ;
#436 = ORIENTED_EDGE ( 'NONE', *, *, #437, .T. ) ;
#437 = EDGE_CURVE ( 'NONE', #435, #438, #4441, .T. ) ;
#438 = VERTEX_POINT ( 'NONE', #4433 ) ;
#439 = ORIENTED_EDGE ( 'NONE', *, *, #440, .T. ) ;
#440 = EDGE_CURVE ( 'NONE', #438, #450, #4429, .T. ) ;
#441 = ADVANCED_FACE ( 'NONE', ( #4421 ), #4503, .T. ) ;
#442 = EDGE_LOOP ( 'NONE', ( #498, #499, #502, #505 ) ) ;
#443 = EDGE_CURVE ( 'NONE', #391, #444, #4496, .T. ) ;
#444 = VERTEX_POINT ( 'NONE', #4490 ) ;
#445 = ORIENTED_EDGE ( 'NONE', *, *, #446, .T. ) ;
#446 = EDGE_CURVE ( 'NONE', #444, #447, #4485, .T. ) ;
#447 = VERTEX_POINT ( 'NONE', #4480 ) ;
#448 = ORIENTED_EDGE ( 'NONE', *, *, #449, .F. ) ;
#449 = EDGE_CURVE ( 'NONE', #450, #447, #4475, .T. ) ;
#450 = VERTEX_POINT ( 'NONE', #4583 ) ;
#451 = ORIENTED_EDGE ( 'NONE', *, *, #452, .T. ) ;
#452 = EDGE_CURVE ( 'NONE', #450, #391, #4575, .T. ) ;
#453 = ADVANCED_FACE ( 'NONE', ( #4567 ), #4529, .T. ) ;
#454 = EDGE_LOOP ( 'NONE', ( #455, #456, #430, #433, #436, #439 ) ) ;
#455 = ORIENTED_EDGE ( 'NONE', *, *, #449, .T. ) ;
#456 = ORIENTED_EDGE ( 'NONE', *, *, #429, .T. ) ;
#457 = VERTEX_POINT ( 'NONE', #4526 ) ;
#458 = ADVANCED_FACE ( 'NONE', ( #4519 ), #4610, .T. ) ;
#459 = EDGE_LOOP ( 'NONE', ( #460, #464, #466, #386 ) ) ;
#460 = ORIENTED_EDGE ( 'NONE', *, *, #461, .T. ) ;
#461 = EDGE_CURVE ( 'NONE', #462, #463, #4609, .T. ) ;
#462 = VERTEX_POINT ( 'NONE', #4592 ) ;
#463 = VERTEX_POINT ( 'NONE', #4590 ) ;
#464 = ORIENTED_EDGE ( 'NONE', *, *, #465, .T. ) ;
#465 = EDGE_CURVE ( 'NONE', #463, #405, #4587, .T. ) ;
#466 = ORIENTED_EDGE ( 'NONE', *, *, #404, .T. ) ;
#467 = ORIENTED_EDGE ( 'NONE', *, *, #468, .F. ) ;
#468 = EDGE_CURVE ( 'NONE', #419, #232, #4682, .T. ) ;
#469 = VERTEX_POINT ( 'NONE', #4675 ) ;
#470 = ORIENTED_EDGE ( 'NONE', *, *, #471, .T. ) ;
#471 = EDGE_CURVE ( 'NONE', #469, #487, #4672, .T. ) ;
#472 = ADVANCED_FACE ( 'NONE', ( #4667 ), #4639, .T. ) ;
#473 = EDGE_LOOP ( 'NONE', ( #474, #475, #478, #481 ) ) ;
#474 = ORIENTED_EDGE ( 'NONE', *, *, #497, .T. ) ;
#475 = ORIENTED_EDGE ( 'NONE', *, *, #476, .F. ) ;
#476 = EDGE_CURVE ( 'NONE', #477, #495, #4746, .T. ) ;
#477 = VERTEX_POINT ( 'NONE', #4731 ) ;
#478 = ORIENTED_EDGE ( 'NONE', *, *, #479, .F. ) ;
#479 = EDGE_CURVE ( 'NONE', #480, #477, #4726, .T. ) ;
#480 = VERTEX_POINT ( 'NONE', #4717 ) ;
#481 = ORIENTED_EDGE ( 'NONE', *, *, #482, .T. ) ;
#482 = EDGE_CURVE ( 'NONE', #480, #469, #4713, .T. ) ;
#483 = ADVANCED_FACE ( 'NONE', ( #4709 ), #4797, .T. ) ;
#484 = VERTEX_POINT ( 'NONE', #4798 ) ;
#485 = ORIENTED_EDGE ( 'NONE', *, *, #486, .F. ) ;
#486 = EDGE_CURVE ( 'NONE', #487, #484, #4784, .T. ) ;
#487 = VERTEX_POINT ( 'NONE', #4775 ) ;
#488 = ORIENTED_EDGE ( 'NONE', *, *, #489, .T. ) ;
#489 = EDGE_CURVE ( 'NONE', #487, #504, #4771, .T. ) ;
#490 = ADVANCED_FACE ( 'NONE', ( #4767 ), #4855, .T. ) ;
#491 = EDGE_LOOP ( 'NONE', ( #492, #493, #496, #470 ) ) ;
#492 = ORIENTED_EDGE ( 'NONE', *, *, #486, .T. ) ;
#493 = ORIENTED_EDGE ( 'NONE', *, *, #494, .F. ) ;
#494 = EDGE_CURVE ( 'NONE', #495, #484, #4849, .T. ) ;
#495 = VERTEX_POINT ( 'NONE', #4836 ) ;
#496 = ORIENTED_EDGE ( 'NONE', *, *, #497, .F. ) ;
#497 = EDGE_CURVE ( 'NONE', #469, #495, #4831, .T. ) ;
#498 = ORIENTED_EDGE ( 'NONE', *, *, #434, .T. ) ;
#499 = ORIENTED_EDGE ( 'NONE', *, *, #500, .F. ) ;
#500 = EDGE_CURVE ( 'NONE', #501, #432, #4822, .T. ) ;
#501 = VERTEX_POINT ( 'NONE', #4816 ) ;
#502 = ORIENTED_EDGE ( 'NONE', *, *, #503, .F. ) ;
#503 = EDGE_CURVE ( 'NONE', #504, #501, #4809, .T. ) ;
#504 = VERTEX_POINT ( 'NONE', #4919 ) ;
#505 = ORIENTED_EDGE ( 'NONE', *, *, #506, .T. ) ;
#506 = EDGE_CURVE ( 'NONE', #504, #435, #4917, .T. ) ;
#507 = ADVANCED_FACE ( 'NONE', ( #4918 ), #4877, .T. ) ;
#508 = VERTEX_POINT ( 'NONE', #4866 ) ;
#509 = ADVANCED_FACE ( 'NONE', ( #4865 ), #4944, .T. ) ;
#510 = EDGE_LOOP ( 'NONE', ( #511, #515, #517, #518 ) ) ;
#511 = ORIENTED_EDGE ( 'NONE', *, *, #512, .T. ) ;
#512 = EDGE_CURVE ( 'NONE', #513, #514, #4937, .T. ) ;
#513 = VERTEX_POINT ( 'NONE', #4924 ) ;
#514 = VERTEX_POINT ( 'NONE', #4922 ) ;
#515 = ORIENTED_EDGE ( 'NONE', *, *, #516, .T. ) ;
#516 = EDGE_CURVE ( 'NONE', #514, #526, #5028, .T. ) ;
#517 = ORIENTED_EDGE ( 'NONE', *, *, #525, .T. ) ;
#518 = ORIENTED_EDGE ( 'NONE', *, *, #519, .T. ) ;
#519 = EDGE_CURVE ( 'NONE', #527, #513, #5022, .T. ) ;
#520 = ADVANCED_FACE ( 'NONE', ( #5017 ), #4988, .T. ) ;
#521 = EDGE_LOOP ( 'NONE', ( #522, #580, #583, #586 ) ) ;
#522 = ORIENTED_EDGE ( 'NONE', *, *, #523, .F. ) ;
#523 = EDGE_CURVE ( 'NONE', #524, #579, #4981, .T. ) ;
#524 = VERTEX_POINT ( 'NONE', #5080 ) ;
#525 = EDGE_CURVE ( 'NONE', #526, #527, #5077, .T. ) ;
#526 = VERTEX_POINT ( 'NONE', #5073 ) ;
#527 = VERTEX_POINT ( 'NONE', #5072 ) ;
#528 = ORIENTED_EDGE ( 'NONE', *, *, #529, .T. ) ;
#529 = EDGE_CURVE ( 'NONE', #526, #530, #5069, .T. ) ;
#530 = VERTEX_POINT ( 'NONE', #5064 ) ;
#531 = ORIENTED_EDGE ( 'NONE', *, *, #532, .T. ) ;
#532 = EDGE_CURVE ( 'NONE', #530, #546, #5058, .T. ) ;
#533 = ORIENTED_EDGE ( 'NONE', *, *, #545, .T. ) ;
#534 = ORIENTED_EDGE ( 'NONE', *, *, #535, .F. ) ;
#535 = EDGE_CURVE ( 'NONE', #536, #543, #5051, .T. ) ;
#536 = VERTEX_POINT ( 'NONE', #5042 ) ;
#537 = ORIENTED_EDGE ( 'NONE', *, *, #538, .T. ) ;
#538 = EDGE_CURVE ( 'NONE', #536, #527, #5032, .T. ) ;
#539 = ADVANCED_FACE ( 'NONE', ( #5136 ), #5097, .T. ) ;
#540 = ORIENTED_EDGE ( 'NONE', *, *, #7686, .T. ) ;
#541 = ORIENTED_EDGE ( 'NONE', *, *, #542, .F. ) ;
#542 = EDGE_CURVE ( 'NONE', #543, #7683, #5099, .T. ) ;
#543 = VERTEX_POINT ( 'NONE', #5086 ) ;
#544 = ORIENTED_EDGE ( 'NONE', *, *, #545, .F. ) ;
#545 = EDGE_CURVE ( 'NONE', #546, #543, #5192, .T. ) ;
#546 = VERTEX_POINT ( 'NONE', #5186 ) ;
#547 = ORIENTED_EDGE ( 'NONE', *, *, #548, .T. ) ;
#548 = EDGE_CURVE ( 'NONE', #546, #7611, #5182, .T. ) ;
#549 = ADVANCED_FACE ( 'NONE', ( #5173 ), #5254, .T. ) ;
#550 = EDGE_CURVE ( 'NONE', #578, #567, #5240, .T. ) ;
#551 = ADVANCED_FACE ( 'NONE', ( #5235 ), #5201, .T. ) ;
#552 = EDGE_LOOP ( 'NONE', ( #553, #554, #557, #560 ) ) ;
#553 = ORIENTED_EDGE ( 'NONE', *, *, #577, .T. ) ;
#554 = ORIENTED_EDGE ( 'NONE', *, *, #555, .T. ) ;
#555 = EDGE_CURVE ( 'NONE', #575, #556, #5198, .T. ) ;
#556 = VERTEX_POINT ( 'NONE', #5306 ) ;
#557 = ORIENTED_EDGE ( 'NONE', *, *, #558, .F. ) ;
#558 = EDGE_CURVE ( 'NONE', #559, #556, #5304, .T. ) ;
#559 = VERTEX_POINT ( 'NONE', #5295 ) ;
#560 = ORIENTED_EDGE ( 'NONE', *, *, #561, .T. ) ;
#561 = EDGE_CURVE ( 'NONE', #559, #578, #5287, .T. ) ;
#562 = EDGE_LOOP ( 'NONE', ( #623, #624, #626, #627 ) ) ;
#563 = ORIENTED_EDGE ( 'NONE', *, *, #564, .T. ) ;
#564 = EDGE_CURVE ( 'NONE', #579, #508, #5279, .T. ) ;
#565 = ORIENTED_EDGE ( 'NONE', *, *, #566, .F. ) ;
#566 = EDGE_CURVE ( 'NONE', #567, #508, #5274, .T. ) ;
#567 = VERTEX_POINT ( 'NONE', #5269 ) ;
#568 = ORIENTED_EDGE ( 'NONE', *, *, #569, .T. ) ;
#569 = EDGE_CURVE ( 'NONE', #567, #524, #5266, .T. ) ;
#570 = ADVANCED_FACE ( 'NONE', ( #5261 ), #5331, .T. ) ;
#571 = EDGE_LOOP ( 'NONE', ( #572, #573, #576, #635 ) ) ;
#572 = ORIENTED_EDGE ( 'NONE', *, *, #566, .T. ) ;
#573 = ORIENTED_EDGE ( 'NONE', *, *, #574, .T. ) ;
#574 = EDGE_CURVE ( 'NONE', #508, #575, #5332, .T. ) ;
#575 = VERTEX_POINT ( 'NONE', #5320 ) ;
#576 = ORIENTED_EDGE ( 'NONE', *, *, #577, .F. ) ;
#577 = EDGE_CURVE ( 'NONE', #578, #575, #5319, .T. ) ;
#578 = VERTEX_POINT ( 'NONE', #5432 ) ;
#579 = VERTEX_POINT ( 'NONE', #5429 ) ;
#580 = ORIENTED_EDGE ( 'NONE', *, *, #581, .T. ) ;
#581 = EDGE_CURVE ( 'NONE', #524, #582, #5423, .T. ) ;
#582 = VERTEX_POINT ( 'NONE', #5416 ) ;
#583 = ORIENTED_EDGE ( 'NONE', *, *, #584, .T. ) ;
#584 = EDGE_CURVE ( 'NONE', #582, #585, #5413, .T. ) ;
#585 = VERTEX_POINT ( 'NONE', #5407 ) ;
#586 = ORIENTED_EDGE ( 'NONE', *, *, #587, .T. ) ;
#587 = EDGE_CURVE ( 'NONE', #585, #579, #5402, .T. ) ;
#588 = ADVANCED_FACE ( 'NONE', ( #5395 ), #5487, .T. ) ;
#589 = EDGE_LOOP ( 'NONE', ( #590, #563, #565, #568 ) ) ;
#590 = ORIENTED_EDGE ( 'NONE', *, *, #523, .T. ) ;
#591 = VERTEX_POINT ( 'NONE', #5471 ) ;
#592 = ORIENTED_EDGE ( 'NONE', *, *, #593, .T. ) ;
#593 = EDGE_CURVE ( 'NONE', #591, #594, #5469, .T. ) ;
#594 = VERTEX_POINT ( 'NONE', #5464 ) ;
#595 = ORIENTED_EDGE ( 'NONE', *, *, #596, .T. ) ;
#596 = EDGE_CURVE ( 'NONE', #594, #597, #5462, .T. ) ;
#597 = VERTEX_POINT ( 'NONE', #5457 ) ;
#598 = VERTEX_POINT ( 'NONE', #5456 ) ;
#599 = ORIENTED_EDGE ( 'NONE', *, *, #600, .T. ) ;
#600 = EDGE_CURVE ( 'NONE', #598, #601, #5454, .T. ) ;
#601 = VERTEX_POINT ( 'NONE', #5449 ) ;
#602 = ORIENTED_EDGE ( 'NONE', *, *, #603, .T. ) ;
#603 = EDGE_CURVE ( 'NONE', #601, #604, #5445, .T. ) ;
#604 = VERTEX_POINT ( 'NONE', #5438 ) ;
#605 = ORIENTED_EDGE ( 'NONE', *, *, #606, .T. ) ;
#606 = EDGE_CURVE ( 'NONE', #604, #607, #5549, .T. ) ;
#607 = VERTEX_POINT ( 'NONE', #5543 ) ;
#608 = ORIENTED_EDGE ( 'NONE', *, *, #609, .T. ) ;
#609 = EDGE_CURVE ( 'NONE', #607, #610, #5541, .T. ) ;
#610 = VERTEX_POINT ( 'NONE', #5536 ) ;
#611 = ORIENTED_EDGE ( 'NONE', *, *, #612, .T. ) ;
#612 = EDGE_CURVE ( 'NONE', #634, #7636, #5533, .T. ) ;
#613 = ORIENTED_EDGE ( 'NONE', *, *, #7671, .F. ) ;
#614 = ORIENTED_EDGE ( 'NONE', *, *, #7579, .F. ) ;
#615 = ORIENTED_EDGE ( 'NONE', *, *, #7607, .F. ) ;
#616 = ORIENTED_EDGE ( 'NONE', *, *, #7691, .F. ) ;
#617 = ORIENTED_EDGE ( 'NONE', *, *, #7620, .F. ) ;
#618 = ORIENTED_EDGE ( 'NONE', *, *, #548, .F. ) ;
#619 = ORIENTED_EDGE ( 'NONE', *, *, #532, .F. ) ;
#620 = ORIENTED_EDGE ( 'NONE', *, *, #621, .T. ) ;
#621 = EDGE_CURVE ( 'NONE', #530, #598, #5528, .T. ) ;
#622 = ADVANCED_FACE ( 'NONE', ( #5522 ), #5592, .T. ) ;
#623 = ORIENTED_EDGE ( 'NONE', *, *, #558, .T. ) ;
#624 = ORIENTED_EDGE ( 'NONE', *, *, #625, .T. ) ;
#625 = EDGE_CURVE ( 'NONE', #556, #7589, #5593, .T. ) ;
#626 = ORIENTED_EDGE ( 'NONE', *, *, #7587, .F. ) ;
#627 = ORIENTED_EDGE ( 'NONE', *, *, #628, .T. ) ;
#628 = EDGE_CURVE ( 'NONE', #7588, #559, #5571, .T. ) ;
#629 = ADVANCED_FACE ( 'NONE', ( #5565 ), #5651, .T. ) ;
#630 = EDGE_LOOP ( 'NONE', ( #631, #611, #613, #614, #615, #616, #617, #618, #619, #620, #599, #602, #605, #608, #293, #671 ) ) ;
#631 = ORIENTED_EDGE ( 'NONE', *, *, #632, .T. ) ;
#632 = EDGE_CURVE ( 'NONE', #633, #634, #5647, .T. ) ;
#633 = VERTEX_POINT ( 'NONE', #5634 ) ;
#634 = VERTEX_POINT ( 'NONE', #5631 ) ;
#635 = ORIENTED_EDGE ( 'NONE', *, *, #550, .T. ) ;
#636 = EDGE_CURVE ( 'NONE', #604, #567, #5625, .T. ) ;
#637 = ORIENTED_EDGE ( 'NONE', *, *, #603, .F. ) ;
#638 = ADVANCED_FACE ( 'NONE', ( #5617 ), #5687, .T. ) ;
#639 = EDGE_LOOP ( 'NONE', ( #640, #641, #642, #700 ) ) ;
#640 = ORIENTED_EDGE ( 'NONE', *, *, #636, .T. ) ;
#641 = ORIENTED_EDGE ( 'NONE', *, *, #550, .F. ) ;
#642 = ORIENTED_EDGE ( 'NONE', *, *, #643, .F. ) ;
#643 = EDGE_CURVE ( 'NONE', #607, #578, #5688, .T. ) ;
#644 = ORIENTED_EDGE ( 'NONE', *, *, #645, .T. ) ;
#645 = EDGE_CURVE ( 'NONE', #667, #668, #5676, .T. ) ;
#646 = ORIENTED_EDGE ( 'NONE', *, *, #647, .T. ) ;
#647 = EDGE_CURVE ( 'NONE', #668, #536, #5669, .T. ) ;
#648 = ORIENTED_EDGE ( 'NONE', *, *, #535, .T. ) ;
#649 = ORIENTED_EDGE ( 'NONE', *, *, #542, .T. ) ;
#650 = ORIENTED_EDGE ( 'NONE', *, *, #7688, .T. ) ;
#651 = ORIENTED_EDGE ( 'NONE', *, *, #7601, .T. ) ;
#652 = ORIENTED_EDGE ( 'NONE', *, *, #7619, .T. ) ;
#653 = ORIENTED_EDGE ( 'NONE', *, *, #7584, .T. ) ;
#654 = ADVANCED_FACE ( 'NONE', ( #5769 ), #5728, .T. ) ;
#655 = EDGE_LOOP ( 'NONE', ( #712, #714, #715, #637 ) ) ;
#656 = ORIENTED_EDGE ( 'NONE', *, *, #657, .T. ) ;
#657 = EDGE_CURVE ( 'NONE', #597, #658, #5730, .T. ) ;
#658 = VERTEX_POINT ( 'NONE', #5714 ) ;
#659 = ORIENTED_EDGE ( 'NONE', *, *, #660, .T. ) ;
#660 = EDGE_CURVE ( 'NONE', #658, #661, #5835, .T. ) ;
#661 = VERTEX_POINT ( 'NONE', #5827 ) ;
#662 = ORIENTED_EDGE ( 'NONE', *, *, #663, .T. ) ;
#663 = EDGE_CURVE ( 'NONE', #661, #664, #5819, .T. ) ;
#664 = VERTEX_POINT ( 'NONE', #5808 ) ;
#665 = ORIENTED_EDGE ( 'NONE', *, *, #666, .T. ) ;
#666 = EDGE_CURVE ( 'NONE', #664, #667, #5805, .T. ) ;
#667 = VERTEX_POINT ( 'NONE', #5801 ) ;
#668 = VERTEX_POINT ( 'NONE', #5799 ) ;
#669 = EDGE_CURVE ( 'NONE', #610, #670, #5796, .T. ) ;
#670 = VERTEX_POINT ( 'NONE', #5791 ) ;
#671 = ORIENTED_EDGE ( 'NONE', *, *, #672, .T. ) ;
#672 = EDGE_CURVE ( 'NONE', #670, #633, #5788, .T. ) ;
#673 = ADVANCED_FACE ( 'NONE', ( #5783 ), #5873, .F. ) ;
#674 = EDGE_LOOP ( 'NONE', ( #675, #676, #592, #595, #656, #659, #662, #665, #644, #646, #648, #649, #650, #651, #652, #653 ) ) ;
#675 = ORIENTED_EDGE ( 'NONE', *, *, #7681, .T. ) ;
#676 = ORIENTED_EDGE ( 'NONE', *, *, #677, .T. ) ;
#677 = EDGE_CURVE ( 'NONE', #7626, #591, #5869, .T. ) ;
#678 = ADVANCED_FACE ( 'NONE', ( #5854 ), #5922, .T. ) ;
#679 = EDGE_LOOP ( 'NONE', ( #680, #681, #682, #684 ) ) ;
#680 = ORIENTED_EDGE ( 'NONE', *, *, #695, .T. ) ;
#681 = ORIENTED_EDGE ( 'NONE', *, *, #628, .F. ) ;
#682 = ORIENTED_EDGE ( 'NONE', *, *, #683, .F. ) ;
#683 = EDGE_CURVE ( 'NONE', #670, #7588, #5925, .T. ) ;
#684 = ORIENTED_EDGE ( 'NONE', *, *, #669, .F. ) ;
#685 = ADVANCED_FACE ( 'NONE', ( #5907 ), #5988, .T. ) ;
#686 = EDGE_LOOP ( 'NONE', ( #740, #741, #742, #744 ) ) ;
#687 = ORIENTED_EDGE ( 'NONE', *, *, #688, .F. ) ;
#688 = EDGE_CURVE ( 'NONE', #582, #598, #5990, .T. ) ;
#689 = ORIENTED_EDGE ( 'NONE', *, *, #581, .F. ) ;
#690 = ADVANCED_FACE ( 'NONE', ( #5973 ), #6041, .T. ) ;
#691 = EDGE_LOOP ( 'NONE', ( #692, #693, #694, #696 ) ) ;
#692 = ORIENTED_EDGE ( 'NONE', *, *, #643, .T. ) ;
#693 = ORIENTED_EDGE ( 'NONE', *, *, #561, .F. ) ;
#694 = ORIENTED_EDGE ( 'NONE', *, *, #695, .F. ) ;
#695 = EDGE_CURVE ( 'NONE', #610, #559, #6042, .T. ) ;
#696 = ORIENTED_EDGE ( 'NONE', *, *, #609, .F. ) ;
#697 = ADVANCED_FACE ( 'NONE', ( #6027 ), #6088, .T. ) ;
#698 = EDGE_LOOP ( 'NONE', ( #699, #751, #752 ) ) ;
#699 = ORIENTED_EDGE ( 'NONE', *, *, #688, .T. ) ;
#700 = ORIENTED_EDGE ( 'NONE', *, *, #606, .F. ) ;
#701 = ADVANCED_FACE ( 'NONE', ( #6089 ), #6156, .T. ) ;
#702 = EDGE_LOOP ( 'NONE', ( #703, #704, #705, #707 ) ) ;
#703 = ORIENTED_EDGE ( 'NONE', *, *, #529, .F. ) ;
#704 = ORIENTED_EDGE ( 'NONE', *, *, #516, .F. ) ;
#705 = ORIENTED_EDGE ( 'NONE', *, *, #706, .F. ) ;
#706 = EDGE_CURVE ( 'NONE', #598, #514, #6157, .T. ) ;
#707 = ORIENTED_EDGE ( 'NONE', *, *, #621, .F. ) ;
#708 = ADVANCED_FACE ( 'NONE', ( #6140 ), #6102, .T. ) ;
#709 = EDGE_LOOP ( 'NONE', ( #710, #711, #687, #689 ) ) ;
#710 = ORIENTED_EDGE ( 'NONE', *, *, #713, .T. ) ;
#711 = ORIENTED_EDGE ( 'NONE', *, *, #600, .F. ) ;
#712 = ORIENTED_EDGE ( 'NONE', *, *, #713, .F. ) ;
#713 = EDGE_CURVE ( 'NONE', #524, #601, #6211, .T. ) ;
#714 = ORIENTED_EDGE ( 'NONE', *, *, #569, .F. ) ;
#715 = ORIENTED_EDGE ( 'NONE', *, *, #636, .F. ) ;
#716 = ORIENTED_EDGE ( 'NONE', *, *, #7646, .F. ) ;
#717 = ORIENTED_EDGE ( 'NONE', *, *, #718, .F. ) ;
#718 = EDGE_CURVE ( 'NONE', #634, #7647, #6196, .T. ) ;
#719 = ORIENTED_EDGE ( 'NONE', *, *, #632, .F. ) ;
#720 = ADVANCED_FACE ( 'NONE', ( #6186 ), #6258, .T. ) ;
#721 = EDGE_LOOP ( 'NONE', ( #722, #723, #724, #777 ) ) ;
#722 = ORIENTED_EDGE ( 'NONE', *, *, #7664, .F. ) ;
#723 = ORIENTED_EDGE ( 'NONE', *, *, #612, .F. ) ;
#724 = ORIENTED_EDGE ( 'NONE', *, *, #725, .F. ) ;
#725 = EDGE_CURVE ( 'NONE', #7645, #634, #6259, .T. ) ;
#726 = ADVANCED_FACE ( 'NONE', ( #6242 ), #6301, .T. ) ;
#727 = EDGE_LOOP ( 'NONE', ( #728, #729, #730, #732 ) ) ;
#728 = ORIENTED_EDGE ( 'NONE', *, *, #683, .T. ) ;
#729 = ORIENTED_EDGE ( 'NONE', *, *, #7574, .F. ) ;
#730 = ORIENTED_EDGE ( 'NONE', *, *, #731, .F. ) ;
#731 = EDGE_CURVE ( 'NONE', #633, #7569, #6289, .T. ) ;
#732 = ORIENTED_EDGE ( 'NONE', *, *, #672, .F. ) ;
#733 = ADVANCED_FACE ( 'NONE', ( #6293 ), #6323, .T. ) ;
#734 = EDGE_LOOP ( 'NONE', ( #735, #736, #737 ) ) ;
#735 = ORIENTED_EDGE ( 'NONE', *, *, #750, .T. ) ;
#736 = ORIENTED_EDGE ( 'NONE', *, *, #743, .T. ) ;
#737 = ORIENTED_EDGE ( 'NONE', *, *, #738, .F. ) ;
#738 = EDGE_CURVE ( 'NONE', #585, #668, #6324, .T. ) ;
#739 = EDGE_LOOP ( 'NONE', ( #790, #716, #717, #719 ) ) ;
#740 = ORIENTED_EDGE ( 'NONE', *, *, #538, .F. ) ;
#741 = ORIENTED_EDGE ( 'NONE', *, *, #647, .F. ) ;
#742 = ORIENTED_EDGE ( 'NONE', *, *, #743, .F. ) ;
#743 = EDGE_CURVE ( 'NONE', #513, #668, #6314, .T. ) ;
#744 = ORIENTED_EDGE ( 'NONE', *, *, #519, .F. ) ;
#745 = ADVANCED_FACE ( 'NONE', ( #6315 ), #6345, .T. ) ;
#746 = EDGE_LOOP ( 'NONE', ( #747, #748, #749, #20 ) ) ;
#747 = ORIENTED_EDGE ( 'NONE', *, *, #753, .T. ) ;
#748 = ORIENTED_EDGE ( 'NONE', *, *, #512, .F. ) ;
#749 = ORIENTED_EDGE ( 'NONE', *, *, #750, .F. ) ;
#750 = EDGE_CURVE ( 'NONE', #585, #513, #6346, .T. ) ;
#751 = ORIENTED_EDGE ( 'NONE', *, *, #706, .T. ) ;
#752 = ORIENTED_EDGE ( 'NONE', *, *, #753, .F. ) ;
#753 = EDGE_CURVE ( 'NONE', #582, #514, #6398, .T. ) ;
#754 = ORIENTED_EDGE ( 'NONE', *, *, #755, .F. ) ;
#755 = EDGE_CURVE ( 'NONE', #7633, #7621, #6392, .T. ) ;
#756 = ORIENTED_EDGE ( 'NONE', *, *, #7657, .F. ) ;
#757 = ADVANCED_FACE ( 'NONE', ( #6387 ), #6425, .T. ) ;
#758 = EDGE_LOOP ( 'NONE', ( #759, #760, #761, #763 ) ) ;
#759 = ORIENTED_EDGE ( 'NONE', *, *, #7616, .F. ) ;
#760 = ORIENTED_EDGE ( 'NONE', *, *, #7654, .F. ) ;
#761 = ORIENTED_EDGE ( 'NONE', *, *, #762, .F. ) ;
#762 = EDGE_CURVE ( 'NONE', #591, #7633, #6426, .T. ) ;
#763 = ORIENTED_EDGE ( 'NONE', *, *, #677, .F. ) ;
#764 = ADVANCED_FACE ( 'NONE', ( #6416 ), #6399, .T. ) ;
#765 = ORIENTED_EDGE ( 'NONE', *, *, #766, .F. ) ;
#766 = EDGE_CURVE ( 'NONE', #7645, #7647, #6449, .T. ) ;
#767 = ADVANCED_FACE ( 'NONE', ( #6444 ), #6427, .T. ) ;
#768 = EDGE_LOOP ( 'NONE', ( #769, #770, #771, #773 ) ) ;
#769 = ORIENTED_EDGE ( 'NONE', *, *, #783, .T. ) ;
#770 = ORIENTED_EDGE ( 'NONE', *, *, #666, .F. ) ;
#771 = ORIENTED_EDGE ( 'NONE', *, *, #772, .F. ) ;
#772 = EDGE_CURVE ( 'NONE', #508, #664, #6428, .T. ) ;
#773 = ORIENTED_EDGE ( 'NONE', *, *, #564, .F. ) ;
#774 = ADVANCED_FACE ( 'NONE', ( #6476 ), #6458, .T. ) ;
#775 = EDGE_LOOP ( 'NONE', ( #776, #828, #754, #756 ) ) ;
#776 = ORIENTED_EDGE ( 'NONE', *, *, #766, .T. ) ;
#777 = ORIENTED_EDGE ( 'NONE', *, *, #7650, .F. ) ;
#778 = ADVANCED_FACE ( 'NONE', ( #6459 ), #6492, .T. ) ;
#779 = EDGE_LOOP ( 'NONE', ( #780, #781, #782, #784 ) ) ;
#780 = ORIENTED_EDGE ( 'NONE', *, *, #738, .T. ) ;
#781 = ORIENTED_EDGE ( 'NONE', *, *, #645, .F. ) ;
#782 = ORIENTED_EDGE ( 'NONE', *, *, #783, .F. ) ;
#783 = EDGE_CURVE ( 'NONE', #579, #667, #6486, .T. ) ;
#784 = ORIENTED_EDGE ( 'NONE', *, *, #587, .F. ) ;
#785 = ADVANCED_FACE ( 'NONE', ( #6488 ), #6512, .T. ) ;
#786 = EDGE_LOOP ( 'NONE', ( #787, #788, #765 ) ) ;
#787 = ORIENTED_EDGE ( 'NONE', *, *, #725, .T. ) ;
#788 = ORIENTED_EDGE ( 'NONE', *, *, #718, .T. ) ;
#789 = ADVANCED_FACE ( 'NONE', ( #6514 ), #6540, .T. ) ;
#790 = ORIENTED_EDGE ( 'NONE', *, *, #731, .T. ) ;
#791 = EDGE_CURVE ( 'NONE', #594, #7578, #6534, .T. ) ;
#792 = ORIENTED_EDGE ( 'NONE', *, *, #593, .F. ) ;
#793 = ADVANCED_FACE ( 'NONE', ( #6536 ), #6558, .T. ) ;
#794 = EDGE_LOOP ( 'NONE', ( #795, #796, #797, #799 ) ) ;
#795 = ORIENTED_EDGE ( 'NONE', *, *, #809, .T. ) ;
#796 = ORIENTED_EDGE ( 'NONE', *, *, #657, .F. ) ;
#797 = ORIENTED_EDGE ( 'NONE', *, *, #798, .F. ) ;
#798 = EDGE_CURVE ( 'NONE', #7589, #597, #6606, .T. ) ;
#799 = ORIENTED_EDGE ( 'NONE', *, *, #625, .F. ) ;
#800 = ADVANCED_FACE ( 'NONE', ( #6601 ), #6582, .T. ) ;
#801 = EDGE_LOOP ( 'NONE', ( #802, #803, #864, #865 ) ) ;
#802 = ORIENTED_EDGE ( 'NONE', *, *, #791, .T. ) ;
#803 = ORIENTED_EDGE ( 'NONE', *, *, #7591, .F. ) ;
#804 = ADVANCED_FACE ( 'NONE', ( #6577 ), #6624, .T. ) ;
#805 = EDGE_LOOP ( 'NONE', ( #806, #807, #808, #810 ) ) ;
#806 = ORIENTED_EDGE ( 'NONE', *, *, #820, .T. ) ;
#807 = ORIENTED_EDGE ( 'NONE', *, *, #660, .F. ) ;
#808 = ORIENTED_EDGE ( 'NONE', *, *, #809, .F. ) ;
#809 = EDGE_CURVE ( 'NONE', #556, #658, #6625, .T. ) ;
#810 = ORIENTED_EDGE ( 'NONE', *, *, #555, .F. ) ;
#811 = ADVANCED_FACE ( 'NONE', ( #6615 ), #6657, .T. ) ;
#812 = EDGE_LOOP ( 'NONE', ( #813, #814, #815, #792 ) ) ;
#813 = ORIENTED_EDGE ( 'NONE', *, *, #827, .T. ) ;
#814 = ORIENTED_EDGE ( 'NONE', *, *, #7644, .F. ) ;
#815 = ORIENTED_EDGE ( 'NONE', *, *, #791, .F. ) ;
#816 = EDGE_LOOP ( 'NONE', ( #817, #818, #819, #821 ) ) ;
#817 = ORIENTED_EDGE ( 'NONE', *, *, #772, .T. ) ;
#818 = ORIENTED_EDGE ( 'NONE', *, *, #663, .F. ) ;
#819 = ORIENTED_EDGE ( 'NONE', *, *, #820, .F. ) ;
#820 = EDGE_CURVE ( 'NONE', #575, #661, #6658, .T. ) ;
#821 = ORIENTED_EDGE ( 'NONE', *, *, #574, .F. ) ;
#822 = ADVANCED_FACE ( 'NONE', ( #6648 ), #6681, .T. ) ;
#823 = EDGE_LOOP ( 'NONE', ( #824, #825, #826 ) ) ;
#824 = ORIENTED_EDGE ( 'NONE', *, *, #762, .T. ) ;
#825 = ORIENTED_EDGE ( 'NONE', *, *, #755, .T. ) ;
#826 = ORIENTED_EDGE ( 'NONE', *, *, #827, .F. ) ;
#827 = EDGE_CURVE ( 'NONE', #591, #7621, #6682, .T. ) ;
#828 = ORIENTED_EDGE ( 'NONE', *, *, #7624, .F. ) ;
#829 = ORIENTED_EDGE ( 'NONE', *, *, #1704, .F. ) ;
#830 = ORIENTED_EDGE ( 'NONE', *, *, #1656, .F. ) ;
#831 = ADVANCED_FACE ( 'NONE', ( #6673 ), #6672, .T. ) ;
#832 = EDGE_LOOP ( 'NONE', ( #889, #891, #887, #886 ) ) ;
#833 = ORIENTED_EDGE ( 'NONE', *, *, #1451, .F. ) ;
#834 = ADVANCED_FACE ( 'NONE', ( #6671 ), #6666, .T. ) ;
#835 = EDGE_LOOP ( 'NONE', ( #838, #829, #847, #852 ) ) ;
#836 = ORIENTED_EDGE ( 'NONE', *, *, #896, .T. ) ;
#837 = ORIENTED_EDGE ( 'NONE', *, *, #1414, .F. ) ;
#838 = ORIENTED_EDGE ( 'NONE', *, *, #978, .T. ) ;
#839 = ORIENTED_EDGE ( 'NONE', *, *, #896, .F. ) ;
#840 = ORIENTED_EDGE ( 'NONE', *, *, #1454, .F. ) ;
#841 = ORIENTED_EDGE ( 'NONE', *, *, #842, .F. ) ;
#842 = EDGE_CURVE ( 'NONE', #1657, #1452, #6706, .T. ) ;
#843 = ORIENTED_EDGE ( 'NONE', *, *, #856, .T. ) ;
#844 = ADVANCED_FACE ( 'NONE', ( #6701 ), #6700, .T. ) ;
#845 = ORIENTED_EDGE ( 'NONE', *, *, #1460, .F. ) ;
#846 = EDGE_CURVE ( 'NONE', #1576, #1646, #6693, .T. ) ;
#847 = ORIENTED_EDGE ( 'NONE', *, *, #846, .F. ) ;
#848 = ORIENTED_EDGE ( 'NONE', *, *, #1605, .F. ) ;
#849 = ADVANCED_FACE ( 'NONE', ( #6695 ), #6694, .T. ) ;
#850 = EDGE_LOOP ( 'NONE', ( #836, #837, #899, #833 ) ) ;
#851 = EDGE_LOOP ( 'NONE', ( #897, #843, #839 ) ) ;
#852 = ORIENTED_EDGE ( 'NONE', *, *, #1584, .F. ) ;
#853 = EDGE_CURVE ( 'NONE', #1411, #1621, #6731, .T. ) ;
#854 = ORIENTED_EDGE ( 'NONE', *, *, #853, .F. ) ;
#855 = ORIENTED_EDGE ( 'NONE', *, *, #1623, .F. ) ;
#856 = EDGE_CURVE ( 'NONE', #1621, #1416, #6726, .T. ) ;
#857 = ORIENTED_EDGE ( 'NONE', *, *, #1448, .F. ) ;
#858 = ADVANCED_FACE ( 'NONE', ( #6721 ), #6720, .T. ) ;
#859 = EDGE_LOOP ( 'NONE', ( #857, #855, #854, #845 ) ) ;
#860 = ORIENTED_EDGE ( 'NONE', *, *, #1619, .F. ) ;
#861 = ORIENTED_EDGE ( 'NONE', *, *, #868, .F. ) ;
#862 = ORIENTED_EDGE ( 'NONE', *, *, #1662, .F. ) ;
#863 = ORIENTED_EDGE ( 'NONE', *, *, #890, .F. ) ;
#864 = ORIENTED_EDGE ( 'NONE', *, *, #798, .T. ) ;
#865 = ORIENTED_EDGE ( 'NONE', *, *, #596, .F. ) ;
#866 = CLOSED_SHELL ( 'NONE', ( #7595, #7625, #7642, #7629, #7658, #7568, #7603, #7690, #539, #549, #509, #520, #588, #570, #551, #622, #629, #673, #654, #638, #701, #708, #690, #697, #678, #685, #745, #726, #733, #789, #720, #778, #785, #767, #774, #757, #764, #822, #804, #811, #793, #800 ) ) ;
#867 = ORIENTED_EDGE ( 'NONE', *, *, #1659, .F. ) ;
#868 = EDGE_CURVE ( 'NONE', #1660, #1385, #6713, .T. ) ;
#869 = ORIENTED_EDGE ( 'NONE', *, *, #879, .T. ) ;
#870 = ORIENTED_EDGE ( 'NONE', *, *, #1408, .F. ) ;
#871 = ORIENTED_EDGE ( 'NONE', *, *, #1556, .F. ) ;
#872 = ADVANCED_FACE ( 'NONE', ( #6715 ), #6714, .T. ) ;
#873 = ORIENTED_EDGE ( 'NONE', *, *, #842, .T. ) ;
#874 = ORIENTED_EDGE ( 'NONE', *, *, #875, .F. ) ;
#875 = EDGE_CURVE ( 'NONE', #1616, #1637, #6760, .T. ) ;
#876 = EDGE_LOOP ( 'NONE', ( #869, #870, #861, #867 ) ) ;
#877 = ORIENTED_EDGE ( 'NONE', *, *, #888, .T. ) ;
#878 = ORIENTED_EDGE ( 'NONE', *, *, #1639, .F. ) ;
#879 = EDGE_CURVE ( 'NONE', #1657, #1415, #6752, .T. ) ;
#880 = EDGE_LOOP ( 'NONE', ( #877, #878, #874, #871 ) ) ;
#881 = ADVANCED_FACE ( 'NONE', ( #6747 ), #6746, .T. ) ;
#882 = ADVANCED_FACE ( 'NONE', ( #6745 ), #6740, .T. ) ;
#883 = EDGE_LOOP ( 'NONE', ( #873, #884, #885 ) ) ;
#884 = ORIENTED_EDGE ( 'NONE', *, *, #900, .T. ) ;
#885 = ORIENTED_EDGE ( 'NONE', *, *, #879, .F. ) ;
#886 = ORIENTED_EDGE ( 'NONE', *, *, #1511, .F. ) ;
#887 = ORIENTED_EDGE ( 'NONE', *, *, #888, .F. ) ;
#888 = EDGE_CURVE ( 'NONE', #1512, #1640, #6735, .T. ) ;
#889 = ORIENTED_EDGE ( 'NONE', *, *, #903, .T. ) ;
#890 = EDGE_CURVE ( 'NONE', #1601, #1559, #6790, .T. ) ;
#891 = ORIENTED_EDGE ( 'NONE', *, *, #1642, .F. ) ;
#892 = ORIENTED_EDGE ( 'NONE', *, *, #1645, .F. ) ;
#893 = ORIENTED_EDGE ( 'NONE', *, *, #846, .T. ) ;
#894 = ORIENTED_EDGE ( 'NONE', *, *, #1399, .F. ) ;
#895 = ADVANCED_FACE ( 'NONE', ( #6785 ), #6784, .T. ) ;
#896 = EDGE_CURVE ( 'NONE', #1411, #1416, #6779, .T. ) ;
#897 = ORIENTED_EDGE ( 'NONE', *, *, #853, .T. ) ;
#898 = EDGE_LOOP ( 'NONE', ( #893, #892, #902, #848 ) ) ;
#899 = ORIENTED_EDGE ( 'NONE', *, *, #900, .F. ) ;
#900 = EDGE_CURVE ( 'NONE', #1452, #1415, #6774, .T. ) ;
#901 = EDGE_LOOP ( 'NONE', ( #894, #840, #841, #830 ) ) ;
#902 = ORIENTED_EDGE ( 'NONE', *, *, #903, .F. ) ;
#903 = EDGE_CURVE ( 'NONE', #1606, #1643, #6769, .T. ) ;
#904 = ADVANCED_FACE ( 'NONE', ( #6764 ), #6763, .T. ) ;
#905 = ORIENTED_EDGE ( 'NONE', *, *, #1651, .F. ) ;
#906 = ORIENTED_EDGE ( 'NONE', *, *, #928, .T. ) ;
#907 = ORIENTED_EDGE ( 'NONE', *, *, #963, .F. ) ;
#908 = ADVANCED_FACE ( 'NONE', ( #6824 ), #6820, .T. ) ;
#909 = ORIENTED_EDGE ( 'NONE', *, *, #915, .T. ) ;
#910 = ORIENTED_EDGE ( 'NONE', *, *, #1418, .F. ) ;
#911 = ORIENTED_EDGE ( 'NONE', *, *, #1533, .F. ) ;
#912 = EDGE_LOOP ( 'NONE', ( #911, #922, #907, #980 ) ) ;
#913 = ADVANCED_FACE ( 'NONE', ( #6819 ), #6814, .T. ) ;
#914 = ORIENTED_EDGE ( 'NONE', *, *, #1649, .F. ) ;
#915 = EDGE_CURVE ( 'NONE', #1599, #1387, #6813, .T. ) ;
#916 = VERTEX_POINT ( 'NONE', #6804 ) ;
#917 = ORIENTED_EDGE ( 'NONE', *, *, #1569, .F. ) ;
#918 = ORIENTED_EDGE ( 'NONE', *, *, #890, .T. ) ;
#919 = ORIENTED_EDGE ( 'NONE', *, *, #856, .F. ) ;
#920 = EDGE_LOOP ( 'NONE', ( #918, #917, #930, #914 ) ) ;
#921 = ADVANCED_FACE ( 'NONE', ( #6803 ), #6802, .T. ) ;
#922 = ORIENTED_EDGE ( 'NONE', *, *, #1706, .F. ) ;
#923 = ADVANCED_FACE ( 'NONE', ( #6801 ), #6795, .T. ) ;
#924 = ORIENTED_EDGE ( 'NONE', *, *, #1600, .F. ) ;
#925 = ORIENTED_EDGE ( 'NONE', *, *, #1889, .T. ) ;
#926 = ORIENTED_EDGE ( 'NONE', *, *, #1594, .T. ) ;
#927 = ORIENTED_EDGE ( 'NONE', *, *, #928, .F. ) ;
#928 = EDGE_CURVE ( 'NONE', #1579, #1516, #6857, .T. ) ;
#929 = EDGE_LOOP ( 'NONE', ( #925, #926, #927 ) ) ;
#930 = ORIENTED_EDGE ( 'NONE', *, *, #915, .F. ) ;
#931 = ORIENTED_EDGE ( 'NONE', *, *, #1819, .T. ) ;
#932 = ORIENTED_EDGE ( 'NONE', *, *, #1464, .F. ) ;
#933 = ORIENTED_EDGE ( 'NONE', *, *, #868, .T. ) ;
#934 = ORIENTED_EDGE ( 'NONE', *, *, #938, .T. ) ;
#935 = ORIENTED_EDGE ( 'NONE', *, *, #1566, .F. ) ;
#936 = ADVANCED_FACE ( 'NONE', ( #6849 ), #6848, .T. ) ;
#937 = EDGE_LOOP ( 'NONE', ( #933, #932, #934, #862 ) ) ;
#938 = EDGE_CURVE ( 'NONE', #1437, #1634, #6847, .T. ) ;
#939 = ORIENTED_EDGE ( 'NONE', *, *, #938, .F. ) ;
#940 = ADVANCED_FACE ( 'NONE', ( #6838 ), #6837, .T. ) ;
#941 = ORIENTED_EDGE ( 'NONE', *, *, #875, .T. ) ;
#942 = EDGE_LOOP ( 'NONE', ( #941, #943, #939, #935 ) ) ;
#943 = ORIENTED_EDGE ( 'NONE', *, *, #1636, .F. ) ;
#944 = EDGE_CURVE ( 'NONE', #1020, #1031, #6832, .T. ) ;
#945 = ORIENTED_EDGE ( 'NONE', *, *, #1030, .T. ) ;
#946 = EDGE_CURVE ( 'NONE', #1044, #1079, #6828, .T. ) ;
#947 = EDGE_LOOP ( 'NONE', ( #951, #948, #1017, #945, #1018, #1021 ) ) ;
#948 = ORIENTED_EDGE ( 'NONE', *, *, #1016, .T. ) ;
#949 = EDGE_LOOP ( 'NONE', ( #1024, #994, #995, #991, #1011, #1066 ) ) ;
#950 = VERTEX_POINT ( 'NONE', #6890 ) ;
#951 = ORIENTED_EDGE ( 'NONE', *, *, #1015, .T. ) ;
#952 = VERTEX_POINT ( 'NONE', #6889 ) ;
#953 = VERTEX_POINT ( 'NONE', #6888 ) ;
#954 = ORIENTED_EDGE ( 'NONE', *, *, #946, .T. ) ;
#955 = ORIENTED_EDGE ( 'NONE', *, *, #1048, .T. ) ;
#956 = VERTEX_POINT ( 'NONE', #6887 ) ;
#957 = EDGE_LOOP ( 'NONE', ( #231, #234, #1890, #1888 ) ) ;
#958 = EDGE_CURVE ( 'NONE', #1903, #1841, #6886, .T. ) ;
#959 = ADVANCED_FACE ( 'NONE', ( #6882 ), #6881, .T. ) ;
#960 = EDGE_LOOP ( 'NONE', ( #906, #972, #961, #970 ) ) ;
#961 = ORIENTED_EDGE ( 'NONE', *, *, #962, .F. ) ;
#962 = EDGE_CURVE ( 'NONE', #1582, #956, #6880, .T. ) ;
#963 = EDGE_CURVE ( 'NONE', #956, #1648, #6871, .T. ) ;
#964 = ADVANCED_FACE ( 'NONE', ( #6866 ), #6865, .T. ) ;
#965 = EDGE_LOOP ( 'NONE', ( #966, #969, #977 ) ) ;
#966 = ORIENTED_EDGE ( 'NONE', *, *, #962, .T. ) ;
#967 = ADVANCED_FACE ( 'NONE', ( #6864 ), #6863, .T. ) ;
#968 = ORIENTED_EDGE ( 'NONE', *, *, #976, .T. ) ;
#969 = ORIENTED_EDGE ( 'NONE', *, *, #963, .T. ) ;
#970 = ORIENTED_EDGE ( 'NONE', *, *, #1581, .F. ) ;
#971 = ADVANCED_FACE ( 'NONE', ( #6909 ), #6906, .T. ) ;
#972 = ORIENTED_EDGE ( 'NONE', *, *, #1530, .F. ) ;
#973 = EDGE_LOOP ( 'NONE', ( #909, #974, #975, #905 ) ) ;
#974 = ORIENTED_EDGE ( 'NONE', *, *, #1441, .F. ) ;
#975 = ORIENTED_EDGE ( 'NONE', *, *, #976, .F. ) ;
#976 = EDGE_CURVE ( 'NONE', #1620, #1395, #6901, .T. ) ;
#977 = ORIENTED_EDGE ( 'NONE', *, *, #978, .F. ) ;
#978 = EDGE_CURVE ( 'NONE', #1582, #1648, #6895, .T. ) ;
#979 = EDGE_LOOP ( 'NONE', ( #968, #910, #919, #860 ) ) ;
#980 = ORIENTED_EDGE ( 'NONE', *, *, #1518, .F. ) ;
#981 = ADVANCED_FACE ( 'NONE', ( #6896 ), #6942, .T. ) ;
#982 = ORIENTED_EDGE ( 'NONE', *, *, #983, .T. ) ;
#983 = EDGE_CURVE ( 'NONE', #1001, #1106, #6937, .T. ) ;
#984 = ORIENTED_EDGE ( 'NONE', *, *, #1105, .T. ) ;
#985 = ORIENTED_EDGE ( 'NONE', *, *, #986, .T. ) ;
#986 = EDGE_CURVE ( 'NONE', #1107, #1060, #6933, .T. ) ;
#987 = ORIENTED_EDGE ( 'NONE', *, *, #988, .T. ) ;
#988 = EDGE_CURVE ( 'NONE', #989, #990, #6929, .T. ) ;
#989 = VERTEX_POINT ( 'NONE', #6925 ) ;
#990 = VERTEX_POINT ( 'NONE', #6924 ) ;
#991 = ORIENTED_EDGE ( 'NONE', *, *, #992, .T. ) ;
#992 = EDGE_CURVE ( 'NONE', #1010, #1013, #6923, .T. ) ;
#993 = EDGE_CURVE ( 'NONE', #1096, #997, #6919, .T. ) ;
#994 = ORIENTED_EDGE ( 'NONE', *, *, #998, .T. ) ;
#995 = ORIENTED_EDGE ( 'NONE', *, *, #1009, .T. ) ;
#996 = EDGE_LOOP ( 'NONE', ( #987, #999, #982, #984, #985, #1061 ) ) ;
#997 = VERTEX_POINT ( 'NONE', #6915 ) ;
#998 = EDGE_CURVE ( 'NONE', #997, #1065, #6914, .T. ) ;
#999 = ORIENTED_EDGE ( 'NONE', *, *, #1000, .T. ) ;
#1000 = EDGE_CURVE ( 'NONE', #990, #1001, #6971, .T. ) ;
#1001 = VERTEX_POINT ( 'NONE', #6967 ) ;
#1002 = ORIENTED_EDGE ( 'NONE', *, *, #1003, .T. ) ;
#1003 = EDGE_CURVE ( 'NONE', #1004, #1005, #6966, .T. ) ;
#1004 = VERTEX_POINT ( 'NONE', #6962 ) ;
#1005 = VERTEX_POINT ( 'NONE', #6961 ) ;
#1006 = ORIENTED_EDGE ( 'NONE', *, *, #1007, .T. ) ;
#1007 = EDGE_CURVE ( 'NONE', #1005, #1008, #6960, .T. ) ;
#1008 = VERTEX_POINT ( 'NONE', #6956 ) ;
#1009 = EDGE_CURVE ( 'NONE', #1065, #1010, #6955, .T. ) ;
#1010 = VERTEX_POINT ( 'NONE', #6951 ) ;
#1011 = ORIENTED_EDGE ( 'NONE', *, *, #1012, .T. ) ;
#1012 = EDGE_CURVE ( 'NONE', #1013, #1099, #6950, .T. ) ;
#1013 = VERTEX_POINT ( 'NONE', #6946 ) ;
#1014 = ADVANCED_FACE ( 'NONE', ( #6945 ), #6944, .T. ) ;
#1015 = EDGE_CURVE ( 'NONE', #952, #950, #7001, .T. ) ;
#1016 = EDGE_CURVE ( 'NONE', #950, #1020, #6997, .T. ) ;
#1017 = ORIENTED_EDGE ( 'NONE', *, *, #944, .T. ) ;
#1018 = ORIENTED_EDGE ( 'NONE', *, *, #1019, .T. ) ;
#1019 = EDGE_CURVE ( 'NONE', #1093, #953, #6993, .T. ) ;
#1020 = VERTEX_POINT ( 'NONE', #6989 ) ;
#1021 = ORIENTED_EDGE ( 'NONE', *, *, #1022, .T. ) ;
#1022 = EDGE_CURVE ( 'NONE', #953, #952, #6988, .T. ) ;
#1023 = ADVANCED_FACE ( 'NONE', ( #6984 ), #6983, .T. ) ;
#1024 = ORIENTED_EDGE ( 'NONE', *, *, #993, .T. ) ;
#1025 = ORIENTED_EDGE ( 'NONE', *, *, #1037, .F. ) ;
#1026 = ORIENTED_EDGE ( 'NONE', *, *, #1135, .T. ) ;
#1027 = VERTEX_POINT ( 'NONE', #6978 ) ;
#1028 = EDGE_CURVE ( 'NONE', #1091, #1093, #6977, .T. ) ;
#1029 = ORIENTED_EDGE ( 'NONE', *, *, #1030, .F. ) ;
#1030 = EDGE_CURVE ( 'NONE', #1031, #1093, #6973, .T. ) ;
#1031 = VERTEX_POINT ( 'NONE', #7033 ) ;
#1032 = ORIENTED_EDGE ( 'NONE', *, *, #1033, .T. ) ;
#1033 = EDGE_CURVE ( 'NONE', #1031, #1090, #7032, .T. ) ;
#1034 = ADVANCED_FACE ( 'NONE', ( #7028 ), #7027, .F. ) ;
#1035 = EDGE_LOOP ( 'NONE', ( #1036, #1094, #1097, #1100 ) ) ;
#1036 = ORIENTED_EDGE ( 'NONE', *, *, #1037, .T. ) ;
#1037 = EDGE_CURVE ( 'NONE', #1038, #1039, #7025, .T. ) ;
#1038 = VERTEX_POINT ( 'NONE', #7018 ) ;
#1039 = VERTEX_POINT ( 'NONE', #7017 ) ;
#1040 = EDGE_CURVE ( 'NONE', #1083, #1145, #7016, .T. ) ;
#1041 = ORIENTED_EDGE ( 'NONE', *, *, #1144, .T. ) ;
#1042 = ORIENTED_EDGE ( 'NONE', *, *, #1043, .T. ) ;
#1043 = EDGE_CURVE ( 'NONE', #1146, #1044, #7012, .T. ) ;
#1044 = VERTEX_POINT ( 'NONE', #7008 ) ;
#1045 = VERTEX_POINT ( 'NONE', #7007 ) ;
#1046 = EDGE_LOOP ( 'NONE', ( #1057, #1049, #1052, #1025, #1217, #1212 ) ) ;
#1047 = VERTEX_POINT ( 'NONE', #7006 ) ;
#1048 = EDGE_CURVE ( 'NONE', #1008, #1047, #7005, .T. ) ;
#1049 = ORIENTED_EDGE ( 'NONE', *, *, #1050, .T. ) ;
#1050 = EDGE_CURVE ( 'NONE', #1045, #1051, #7066, .T. ) ;
#1051 = VERTEX_POINT ( 'NONE', #7062 ) ;
#1052 = ORIENTED_EDGE ( 'NONE', *, *, #1053, .F. ) ;
#1053 = EDGE_CURVE ( 'NONE', #1039, #1051, #7061, .T. ) ;
#1054 = ORIENTED_EDGE ( 'NONE', *, *, #1055, .T. ) ;
#1055 = EDGE_CURVE ( 'NONE', #1047, #1004, #7057, .T. ) ;
#1056 = ADVANCED_FACE ( 'NONE', ( #7053 ), #7051, .T. ) ;
#1057 = ORIENTED_EDGE ( 'NONE', *, *, #1058, .T. ) ;
#1058 = EDGE_CURVE ( 'NONE', #1059, #1045, #7052, .T. ) ;
#1059 = VERTEX_POINT ( 'NONE', #7043 ) ;
#1060 = VERTEX_POINT ( 'NONE', #7042 ) ;
#1061 = ORIENTED_EDGE ( 'NONE', *, *, #1062, .T. ) ;
#1062 = EDGE_CURVE ( 'NONE', #1060, #989, #7041, .T. ) ;
#1063 = ADVANCED_FACE ( 'NONE', ( #7037 ), #7036, .T. ) ;
#1064 = EDGE_LOOP ( 'NONE', ( #1002, #1006, #955, #1054 ) ) ;
#1065 = VERTEX_POINT ( 'NONE', #7097 ) ;
#1066 = ORIENTED_EDGE ( 'NONE', *, *, #1098, .T. ) ;
#1067 = ORIENTED_EDGE ( 'NONE', *, *, #1068, .T. ) ;
#1068 = EDGE_CURVE ( 'NONE', #1145, #1069, #7096, .T. ) ;
#1069 = VERTEX_POINT ( 'NONE', #7092 ) ;
#1070 = ORIENTED_EDGE ( 'NONE', *, *, #1071, .T. ) ;
#1071 = EDGE_CURVE ( 'NONE', #1069, #1072, #7091, .T. ) ;
#1072 = VERTEX_POINT ( 'NONE', #7087 ) ;
#1073 = ORIENTED_EDGE ( 'NONE', *, *, #1074, .T. ) ;
#1074 = EDGE_CURVE ( 'NONE', #1072, #1146, #7086, .T. ) ;
#1075 = ADVANCED_FACE ( 'NONE', ( #7082 ), #7081, .T. ) ;
#1076 = EDGE_LOOP ( 'NONE', ( #1077, #1081, #1084, #1041, #1042, #954 ) ) ;
#1077 = ORIENTED_EDGE ( 'NONE', *, *, #1078, .T. ) ;
#1078 = EDGE_CURVE ( 'NONE', #1079, #1080, #7079, .T. ) ;
#1079 = VERTEX_POINT ( 'NONE', #7129 ) ;
#1080 = VERTEX_POINT ( 'NONE', #7128 ) ;
#1081 = ORIENTED_EDGE ( 'NONE', *, *, #1082, .T. ) ;
#1082 = EDGE_CURVE ( 'NONE', #1080, #1083, #7127, .T. ) ;
#1083 = VERTEX_POINT ( 'NONE', #7123 ) ;
#1084 = ORIENTED_EDGE ( 'NONE', *, *, #1040, .T. ) ;
#1085 = MANIFOLD_SOLID_BREP ( 'NONE', #1389 ) ;
#1086 = ADVANCED_FACE ( 'NONE', ( #7107 ), #7106, .F. ) ;
#1087 = EDGE_LOOP ( 'NONE', ( #1088, #1092, #1029, #1032 ) ) ;
#1088 = ORIENTED_EDGE ( 'NONE', *, *, #1089, .T. ) ;
#1089 = EDGE_CURVE ( 'NONE', #1090, #1091, #7105, .T. ) ;
#1090 = VERTEX_POINT ( 'NONE', #7157 ) ;
#1091 = VERTEX_POINT ( 'NONE', #7156 ) ;
#1092 = ORIENTED_EDGE ( 'NONE', *, *, #1028, .T. ) ;
#1093 = VERTEX_POINT ( 'NONE', #7155 ) ;
#1094 = ORIENTED_EDGE ( 'NONE', *, *, #1095, .T. ) ;
#1095 = EDGE_CURVE ( 'NONE', #1039, #1096, #7154, .T. ) ;
#1096 = VERTEX_POINT ( 'NONE', #7150 ) ;
#1097 = ORIENTED_EDGE ( 'NONE', *, *, #1098, .F. ) ;
#1098 = EDGE_CURVE ( 'NONE', #1099, #1096, #7149, .T. ) ;
#1099 = VERTEX_POINT ( 'NONE', #7145 ) ;
#1100 = ORIENTED_EDGE ( 'NONE', *, *, #1101, .T. ) ;
#1101 = EDGE_CURVE ( 'NONE', #1099, #1038, #7144, .T. ) ;
#1102 = ADVANCED_FACE ( 'NONE', ( #7140 ), #7139, .F. ) ;
#1103 = EDGE_LOOP ( 'NONE', ( #1104, #1026, #1136, #1139 ) ) ;
#1104 = ORIENTED_EDGE ( 'NONE', *, *, #1105, .F. ) ;
#1105 = EDGE_CURVE ( 'NONE', #1106, #1107, #7137, .T. ) ;
#1106 = VERTEX_POINT ( 'NONE', #7130 ) ;
#1107 = VERTEX_POINT ( 'NONE', #7192 ) ;
#1108 = ORIENTED_EDGE ( 'NONE', *, *, #1213, .T. ) ;
#1109 = VERTEX_POINT ( 'NONE', #7191 ) ;
#1110 = ORIENTED_EDGE ( 'NONE', *, *, #1111, .F. ) ;
#1111 = EDGE_CURVE ( 'NONE', #1091, #1216, #7190, .T. ) ;
#1112 = ORIENTED_EDGE ( 'NONE', *, *, #1089, .F. ) ;
#1113 = EDGE_CURVE ( 'NONE', #950, #1079, #7186, .T. ) ;
#1114 = ORIENTED_EDGE ( 'NONE', *, *, #1127, .T. ) ;
#1115 = ORIENTED_EDGE ( 'NONE', *, *, #1116, .F. ) ;
#1116 = EDGE_CURVE ( 'NONE', #1079, #1004, #7181, .T. ) ;
#1117 = ADVANCED_FACE ( 'NONE', ( #7176 ), #7175, .T. ) ;
#1118 = EDGE_LOOP ( 'NONE', ( #1119, #1239, #1198 ) ) ;
#1119 = ORIENTED_EDGE ( 'NONE', *, *, #1120, .F. ) ;
#1120 = EDGE_CURVE ( 'NONE', #1005, #1010, #7174, .T. ) ;
#1121 = EDGE_CURVE ( 'NONE', #1150, #1152, #7165, .T. ) ;
#1122 = ORIENTED_EDGE ( 'NONE', *, *, #1123, .T. ) ;
#1123 = EDGE_CURVE ( 'NONE', #1152, #1229, #7222, .T. ) ;
#1124 = ADVANCED_FACE ( 'NONE', ( #7218 ), #7216, .T. ) ;
#1125 = EDGE_LOOP ( 'NONE', ( #1126, #1128, #1129, #1131 ) ) ;
#1126 = ORIENTED_EDGE ( 'NONE', *, *, #1127, .F. ) ;
#1127 = EDGE_CURVE ( 'NONE', #950, #1004, #7217, .T. ) ;
#1128 = ORIENTED_EDGE ( 'NONE', *, *, #1015, .F. ) ;
#1129 = ORIENTED_EDGE ( 'NONE', *, *, #1130, .F. ) ;
#1130 = EDGE_CURVE ( 'NONE', #1005, #952, #7207, .T. ) ;
#1131 = ORIENTED_EDGE ( 'NONE', *, *, #1003, .F. ) ;
#1132 = ADVANCED_FACE ( 'NONE', ( #7202 ), #7201, .T. ) ;
#1133 = EDGE_LOOP ( 'NONE', ( #1134, #1114, #1115 ) ) ;
#1134 = ORIENTED_EDGE ( 'NONE', *, *, #1113, .F. ) ;
#1135 = EDGE_CURVE ( 'NONE', #1106, #1027, #7196, .T. ) ;
#1136 = ORIENTED_EDGE ( 'NONE', *, *, #1137, .T. ) ;
#1137 = EDGE_CURVE ( 'NONE', #1027, #1138, #7255, .T. ) ;
#1138 = VERTEX_POINT ( 'NONE', #7251 ) ;
#1139 = ORIENTED_EDGE ( 'NONE', *, *, #1140, .T. ) ;
#1140 = EDGE_CURVE ( 'NONE', #1138, #1107, #7250, .T. ) ;
#1141 = ADVANCED_FACE ( 'NONE', ( #7246 ), #7245, .F. ) ;
#1142 = EDGE_LOOP ( 'NONE', ( #1143, #1067, #1070, #1073 ) ) ;
#1143 = ORIENTED_EDGE ( 'NONE', *, *, #1144, .F. ) ;
#1144 = EDGE_CURVE ( 'NONE', #1145, #1146, #7243, .T. ) ;
#1145 = VERTEX_POINT ( 'NONE', #7236 ) ;
#1146 = VERTEX_POINT ( 'NONE', #7235 ) ;
#1147 = VERTEX_POINT ( 'NONE', #7234 ) ;
#1148 = ORIENTED_EDGE ( 'NONE', *, *, #1149, .T. ) ;
#1149 = EDGE_CURVE ( 'NONE', #1147, #1150, #7233, .T. ) ;
#1150 = VERTEX_POINT ( 'NONE', #7229 ) ;
#1151 = ORIENTED_EDGE ( 'NONE', *, *, #1121, .T. ) ;
#1152 = VERTEX_POINT ( 'NONE', #7228 ) ;
#1153 = VERTEX_POINT ( 'NONE', #7227 ) ;
#1154 = ORIENTED_EDGE ( 'NONE', *, *, #1155, .T. ) ;
#1155 = EDGE_CURVE ( 'NONE', #1153, #1156, #7226, .T. ) ;
#1156 = VERTEX_POINT ( 'NONE', #7286 ) ;
#1157 = ORIENTED_EDGE ( 'NONE', *, *, #1158, .T. ) ;
#1158 = EDGE_CURVE ( 'NONE', #1156, #1159, #7285, .T. ) ;
#1159 = VERTEX_POINT ( 'NONE', #7281 ) ;
#1160 = ORIENTED_EDGE ( 'NONE', *, *, #1161, .T. ) ;
#1161 = EDGE_CURVE ( 'NONE', #1159, #1162, #7280, .T. ) ;
#1162 = VERTEX_POINT ( 'NONE', #7276 ) ;
#1163 = ORIENTED_EDGE ( 'NONE', *, *, #1164, .F. ) ;
#1164 = EDGE_CURVE ( 'NONE', #1072, #1162, #7275, .T. ) ;
#1165 = ORIENTED_EDGE ( 'NONE', *, *, #1071, .F. ) ;
#1166 = ADVANCED_FACE ( 'NONE', ( #7271 ), #7270, .T. ) ;
#1167 = EDGE_LOOP ( 'NONE', ( #1168, #1171, #1174, #1177, #1222, #1224 ) ) ;
#1168 = ORIENTED_EDGE ( 'NONE', *, *, #1169, .F. ) ;
#1169 = EDGE_CURVE ( 'NONE', #1170, #1027, #7268, .T. ) ;
#1170 = VERTEX_POINT ( 'NONE', #7261 ) ;
#1171 = ORIENTED_EDGE ( 'NONE', *, *, #1172, .T. ) ;
#1172 = EDGE_CURVE ( 'NONE', #1170, #1173, #7260, .T. ) ;
#1173 = VERTEX_POINT ( 'NONE', #7256 ) ;
#1174 = ORIENTED_EDGE ( 'NONE', *, *, #1175, .T. ) ;
#1175 = EDGE_CURVE ( 'NONE', #1173, #1176, #7317, .T. ) ;
#1176 = VERTEX_POINT ( 'NONE', #7313 ) ;
#1177 = ORIENTED_EDGE ( 'NONE', *, *, #1178, .T. ) ;
#1178 = EDGE_CURVE ( 'NONE', #1176, #1179, #7312, .T. ) ;
#1179 = VERTEX_POINT ( 'NONE', #7308 ) ;
#1180 = ADVANCED_FACE ( 'NONE', ( #7307 ), #7306, .T. ) ;
#1181 = ORIENTED_EDGE ( 'NONE', *, *, #1218, .F. ) ;
#1182 = ADVANCED_FACE ( 'NONE', ( #7305 ), #7300, .T. ) ;
#1183 = EDGE_LOOP ( 'NONE', ( #1184, #1154, #1157, #1160, #1163, #1165 ) ) ;
#1184 = ORIENTED_EDGE ( 'NONE', *, *, #1185, .F. ) ;
#1185 = EDGE_CURVE ( 'NONE', #1153, #1069, #7295, .T. ) ;
#1186 = EDGE_CURVE ( 'NONE', #1221, #1059, #7291, .T. ) ;
#1187 = EDGE_LOOP ( 'NONE', ( #1181, #1220, #1108, #1214, #1110, #1112 ) ) ;
#1188 = EDGE_CURVE ( 'NONE', #1219, #7663, #7287, .T. ) ;
#1189 = ADVANCED_FACE ( 'NONE', ( #7338 ), #7337, .T. ) ;
#1190 = EDGE_LOOP ( 'NONE', ( #1191, #1192, #1193, #1331, #1289, #1290, #1271, #1272 ) ) ;
#1191 = ORIENTED_EDGE ( 'NONE', *, *, #1074, .F. ) ;
#1192 = ORIENTED_EDGE ( 'NONE', *, *, #1164, .T. ) ;
#1193 = ORIENTED_EDGE ( 'NONE', *, *, #1194, .F. ) ;
#1194 = EDGE_CURVE ( 'NONE', #1219, #1162, #7330, .T. ) ;
#1195 = ORIENTED_EDGE ( 'NONE', *, *, #1434, .F. ) ;
#1196 = ORIENTED_EDGE ( 'NONE', *, *, #1055, .F. ) ;
#1197 = ORIENTED_EDGE ( 'NONE', *, *, #1249, .F. ) ;
#1198 = ORIENTED_EDGE ( 'NONE', *, *, #1238, .F. ) ;
#1199 = ADVANCED_FACE ( 'NONE', ( #7332 ), #7331, .T. ) ;
#1200 = EDGE_LOOP ( 'NONE', ( #1201, #1203, #1204, #1206 ) ) ;
#1201 = ORIENTED_EDGE ( 'NONE', *, *, #1202, .F. ) ;
#1202 = EDGE_CURVE ( 'NONE', #1047, #989, #7324, .T. ) ;
#1203 = ORIENTED_EDGE ( 'NONE', *, *, #1048, .F. ) ;
#1204 = ORIENTED_EDGE ( 'NONE', *, *, #1205, .F. ) ;
#1205 = EDGE_CURVE ( 'NONE', #990, #1008, #7371, .T. ) ;
#1206 = ORIENTED_EDGE ( 'NONE', *, *, #988, .F. ) ;
#1207 = ADVANCED_FACE ( 'NONE', ( #7366 ), #7365, .T. ) ;
#1208 = EDGE_LOOP ( 'NONE', ( #1209, #1210, #1266 ) ) ;
#1209 = ORIENTED_EDGE ( 'NONE', *, *, #1249, .T. ) ;
#1210 = ORIENTED_EDGE ( 'NONE', *, *, #1202, .T. ) ;
#1211 = EDGE_CURVE ( 'NONE', #1221, #1038, #7360, .T. ) ;
#1212 = ORIENTED_EDGE ( 'NONE', *, *, #1186, .T. ) ;
#1213 = EDGE_CURVE ( 'NONE', #7663, #1109, #7356, .T. ) ;
#1214 = ORIENTED_EDGE ( 'NONE', *, *, #1215, .T. ) ;
#1215 = EDGE_CURVE ( 'NONE', #1109, #1216, #7352, .T. ) ;
#1216 = VERTEX_POINT ( 'NONE', #7348 ) ;
#1217 = ORIENTED_EDGE ( 'NONE', *, *, #1211, .F. ) ;
#1218 = EDGE_CURVE ( 'NONE', #1219, #1090, #7347, .T. ) ;
#1219 = VERTEX_POINT ( 'NONE', #7343 ) ;
#1220 = ORIENTED_EDGE ( 'NONE', *, *, #1188, .T. ) ;
#1221 = VERTEX_POINT ( 'NONE', #7342 ) ;
#1222 = ORIENTED_EDGE ( 'NONE', *, *, #1223, .F. ) ;
#1223 = EDGE_CURVE ( 'NONE', #1138, #1179, #7404, .T. ) ;
#1224 = ORIENTED_EDGE ( 'NONE', *, *, #1137, .F. ) ;
#1225 = ADVANCED_FACE ( 'NONE', ( #7400 ), #7399, .T. ) ;
#1226 = EDGE_LOOP ( 'NONE', ( #1227, #1148, #1151, #1122 ) ) ;
#1227 = ORIENTED_EDGE ( 'NONE', *, *, #1228, .T. ) ;
#1228 = EDGE_CURVE ( 'NONE', #1229, #1147, #7394, .T. ) ;
#1229 = VERTEX_POINT ( 'NONE', #7390 ) ;
#1230 = ORIENTED_EDGE ( 'NONE', *, *, #1257, .T. ) ;
#1231 = ORIENTED_EDGE ( 'NONE', *, *, #1019, .F. ) ;
#1232 = ADVANCED_FACE ( 'NONE', ( #7389 ), #7388, .T. ) ;
#1233 = EDGE_LOOP ( 'NONE', ( #1234, #1235, #1236 ) ) ;
#1234 = ORIENTED_EDGE ( 'NONE', *, *, #1205, .T. ) ;
#1235 = ORIENTED_EDGE ( 'NONE', *, *, #1264, .T. ) ;
#1236 = ORIENTED_EDGE ( 'NONE', *, *, #1237, .F. ) ;
#1237 = EDGE_CURVE ( 'NONE', #990, #1065, #7387, .T. ) ;
#1238 = EDGE_CURVE ( 'NONE', #1010, #952, #7378, .T. ) ;
#1239 = ORIENTED_EDGE ( 'NONE', *, *, #1130, .T. ) ;
#1240 = ADVANCED_FACE ( 'NONE', ( #7373 ), #7372, .T. ) ;
#1241 = ORIENTED_EDGE ( 'NONE', *, *, #1116, .T. ) ;
#1242 = EDGE_LOOP ( 'NONE', ( #1241, #1196, #1197, #1250 ) ) ;
#1243 = ORIENTED_EDGE ( 'NONE', *, *, #946, .F. ) ;
#1244 = ORIENTED_EDGE ( 'NONE', *, *, #1245, .F. ) ;
#1245 = EDGE_CURVE ( 'NONE', #1020, #1044, #7422, .T. ) ;
#1246 = ORIENTED_EDGE ( 'NONE', *, *, #1016, .F. ) ;
#1247 = ADVANCED_FACE ( 'NONE', ( #7421 ), #7420, .T. ) ;
#1248 = EDGE_LOOP ( 'NONE', ( #1254, #1255, #1256, #1258 ) ) ;
#1249 = EDGE_CURVE ( 'NONE', #1080, #1047, #7414, .T. ) ;
#1250 = ORIENTED_EDGE ( 'NONE', *, *, #1078, .F. ) ;
#1251 = ADVANCED_FACE ( 'NONE', ( #7410 ), #7447, .T. ) ;
#1252 = EDGE_LOOP ( 'NONE', ( #1253, #1243, #1244, #1246 ) ) ;
#1253 = ORIENTED_EDGE ( 'NONE', *, *, #1113, .T. ) ;
#1254 = ORIENTED_EDGE ( 'NONE', *, *, #1238, .T. ) ;
#1255 = ORIENTED_EDGE ( 'NONE', *, *, #1022, .F. ) ;
#1256 = ORIENTED_EDGE ( 'NONE', *, *, #1257, .F. ) ;
#1257 = EDGE_CURVE ( 'NONE', #1013, #953, #7441, .T. ) ;
#1258 = ORIENTED_EDGE ( 'NONE', *, *, #992, .F. ) ;
#1259 = ADVANCED_FACE ( 'NONE', ( #7443 ), #7442, .T. ) ;
#1260 = EDGE_LOOP ( 'NONE', ( #1261, #1262, #1263, #1265 ) ) ;
#1261 = ORIENTED_EDGE ( 'NONE', *, *, #1120, .T. ) ;
#1262 = ORIENTED_EDGE ( 'NONE', *, *, #1009, .F. ) ;
#1263 = ORIENTED_EDGE ( 'NONE', *, *, #1264, .F. ) ;
#1264 = EDGE_CURVE ( 'NONE', #1008, #1065, #7435, .T. ) ;
#1265 = ORIENTED_EDGE ( 'NONE', *, *, #1007, .F. ) ;
#1266 = ORIENTED_EDGE ( 'NONE', *, *, #1267, .F. ) ;
#1267 = EDGE_CURVE ( 'NONE', #1080, #989, #7427, .T. ) ;
#1268 = EDGE_LOOP ( 'NONE', ( #1269, #1270, #1332, #1334 ) ) ;
#1269 = ORIENTED_EDGE ( 'NONE', *, *, #1237, .T. ) ;
#1270 = ORIENTED_EDGE ( 'NONE', *, *, #998, .F. ) ;
#1271 = ORIENTED_EDGE ( 'NONE', *, *, #1245, .T. ) ;
#1272 = ORIENTED_EDGE ( 'NONE', *, *, #1043, .F. ) ;
#1273 = ORIENTED_EDGE ( 'NONE', *, *, #1111, .T. ) ;
#1274 = ORIENTED_EDGE ( 'NONE', *, *, #1275, .F. ) ;
#1275 = EDGE_CURVE ( 'NONE', #1221, #1216, #7466, .T. ) ;
#1276 = ORIENTED_EDGE ( 'NONE', *, *, #1040, .F. ) ;
#1277 = ORIENTED_EDGE ( 'NONE', *, *, #1296, .T. ) ;
#1278 = ORIENTED_EDGE ( 'NONE', *, *, #986, .F. ) ;
#1279 = ADVANCED_FACE ( 'NONE', ( #7467 ), #7461, .T. ) ;
#1280 = EDGE_LOOP ( 'NONE', ( #1281, #1282, #1283 ) ) ;
#1281 = ORIENTED_EDGE ( 'NONE', *, *, #1330, .T. ) ;
#1282 = ORIENTED_EDGE ( 'NONE', *, *, #1322, .T. ) ;
#1283 = ORIENTED_EDGE ( 'NONE', *, *, #1284, .F. ) ;
#1284 = EDGE_CURVE ( 'NONE', #1229, #1159, #7460, .T. ) ;
#1285 = ADVANCED_FACE ( 'NONE', ( #7451 ), #7450, .T. ) ;
#1286 = EDGE_LOOP ( 'NONE', ( #1287, #1288, #1309 ) ) ;
#1287 = ORIENTED_EDGE ( 'NONE', *, *, #1343, .T. ) ;
#1288 = ORIENTED_EDGE ( 'NONE', *, *, #1327, .T. ) ;
#1289 = ORIENTED_EDGE ( 'NONE', *, *, #1033, .F. ) ;
#1290 = ORIENTED_EDGE ( 'NONE', *, *, #944, .F. ) ;
#1291 = ADVANCED_FACE ( 'NONE', ( #7494 ), #7491, .T. ) ;
#1292 = EDGE_LOOP ( 'NONE', ( #1293, #1294, #1295, #1297 ) ) ;
#1293 = ORIENTED_EDGE ( 'NONE', *, *, #1267, .T. ) ;
#1294 = ORIENTED_EDGE ( 'NONE', *, *, #1062, .F. ) ;
#1295 = ORIENTED_EDGE ( 'NONE', *, *, #1296, .F. ) ;
#1296 = EDGE_CURVE ( 'NONE', #1083, #1060, #7484, .T. ) ;
#1297 = ORIENTED_EDGE ( 'NONE', *, *, #1082, .F. ) ;
#1298 = ADVANCED_FACE ( 'NONE', ( #7486 ), #7485, .T. ) ;
#1299 = EDGE_LOOP ( 'NONE', ( #1300, #1320, #1321, #1323 ) ) ;
#1300 = ORIENTED_EDGE ( 'NONE', *, *, #1194, .T. ) ;
#1301 = ADVANCED_FACE ( 'NONE', ( #7478 ), #7474, .T. ) ;
#1302 = EDGE_LOOP ( 'NONE', ( #1303, #1273, #1274, #1304, #1305, #1306, #1230, #1231 ) ) ;
#1303 = ORIENTED_EDGE ( 'NONE', *, *, #1028, .F. ) ;
#1304 = ORIENTED_EDGE ( 'NONE', *, *, #1211, .T. ) ;
#1305 = ORIENTED_EDGE ( 'NONE', *, *, #1101, .F. ) ;
#1306 = ORIENTED_EDGE ( 'NONE', *, *, #1012, .F. ) ;
#1307 = ORIENTED_EDGE ( 'NONE', *, *, #1354, .T. ) ;
#1308 = ORIENTED_EDGE ( 'NONE', *, *, #1360, .T. ) ;
#1309 = ORIENTED_EDGE ( 'NONE', *, *, #1310, .F. ) ;
#1310 = EDGE_CURVE ( 'NONE', #1059, #1152, #7524, .T. ) ;
#1311 = ADVANCED_FACE ( 'NONE', ( #7519 ), #7518, .T. ) ;
#1312 = EDGE_LOOP ( 'NONE', ( #1313, #1346, #1420, #1348, #1349, #1347, #1378, #1421 ) ) ;
#1313 = ORIENTED_EDGE ( 'NONE', *, *, #1095, .F. ) ;
#1314 = ORIENTED_EDGE ( 'NONE', *, *, #1123, .F. ) ;
#1315 = ADVANCED_FACE ( 'NONE', ( #7517 ), #7512, .T. ) ;
#1316 = EDGE_LOOP ( 'NONE', ( #1317, #1318, #1319, #1344 ) ) ;
#1317 = ORIENTED_EDGE ( 'NONE', *, *, #1275, .T. ) ;
#1318 = ORIENTED_EDGE ( 'NONE', *, *, #1215, .F. ) ;
#1319 = ORIENTED_EDGE ( 'NONE', *, *, #1343, .F. ) ;
#1320 = ORIENTED_EDGE ( 'NONE', *, *, #1161, .F. ) ;
#1321 = ORIENTED_EDGE ( 'NONE', *, *, #1322, .F. ) ;
#1322 = EDGE_CURVE ( 'NONE', #7663, #1159, #7511, .T. ) ;
#1323 = ORIENTED_EDGE ( 'NONE', *, *, #1188, .F. ) ;
#1324 = ADVANCED_FACE ( 'NONE', ( #7502 ), #7501, .T. ) ;
#1325 = EDGE_LOOP ( 'NONE', ( #1326, #1328, #1329, #1314 ) ) ;
#1326 = ORIENTED_EDGE ( 'NONE', *, *, #1327, .F. ) ;
#1327 = EDGE_CURVE ( 'NONE', #1109, #1152, #7495, .T. ) ;
#1328 = ORIENTED_EDGE ( 'NONE', *, *, #1213, .F. ) ;
#1329 = ORIENTED_EDGE ( 'NONE', *, *, #1330, .F. ) ;
#1330 = EDGE_CURVE ( 'NONE', #1229, #7663, #7542, .T. ) ;
#1331 = ORIENTED_EDGE ( 'NONE', *, *, #1218, .T. ) ;
#1332 = ORIENTED_EDGE ( 'NONE', *, *, #1333, .F. ) ;
#1333 = EDGE_CURVE ( 'NONE', #1001, #997, #7535, .T. ) ;
#1334 = ORIENTED_EDGE ( 'NONE', *, *, #1000, .F. ) ;
#1335 = ADVANCED_FACE ( 'NONE', ( #7537 ), #7536, .T. ) ;
#1336 = EDGE_LOOP ( 'NONE', ( #1337, #1338, #1339, #1341, #1342, #1276, #1277, #1278 ) ) ;
#1337 = ORIENTED_EDGE ( 'NONE', *, *, #1140, .F. ) ;
#1338 = ORIENTED_EDGE ( 'NONE', *, *, #1223, .T. ) ;
#1339 = ORIENTED_EDGE ( 'NONE', *, *, #1340, .F. ) ;
#1340 = EDGE_CURVE ( 'NONE', #1153, #1179, #2540, .T. ) ;
#1341 = ORIENTED_EDGE ( 'NONE', *, *, #1185, .T. ) ;
#1342 = ORIENTED_EDGE ( 'NONE', *, *, #1068, .F. ) ;
#1343 = EDGE_CURVE ( 'NONE', #1059, #1109, #2521, .T. ) ;
#1344 = ORIENTED_EDGE ( 'NONE', *, *, #1186, .F. ) ;
#1345 = ADVANCED_FACE ( 'NONE', ( #2513 ), #2512, .T. ) ;
#1346 = ORIENTED_EDGE ( 'NONE', *, *, #1053, .T. ) ;
#1347 = ORIENTED_EDGE ( 'NONE', *, *, #983, .F. ) ;
#1348 = ORIENTED_EDGE ( 'NONE', *, *, #1169, .T. ) ;
#1349 = ORIENTED_EDGE ( 'NONE', *, *, #1135, .F. ) ;
#1350 = ADVANCED_FACE ( 'NONE', ( #2505 ), #2496, .T. ) ;
#1351 = ORIENTED_EDGE ( 'NONE', *, *, #1424, .T. ) ;
#1352 = ORIENTED_EDGE ( 'NONE', *, *, #1050, .F. ) ;
#1353 = ORIENTED_EDGE ( 'NONE', *, *, #1354, .F. ) ;
#1354 = EDGE_CURVE ( 'NONE', #1173, #1045, #2487, .T. ) ;
#1355 = ORIENTED_EDGE ( 'NONE', *, *, #1172, .F. ) ;
#1356 = ADVANCED_FACE ( 'NONE', ( #2599 ), #2598, .T. ) ;
#1357 = EDGE_LOOP ( 'NONE', ( #1379, #1380, #1381 ) ) ;
#1358 = ORIENTED_EDGE ( 'NONE', *, *, #1121, .F. ) ;
#1359 = ORIENTED_EDGE ( 'NONE', *, *, #1360, .F. ) ;
#1360 = EDGE_CURVE ( 'NONE', #1045, #1150, #2596, .T. ) ;
#1361 = ORIENTED_EDGE ( 'NONE', *, *, #1058, .F. ) ;
#1362 = EDGE_LOOP ( 'NONE', ( #1351, #1352, #1353, #1355 ) ) ;
#1363 = ORIENTED_EDGE ( 'NONE', *, *, #1158, .F. ) ;
#1364 = ORIENTED_EDGE ( 'NONE', *, *, #1365, .F. ) ;
#1365 = EDGE_CURVE ( 'NONE', #1147, #1156, #2578, .T. ) ;
#1366 = ORIENTED_EDGE ( 'NONE', *, *, #1228, .F. ) ;
#1367 = ADVANCED_FACE ( 'NONE', ( #2570 ), #2569, .T. ) ;
#1368 = EDGE_LOOP ( 'NONE', ( #1369, #1358, #1359, #1361 ) ) ;
#1369 = ORIENTED_EDGE ( 'NONE', *, *, #1310, .T. ) ;
#1370 = ORIENTED_EDGE ( 'NONE', *, *, #1371, .F. ) ;
#1371 = EDGE_CURVE ( 'NONE', #1156, #1176, #2561, .T. ) ;
#1372 = ORIENTED_EDGE ( 'NONE', *, *, #1155, .F. ) ;
#1373 = ADVANCED_FACE ( 'NONE', ( #2544 ), #2543, .T. ) ;
#1374 = EDGE_LOOP ( 'NONE', ( #1375, #1363, #1364, #1366 ) ) ;
#1375 = ORIENTED_EDGE ( 'NONE', *, *, #1284, .T. ) ;
#1376 = ORIENTED_EDGE ( 'NONE', *, *, #1340, .T. ) ;
#1377 = ORIENTED_EDGE ( 'NONE', *, *, #1178, .F. ) ;
#1378 = ORIENTED_EDGE ( 'NONE', *, *, #1333, .T. ) ;
#1379 = ORIENTED_EDGE ( 'NONE', *, *, #1365, .T. ) ;
#1380 = ORIENTED_EDGE ( 'NONE', *, *, #1371, .T. ) ;
#1381 = ORIENTED_EDGE ( 'NONE', *, *, #1382, .F. ) ;
#1382 = EDGE_CURVE ( 'NONE', #1147, #1176, #2655, .T. ) ;
#1383 = ADVANCED_FACE ( 'NONE', ( #2648 ), #2647, .T. ) ;
#1384 = EDGE_LOOP ( 'NONE', ( #1307, #1308, #1195 ) ) ;
#1385 = VERTEX_POINT ( 'NONE', #2642 ) ;
#1386 = EDGE_CURVE ( 'NONE', #1387, #1437, #2628, .T. ) ;
#1387 = VERTEX_POINT ( 'NONE', #2622 ) ;
#1388 = ORIENTED_EDGE ( 'NONE', *, *, #1382, .T. ) ;
#1389 = CLOSED_SHELL ( 'NONE', ( #1086, #1034, #1102, #1141, #1075, #1014, #1023, #981, #1063, #1056, #1180, #1182, #1166, #1225, #1124, #1132, #1117, #1240, #1251, #1247, #1259, #1199, #1207, #1189, #1301, #1232, #1291, #1298, #1324, #1315, #1345, #1335, #1279, #1285, #1311, #1422, #1373, #1367, #1350, #1356, #1383, #1443 ) ) ;
#1390 = ORIENTED_EDGE ( 'NONE', *, *, #1175, .F. ) ;
#1391 = ORIENTED_EDGE ( 'NONE', *, *, #1434, .T. ) ;
#1392 = MANIFOLD_SOLID_BREP ( 'NONE', #1690 ) ;
#1393 = EDGE_LOOP ( 'NONE', ( #1436, #1463, #1394, #1440 ) ) ;
#1394 = ORIENTED_EDGE ( 'NONE', *, *, #1439, .F. ) ;
#1395 = VERTEX_POINT ( 'NONE', #2708 ) ;
#1396 = ORIENTED_EDGE ( 'NONE', *, *, #1149, .F. ) ;
#1397 = ORIENTED_EDGE ( 'NONE', *, *, #1457, .T. ) ;
#1398 = ORIENTED_EDGE ( 'NONE', *, *, #1399, .T. ) ;
#1399 = EDGE_CURVE ( 'NONE', #1455, #1400, #2703, .T. ) ;
#1400 = VERTEX_POINT ( 'NONE', #2696 ) ;
#1401 = ORIENTED_EDGE ( 'NONE', *, *, #1402, .F. ) ;
#1402 = EDGE_CURVE ( 'NONE', #1403, #1400, #2691, .T. ) ;
#1403 = VERTEX_POINT ( 'NONE', #2686 ) ;
#1404 = ORIENTED_EDGE ( 'NONE', *, *, #1405, .F. ) ;
#1405 = EDGE_CURVE ( 'NONE', #1406, #1403, #2681, .T. ) ;
#1406 = VERTEX_POINT ( 'NONE', #2675 ) ;
#1407 = ORIENTED_EDGE ( 'NONE', *, *, #1408, .T. ) ;
#1408 = EDGE_CURVE ( 'NONE', #1385, #1415, #2670, .T. ) ;
#1409 = ADVANCED_FACE ( 'NONE', ( #2665 ), #2664, .T. ) ;
#1410 = EDGE_LOOP ( 'NONE', ( #1450, #1453, #1456, #1459 ) ) ;
#1411 = VERTEX_POINT ( 'NONE', #2753 ) ;
#1412 = ADVANCED_FACE ( 'NONE', ( #2752 ), #2751, .T. ) ;
#1413 = ORIENTED_EDGE ( 'NONE', *, *, #1414, .T. ) ;
#1414 = EDGE_CURVE ( 'NONE', #1415, #1416, #2743, .T. ) ;
#1415 = VERTEX_POINT ( 'NONE', #2738 ) ;
#1416 = VERTEX_POINT ( 'NONE', #2737 ) ;
#1417 = ORIENTED_EDGE ( 'NONE', *, *, #1418, .T. ) ;
#1418 = EDGE_CURVE ( 'NONE', #1416, #1395, #2734, .T. ) ;
#1419 = ORIENTED_EDGE ( 'NONE', *, *, #1439, .T. ) ;
#1420 = ORIENTED_EDGE ( 'NONE', *, *, #1424, .F. ) ;
#1421 = ORIENTED_EDGE ( 'NONE', *, *, #993, .F. ) ;
#1422 = ADVANCED_FACE ( 'NONE', ( #2727 ), #2726, .T. ) ;
#1423 = EDGE_LOOP ( 'NONE', ( #1376, #1377, #1370, #1372 ) ) ;
#1424 = EDGE_CURVE ( 'NONE', #1170, #1051, #2719, .T. ) ;
#1425 = EDGE_LOOP ( 'NONE', ( #1494, #1426, #1432, #1496 ) ) ;
#1426 = ORIENTED_EDGE ( 'NONE', *, *, #1498, .F. ) ;
#1427 = ORIENTED_EDGE ( 'NONE', *, *, #1474, .T. ) ;
#1428 = ORIENTED_EDGE ( 'NONE', *, *, #1429, .F. ) ;
#1429 = EDGE_CURVE ( 'NONE', #1430, #1472, #2806, .T. ) ;
#1430 = VERTEX_POINT ( 'NONE', #2801 ) ;
#1431 = VERTEX_POINT ( 'NONE', #2798 ) ;
#1432 = ORIENTED_EDGE ( 'NONE', *, *, #1495, .F. ) ;
#1433 = VERTEX_POINT ( 'NONE', #2796 ) ;
#1434 = EDGE_CURVE ( 'NONE', #1173, #1150, #2792, .T. ) ;
#1435 = ADVANCED_FACE ( 'NONE', ( #2783 ), #2782, .T. ) ;
#1436 = ORIENTED_EDGE ( 'NONE', *, *, #1386, .T. ) ;
#1437 = VERTEX_POINT ( 'NONE', #2772 ) ;
#1438 = EDGE_LOOP ( 'NONE', ( #1388, #1390, #1391, #1396 ) ) ;
#1439 = EDGE_CURVE ( 'NONE', #1395, #1385, #2768, .T. ) ;
#1440 = ORIENTED_EDGE ( 'NONE', *, *, #1441, .T. ) ;
#1441 = EDGE_CURVE ( 'NONE', #1395, #1387, #2867, .T. ) ;
#1442 = EDGE_LOOP ( 'NONE', ( #1413, #1417, #1419, #1407 ) ) ;
#1443 = ADVANCED_FACE ( 'NONE', ( #2861 ), #2858, .T. ) ;
#1444 = ORIENTED_EDGE ( 'NONE', *, *, #1445, .T. ) ;
#1445 = EDGE_CURVE ( 'NONE', #1406, #1446, #2851, .T. ) ;
#1446 = VERTEX_POINT ( 'NONE', #2847 ) ;
#1447 = ORIENTED_EDGE ( 'NONE', *, *, #1448, .T. ) ;
#1448 = EDGE_CURVE ( 'NONE', #1446, #1458, #2845, .T. ) ;
#1449 = ADVANCED_FACE ( 'NONE', ( #2839 ), #2837, .T. ) ;
#1450 = ORIENTED_EDGE ( 'NONE', *, *, #1451, .T. ) ;
#1451 = EDGE_CURVE ( 'NONE', #1411, #1452, #2824, .T. ) ;
#1452 = VERTEX_POINT ( 'NONE', #2820 ) ;
#1453 = ORIENTED_EDGE ( 'NONE', *, *, #1454, .T. ) ;
#1454 = EDGE_CURVE ( 'NONE', #1452, #1455, #2938, .T. ) ;
#1455 = VERTEX_POINT ( 'NONE', #2934 ) ;
#1456 = ORIENTED_EDGE ( 'NONE', *, *, #1457, .F. ) ;
#1457 = EDGE_CURVE ( 'NONE', #1458, #1455, #2928, .T. ) ;
#1458 = VERTEX_POINT ( 'NONE', #2923 ) ;
#1459 = ORIENTED_EDGE ( 'NONE', *, *, #1460, .T. ) ;
#1460 = EDGE_CURVE ( 'NONE', #1458, #1411, #2916, .T. ) ;
#1461 = ADVANCED_FACE ( 'NONE', ( #2908 ), #2906, .T. ) ;
#1462 = EDGE_LOOP ( 'NONE', ( #1397, #1398, #1401, #1404, #1444, #1447 ) ) ;
#1463 = ORIENTED_EDGE ( 'NONE', *, *, #1464, .T. ) ;
#1464 = EDGE_CURVE ( 'NONE', #1437, #1385, #2898, .T. ) ;
#1465 = VERTEX_POINT ( 'NONE', #2889 ) ;
#1466 = EDGE_LOOP ( 'NONE', ( #1502, #1503, #1480, #1483 ) ) ;
#1467 = ADVANCED_FACE ( 'NONE', ( #2887 ), #2886, .T. ) ;
#1468 = EDGE_LOOP ( 'NONE', ( #1469, #1470, #1473, #1476 ) ) ;
#1469 = ORIENTED_EDGE ( 'NONE', *, *, #1495, .T. ) ;
#1470 = ORIENTED_EDGE ( 'NONE', *, *, #1471, .F. ) ;
#1471 = EDGE_CURVE ( 'NONE', #1472, #7669, #7070, .T. ) ;
#1472 = VERTEX_POINT ( 'NONE', #3002 ) ;
#1473 = ORIENTED_EDGE ( 'NONE', *, *, #1474, .F. ) ;
#1474 = EDGE_CURVE ( 'NONE', #1475, #1472, #2998, .T. ) ;
#1475 = VERTEX_POINT ( 'NONE', #2992 ) ;
#1476 = ORIENTED_EDGE ( 'NONE', *, *, #1477, .T. ) ;
#1477 = EDGE_CURVE ( 'NONE', #1475, #1433, #2991, .T. ) ;
#1478 = ADVANCED_FACE ( 'NONE', ( #2983 ), #2982, .T. ) ;
#1479 = EDGE_LOOP ( 'NONE', ( #1427, #1428, #1534, #1536 ) ) ;
#1480 = ORIENTED_EDGE ( 'NONE', *, *, #1481, .F. ) ;
#1481 = EDGE_CURVE ( 'NONE', #1482, #7673, #2978, .T. ) ;
#1482 = VERTEX_POINT ( 'NONE', #2958 ) ;
#1483 = ORIENTED_EDGE ( 'NONE', *, *, #1484, .T. ) ;
#1484 = EDGE_CURVE ( 'NONE', #1482, #1465, #2955, .T. ) ;
#1485 = ADVANCED_FACE ( 'NONE', ( #2949 ), #2948, .T. ) ;
#1486 = EDGE_LOOP ( 'NONE', ( #1487, #1491, #1531, #1527, #1528, #1532 ) ) ;
#1487 = ORIENTED_EDGE ( 'NONE', *, *, #1488, .F. ) ;
#1488 = EDGE_CURVE ( 'NONE', #1489, #1490, #3060, .T. ) ;
#1489 = VERTEX_POINT ( 'NONE', #3054 ) ;
#1490 = VERTEX_POINT ( 'NONE', #3053 ) ;
#1491 = ORIENTED_EDGE ( 'NONE', *, *, #1492, .T. ) ;
#1492 = EDGE_CURVE ( 'NONE', #1489, #1493, #3048, .T. ) ;
#1493 = VERTEX_POINT ( 'NONE', #3042 ) ;
#1494 = ORIENTED_EDGE ( 'NONE', *, *, #1405, .T. ) ;
#1495 = EDGE_CURVE ( 'NONE', #1433, #7669, #3035, .T. ) ;
#1496 = ORIENTED_EDGE ( 'NONE', *, *, #1497, .T. ) ;
#1497 = EDGE_CURVE ( 'NONE', #1433, #1406, #3022, .T. ) ;
#1498 = EDGE_CURVE ( 'NONE', #7669, #1403, #3015, .T. ) ;
#1499 = ORIENTED_EDGE ( 'NONE', *, *, #1500, .T. ) ;
#1500 = EDGE_CURVE ( 'NONE', #1465, #1431, #3008, .T. ) ;
#1501 = ADVANCED_FACE ( 'NONE', ( #3120 ), #3118, .T. ) ;
#1502 = ORIENTED_EDGE ( 'NONE', *, *, #1545, .T. ) ;
#1503 = ORIENTED_EDGE ( 'NONE', *, *, #1504, .F. ) ;
#1504 = EDGE_CURVE ( 'NONE', #7673, #1543, #3116, .T. ) ;
#1505 = ORIENTED_EDGE ( 'NONE', *, *, #1506, .T. ) ;
#1506 = EDGE_CURVE ( 'NONE', #1609, #1575, #3096, .T. ) ;
#1507 = ADVANCED_FACE ( 'NONE', ( #3087 ), #3080, .T. ) ;
#1508 = EDGE_LOOP ( 'NONE', ( #1509, #1510, #1513, #1610 ) ) ;
#1509 = ORIENTED_EDGE ( 'NONE', *, *, #1608, .T. ) ;
#1510 = ORIENTED_EDGE ( 'NONE', *, *, #1511, .T. ) ;
#1511 = EDGE_CURVE ( 'NONE', #1606, #1512, #3082, .T. ) ;
#1512 = VERTEX_POINT ( 'NONE', #3068 ) ;
#1513 = ORIENTED_EDGE ( 'NONE', *, *, #1514, .F. ) ;
#1514 = EDGE_CURVE ( 'NONE', #1515, #1512, #3067, .T. ) ;
#1515 = VERTEX_POINT ( 'NONE', #3062 ) ;
#1516 = VERTEX_POINT ( 'NONE', #3172 ) ;
#1517 = ORIENTED_EDGE ( 'NONE', *, *, #1518, .T. ) ;
#1518 = EDGE_CURVE ( 'NONE', #1490, #956, #3170, .T. ) ;
#1519 = ORIENTED_EDGE ( 'NONE', *, *, #1488, .T. ) ;
#1520 = ORIENTED_EDGE ( 'NONE', *, *, #1521, .T. ) ;
#1521 = EDGE_CURVE ( 'NONE', #1516, #1489, #3162, .T. ) ;
#1522 = EDGE_CURVE ( 'NONE', #1529, #7673, #3149, .T. ) ;
#1523 = ADVANCED_FACE ( 'NONE', ( #3140 ), #3136, .T. ) ;
#1524 = ORIENTED_EDGE ( 'NONE', *, *, #1530, .T. ) ;
#1525 = EDGE_LOOP ( 'NONE', ( #1524, #1520, #1519, #1517 ) ) ;
#1526 = EDGE_CURVE ( 'NONE', #1493, #1482, #3137, .T. ) ;
#1527 = ORIENTED_EDGE ( 'NONE', *, *, #1481, .T. ) ;
#1528 = ORIENTED_EDGE ( 'NONE', *, *, #1522, .F. ) ;
#1529 = VERTEX_POINT ( 'NONE', #3125 ) ;
#1530 = EDGE_CURVE ( 'NONE', #956, #1516, #3124, .T. ) ;
#1531 = ORIENTED_EDGE ( 'NONE', *, *, #1526, .T. ) ;
#1532 = ORIENTED_EDGE ( 'NONE', *, *, #1533, .T. ) ;
#1533 = EDGE_CURVE ( 'NONE', #1529, #1490, #3228, .T. ) ;
#1534 = ORIENTED_EDGE ( 'NONE', *, *, #1535, .F. ) ;
#1535 = EDGE_CURVE ( 'NONE', #1431, #1430, #3216, .T. ) ;
#1536 = ORIENTED_EDGE ( 'NONE', *, *, #1537, .T. ) ;
#1537 = EDGE_CURVE ( 'NONE', #1431, #1475, #3206, .T. ) ;
#1538 = ADVANCED_FACE ( 'NONE', ( #3200 ), #3196, .T. ) ;
#1539 = EDGE_LOOP ( 'NONE', ( #1540, #1541, #1544, #1499 ) ) ;
#1540 = ORIENTED_EDGE ( 'NONE', *, *, #1535, .T. ) ;
#1541 = ORIENTED_EDGE ( 'NONE', *, *, #1542, .F. ) ;
#1542 = EDGE_CURVE ( 'NONE', #1543, #1430, #3198, .T. ) ;
#1543 = VERTEX_POINT ( 'NONE', #3186 ) ;
#1544 = ORIENTED_EDGE ( 'NONE', *, *, #1545, .F. ) ;
#1545 = EDGE_CURVE ( 'NONE', #1465, #1543, #3184, .T. ) ;
#1546 = ORIENTED_EDGE ( 'NONE', *, *, #1547, .T. ) ;
#1547 = EDGE_CURVE ( 'NONE', #1493, #1548, #3180, .T. ) ;
#1548 = VERTEX_POINT ( 'NONE', #3175 ) ;
#1549 = ORIENTED_EDGE ( 'NONE', *, *, #1550, .T. ) ;
#1550 = EDGE_CURVE ( 'NONE', #1548, #1551, #3284, .T. ) ;
#1551 = VERTEX_POINT ( 'NONE', #3277 ) ;
#1552 = ORIENTED_EDGE ( 'NONE', *, *, #1553, .T. ) ;
#1553 = EDGE_CURVE ( 'NONE', #1551, #1554, #3267, .T. ) ;
#1554 = VERTEX_POINT ( 'NONE', #3261 ) ;
#1555 = ORIENTED_EDGE ( 'NONE', *, *, #1596, .T. ) ;
#1556 = EDGE_CURVE ( 'NONE', #1512, #1616, #3259, .T. ) ;
#1557 = ORIENTED_EDGE ( 'NONE', *, *, #1558, .F. ) ;
#1558 = EDGE_CURVE ( 'NONE', #1559, #1616, #3254, .T. ) ;
#1559 = VERTEX_POINT ( 'NONE', #3249 ) ;
#1560 = ORIENTED_EDGE ( 'NONE', *, *, #1561, .T. ) ;
#1561 = EDGE_CURVE ( 'NONE', #1559, #1515, #3247, .T. ) ;
#1562 = ADVANCED_FACE ( 'NONE', ( #3242 ), #3241, .T. ) ;
#1563 = EDGE_LOOP ( 'NONE', ( #1564, #1565, #1567, #1568 ) ) ;
#1564 = ORIENTED_EDGE ( 'NONE', *, *, #1558, .T. ) ;
#1565 = ORIENTED_EDGE ( 'NONE', *, *, #1566, .T. ) ;
#1566 = EDGE_CURVE ( 'NONE', #1616, #1437, #3346, .T. ) ;
#1567 = ORIENTED_EDGE ( 'NONE', *, *, #1386, .F. ) ;
#1568 = ORIENTED_EDGE ( 'NONE', *, *, #1569, .T. ) ;
#1569 = EDGE_CURVE ( 'NONE', #1387, #1559, #3339, .T. ) ;
#1570 = EDGE_LOOP ( 'NONE', ( #1618, #1622, #1624, #1625, #1626, #1627, #1628, #1629, #1630, #1546, #1549, #1552, #1555, #1602, #1598, #1650 ) ) ;
#1571 = ADVANCED_FACE ( 'NONE', ( #3332 ), #3331, .T. ) ;
#1572 = EDGE_LOOP ( 'NONE', ( #1573, #1577, #1580, #1583 ) ) ;
#1573 = ORIENTED_EDGE ( 'NONE', *, *, #1574, .F. ) ;
#1574 = EDGE_CURVE ( 'NONE', #1575, #1576, #3328, .T. ) ;
#1575 = VERTEX_POINT ( 'NONE', #3319 ) ;
#1576 = VERTEX_POINT ( 'NONE', #3318 ) ;
#1577 = ORIENTED_EDGE ( 'NONE', *, *, #1578, .T. ) ;
#1578 = EDGE_CURVE ( 'NONE', #1575, #1579, #3312, .T. ) ;
#1579 = VERTEX_POINT ( 'NONE', #3308 ) ;
#1580 = ORIENTED_EDGE ( 'NONE', *, *, #1581, .T. ) ;
#1581 = EDGE_CURVE ( 'NONE', #1579, #1582, #3302, .T. ) ;
#1582 = VERTEX_POINT ( 'NONE', #3294 ) ;
#1583 = ORIENTED_EDGE ( 'NONE', *, *, #1584, .T. ) ;
#1584 = EDGE_CURVE ( 'NONE', #1582, #1576, #3289, .T. ) ;
#1585 = ADVANCED_FACE ( 'NONE', ( #3404 ), #3403, .T. ) ;
#1586 = EDGE_LOOP ( 'NONE', ( #1603, #1604, #1607, #1505 ) ) ;
#1587 = EDGE_CURVE ( 'NONE', #1597, #1515, #3394, .T. ) ;
#1588 = ORIENTED_EDGE ( 'NONE', *, *, #1596, .F. ) ;
#1589 = ADVANCED_FACE ( 'NONE', ( #3389 ), #3388, .T. ) ;
#1590 = EDGE_LOOP ( 'NONE', ( #1591, #1592, #1593, #1595 ) ) ;
#1591 = ORIENTED_EDGE ( 'NONE', *, *, #1492, .F. ) ;
#1592 = ORIENTED_EDGE ( 'NONE', *, *, #1521, .F. ) ;
#1593 = ORIENTED_EDGE ( 'NONE', *, *, #1594, .F. ) ;
#1594 = EDGE_CURVE ( 'NONE', #1548, #1516, #3372, .T. ) ;
#1595 = ORIENTED_EDGE ( 'NONE', *, *, #1547, .F. ) ;
#1596 = EDGE_CURVE ( 'NONE', #1554, #1597, #3361, .T. ) ;
#1597 = VERTEX_POINT ( 'NONE', #3354 ) ;
#1598 = ORIENTED_EDGE ( 'NONE', *, *, #1649, .T. ) ;
#1599 = VERTEX_POINT ( 'NONE', #3351 ) ;
#1600 = EDGE_CURVE ( 'NONE', #1597, #1601, #7680, .T. ) ;
#1601 = VERTEX_POINT ( 'NONE', #3469 ) ;
#1602 = ORIENTED_EDGE ( 'NONE', *, *, #1600, .T. ) ;
#1603 = ORIENTED_EDGE ( 'NONE', *, *, #1574, .T. ) ;
#1604 = ORIENTED_EDGE ( 'NONE', *, *, #1605, .T. ) ;
#1605 = EDGE_CURVE ( 'NONE', #1576, #1606, #3468, .T. ) ;
#1606 = VERTEX_POINT ( 'NONE', #3462 ) ;
#1607 = ORIENTED_EDGE ( 'NONE', *, *, #1608, .F. ) ;
#1608 = EDGE_CURVE ( 'NONE', #1609, #1606, #3460, .T. ) ;
#1609 = VERTEX_POINT ( 'NONE', #3453 ) ;
#1610 = ORIENTED_EDGE ( 'NONE', *, *, #1611, .T. ) ;
#1611 = EDGE_CURVE ( 'NONE', #1515, #1609, #3449, .T. ) ;
#1612 = ADVANCED_FACE ( 'NONE', ( #3439 ), #3437, .T. ) ;
#1613 = EDGE_LOOP ( 'NONE', ( #1614, #1615, #1557, #1560 ) ) ;
#1614 = ORIENTED_EDGE ( 'NONE', *, *, #1514, .T. ) ;
#1615 = ORIENTED_EDGE ( 'NONE', *, *, #1556, .T. ) ;
#1616 = VERTEX_POINT ( 'NONE', #3424 ) ;
#1617 = ADVANCED_FACE ( 'NONE', ( #3423 ), #3422, .T. ) ;
#1618 = ORIENTED_EDGE ( 'NONE', *, *, #1619, .T. ) ;
#1619 = EDGE_CURVE ( 'NONE', #1620, #1621, #3410, .T. ) ;
#1620 = VERTEX_POINT ( 'NONE', #3528 ) ;
#1621 = VERTEX_POINT ( 'NONE', #3527 ) ;
#1622 = ORIENTED_EDGE ( 'NONE', *, *, #1623, .T. ) ;
#1623 = EDGE_CURVE ( 'NONE', #1621, #1446, #3524, .T. ) ;
#1624 = ORIENTED_EDGE ( 'NONE', *, *, #1445, .F. ) ;
#1625 = ORIENTED_EDGE ( 'NONE', *, *, #1497, .F. ) ;
#1626 = ORIENTED_EDGE ( 'NONE', *, *, #1477, .F. ) ;
#1627 = ORIENTED_EDGE ( 'NONE', *, *, #1537, .F. ) ;
#1628 = ORIENTED_EDGE ( 'NONE', *, *, #1500, .F. ) ;
#1629 = ORIENTED_EDGE ( 'NONE', *, *, #1484, .F. ) ;
#1630 = ORIENTED_EDGE ( 'NONE', *, *, #1526, .F. ) ;
#1631 = ADVANCED_FACE ( 'NONE', ( #3520 ), #3518, .T. ) ;
#1632 = EDGE_LOOP ( 'NONE', ( #1633, #1664, #1665, #1667 ) ) ;
#1633 = ORIENTED_EDGE ( 'NONE', *, *, #1663, .F. ) ;
#1634 = VERTEX_POINT ( 'NONE', #3513 ) ;
#1635 = ORIENTED_EDGE ( 'NONE', *, *, #1636, .T. ) ;
#1636 = EDGE_CURVE ( 'NONE', #1634, #1637, #3504, .T. ) ;
#1637 = VERTEX_POINT ( 'NONE', #3495 ) ;
#1638 = ORIENTED_EDGE ( 'NONE', *, *, #1639, .T. ) ;
#1639 = EDGE_CURVE ( 'NONE', #1637, #1640, #3492, .T. ) ;
#1640 = VERTEX_POINT ( 'NONE', #3484 ) ;
#1641 = ORIENTED_EDGE ( 'NONE', *, *, #1642, .T. ) ;
#1642 = EDGE_CURVE ( 'NONE', #1640, #1643, #3477, .T. ) ;
#1643 = VERTEX_POINT ( 'NONE', #3471 ) ;
#1644 = ORIENTED_EDGE ( 'NONE', *, *, #1645, .T. ) ;
#1645 = EDGE_CURVE ( 'NONE', #1643, #1646, #3576, .T. ) ;
#1646 = VERTEX_POINT ( 'NONE', #3571 ) ;
#1647 = ORIENTED_EDGE ( 'NONE', *, *, #1704, .T. ) ;
#1648 = VERTEX_POINT ( 'NONE', #3570 ) ;
#1649 = EDGE_CURVE ( 'NONE', #1601, #1599, #3567, .T. ) ;
#1650 = ORIENTED_EDGE ( 'NONE', *, *, #1651, .T. ) ;
#1651 = EDGE_CURVE ( 'NONE', #1599, #1620, #3561, .T. ) ;
#1652 = ADVANCED_FACE ( 'NONE', ( #3556 ), #3551, .F. ) ;
#1653 = EDGE_LOOP ( 'NONE', ( #1654, #1655, #1658, #1661, #1635, #1638, #1641, #1644, #1647, #1705, #1707, #1708, #1709, #1710, #1711, #1712 ) ) ;
#1654 = ORIENTED_EDGE ( 'NONE', *, *, #1402, .T. ) ;
#1655 = ORIENTED_EDGE ( 'NONE', *, *, #1656, .T. ) ;
#1656 = EDGE_CURVE ( 'NONE', #1400, #1657, #3553, .T. ) ;
#1657 = VERTEX_POINT ( 'NONE', #3538 ) ;
#1658 = ORIENTED_EDGE ( 'NONE', *, *, #1659, .T. ) ;
#1659 = EDGE_CURVE ( 'NONE', #1657, #1660, #3537, .T. ) ;
#1660 = VERTEX_POINT ( 'NONE', #3531 ) ;
#1661 = ORIENTED_EDGE ( 'NONE', *, *, #1662, .T. ) ;
#1662 = EDGE_CURVE ( 'NONE', #1660, #1634, #3632, .T. ) ;
#1663 = EDGE_CURVE ( 'NONE', #1575, #1551, #3619, .T. ) ;
#1664 = ORIENTED_EDGE ( 'NONE', *, *, #1506, .F. ) ;
#1665 = ORIENTED_EDGE ( 'NONE', *, *, #1666, .F. ) ;
#1666 = EDGE_CURVE ( 'NONE', #1554, #1609, #3610, .T. ) ;
#1667 = ORIENTED_EDGE ( 'NONE', *, *, #1553, .F. ) ;
#1668 = ADVANCED_FACE ( 'NONE', ( #3604 ), #3603, .T. ) ;
#1669 = EDGE_LOOP ( 'NONE', ( #1670, #1671, #1672, #1588 ) ) ;
#1670 = ORIENTED_EDGE ( 'NONE', *, *, #1666, .T. ) ;
#1671 = ORIENTED_EDGE ( 'NONE', *, *, #1611, .F. ) ;
#1672 = ORIENTED_EDGE ( 'NONE', *, *, #1587, .F. ) ;
#1673 = ADVANCED_FACE ( 'NONE', ( #3598 ), #3656, .T. ) ;
#1674 = EDGE_LOOP ( 'NONE', ( #1675, #1679, #1681, #1682 ) ) ;
#1675 = ORIENTED_EDGE ( 'NONE', *, *, #1676, .T. ) ;
#1676 = EDGE_CURVE ( 'NONE', #1677, #1678, #3653, .T. ) ;
#1677 = VERTEX_POINT ( 'NONE', #3644 ) ;
#1678 = VERTEX_POINT ( 'NONE', #3643 ) ;
#1679 = ORIENTED_EDGE ( 'NONE', *, *, #1680, .T. ) ;
#1680 = EDGE_CURVE ( 'NONE', #1678, #1701, #3639, .T. ) ;
#1681 = ORIENTED_EDGE ( 'NONE', *, *, #1700, .T. ) ;
#1682 = ORIENTED_EDGE ( 'NONE', *, *, #1683, .T. ) ;
#1683 = EDGE_CURVE ( 'NONE', #1698, #1677, #3738, .T. ) ;
#1684 = ADVANCED_FACE ( 'NONE', ( #3731 ), #3702, .T. ) ;
#1685 = EDGE_LOOP ( 'NONE', ( #1686, #1742, #1745, #1748 ) ) ;
#1686 = ORIENTED_EDGE ( 'NONE', *, *, #1740, .T. ) ;
#1687 = VERTEX_POINT ( 'NONE', #3692 ) ;
#1688 = MANIFOLD_SOLID_BREP ( 'NONE', #394 ) ;
#1689 = EDGE_LOOP ( 'NONE', ( #1692, #1696, #1699, #1702 ) ) ;
#1690 = CLOSED_SHELL ( 'NONE', ( #1435, #1412, #1409, #1461, #1449, #1467, #1478, #1538, #1501, #1485, #1523, #1571, #1585, #1507, #1612, #1562, #1617, #1652, #1631, #1668, #1589, #959, #1886, #923, #921, #913, #908, #971, #964, #967, #858, #844, #904, #895, #849, #834, #831, #882, #881, #872, #940, #936 ) ) ;
#1691 = ADVANCED_FACE ( 'NONE', ( #3765 ), #3836, .T. ) ;
#1692 = ORIENTED_EDGE ( 'NONE', *, *, #1693, .T. ) ;
#1693 = EDGE_CURVE ( 'NONE', #1694, #1695, #3832, .T. ) ;
#1694 = VERTEX_POINT ( 'NONE', #3822 ) ;
#1695 = VERTEX_POINT ( 'NONE', #3821 ) ;
#1696 = ORIENTED_EDGE ( 'NONE', *, *, #1697, .T. ) ;
#1697 = EDGE_CURVE ( 'NONE', #1695, #1698, #3816, .T. ) ;
#1698 = VERTEX_POINT ( 'NONE', #3812 ) ;
#1699 = ORIENTED_EDGE ( 'NONE', *, *, #1700, .F. ) ;
#1700 = EDGE_CURVE ( 'NONE', #1701, #1698, #3805, .T. ) ;
#1701 = VERTEX_POINT ( 'NONE', #3799 ) ;
#1702 = ORIENTED_EDGE ( 'NONE', *, *, #1703, .T. ) ;
#1703 = EDGE_CURVE ( 'NONE', #1701, #1694, #3797, .T. ) ;
#1704 = EDGE_CURVE ( 'NONE', #1646, #1648, #3790, .T. ) ;
#1705 = ORIENTED_EDGE ( 'NONE', *, *, #1706, .T. ) ;
#1706 = EDGE_CURVE ( 'NONE', #1648, #1529, #3900, .T. ) ;
#1707 = ORIENTED_EDGE ( 'NONE', *, *, #1522, .T. ) ;
#1708 = ORIENTED_EDGE ( 'NONE', *, *, #1504, .T. ) ;
#1709 = ORIENTED_EDGE ( 'NONE', *, *, #1542, .T. ) ;
#1710 = ORIENTED_EDGE ( 'NONE', *, *, #1429, .T. ) ;
#1711 = ORIENTED_EDGE ( 'NONE', *, *, #1471, .T. ) ;
#1712 = ORIENTED_EDGE ( 'NONE', *, *, #1498, .T. ) ;
#1713 = ORIENTED_EDGE ( 'NONE', *, *, #1714, .F. ) ;
#1714 = EDGE_CURVE ( 'NONE', #1715, #1729, #3892, .T. ) ;
#1715 = VERTEX_POINT ( 'NONE', #3885 ) ;
#1716 = ORIENTED_EDGE ( 'NONE', *, *, #1717, .F. ) ;
#1717 = EDGE_CURVE ( 'NONE', #1718, #1715, #3879, .T. ) ;
#1718 = VERTEX_POINT ( 'NONE', #3869 ) ;
#1719 = ORIENTED_EDGE ( 'NONE', *, *, #1720, .T. ) ;
#1720 = EDGE_CURVE ( 'NONE', #1718, #1732, #3863, .T. ) ;
#1721 = ADVANCED_FACE ( 'NONE', ( #3857 ), #3941, .T. ) ;
#1722 = EDGE_LOOP ( 'NONE', ( #1723, #1724, #1782, #1785 ) ) ;
#1723 = ORIENTED_EDGE ( 'NONE', *, *, #1717, .T. ) ;
#1724 = ORIENTED_EDGE ( 'NONE', *, *, #1725, .F. ) ;
#1725 = EDGE_CURVE ( 'NONE', #1781, #1715, #3935, .T. ) ;
#1726 = EDGE_CURVE ( 'NONE', #1744, #1754, #3916, .T. ) ;
#1727 = ORIENTED_EDGE ( 'NONE', *, *, #1728, .F. ) ;
#1728 = EDGE_CURVE ( 'NONE', #1729, #1754, #3909, .T. ) ;
#1729 = VERTEX_POINT ( 'NONE', #3905 ) ;
#1730 = ORIENTED_EDGE ( 'NONE', *, *, #1731, .F. ) ;
#1731 = EDGE_CURVE ( 'NONE', #1732, #1729, #3903, .T. ) ;
#1732 = VERTEX_POINT ( 'NONE', #4004 ) ;
#1733 = ORIENTED_EDGE ( 'NONE', *, *, #1734, .T. ) ;
#1734 = EDGE_CURVE ( 'NONE', #1732, #1735, #3999, .T. ) ;
#1735 = VERTEX_POINT ( 'NONE', #3994 ) ;
#1736 = ORIENTED_EDGE ( 'NONE', *, *, #1737, .T. ) ;
#1737 = EDGE_CURVE ( 'NONE', #1735, #1747, #3987, .T. ) ;
#1738 = ADVANCED_FACE ( 'NONE', ( #3976 ), #4063, .T. ) ;
#1739 = EDGE_LOOP ( 'NONE', ( #1795, #1713, #1716, #1719 ) ) ;
#1740 = EDGE_CURVE ( 'NONE', #1687, #1741, #4054, .T. ) ;
#1741 = VERTEX_POINT ( 'NONE', #4045 ) ;
#1742 = ORIENTED_EDGE ( 'NONE', *, *, #1743, .T. ) ;
#1743 = EDGE_CURVE ( 'NONE', #1741, #1744, #4038, .T. ) ;
#1744 = VERTEX_POINT ( 'NONE', #4033 ) ;
#1745 = ORIENTED_EDGE ( 'NONE', *, *, #1746, .F. ) ;
#1746 = EDGE_CURVE ( 'NONE', #1747, #1744, #4031, .T. ) ;
#1747 = VERTEX_POINT ( 'NONE', #4026 ) ;
#1748 = ORIENTED_EDGE ( 'NONE', *, *, #1749, .T. ) ;
#1749 = EDGE_CURVE ( 'NONE', #1747, #1687, #4023, .T. ) ;
#1750 = ADVANCED_FACE ( 'NONE', ( #4018 ), #4095, .T. ) ;
#1751 = EDGE_LOOP ( 'NONE', ( #1752, #1753, #1727, #1730, #1733, #1736 ) ) ;
#1752 = ORIENTED_EDGE ( 'NONE', *, *, #1746, .T. ) ;
#1753 = ORIENTED_EDGE ( 'NONE', *, *, #1726, .T. ) ;
#1754 = VERTEX_POINT ( 'NONE', #4088 ) ;
#1755 =( NAMED_UNIT ( * ) PLANE_ANGLE_UNIT ( ) SI_UNIT ( $, .RADIAN. ) );
#1756 = VERTEX_POINT ( 'NONE', #4087 ) ;
#1757 = ORIENTED_EDGE ( 'NONE', *, *, #1758, .F. ) ;
#1758 = EDGE_CURVE ( 'NONE', #1759, #1756, #4085, .T. ) ;
#1759 = VERTEX_POINT ( 'NONE', #4080 ) ;
#1760 = ORIENTED_EDGE ( 'NONE', *, *, #1761, .T. ) ;
#1761 = EDGE_CURVE ( 'NONE', #1759, #1777, #4074, .T. ) ;
#1762 = ADVANCED_FACE ( 'NONE', ( #4075 ), #4146, .T. ) ;
#1763 = EDGE_LOOP ( 'NONE', ( #1764, #931, #1821, #1823, #1824, #1827 ) ) ;
#1764 = ORIENTED_EDGE ( 'NONE', *, *, #1765, .F. ) ;
#1765 = EDGE_CURVE ( 'NONE', #916, #233, #4144, .T. ) ;
#1766 = VERTEX_POINT ( 'NONE', #4123 ) ;
#1767 = ORIENTED_EDGE ( 'NONE', *, *, #1768, .T. ) ;
#1768 = EDGE_CURVE ( 'NONE', #1766, #1784, #4119, .T. ) ;
#1769 = ADVANCED_FACE ( 'NONE', ( #4224 ), #4194, .T. ) ;
#1770 = EDGE_LOOP ( 'NONE', ( #1771, #1772, #1775, #1778 ) ) ;
#1771 = ORIENTED_EDGE ( 'NONE', *, *, #1794, .T. ) ;
#1772 = ORIENTED_EDGE ( 'NONE', *, *, #1773, .F. ) ;
#1773 = EDGE_CURVE ( 'NONE', #1774, #1792, #4192, .T. ) ;
#1774 = VERTEX_POINT ( 'NONE', #4180 ) ;
#1775 = ORIENTED_EDGE ( 'NONE', *, *, #1776, .F. ) ;
#1776 = EDGE_CURVE ( 'NONE', #1777, #1774, #4284, .T. ) ;
#1777 = VERTEX_POINT ( 'NONE', #4278 ) ;
#1778 = ORIENTED_EDGE ( 'NONE', *, *, #1779, .T. ) ;
#1779 = EDGE_CURVE ( 'NONE', #1777, #1766, #4273, .T. ) ;
#1780 = ADVANCED_FACE ( 'NONE', ( #4267 ), #4229, .T. ) ;
#1781 = VERTEX_POINT ( 'NONE', #4334 ) ;
#1782 = ORIENTED_EDGE ( 'NONE', *, *, #1783, .F. ) ;
#1783 = EDGE_CURVE ( 'NONE', #1784, #1781, #4328, .T. ) ;
#1784 = VERTEX_POINT ( 'NONE', #4323 ) ;
#1785 = ORIENTED_EDGE ( 'NONE', *, *, #1786, .T. ) ;
#1786 = EDGE_CURVE ( 'NONE', #1784, #1718, #4319, .T. ) ;
#1787 = ADVANCED_FACE ( 'NONE', ( #4314 ), #4287, .T. ) ;
#1788 = EDGE_LOOP ( 'NONE', ( #1789, #1790, #1793, #1767 ) ) ;
#1789 = ORIENTED_EDGE ( 'NONE', *, *, #1783, .T. ) ;
#1790 = ORIENTED_EDGE ( 'NONE', *, *, #1791, .F. ) ;
#1791 = EDGE_CURVE ( 'NONE', #1792, #1781, #4382, .T. ) ;
#1792 = VERTEX_POINT ( 'NONE', #4373 ) ;
#1793 = ORIENTED_EDGE ( 'NONE', *, *, #1794, .F. ) ;
#1794 = EDGE_CURVE ( 'NONE', #1766, #1792, #4369, .T. ) ;
#1795 = ORIENTED_EDGE ( 'NONE', *, *, #1731, .T. ) ;
#1796 = ADVANCED_FACE ( 'NONE', ( #4365 ), #4460, .T. ) ;
#1797 = EDGE_LOOP ( 'NONE', ( #1798, #1799, #1802, #1861 ) ) ;
#1798 = ORIENTED_EDGE ( 'NONE', *, *, #1813, .T. ) ;
#1799 = ORIENTED_EDGE ( 'NONE', *, *, #1800, .T. ) ;
#1800 = EDGE_CURVE ( 'NONE', #1815, #1801, #4451, .T. ) ;
#1801 = VERTEX_POINT ( 'NONE', #4442 ) ;
#1802 = ORIENTED_EDGE ( 'NONE', *, *, #1803, .F. ) ;
#1803 = EDGE_CURVE ( 'NONE', #1860, #1801, #4440, .T. ) ;
#1804 = VERTEX_POINT ( 'NONE', #4432 ) ;
#1805 = ORIENTED_EDGE ( 'NONE', *, *, #1806, .T. ) ;
#1806 = EDGE_CURVE ( 'NONE', #1804, #916, #4430, .T. ) ;
#1807 = ORIENTED_EDGE ( 'NONE', *, *, #1765, .T. ) ;
#1808 = ORIENTED_EDGE ( 'NONE', *, *, #1809, .T. ) ;
#1809 = EDGE_CURVE ( 'NONE', #233, #1833, #4418, .T. ) ;
#1810 = ADVANCED_FACE ( 'NONE', ( #4408 ), #4504, .T. ) ;
#1811 = EDGE_LOOP ( 'NONE', ( #1812, #1816, #1874, #1877 ) ) ;
#1812 = ORIENTED_EDGE ( 'NONE', *, *, #1813, .F. ) ;
#1813 = EDGE_CURVE ( 'NONE', #1814, #1815, #4499, .T. ) ;
#1814 = VERTEX_POINT ( 'NONE', #4486 ) ;
#1815 = VERTEX_POINT ( 'NONE', #4483 ) ;
#1816 = ORIENTED_EDGE ( 'NONE', *, *, #1817, .T. ) ;
#1817 = EDGE_CURVE ( 'NONE', #1814, #1818, #4479, .T. ) ;
#1818 = VERTEX_POINT ( 'NONE', #4473 ) ;
#1819 = EDGE_CURVE ( 'NONE', #916, #1820, #4466, .T. ) ;
#1820 = VERTEX_POINT ( 'NONE', #4568 ) ;
#1821 = ORIENTED_EDGE ( 'NONE', *, *, #1822, .T. ) ;
#1822 = EDGE_CURVE ( 'NONE', #1820, #1759, #4559, .T. ) ;
#1823 = ORIENTED_EDGE ( 'NONE', *, *, #1758, .T. ) ;
#1824 = ORIENTED_EDGE ( 'NONE', *, *, #1825, .F. ) ;
#1825 = EDGE_CURVE ( 'NONE', #1826, #1756, #4552, .T. ) ;
#1826 = VERTEX_POINT ( 'NONE', #4547 ) ;
#1827 = ORIENTED_EDGE ( 'NONE', *, *, #1828, .T. ) ;
#1828 = EDGE_CURVE ( 'NONE', #1826, #233, #4543, .T. ) ;
#1829 = ADVANCED_FACE ( 'NONE', ( #4538 ), #4623, .T. ) ;
#1830 = EDGE_LOOP ( 'NONE', ( #1831, #1805, #1807, #1808 ) ) ;
#1831 = ORIENTED_EDGE ( 'NONE', *, *, #1832, .T. ) ;
#1832 = EDGE_CURVE ( 'NONE', #1833, #1804, #4621, .T. ) ;
#1833 = VERTEX_POINT ( 'NONE', #4611 ) ;
#1834 = EDGE_LOOP ( 'NONE', ( #1835, #1836, #1757, #1760 ) ) ;
#1835 = ORIENTED_EDGE ( 'NONE', *, *, #1776, .T. ) ;
#1836 = ORIENTED_EDGE ( 'NONE', *, *, #1837, .F. ) ;
#1837 = EDGE_CURVE ( 'NONE', #1756, #1774, #4607, .T. ) ;
#1838 = EDGE_LOOP ( 'NONE', ( #1839, #1843, #1845, #1905, #1906, #1907, #1908, #1909, #1910, #1911, #1914, #1892, #1895, #1898, #1901, #1904 ) ) ;
#1839 = ORIENTED_EDGE ( 'NONE', *, *, #1840, .T. ) ;
#1840 = EDGE_CURVE ( 'NONE', #1841, #1842, #4598, .T. ) ;
#1841 = VERTEX_POINT ( 'NONE', #4591 ) ;
#1842 = VERTEX_POINT ( 'NONE', #4589 ) ;
#1843 = ORIENTED_EDGE ( 'NONE', *, *, #1844, .T. ) ;
#1844 = EDGE_CURVE ( 'NONE', #1842, #1735, #4585, .T. ) ;
#1845 = ORIENTED_EDGE ( 'NONE', *, *, #1734, .F. ) ;
#1846 = ADVANCED_FACE ( 'NONE', ( #4580 ), #4652, .T. ) ;
#1847 = EDGE_LOOP ( 'NONE', ( #1848, #1849, #1852, #1855 ) ) ;
#1848 = ORIENTED_EDGE ( 'NONE', *, *, #1870, .T. ) ;
#1849 = ORIENTED_EDGE ( 'NONE', *, *, #1850, .T. ) ;
#1850 = EDGE_CURVE ( 'NONE', #1868, #1851, #4650, .T. ) ;
#1851 = VERTEX_POINT ( 'NONE', #4640 ) ;
#1852 = ORIENTED_EDGE ( 'NONE', *, *, #1853, .F. ) ;
#1853 = EDGE_CURVE ( 'NONE', #1854, #1851, #4635, .T. ) ;
#1854 = VERTEX_POINT ( 'NONE', #4627 ) ;
#1855 = ORIENTED_EDGE ( 'NONE', *, *, #1856, .T. ) ;
#1856 = EDGE_CURVE ( 'NONE', #1854, #1871, #4737, .T. ) ;
#1857 = ADVANCED_FACE ( 'NONE', ( #4730 ), #4689, .T. ) ;
#1858 = EDGE_LOOP ( 'NONE', ( #1859, #1916, #1918, #1919 ) ) ;
#1859 = ORIENTED_EDGE ( 'NONE', *, *, #1853, .T. ) ;
#1860 = VERTEX_POINT ( 'NONE', #4799 ) ;
#1861 = ORIENTED_EDGE ( 'NONE', *, *, #1862, .T. ) ;
#1862 = EDGE_CURVE ( 'NONE', #1860, #1814, #4793, .T. ) ;
#1863 = ADVANCED_FACE ( 'NONE', ( #4788 ), #4747, .T. ) ;
#1864 = EDGE_LOOP ( 'NONE', ( #1865, #1866, #1869, #1872 ) ) ;
#1865 = ORIENTED_EDGE ( 'NONE', *, *, #1803, .T. ) ;
#1866 = ORIENTED_EDGE ( 'NONE', *, *, #1867, .T. ) ;
#1867 = EDGE_CURVE ( 'NONE', #1801, #1868, #4748, .T. ) ;
#1868 = VERTEX_POINT ( 'NONE', #4850 ) ;
#1869 = ORIENTED_EDGE ( 'NONE', *, *, #1870, .F. ) ;
#1870 = EDGE_CURVE ( 'NONE', #1871, #1868, #4844, .T. ) ;
#1871 = VERTEX_POINT ( 'NONE', #4839 ) ;
#1872 = ORIENTED_EDGE ( 'NONE', *, *, #1873, .T. ) ;
#1873 = EDGE_CURVE ( 'NONE', #1871, #1860, #4835, .T. ) ;
#1874 = ORIENTED_EDGE ( 'NONE', *, *, #1875, .T. ) ;
#1875 = EDGE_CURVE ( 'NONE', #1818, #1876, #4826, .T. ) ;
#1876 = VERTEX_POINT ( 'NONE', #4820 ) ;
#1877 = ORIENTED_EDGE ( 'NONE', *, *, #1878, .T. ) ;
#1878 = EDGE_CURVE ( 'NONE', #1876, #1815, #4815, .T. ) ;
#1879 = SURFACE_STYLE_FILL_AREA ( #1880 ) ;
#1880 = FILL_AREA_STYLE ('',( #1881 ) ) ;
#1881 = FILL_AREA_STYLE_COLOUR ( '', #1882 ) ;
#1882 = COLOUR_RGB ( '',1.000000000000000000, 1.000000000000000000, 1.000000000000000000 ) ;
#1883 = FACE_OUTER_BOUND ( 'NONE', #17, .T. ) ;
#1884 = ORIENTED_EDGE ( 'NONE', *, *, #1587, .T. ) ;
#1885 = ORIENTED_EDGE ( 'NONE', *, *, #1561, .F. ) ;
#1886 = ADVANCED_FACE ( 'NONE', ( #4811 ), #4810, .T. ) ;
#1887 = EDGE_LOOP ( 'NONE', ( #1884, #1885, #863, #924 ) ) ;
#1888 = ORIENTED_EDGE ( 'NONE', *, *, #1578, .F. ) ;
#1889 = EDGE_CURVE ( 'NONE', #1579, #1548, #4913, .T. ) ;
#1890 = ORIENTED_EDGE ( 'NONE', *, *, #1889, .F. ) ;
#1891 = EDGE_CURVE ( 'NONE', #1913, #1915, #4898, .T. ) ;
#1892 = ORIENTED_EDGE ( 'NONE', *, *, #1893, .T. ) ;
#1893 = EDGE_CURVE ( 'NONE', #1915, #1894, #4892, .T. ) ;
#1894 = VERTEX_POINT ( 'NONE', #4887 ) ;
#1895 = ORIENTED_EDGE ( 'NONE', *, *, #1896, .T. ) ;
#1896 = EDGE_CURVE ( 'NONE', #1894, #1897, #4884, .T. ) ;
#1897 = VERTEX_POINT ( 'NONE', #4879 ) ;
#1898 = ORIENTED_EDGE ( 'NONE', *, *, #1899, .T. ) ;
#1899 = EDGE_CURVE ( 'NONE', #1897, #1900, #4876, .T. ) ;
#1900 = VERTEX_POINT ( 'NONE', #4871 ) ;
#1901 = ORIENTED_EDGE ( 'NONE', *, *, #1902, .T. ) ;
#1902 = EDGE_CURVE ( 'NONE', #1900, #1903, #4864, .T. ) ;
#1903 = VERTEX_POINT ( 'NONE', #4859 ) ;
#1904 = ORIENTED_EDGE ( 'NONE', *, *, #958, .T. ) ;
#1905 = ORIENTED_EDGE ( 'NONE', *, *, #1720, .F. ) ;
#1906 = ORIENTED_EDGE ( 'NONE', *, *, #1786, .F. ) ;
#1907 = ORIENTED_EDGE ( 'NONE', *, *, #1768, .F. ) ;
#1908 = ORIENTED_EDGE ( 'NONE', *, *, #1779, .F. ) ;
#1909 = ORIENTED_EDGE ( 'NONE', *, *, #1761, .F. ) ;
#1910 = ORIENTED_EDGE ( 'NONE', *, *, #1822, .F. ) ;
#1911 = ORIENTED_EDGE ( 'NONE', *, *, #1912, .T. ) ;
#1912 = EDGE_CURVE ( 'NONE', #1820, #1913, #4858, .T. ) ;
#1913 = VERTEX_POINT ( 'NONE', #4961 ) ;
#1914 = ORIENTED_EDGE ( 'NONE', *, *, #1891, .T. ) ;
#1915 = VERTEX_POINT ( 'NONE', #4960 ) ;
#1916 = ORIENTED_EDGE ( 'NONE', *, *, #1917, .T. ) ;
#1917 = EDGE_CURVE ( 'NONE', #1851, #1695, #4957, .T. ) ;
#1918 = ORIENTED_EDGE ( 'NONE', *, *, #1693, .F. ) ;
#1919 = ORIENTED_EDGE ( 'NONE', *, *, #1920, .T. ) ;
#1920 = EDGE_CURVE ( 'NONE', #1694, #1854, #4950, .T. ) ;
#1921 = ADVANCED_FACE ( 'NONE', ( #4943 ), #5015, .T. ) ;
#1922 =( LENGTH_UNIT ( ) NAMED_UNIT ( * ) SI_UNIT ( .MILLI., .METRE. ) );
#1923 = MECHANICAL_DESIGN_GEOMETRIC_PRESENTATION_REPRESENTATION (  '', ( #1925 ), #1972 ) ;
#1924 = PRESENTATION_LAYER_ASSIGNMENT (  '', '', ( #1925 ) ) ;
#1925 = STYLED_ITEM ( 'NONE', ( #1926 ), #8 ) ;
#1926 = PRESENTATION_STYLE_ASSIGNMENT (( #1927 ) ) ;
#1927 = SURFACE_STYLE_USAGE ( .BOTH. , #1928 ) ;
#1928 = SURFACE_SIDE_STYLE ('',( #1929 ) ) ;
#1929 = SURFACE_STYLE_FILL_AREA ( #1930 ) ;
#1930 = FILL_AREA_STYLE ('',( #1937 ) ) ;
#1931 = COLOUR_RGB ( '',1.000000000000000000, 1.000000000000000000, 1.000000000000000000 ) ;
#1932 = DIRECTION ( 'NONE',  ( -7.744301232039317900E-017, 0.0000000000000000000, -1.000000000000000000 ) ) ;
#1933 = DIRECTION ( 'NONE',  ( 1.000000000000000000, -0.0000000000000000000, -7.744301232039317900E-017 ) ) ;
#1934 = AXIS2_PLACEMENT_3D ( 'NONE', #1938, #1933, #1932 ) ;
#1935 = TOROIDAL_SURFACE ( 'NONE', #1934, 0.1249999999999998900, 0.02000000000000000000 ) ;
#1936 = FACE_OUTER_BOUND ( 'NONE', #12, .T. ) ;
#1937 = FILL_AREA_STYLE_COLOUR ( '', #1931 ) ;
#1938 = CARTESIAN_POINT ( 'NONE',  ( 0.4150000000000000900, 1.897353801849632800E-016, 1.516388554922439600 ) ) ;
#1939 =( GEOMETRIC_REPRESENTATION_CONTEXT ( 3 ) GLOBAL_UNCERTAINTY_ASSIGNED_CONTEXT ( ( #1940 ) ) GLOBAL_UNIT_ASSIGNED_CONTEXT ( ( #1943, #1942, #1941 ) ) REPRESENTATION_CONTEXT ( 'NONE', 'WORKASPACE' ) );
#1940 = UNCERTAINTY_MEASURE_WITH_UNIT (LENGTH_MEASURE( 1.000000000000000100E-005 ), #1943, 'distance_accuracy_value', 'NONE');
#1941 =( NAMED_UNIT ( * ) SI_UNIT ( $, .STERADIAN. ) SOLID_ANGLE_UNIT ( ) );
#1942 =( NAMED_UNIT ( * ) PLANE_ANGLE_UNIT ( ) SI_UNIT ( $, .RADIAN. ) );
#1943 =( LENGTH_UNIT ( ) NAMED_UNIT ( * ) SI_UNIT ( .MILLI., .METRE. ) );
#1944 = MECHANICAL_DESIGN_GEOMETRIC_PRESENTATION_REPRESENTATION (  '', ( #1946 ), #1939 ) ;
#1945 = PRESENTATION_LAYER_ASSIGNMENT (  '', '', ( #1946 ) ) ;
#1946 = STYLED_ITEM ( 'NONE', ( #1947 ), #3 ) ;
#1947 = PRESENTATION_STYLE_ASSIGNMENT (( #1948 ) ) ;
#1948 = SURFACE_STYLE_USAGE ( .BOTH. , #1949 ) ;
#1949 = SURFACE_SIDE_STYLE ('',( #1879 ) ) ;
#1950 =( LENGTH_UNIT ( ) NAMED_UNIT ( * ) SI_UNIT ( .MILLI., .METRE. ) );
#1951 = MECHANICAL_DESIGN_GEOMETRIC_PRESENTATION_REPRESENTATION (  '', ( #1953 ), #2002 ) ;
#1952 = PRESENTATION_LAYER_ASSIGNMENT (  '', '', ( #1953 ) ) ;
#1953 = STYLED_ITEM ( 'NONE', ( #1954 ), #19 ) ;
#1954 = PRESENTATION_STYLE_ASSIGNMENT (( #1955 ) ) ;
#1955 = SURFACE_STYLE_USAGE ( .BOTH. , #1956 ) ;
#1956 = SURFACE_SIDE_STYLE ('',( #1957 ) ) ;
#1957 = SURFACE_STYLE_FILL_AREA ( #1958 ) ;
#1958 = FILL_AREA_STYLE ('',( #1966 ) ) ;
#1959 = COLOUR_RGB ( '',1.000000000000000000, 1.000000000000000000, 1.000000000000000000 ) ;
#1960 = FACE_OUTER_BOUND ( 'NONE', #10, .T. ) ;
#1961 = DIRECTION ( 'NONE',  ( 0.0000000000000000000, -0.08715574274765453000, -0.9961946980917457700 ) ) ;
#1962 = DIRECTION ( 'NONE',  ( 0.0000000000000000000, -0.9961946980917459900, 0.08715574274765462700 ) ) ;
#1963 = CARTESIAN_POINT ( 'NONE',  ( 0.4150000000000000900, 0.01089446784345603200, 1.640912892183907800 ) ) ;
#1964 = AXIS2_PLACEMENT_3D ( 'NONE', #1963, #1962, #1961 ) ;
#1965 = CIRCLE ( 'NONE', #1964, 0.02000000000000001400 ) ;
#1966 = FILL_AREA_STYLE_COLOUR ( '', #1959 ) ;
#1967 = DIRECTION ( 'NONE',  ( 0.0000000000000000000, 0.0000000000000000000, 1.000000000000000000 ) ) ;
#1968 = DIRECTION ( 'NONE',  ( 0.0000000000000000000, 1.000000000000000000, 0.0000000000000000000 ) ) ;
#1969 = AXIS2_PLACEMENT_3D ( 'NONE', #1971, #1968, #1967 ) ;
#1970 = CYLINDRICAL_SURFACE ( 'NONE', #1969, 0.02000000000000005200 ) ;
#1971 = CARTESIAN_POINT ( 'NONE',  ( 0.2349999999999999600, 1.897353801849632800E-016, -1.980000000000000000 ) ) ;
#1972 =( GEOMETRIC_REPRESENTATION_CONTEXT ( 3 ) GLOBAL_UNCERTAINTY_ASSIGNED_CONTEXT ( ( #1973 ) ) GLOBAL_UNIT_ASSIGNED_CONTEXT ( ( #1922, #1975, #1974 ) ) REPRESENTATION_CONTEXT ( 'NONE', 'WORKASPACE' ) );
#1973 = UNCERTAINTY_MEASURE_WITH_UNIT (LENGTH_MEASURE( 1.000000000000000100E-005 ), #1922, 'distance_accuracy_value', 'NONE');
#1974 =( NAMED_UNIT ( * ) SI_UNIT ( $, .STERADIAN. ) SOLID_ANGLE_UNIT ( ) );
#1975 =( NAMED_UNIT ( * ) PLANE_ANGLE_UNIT ( ) SI_UNIT ( $, .RADIAN. ) );
#1976 = MECHANICAL_DESIGN_GEOMETRIC_PRESENTATION_REPRESENTATION (  '', ( #1978 ), #2028 ) ;
#1977 = PRESENTATION_LAYER_ASSIGNMENT (  '', '', ( #1978 ) ) ;
#1978 = STYLED_ITEM ( 'NONE', ( #1979 ), #27 ) ;
#1979 = PRESENTATION_STYLE_ASSIGNMENT (( #1980 ) ) ;
#1980 = SURFACE_STYLE_USAGE ( .BOTH. , #1981 ) ;
#1981 = SURFACE_SIDE_STYLE ('',( #1982 ) ) ;
#1982 = SURFACE_STYLE_FILL_AREA ( #1983 ) ;
#1983 = FILL_AREA_STYLE ('',( #1991 ) ) ;
#1984 = COLOUR_RGB ( '',1.000000000000000000, 1.000000000000000000, 1.000000000000000000 ) ;
#1985 = FACE_OUTER_BOUND ( 'NONE', #28, .T. ) ;
#1986 = DIRECTION ( 'NONE',  ( 5.421010862427523000E-015, 1.000000000000000000, 0.0000000000000000000 ) ) ;
#1987 = DIRECTION ( 'NONE',  ( -1.000000000000000000, 5.421010862427523000E-015, -0.0000000000000000000 ) ) ;
#1988 = CARTESIAN_POINT ( 'NONE',  ( 0.4149999999999998100, -0.4549999999999995700, -1.980000000000000000 ) ) ;
#1989 = AXIS2_PLACEMENT_3D ( 'NONE', #1988, #1987, #1986 ) ;
#1990 = CIRCLE ( 'NONE', #1989, 0.01999999999999999700 ) ;
#1991 = FILL_AREA_STYLE_COLOUR ( '', #1984 ) ;
#1992 = DIRECTION ( 'NONE',  ( 0.0000000000000000000, -1.000000000000000000, 1.084202172485504600E-014 ) ) ;
#1993 = DIRECTION ( 'NONE',  ( -0.0000000000000000000, 1.084202172485504600E-014, 1.000000000000000000 ) ) ;
#1994 = CARTESIAN_POINT ( 'NONE',  ( 0.4150000000000000900, 0.1250000000000001900, 1.516388554922438700 ) ) ;
#1995 = AXIS2_PLACEMENT_3D ( 'NONE', #1994, #1993, #1992 ) ;
#1996 = DIRECTION ( 'NONE',  ( -1.000000000000000000, 0.0000000000000000000, 0.0000000000000000000 ) ) ;
#1997 = DIRECTION ( 'NONE',  ( -7.744301232039317900E-017, -6.256159727961946200E-017, -1.000000000000000000 ) ) ;
#1998 = AXIS2_PLACEMENT_3D ( 'NONE', #2001, #1997, #1996 ) ;
#1999 = CYLINDRICAL_SURFACE ( 'NONE', #1998, 0.01999999999999999700 ) ;
#2000 = CIRCLE ( 'NONE', #1995, 0.01999999999999999700 ) ;
#2001 = CARTESIAN_POINT ( 'NONE',  ( 0.4149999999999998700, 0.1250000000000000000, -1.516388554922435200 ) ) ;
#2002 =( GEOMETRIC_REPRESENTATION_CONTEXT ( 3 ) GLOBAL_UNCERTAINTY_ASSIGNED_CONTEXT ( ( #2003 ) ) GLOBAL_UNIT_ASSIGNED_CONTEXT ( ( #1950, #2005, #2004 ) ) REPRESENTATION_CONTEXT ( 'NONE', 'WORKASPACE' ) );
#2003 = UNCERTAINTY_MEASURE_WITH_UNIT (LENGTH_MEASURE( 1.000000000000000100E-005 ), #1950, 'distance_accuracy_value', 'NONE');
#2004 =( NAMED_UNIT ( * ) SI_UNIT ( $, .STERADIAN. ) SOLID_ANGLE_UNIT ( ) );
#2005 =( NAMED_UNIT ( * ) PLANE_ANGLE_UNIT ( ) SI_UNIT ( $, .RADIAN. ) );
#2006 =( LENGTH_UNIT ( ) NAMED_UNIT ( * ) SI_UNIT ( .MILLI., .METRE. ) );
#2007 = MECHANICAL_DESIGN_GEOMETRIC_PRESENTATION_REPRESENTATION (  '', ( #2009 ), #2056 ) ;
#2008 = PRESENTATION_LAYER_ASSIGNMENT (  '', '', ( #2009 ) ) ;
#2009 = STYLED_ITEM ( 'NONE', ( #2010 ), #32 ) ;
#2010 = PRESENTATION_STYLE_ASSIGNMENT (( #2011 ) ) ;
#2011 = SURFACE_STYLE_USAGE ( .BOTH. , #2012 ) ;
#2012 = SURFACE_SIDE_STYLE ('',( #2013 ) ) ;
#2013 = SURFACE_STYLE_FILL_AREA ( #2014 ) ;
#2014 = FILL_AREA_STYLE ('',( #2021 ) ) ;
#2015 = COLOUR_RGB ( '',1.000000000000000000, 1.000000000000000000, 1.000000000000000000 ) ;
#2016 = FACE_OUTER_BOUND ( 'NONE', #9, .T. ) ;
#2017 = DIRECTION ( 'NONE',  ( 0.0000000000000000000, 0.0000000000000000000, 1.000000000000000000 ) ) ;
#2018 = DIRECTION ( 'NONE',  ( 0.0000000000000000000, 1.000000000000000000, 0.0000000000000000000 ) ) ;
#2019 = CARTESIAN_POINT ( 'NONE',  ( 0.2349999999999999600, -0.4549999999999995700, -1.980000000000000000 ) ) ;
#2020 = AXIS2_PLACEMENT_3D ( 'NONE', #2019, #2018, #2017 ) ;
#2021 = FILL_AREA_STYLE_COLOUR ( '', #2015 ) ;
#2022 = DIRECTION ( 'NONE',  ( 0.0000000000000000000, 0.0000000000000000000, 1.000000000000000000 ) ) ;
#2023 = DIRECTION ( 'NONE',  ( -1.000000000000000000, 0.0000000000000000000, 7.744301232039317900E-017 ) ) ;
#2024 = AXIS2_PLACEMENT_3D ( 'NONE', #2027, #2023, #2022 ) ;
#2025 = CYLINDRICAL_SURFACE ( 'NONE', #2024, 0.02000000000000005200 ) ;
#2026 = CIRCLE ( 'NONE', #2020, 0.02000000000000005200 ) ;
#2027 = CARTESIAN_POINT ( 'NONE',  ( 0.4349999999999999400, -0.4549999999999995700, -1.980000000000000000 ) ) ;
#2028 =( GEOMETRIC_REPRESENTATION_CONTEXT ( 3 ) GLOBAL_UNCERTAINTY_ASSIGNED_CONTEXT ( ( #2029 ) ) GLOBAL_UNIT_ASSIGNED_CONTEXT ( ( #2032, #2031, #2030 ) ) REPRESENTATION_CONTEXT ( 'NONE', 'WORKASPACE' ) );
#2029 = UNCERTAINTY_MEASURE_WITH_UNIT (LENGTH_MEASURE( 1.000000000000000100E-005 ), #2032, 'distance_accuracy_value', 'NONE');
#2030 =( NAMED_UNIT ( * ) SI_UNIT ( $, .STERADIAN. ) SOLID_ANGLE_UNIT ( ) );
#2031 =( NAMED_UNIT ( * ) PLANE_ANGLE_UNIT ( ) SI_UNIT ( $, .RADIAN. ) );
#2032 =( LENGTH_UNIT ( ) NAMED_UNIT ( * ) SI_UNIT ( .MILLI., .METRE. ) );
#2033 =( NAMED_UNIT ( * ) PLANE_ANGLE_UNIT ( ) SI_UNIT ( $, .RADIAN. ) );
#2034 =( LENGTH_UNIT ( ) NAMED_UNIT ( * ) SI_UNIT ( .MILLI., .METRE. ) );
#2035 = MECHANICAL_DESIGN_GEOMETRIC_PRESENTATION_REPRESENTATION (  '', ( #2037 ), #2079 ) ;
#2036 = PRESENTATION_LAYER_ASSIGNMENT (  '', '', ( #2037 ) ) ;
#2037 = STYLED_ITEM ( 'NONE', ( #2038 ), #40 ) ;
#2038 = PRESENTATION_STYLE_ASSIGNMENT (( #2039 ) ) ;
#2039 = SURFACE_STYLE_USAGE ( .BOTH. , #2040 ) ;
#2040 = SURFACE_SIDE_STYLE ('',( #2041 ) ) ;
#2041 = SURFACE_STYLE_FILL_AREA ( #2042 ) ;
#2042 = FILL_AREA_STYLE ('',( #2049 ) ) ;
#2043 = COLOUR_RGB ( '',1.000000000000000000, 1.000000000000000000, 1.000000000000000000 ) ;
#2044 = FACE_OUTER_BOUND ( 'NONE', #49, .T. ) ;
#2045 = DIRECTION ( 'NONE',  ( 0.0000000000000000000, 0.0000000000000000000, 1.000000000000000000 ) ) ;
#2046 = DIRECTION ( 'NONE',  ( -1.000000000000000000, 0.0000000000000000000, 0.0000000000000000000 ) ) ;
#2047 = CARTESIAN_POINT ( 'NONE',  ( 0.2349999999999999600, -0.4549999999999995700, -1.980000000000000000 ) ) ;
#2048 = AXIS2_PLACEMENT_3D ( 'NONE', #2047, #2046, #2045 ) ;
#2049 = FILL_AREA_STYLE_COLOUR ( '', #2043 ) ;
#2050 = DIRECTION ( 'NONE',  ( 0.0000000000000000000, 0.08715574274765444700, 0.9961946980917457700 ) ) ;
#2051 = DIRECTION ( 'NONE',  ( -6.749603259399640800E-018, 0.9961946980917458800, -0.08715574274765469600 ) ) ;
#2052 = AXIS2_PLACEMENT_3D ( 'NONE', #2055, #2051, #2050 ) ;
#2053 = CYLINDRICAL_SURFACE ( 'NONE', #2052, 0.02000000000000001400 ) ;
#2054 = CIRCLE ( 'NONE', #2048, 0.02000000000000005200 ) ;
#2055 = CARTESIAN_POINT ( 'NONE',  ( 0.4150000000000000900, -0.4367431148549524900, 1.680076106038165300 ) ) ;
#2056 =( GEOMETRIC_REPRESENTATION_CONTEXT ( 3 ) GLOBAL_UNCERTAINTY_ASSIGNED_CONTEXT ( ( #2057 ) ) GLOBAL_UNIT_ASSIGNED_CONTEXT ( ( #2006, #2059, #2058 ) ) REPRESENTATION_CONTEXT ( 'NONE', 'WORKASPACE' ) );
#2057 = UNCERTAINTY_MEASURE_WITH_UNIT (LENGTH_MEASURE( 1.000000000000000100E-005 ), #2006, 'distance_accuracy_value', 'NONE');
#2058 =( NAMED_UNIT ( * ) SI_UNIT ( $, .STERADIAN. ) SOLID_ANGLE_UNIT ( ) );
#2059 =( NAMED_UNIT ( * ) PLANE_ANGLE_UNIT ( ) SI_UNIT ( $, .RADIAN. ) );
#2060 = FILL_AREA_STYLE_COLOUR ( '', #2062 ) ;
#2061 =( BOUNDED_CURVE ( )  B_SPLINE_CURVE ( 3, ( #2103, #2102, #2101, #2100 ),
 .UNSPECIFIED., .F., .T. ) 
 B_SPLINE_CURVE_WITH_KNOTS ( ( 4, 4 ),
 ( 4.712388980384689700, 6.283185307179580900 ),
 .UNSPECIFIED. ) 
 CURVE ( )  GEOMETRIC_REPRESENTATION_ITEM ( )  RATIONAL_B_SPLINE_CURVE ( ( 1.000000000000000000, 0.8047378541243662700, 0.8047378541243662700, 1.000000000000000000 ) ) 
 REPRESENTATION_ITEM ( '' )  );
#2062 = COLOUR_RGB ( '',1.000000000000000000, 1.000000000000000000, 1.000000000000000000 ) ;
#2063 = FACE_OUTER_BOUND ( 'NONE', #44, .T. ) ;
#2064 = DIRECTION ( 'NONE',  ( 0.0000000000000000000, 0.0000000000000000000, 1.000000000000000000 ) ) ;
#2065 = DIRECTION ( 'NONE',  ( 0.0000000000000000000, 1.000000000000000000, 0.0000000000000000000 ) ) ;
#2066 = CARTESIAN_POINT ( 'NONE',  ( 0.4150000000000000900, -0.4549999999999995200, 1.980000000000000000 ) ) ;
#2067 = AXIS2_PLACEMENT_3D ( 'NONE', #2066, #2065, #2064 ) ;
#2068 = CIRCLE ( 'NONE', #2067, 0.02000000000000005200 ) ;
#2069 = DIRECTION ( 'NONE',  ( 1.000000000000000000, 0.0000000000000000000, 0.0000000000000000000 ) ) ;
#2070 = DIRECTION ( 'NONE',  ( 0.0000000000000000000, 0.0000000000000000000, 1.000000000000000000 ) ) ;
#2071 = CARTESIAN_POINT ( 'NONE',  ( 0.4150000000000000900, -0.4549999999999995200, 1.980000000000000000 ) ) ;
#2072 = AXIS2_PLACEMENT_3D ( 'NONE', #2071, #2070, #2069 ) ;
#2073 = DIRECTION ( 'NONE',  ( 0.0000000000000000000, 0.0000000000000000000, 1.000000000000000000 ) ) ;
#2074 = DIRECTION ( 'NONE',  ( 0.0000000000000000000, 1.000000000000000000, 0.0000000000000000000 ) ) ;
#2075 = AXIS2_PLACEMENT_3D ( 'NONE', #2078, #2074, #2073 ) ;
#2076 = CYLINDRICAL_SURFACE ( 'NONE', #2075, 0.02000000000000005200 ) ;
#2077 = CIRCLE ( 'NONE', #2072, 0.01999999999999999700 ) ;
#2078 = CARTESIAN_POINT ( 'NONE',  ( 0.4150000000000000900, -0.5849999999999995200, 1.980000000000000000 ) ) ;
#2079 =( GEOMETRIC_REPRESENTATION_CONTEXT ( 3 ) GLOBAL_UNCERTAINTY_ASSIGNED_CONTEXT ( ( #2080 ) ) GLOBAL_UNIT_ASSIGNED_CONTEXT ( ( #2034, #2033, #2081 ) ) REPRESENTATION_CONTEXT ( 'NONE', 'WORKASPACE' ) );
#2080 = UNCERTAINTY_MEASURE_WITH_UNIT (LENGTH_MEASURE( 1.000000000000000100E-005 ), #2034, 'distance_accuracy_value', 'NONE');
#2081 =( NAMED_UNIT ( * ) SI_UNIT ( $, .STERADIAN. ) SOLID_ANGLE_UNIT ( ) );
#2082 = AXIS2_PLACEMENT_3D ( 'NONE', #2086, #2133, #2132 ) ;
#2083 = CYLINDRICAL_SURFACE ( 'NONE', #2082, 0.01999999999999999700 ) ;
#2084 = FACE_OUTER_BOUND ( 'NONE', #38, .T. ) ;
#2085 = FILL_AREA_STYLE_COLOUR ( '', #2131 ) ;
#2086 = CARTESIAN_POINT ( 'NONE',  ( 0.4150000000000000900, -0.4549999999999995200, 2.000000000000000000 ) ) ;
#2087 =( GEOMETRIC_REPRESENTATION_CONTEXT ( 3 ) GLOBAL_UNCERTAINTY_ASSIGNED_CONTEXT ( ( #2088 ) ) GLOBAL_UNIT_ASSIGNED_CONTEXT ( ( #2091, #2090, #2089 ) ) REPRESENTATION_CONTEXT ( 'NONE', 'WORKASPACE' ) );
#2088 = UNCERTAINTY_MEASURE_WITH_UNIT (LENGTH_MEASURE( 1.000000000000000100E-005 ), #2091, 'distance_accuracy_value', 'NONE');
#2089 =( NAMED_UNIT ( * ) SI_UNIT ( $, .STERADIAN. ) SOLID_ANGLE_UNIT ( ) );
#2090 =( NAMED_UNIT ( * ) PLANE_ANGLE_UNIT ( ) SI_UNIT ( $, .RADIAN. ) );
#2091 =( LENGTH_UNIT ( ) NAMED_UNIT ( * ) SI_UNIT ( .MILLI., .METRE. ) );
#2092 = MECHANICAL_DESIGN_GEOMETRIC_PRESENTATION_REPRESENTATION (  '', ( #2094 ), #2087 ) ;
#2093 = PRESENTATION_LAYER_ASSIGNMENT (  '', '', ( #2094 ) ) ;
#2094 = STYLED_ITEM ( 'NONE', ( #2095 ), #56 ) ;
#2095 = PRESENTATION_STYLE_ASSIGNMENT (( #2096 ) ) ;
#2096 = SURFACE_STYLE_USAGE ( .BOTH. , #2097 ) ;
#2097 = SURFACE_SIDE_STYLE ('',( #2098 ) ) ;
#2098 = SURFACE_STYLE_FILL_AREA ( #2099 ) ;
#2099 = FILL_AREA_STYLE ('',( #2060 ) ) ;
#2100 = CARTESIAN_POINT ( 'NONE',  ( 0.4150000000000002000, -0.4349999999999993900, 1.700000000000000200 ) ) ;
#2101 = CARTESIAN_POINT ( 'NONE',  ( 0.4267157287525382700, -0.4349999999999995000, 1.700000000000000200 ) ) ;
#2102 = CARTESIAN_POINT ( 'NONE',  ( 0.4350000000000001600, -0.4432842712474613400, 1.692408864001934400 ) ) ;
#2103 = CARTESIAN_POINT ( 'NONE',  ( 0.4350000000000001600, -0.4549999999999994000, 1.681673376519651700 ) ) ;
#2104 = FILL_AREA_STYLE ('',( #2111 ) ) ;
#2105 = COLOUR_RGB ( '',1.000000000000000000, 1.000000000000000000, 1.000000000000000000 ) ;
#2106 = FACE_OUTER_BOUND ( 'NONE', #61, .T. ) ;
#2107 = DIRECTION ( 'NONE',  ( -1.000000000000000000, 0.0000000000000000000, 0.0000000000000000000 ) ) ;
#2108 = DIRECTION ( 'NONE',  ( -0.0000000000000000000, -0.0000000000000000000, 1.000000000000000000 ) ) ;
#2109 = CARTESIAN_POINT ( 'NONE',  ( 0.2349999999999999600, -0.4549999999999995700, -1.980000000000000000 ) ) ;
#2110 = AXIS2_PLACEMENT_3D ( 'NONE', #2109, #2108, #2107 ) ;
#2111 = FILL_AREA_STYLE_COLOUR ( '', #2105 ) ;
#2112 = DIRECTION ( 'NONE',  ( 1.000000000000000000, 0.0000000000000000000, 0.0000000000000000000 ) ) ;
#2113 = DIRECTION ( 'NONE',  ( 0.0000000000000000000, 1.000000000000000000, 0.0000000000000000000 ) ) ;
#2114 = AXIS2_PLACEMENT_3D ( 'NONE', #2117, #2113, #2112 ) ;
#2115 = SPHERICAL_SURFACE ( 'NONE', #2114, 0.02000000000000000000 ) ;
#2116 = CIRCLE ( 'NONE', #2110, 0.01999999999999999700 ) ;
#2117 = CARTESIAN_POINT ( 'NONE',  ( 0.2349999999999999600, -0.4549999999999995700, -1.980000000000000000 ) ) ;
#2118 =( GEOMETRIC_REPRESENTATION_CONTEXT ( 3 ) GLOBAL_UNCERTAINTY_ASSIGNED_CONTEXT ( ( #2119 ) ) GLOBAL_UNIT_ASSIGNED_CONTEXT ( ( #2122, #2121, #2120 ) ) REPRESENTATION_CONTEXT ( 'NONE', 'WORKASPACE' ) );
#2119 = UNCERTAINTY_MEASURE_WITH_UNIT (LENGTH_MEASURE( 1.000000000000000100E-005 ), #2122, 'distance_accuracy_value', 'NONE');
#2120 =( NAMED_UNIT ( * ) SI_UNIT ( $, .STERADIAN. ) SOLID_ANGLE_UNIT ( ) );
#2121 =( NAMED_UNIT ( * ) PLANE_ANGLE_UNIT ( ) SI_UNIT ( $, .RADIAN. ) );
#2122 =( LENGTH_UNIT ( ) NAMED_UNIT ( * ) SI_UNIT ( .MILLI., .METRE. ) );
#2123 = MECHANICAL_DESIGN_GEOMETRIC_PRESENTATION_REPRESENTATION (  '', ( #2125 ), #2118 ) ;
#2124 = PRESENTATION_LAYER_ASSIGNMENT (  '', '', ( #2125 ) ) ;
#2125 = STYLED_ITEM ( 'NONE', ( #2126 ), #57 ) ;
#2126 = PRESENTATION_STYLE_ASSIGNMENT (( #2127 ) ) ;
#2127 = SURFACE_STYLE_USAGE ( .BOTH. , #2128 ) ;
#2128 = SURFACE_SIDE_STYLE ('',( #2129 ) ) ;
#2129 = SURFACE_STYLE_FILL_AREA ( #2130 ) ;
#2130 = FILL_AREA_STYLE ('',( #2085 ) ) ;
#2131 = COLOUR_RGB ( '',1.000000000000000000, 1.000000000000000000, 1.000000000000000000 ) ;
#2132 = DIRECTION ( 'NONE',  ( 0.0000000000000000000, 1.000000000000000000, 0.0000000000000000000 ) ) ;
#2133 = DIRECTION ( 'NONE',  ( -7.744301232039317900E-017, 3.614007241618349300E-016, -1.000000000000000000 ) ) ;
#2134 = FILL_AREA_STYLE_COLOUR ( '', #2136 ) ;
#2135 =( BOUNDED_CURVE ( )  B_SPLINE_CURVE ( 3, ( #2177, #2176, #2175, #2174 ),
 .UNSPECIFIED., .F., .T. ) 
 B_SPLINE_CURVE_WITH_KNOTS ( ( 4, 4 ),
 ( 3.141592653589793100, 4.712388980384689700 ),
 .UNSPECIFIED. ) 
 CURVE ( )  GEOMETRIC_REPRESENTATION_ITEM ( )  RATIONAL_B_SPLINE_CURVE ( ( 1.000000000000000000, 0.8047378541243649400, 0.8047378541243649400, 1.000000000000000000 ) ) 
 REPRESENTATION_ITEM ( '' )  );
#2136 = COLOUR_RGB ( '',1.000000000000000000, 1.000000000000000000, 1.000000000000000000 ) ;
#2137 = FACE_OUTER_BOUND ( 'NONE', #36, .T. ) ;
#2138 = DIRECTION ( 'NONE',  ( 1.000000000000000000, 0.0000000000000000000, 0.0000000000000000000 ) ) ;
#2139 = DIRECTION ( 'NONE',  ( 0.0000000000000000000, 1.000000000000000000, 0.0000000000000000000 ) ) ;
#2140 = AXIS2_PLACEMENT_3D ( 'NONE', #2142, #2139, #2138 ) ;
#2141 = SPHERICAL_SURFACE ( 'NONE', #2140, 0.02000000000000000000 ) ;
#2142 = CARTESIAN_POINT ( 'NONE',  ( 0.4150000000000002000, -0.4549999999999995200, 1.980000000000000000 ) ) ;
#2143 =( GEOMETRIC_REPRESENTATION_CONTEXT ( 3 ) GLOBAL_UNCERTAINTY_ASSIGNED_CONTEXT ( ( #2144 ) ) GLOBAL_UNIT_ASSIGNED_CONTEXT ( ( #2147, #2146, #2145 ) ) REPRESENTATION_CONTEXT ( 'NONE', 'WORKASPACE' ) );
#2144 = UNCERTAINTY_MEASURE_WITH_UNIT (LENGTH_MEASURE( 1.000000000000000100E-005 ), #2147, 'distance_accuracy_value', 'NONE');
#2145 =( NAMED_UNIT ( * ) SI_UNIT ( $, .STERADIAN. ) SOLID_ANGLE_UNIT ( ) );
#2146 =( NAMED_UNIT ( * ) PLANE_ANGLE_UNIT ( ) SI_UNIT ( $, .RADIAN. ) );
#2147 =( LENGTH_UNIT ( ) NAMED_UNIT ( * ) SI_UNIT ( .MILLI., .METRE. ) );
#2148 = MECHANICAL_DESIGN_GEOMETRIC_PRESENTATION_REPRESENTATION (  '', ( #2150 ), #2143 ) ;
#2149 = PRESENTATION_LAYER_ASSIGNMENT (  '', '', ( #2150 ) ) ;
#2150 = STYLED_ITEM ( 'NONE', ( #2151 ), #64 ) ;
#2151 = PRESENTATION_STYLE_ASSIGNMENT (( #2152 ) ) ;
#2152 = SURFACE_STYLE_USAGE ( .BOTH. , #2153 ) ;
#2153 = SURFACE_SIDE_STYLE ('',( #2154 ) ) ;
#2154 = SURFACE_STYLE_FILL_AREA ( #2104 ) ;
#2155 = CARTESIAN_POINT ( 'NONE',  ( 0.2349999999999999600, 0.01089446784345676600, -1.640912892183904500 ) ) ;
#2156 = DIRECTION ( 'NONE',  ( 0.0000000000000000000, -1.000000000000000000, 0.0000000000000000000 ) ) ;
#2157 = DIRECTION ( 'NONE',  ( 7.744301232039317900E-017, -2.168404344971009700E-015, 1.000000000000000000 ) ) ;
#2158 = AXIS2_PLACEMENT_3D ( 'NONE', #2160, #2157, #2156 ) ;
#2159 = CYLINDRICAL_SURFACE ( 'NONE', #2158, 0.01999999999999999700 ) ;
#2160 = CARTESIAN_POINT ( 'NONE',  ( 0.2350000000000001800, -0.4550000000000071800, 1.516388554922438500 ) ) ;
#2161 =( GEOMETRIC_REPRESENTATION_CONTEXT ( 3 ) GLOBAL_UNCERTAINTY_ASSIGNED_CONTEXT ( ( #2162 ) ) GLOBAL_UNIT_ASSIGNED_CONTEXT ( ( #2165, #2164, #2163 ) ) REPRESENTATION_CONTEXT ( 'NONE', 'WORKASPACE' ) );
#2162 = UNCERTAINTY_MEASURE_WITH_UNIT (LENGTH_MEASURE( 1.000000000000000100E-005 ), #2165, 'distance_accuracy_value', 'NONE');
#2163 =( NAMED_UNIT ( * ) SI_UNIT ( $, .STERADIAN. ) SOLID_ANGLE_UNIT ( ) );
#2164 =( NAMED_UNIT ( * ) PLANE_ANGLE_UNIT ( ) SI_UNIT ( $, .RADIAN. ) );
#2165 =( LENGTH_UNIT ( ) NAMED_UNIT ( * ) SI_UNIT ( .MILLI., .METRE. ) );
#2166 = MECHANICAL_DESIGN_GEOMETRIC_PRESENTATION_REPRESENTATION (  '', ( #2168 ), #2161 ) ;
#2167 = PRESENTATION_LAYER_ASSIGNMENT (  '', '', ( #2168 ) ) ;
#2168 = STYLED_ITEM ( 'NONE', ( #2169 ), #71 ) ;
#2169 = PRESENTATION_STYLE_ASSIGNMENT (( #2170 ) ) ;
#2170 = SURFACE_STYLE_USAGE ( .BOTH. , #2171 ) ;
#2171 = SURFACE_SIDE_STYLE ('',( #2172 ) ) ;
#2172 = SURFACE_STYLE_FILL_AREA ( #2173 ) ;
#2173 = FILL_AREA_STYLE ('',( #2134 ) ) ;
#2174 = CARTESIAN_POINT ( 'NONE',  ( 0.2149999999999999100, -0.4550000000000002400, -1.681673376519651700 ) ) ;
#2175 = CARTESIAN_POINT ( 'NONE',  ( 0.2149999999999999700, -0.4432842712474621700, -1.692408864001934400 ) ) ;
#2176 = CARTESIAN_POINT ( 'NONE',  ( 0.2232842712474618600, -0.4350000000000002200, -1.700000000000000200 ) ) ;
#2177 = CARTESIAN_POINT ( 'NONE',  ( 0.2349999999999999600, -0.4350000000000001600, -1.700000000000000200 ) ) ;
#2178 = DIRECTION ( 'NONE',  ( 0.0000000000000000000, 0.0000000000000000000, 1.000000000000000000 ) ) ;
#2179 = DIRECTION ( 'NONE',  ( -1.000000000000000000, 0.0000000000000000000, 7.744301232039317900E-017 ) ) ;
#2180 = AXIS2_PLACEMENT_3D ( 'NONE', #2182, #2179, #2178 ) ;
#2181 = CYLINDRICAL_SURFACE ( 'NONE', #2180, 0.02000000000000005200 ) ;
#2182 = CARTESIAN_POINT ( 'NONE',  ( 0.4350000000000001600, -0.4549999999999995200, 1.980000000000000000 ) ) ;
#2183 =( GEOMETRIC_REPRESENTATION_CONTEXT ( 3 ) GLOBAL_UNCERTAINTY_ASSIGNED_CONTEXT ( ( #2184 ) ) GLOBAL_UNIT_ASSIGNED_CONTEXT ( ( #2187, #2186, #2185 ) ) REPRESENTATION_CONTEXT ( 'NONE', 'WORKASPACE' ) );
#2184 = UNCERTAINTY_MEASURE_WITH_UNIT (LENGTH_MEASURE( 1.000000000000000100E-005 ), #2187, 'distance_accuracy_value', 'NONE');
#2185 =( NAMED_UNIT ( * ) SI_UNIT ( $, .STERADIAN. ) SOLID_ANGLE_UNIT ( ) );
#2186 =( NAMED_UNIT ( * ) PLANE_ANGLE_UNIT ( ) SI_UNIT ( $, .RADIAN. ) );
#2187 =( LENGTH_UNIT ( ) NAMED_UNIT ( * ) SI_UNIT ( .MILLI., .METRE. ) );
#2188 = MECHANICAL_DESIGN_GEOMETRIC_PRESENTATION_REPRESENTATION (  '', ( #2190 ), #2183 ) ;
#2189 = PRESENTATION_LAYER_ASSIGNMENT (  '', '', ( #2190 ) ) ;
#2190 = STYLED_ITEM ( 'NONE', ( #2191 ), #81 ) ;
#2191 = PRESENTATION_STYLE_ASSIGNMENT (( #2192 ) ) ;
#2192 = SURFACE_STYLE_USAGE ( .BOTH. , #2193 ) ;
#2193 = SURFACE_SIDE_STYLE ('',( #2194 ) ) ;
#2194 = SURFACE_STYLE_FILL_AREA ( #2195 ) ;
#2195 = FILL_AREA_STYLE ('',( #2202 ) ) ;
#2196 = COLOUR_RGB ( '',1.000000000000000000, 1.000000000000000000, 1.000000000000000000 ) ;
#2197 = FACE_OUTER_BOUND ( 'NONE', #73, .T. ) ;
#2198 = DIRECTION ( 'NONE',  ( 0.0000000000000000000, -0.08715574274766142700, 0.9961946980917452100 ) ) ;
#2199 = DIRECTION ( 'NONE',  ( 6.497334929960927000E-015, 0.9961946980917453200, 0.08715574274766151000 ) ) ;
#2200 = AXIS2_PLACEMENT_3D ( 'NONE', #2155, #2199, #2198 ) ;
#2201 = CIRCLE ( 'NONE', #2200, 0.02000000000000002500 ) ;
#2202 = FILL_AREA_STYLE_COLOUR ( '', #2196 ) ;
#2203 = FILL_AREA_STYLE_COLOUR ( '', #2258 ) ;
#2204 = DIRECTION ( 'NONE',  ( -7.744301232039317900E-017, 0.0000000000000000000, -1.000000000000000000 ) ) ;
#2205 = DIRECTION ( 'NONE',  ( 1.000000000000000000, -0.0000000000000000000, -7.744301232039317900E-017 ) ) ;
#2206 = AXIS2_PLACEMENT_3D ( 'NONE', #2208, #2205, #2204 ) ;
#2207 = TOROIDAL_SURFACE ( 'NONE', #2206, 0.1250000000000000600, 0.02000000000000000000 ) ;
#2208 = CARTESIAN_POINT ( 'NONE',  ( 0.2349999999999999600, 0.0000000000000000000, -1.516388554922436100 ) ) ;
#2209 =( GEOMETRIC_REPRESENTATION_CONTEXT ( 3 ) GLOBAL_UNCERTAINTY_ASSIGNED_CONTEXT ( ( #2210 ) ) GLOBAL_UNIT_ASSIGNED_CONTEXT ( ( #2213, #2212, #2211 ) ) REPRESENTATION_CONTEXT ( 'NONE', 'WORKASPACE' ) );
#2210 = UNCERTAINTY_MEASURE_WITH_UNIT (LENGTH_MEASURE( 1.000000000000000100E-005 ), #2213, 'distance_accuracy_value', 'NONE');
#2211 =( NAMED_UNIT ( * ) SI_UNIT ( $, .STERADIAN. ) SOLID_ANGLE_UNIT ( ) );
#2212 =( NAMED_UNIT ( * ) PLANE_ANGLE_UNIT ( ) SI_UNIT ( $, .RADIAN. ) );
#2213 =( LENGTH_UNIT ( ) NAMED_UNIT ( * ) SI_UNIT ( .MILLI., .METRE. ) );
#2214 = MECHANICAL_DESIGN_GEOMETRIC_PRESENTATION_REPRESENTATION (  '', ( #2216 ), #2209 ) ;
#2215 = PRESENTATION_LAYER_ASSIGNMENT (  '', '', ( #2216 ) ) ;
#2216 = STYLED_ITEM ( 'NONE', ( #2217 ), #87 ) ;
#2217 = PRESENTATION_STYLE_ASSIGNMENT (( #2218 ) ) ;
#2218 = SURFACE_STYLE_USAGE ( .BOTH. , #2219 ) ;
#2219 = SURFACE_SIDE_STYLE ('',( #2220 ) ) ;
#2220 = SURFACE_STYLE_FILL_AREA ( #2221 ) ;
#2221 = FILL_AREA_STYLE ('',( #2229 ) ) ;
#2222 = COLOUR_RGB ( '',1.000000000000000000, 1.000000000000000000, 1.000000000000000000 ) ;
#2223 = FACE_OUTER_BOUND ( 'NONE', #82, .T. ) ;
#2224 = DIRECTION ( 'NONE',  ( 0.0000000000000000000, 0.0000000000000000000, 1.000000000000000000 ) ) ;
#2225 = DIRECTION ( 'NONE',  ( 0.0000000000000000000, 1.000000000000000000, -0.0000000000000000000 ) ) ;
#2226 = CARTESIAN_POINT ( 'NONE',  ( 0.2350000000000001800, -0.4549999999999995200, 1.980000000000000000 ) ) ;
#2227 = AXIS2_PLACEMENT_3D ( 'NONE', #2226, #2225, #2224 ) ;
#2228 = CIRCLE ( 'NONE', #2227, 0.02000000000000005200 ) ;
#2229 = FILL_AREA_STYLE_COLOUR ( '', #2222 ) ;
#2230 = PRESENTATION_LAYER_ASSIGNMENT (  '', '', ( #2231 ) ) ;
#2231 = STYLED_ITEM ( 'NONE', ( #2232 ), #92 ) ;
#2232 = PRESENTATION_STYLE_ASSIGNMENT (( #2233 ) ) ;
#2233 = SURFACE_STYLE_USAGE ( .BOTH. , #2234 ) ;
#2234 = SURFACE_SIDE_STYLE ('',( #2235 ) ) ;
#2235 = SURFACE_STYLE_FILL_AREA ( #2236 ) ;
#2236 = FILL_AREA_STYLE ('',( #2243 ) ) ;
#2237 = COLOUR_RGB ( '',1.000000000000000000, 1.000000000000000000, 1.000000000000000000 ) ;
#2238 = DIRECTION ( 'NONE',  ( 0.0000000000000000000, -0.08715574274766252300, 0.9961946980917452100 ) ) ;
#2239 = DIRECTION ( 'NONE',  ( 6.749603259400173900E-018, 0.9961946980917452100, 0.08715574274766158000 ) ) ;
#2240 = AXIS2_PLACEMENT_3D ( 'NONE', #2244, #2239, #2238 ) ;
#2241 = CYLINDRICAL_SURFACE ( 'NONE', #2240, 0.02000000000000002500 ) ;
#2242 = FACE_OUTER_BOUND ( 'NONE', #94, .T. ) ;
#2243 = FILL_AREA_STYLE_COLOUR ( '', #2237 ) ;
#2244 = CARTESIAN_POINT ( 'NONE',  ( 0.2349999999999999600, 0.2742125770407393100, -1.617875542728060000 ) ) ;
#2245 =( GEOMETRIC_REPRESENTATION_CONTEXT ( 3 ) GLOBAL_UNCERTAINTY_ASSIGNED_CONTEXT ( ( #2246 ) ) GLOBAL_UNIT_ASSIGNED_CONTEXT ( ( #2249, #2248, #2247 ) ) REPRESENTATION_CONTEXT ( 'NONE', 'WORKASPACE' ) );
#2246 = UNCERTAINTY_MEASURE_WITH_UNIT (LENGTH_MEASURE( 1.000000000000000100E-005 ), #2249, 'distance_accuracy_value', 'NONE');
#2247 =( NAMED_UNIT ( * ) SI_UNIT ( $, .STERADIAN. ) SOLID_ANGLE_UNIT ( ) );
#2248 =( NAMED_UNIT ( * ) PLANE_ANGLE_UNIT ( ) SI_UNIT ( $, .RADIAN. ) );
#2249 =( LENGTH_UNIT ( ) NAMED_UNIT ( * ) SI_UNIT ( .MILLI., .METRE. ) );
#2250 = MECHANICAL_DESIGN_GEOMETRIC_PRESENTATION_REPRESENTATION (  '', ( #2252 ), #2245 ) ;
#2251 = PRESENTATION_LAYER_ASSIGNMENT (  '', '', ( #2252 ) ) ;
#2252 = STYLED_ITEM ( 'NONE', ( #2253 ), #91 ) ;
#2253 = PRESENTATION_STYLE_ASSIGNMENT (( #2254 ) ) ;
#2254 = SURFACE_STYLE_USAGE ( .BOTH. , #2255 ) ;
#2255 = SURFACE_SIDE_STYLE ('',( #2256 ) ) ;
#2256 = SURFACE_STYLE_FILL_AREA ( #2257 ) ;
#2257 = FILL_AREA_STYLE ('',( #2203 ) ) ;
#2258 = COLOUR_RGB ( '',1.000000000000000000, 1.000000000000000000, 1.000000000000000000 ) ;
#2259 = FACE_OUTER_BOUND ( 'NONE', #79, .T. ) ;
#2260 = DIRECTION ( 'NONE',  ( 0.0000000000000000000, 0.0000000000000000000, -1.000000000000000000 ) ) ;
#2261 = DIRECTION ( 'NONE',  ( -1.000000000000000000, -0.0000000000000000000, -0.0000000000000000000 ) ) ;
#2262 = CARTESIAN_POINT ( 'NONE',  ( 0.4150000000000000900, -0.4549999999999995200, 1.980000000000000000 ) ) ;
#2263 = AXIS2_PLACEMENT_3D ( 'NONE', #2262, #2261, #2260 ) ;
#2264 = CIRCLE ( 'NONE', #2263, 0.02000000000000005200 ) ;
#2265 = MECHANICAL_DESIGN_GEOMETRIC_PRESENTATION_REPRESENTATION (  '', ( #2267 ), #2313 ) ;
#2266 = PRESENTATION_LAYER_ASSIGNMENT (  '', '', ( #2267 ) ) ;
#2267 = STYLED_ITEM ( 'NONE', ( #2268 ), #101 ) ;
#2268 = PRESENTATION_STYLE_ASSIGNMENT (( #2269 ) ) ;
#2269 = SURFACE_STYLE_USAGE ( .BOTH. , #2270 ) ;
#2270 = SURFACE_SIDE_STYLE ('',( #2271 ) ) ;
#2271 = SURFACE_STYLE_FILL_AREA ( #2272 ) ;
#2272 = FILL_AREA_STYLE ('',( #2280 ) ) ;
#2273 = COLOUR_RGB ( '',1.000000000000000000, 1.000000000000000000, 1.000000000000000000 ) ;
#2274 = FACE_OUTER_BOUND ( 'NONE', #106, .T. ) ;
#2275 = CARTESIAN_POINT ( 'NONE',  ( 0.4149999999999999800, -0.4350000000000001600, -1.700000000000000200 ) ) ;
#2276 = DIRECTION ( 'NONE',  ( 0.0000000000000000000, 0.0000000000000000000, 1.000000000000000000 ) ) ;
#2277 = DIRECTION ( 'NONE',  ( -1.000000000000000000, 0.0000000000000000000, 0.0000000000000000000 ) ) ;
#2278 = CARTESIAN_POINT ( 'NONE',  ( 0.2350000000000001800, -0.4549999999999995200, 1.980000000000000000 ) ) ;
#2279 = AXIS2_PLACEMENT_3D ( 'NONE', #2278, #2277, #2276 ) ;
#2280 = FILL_AREA_STYLE_COLOUR ( '', #2273 ) ;
#2281 = DIRECTION ( 'NONE',  ( 0.0000000000000000000, 0.0000000000000000000, -1.000000000000000000 ) ) ;
#2282 = DIRECTION ( 'NONE',  ( -0.0000000000000000000, -1.000000000000000000, 0.0000000000000000000 ) ) ;
#2283 = AXIS2_PLACEMENT_3D ( 'NONE', #2286, #2282, #2281 ) ;
#2284 = CYLINDRICAL_SURFACE ( 'NONE', #2283, 0.02000000000000005200 ) ;
#2285 = CIRCLE ( 'NONE', #2279, 0.02000000000000005200 ) ;
#2286 = CARTESIAN_POINT ( 'NONE',  ( 0.2350000000000001800, 1.897353801849632800E-016, 1.980000000000000000 ) ) ;
#2287 =( GEOMETRIC_REPRESENTATION_CONTEXT ( 3 ) GLOBAL_UNCERTAINTY_ASSIGNED_CONTEXT ( ( #2288 ) ) GLOBAL_UNIT_ASSIGNED_CONTEXT ( ( #2291, #2290, #2289 ) ) REPRESENTATION_CONTEXT ( 'NONE', 'WORKASPACE' ) );
#2288 = UNCERTAINTY_MEASURE_WITH_UNIT (LENGTH_MEASURE( 1.000000000000000100E-005 ), #2291, 'distance_accuracy_value', 'NONE');
#2289 =( NAMED_UNIT ( * ) SI_UNIT ( $, .STERADIAN. ) SOLID_ANGLE_UNIT ( ) );
#2290 =( NAMED_UNIT ( * ) PLANE_ANGLE_UNIT ( ) SI_UNIT ( $, .RADIAN. ) );
#2291 =( LENGTH_UNIT ( ) NAMED_UNIT ( * ) SI_UNIT ( .MILLI., .METRE. ) );
#2292 = MECHANICAL_DESIGN_GEOMETRIC_PRESENTATION_REPRESENTATION (  '', ( #2231 ), #2287 ) ;
#2293 = SURFACE_STYLE_FILL_AREA ( #2294 ) ;
#2294 = FILL_AREA_STYLE ('',( #2295 ) ) ;
#2295 = FILL_AREA_STYLE_COLOUR ( '', #2296 ) ;
#2296 = COLOUR_RGB ( '',1.000000000000000000, 1.000000000000000000, 1.000000000000000000 ) ;
#2297 = DIRECTION ( 'NONE',  ( 1.000000000000000000, 0.0000000000000000000, 0.0000000000000000000 ) ) ;
#2298 = DIRECTION ( 'NONE',  ( -0.0000000000000000000, 0.0000000000000000000, -1.000000000000000000 ) ) ;
#2299 = CARTESIAN_POINT ( 'NONE',  ( 0.2350000000000001800, -0.4549999999999995200, 1.980000000000000000 ) ) ;
#2300 = AXIS2_PLACEMENT_3D ( 'NONE', #2299, #2298, #2297 ) ;
#2301 = CIRCLE ( 'NONE', #2300, 0.01999999999999999700 ) ;
#2302 = FACE_OUTER_BOUND ( 'NONE', #93, .T. ) ;
#2303 = DIRECTION ( 'NONE',  ( 0.0000000000000000000, -1.000000000000000000, -1.084202172485504600E-014 ) ) ;
#2304 = DIRECTION ( 'NONE',  ( 1.084202172485501600E-014, -1.084202172485504600E-014, 1.000000000000000000 ) ) ;
#2305 = CARTESIAN_POINT ( 'NONE',  ( 0.2349999999999999600, 0.1250000000000000600, -1.516388554922435400 ) ) ;
#2306 = AXIS2_PLACEMENT_3D ( 'NONE', #2305, #2304, #2303 ) ;
#2307 = DIRECTION ( 'NONE',  ( 1.000000000000000000, 0.0000000000000000000, 0.0000000000000000000 ) ) ;
#2308 = DIRECTION ( 'NONE',  ( 0.0000000000000000000, 1.000000000000000000, 0.0000000000000000000 ) ) ;
#2309 = AXIS2_PLACEMENT_3D ( 'NONE', #2312, #2308, #2307 ) ;
#2310 = SPHERICAL_SURFACE ( 'NONE', #2309, 0.02000000000000000000 ) ;
#2311 = CIRCLE ( 'NONE', #2306, 0.01999999999999999700 ) ;
#2312 = CARTESIAN_POINT ( 'NONE',  ( 0.2350000000000001800, -0.4549999999999995200, 1.980000000000000000 ) ) ;
#2313 =( GEOMETRIC_REPRESENTATION_CONTEXT ( 3 ) GLOBAL_UNCERTAINTY_ASSIGNED_CONTEXT ( ( #2314 ) ) GLOBAL_UNIT_ASSIGNED_CONTEXT ( ( #2317, #2316, #2315 ) ) REPRESENTATION_CONTEXT ( 'NONE', 'WORKASPACE' ) );
#2314 = UNCERTAINTY_MEASURE_WITH_UNIT (LENGTH_MEASURE( 1.000000000000000100E-005 ), #2317, 'distance_accuracy_value', 'NONE');
#2315 =( NAMED_UNIT ( * ) SI_UNIT ( $, .STERADIAN. ) SOLID_ANGLE_UNIT ( ) );
#2316 =( NAMED_UNIT ( * ) PLANE_ANGLE_UNIT ( ) SI_UNIT ( $, .RADIAN. ) );
#2317 =( LENGTH_UNIT ( ) NAMED_UNIT ( * ) SI_UNIT ( .MILLI., .METRE. ) );
#2318 =( LENGTH_UNIT ( ) NAMED_UNIT ( * ) SI_UNIT ( .MILLI., .METRE. ) );
#2319 = MECHANICAL_DESIGN_GEOMETRIC_PRESENTATION_REPRESENTATION (  '', ( #2321 ), #2366 ) ;
#2320 = PRESENTATION_LAYER_ASSIGNMENT (  '', '', ( #2321 ) ) ;
#2321 = STYLED_ITEM ( 'NONE', ( #2322 ), #112 ) ;
#2322 = PRESENTATION_STYLE_ASSIGNMENT (( #2323 ) ) ;
#2323 = SURFACE_STYLE_USAGE ( .BOTH. , #2324 ) ;
#2324 = SURFACE_SIDE_STYLE ('',( #2325 ) ) ;
#2325 = SURFACE_STYLE_FILL_AREA ( #2326 ) ;
#2326 = FILL_AREA_STYLE ('',( #2327 ) ) ;
#2327 = FILL_AREA_STYLE_COLOUR ( '', #2328 ) ;
#2328 = COLOUR_RGB ( '',1.000000000000000000, 1.000000000000000000, 1.000000000000000000 ) ;
#2329 = FACE_OUTER_BOUND ( 'NONE', #115, .T. ) ;
#2330 = DIRECTION ( 'NONE',  ( 1.000000000000000000, 0.0000000000000000000, 0.0000000000000000000 ) ) ;
#2331 = DIRECTION ( 'NONE',  ( 7.744301232039317900E-017, 6.256159727961946200E-017, 1.000000000000000000 ) ) ;
#2332 = AXIS2_PLACEMENT_3D ( 'NONE', #2335, #2331, #2330 ) ;
#2333 = CYLINDRICAL_SURFACE ( 'NONE', #2332, 0.01999999999999999700 ) ;
#2334 = CARTESIAN_POINT ( 'NONE',  ( 0.4349999999999999400, -0.4549999999999995700, -1.980000000000000000 ) ) ;
#2335 = CARTESIAN_POINT ( 'NONE',  ( 0.2350000000000001800, 0.1250000000000001900, 1.516388554922439600 ) ) ;
#2336 =( GEOMETRIC_REPRESENTATION_CONTEXT ( 3 ) GLOBAL_UNCERTAINTY_ASSIGNED_CONTEXT ( ( #2337 ) ) GLOBAL_UNIT_ASSIGNED_CONTEXT ( ( #2340, #2339, #2338 ) ) REPRESENTATION_CONTEXT ( 'NONE', 'WORKASPACE' ) );
#2337 = UNCERTAINTY_MEASURE_WITH_UNIT (LENGTH_MEASURE( 1.000000000000000100E-005 ), #2340, 'distance_accuracy_value', 'NONE');
#2338 =( NAMED_UNIT ( * ) SI_UNIT ( $, .STERADIAN. ) SOLID_ANGLE_UNIT ( ) );
#2339 =( NAMED_UNIT ( * ) PLANE_ANGLE_UNIT ( ) SI_UNIT ( $, .RADIAN. ) );
#2340 =( LENGTH_UNIT ( ) NAMED_UNIT ( * ) SI_UNIT ( .MILLI., .METRE. ) );
#2341 = MECHANICAL_DESIGN_GEOMETRIC_PRESENTATION_REPRESENTATION (  '', ( #2343 ), #2336 ) ;
#2342 = PRESENTATION_LAYER_ASSIGNMENT (  '', '', ( #2343 ) ) ;
#2343 = STYLED_ITEM ( 'NONE', ( #2344 ), #110 ) ;
#2344 = PRESENTATION_STYLE_ASSIGNMENT (( #2345 ) ) ;
#2345 = SURFACE_STYLE_USAGE ( .BOTH. , #2346 ) ;
#2346 = SURFACE_SIDE_STYLE ('',( #2293 ) ) ;
#2347 = CARTESIAN_POINT ( 'NONE',  ( 0.4149999999999998100, -0.4549999999999995700, -2.000000000000000000 ) ) ;
#2348 = CARTESIAN_POINT ( 'NONE',  ( 0.2349999999999999600, -0.4549999999999995700, -2.000000000000000000 ) ) ;
#2349 = DIRECTION ( 'NONE',  ( 0.0000000000000000000, -1.000000000000000000, 0.0000000000000000000 ) ) ;
#2350 = VECTOR ( 'NONE', #2349, 1000.000000000000000 ) ;
#2351 = CARTESIAN_POINT ( 'NONE',  ( 0.4149999999999998100, -0.5850000000000006300, -2.000000000000000000 ) ) ;
#2352 = LINE ( 'NONE', #2351, #2350 ) ;
#2353 = DIRECTION ( 'NONE',  ( -0.0000000000000000000, 1.000000000000000000, -0.0000000000000000000 ) ) ;
#2354 = VECTOR ( 'NONE', #2353, 1000.000000000000000 ) ;
#2355 = CARTESIAN_POINT ( 'NONE',  ( 0.2349999999999999600, -0.4349999999999995000, -2.000000000000000000 ) ) ;
#2356 = LINE ( 'NONE', #2355, #2354 ) ;
#2357 = DIRECTION ( 'NONE',  ( -1.000000000000000000, 0.0000000000000000000, 7.744301232039317900E-017 ) ) ;
#2358 = VECTOR ( 'NONE', #2357, 1000.000000000000000 ) ;
#2359 = CARTESIAN_POINT ( 'NONE',  ( 0.4349999999999999400, -0.4350000000000001600, -1.700000000000000200 ) ) ;
#2360 = DIRECTION ( 'NONE',  ( 0.0000000000000000000, -2.168404344971009700E-015, 1.000000000000000000 ) ) ;
#2361 = DIRECTION ( 'NONE',  ( 1.679277644031839900E-031, 1.000000000000000000, 2.168404344971009700E-015 ) ) ;
#2362 = CARTESIAN_POINT ( 'NONE',  ( 0.4349999999999999400, -0.4350000000000001600, -1.700000000000000200 ) ) ;
#2363 = AXIS2_PLACEMENT_3D ( 'NONE', #2362, #2361, #2360 ) ;
#2364 = LINE ( 'NONE', #2359, #2358 ) ;
#2365 = PLANE ( 'NONE',  #2363 ) ;
#2366 =( GEOMETRIC_REPRESENTATION_CONTEXT ( 3 ) GLOBAL_UNCERTAINTY_ASSIGNED_CONTEXT ( ( #2367 ) ) GLOBAL_UNIT_ASSIGNED_CONTEXT ( ( #2318, #2369, #2368 ) ) REPRESENTATION_CONTEXT ( 'NONE', 'WORKASPACE' ) );
#2367 = UNCERTAINTY_MEASURE_WITH_UNIT (LENGTH_MEASURE( 1.000000000000000100E-005 ), #2318, 'distance_accuracy_value', 'NONE');
#2368 =( NAMED_UNIT ( * ) SI_UNIT ( $, .STERADIAN. ) SOLID_ANGLE_UNIT ( ) );
#2369 =( NAMED_UNIT ( * ) PLANE_ANGLE_UNIT ( ) SI_UNIT ( $, .RADIAN. ) );
#2370 = DIRECTION ( 'NONE',  ( 6.749603259400173900E-018, 0.9961946980917453200, 0.08715574274766159400 ) ) ;
#2371 = VECTOR ( 'NONE', #2370, 999.9999999999998900 ) ;
#2372 = CARTESIAN_POINT ( 'NONE',  ( 0.2349999999999999600, 0.01263758269841003100, -1.660836786145739400 ) ) ;
#2373 = DIRECTION ( 'NONE',  ( 0.0000000000000000000, 0.9961946980917453200, 0.08715574274766159400 ) ) ;
#2374 = DIRECTION ( 'NONE',  ( -7.714831827782940100E-017, 0.08715574274766159400, -0.9961946980917453200 ) ) ;
#2375 = CARTESIAN_POINT ( 'NONE',  ( 0.4349999999999999400, -0.4350000000000001600, -1.700000000000000200 ) ) ;
#2376 = AXIS2_PLACEMENT_3D ( 'NONE', #2375, #2374, #2373 ) ;
#2377 = LINE ( 'NONE', #2372, #2371 ) ;
#2378 = PLANE ( 'NONE',  #2376 ) ;
#2379 =( GEOMETRIC_REPRESENTATION_CONTEXT ( 3 ) GLOBAL_UNCERTAINTY_ASSIGNED_CONTEXT ( ( #2380 ) ) GLOBAL_UNIT_ASSIGNED_CONTEXT ( ( #2383, #2382, #2381 ) ) REPRESENTATION_CONTEXT ( 'NONE', 'WORKASPACE' ) );
#2380 = UNCERTAINTY_MEASURE_WITH_UNIT (LENGTH_MEASURE( 1.000000000000000100E-005 ), #2383, 'distance_accuracy_value', 'NONE');
#2381 =( NAMED_UNIT ( * ) SI_UNIT ( $, .STERADIAN. ) SOLID_ANGLE_UNIT ( ) );
#2382 =( NAMED_UNIT ( * ) PLANE_ANGLE_UNIT ( ) SI_UNIT ( $, .RADIAN. ) );
#2383 =( LENGTH_UNIT ( ) NAMED_UNIT ( * ) SI_UNIT ( .MILLI., .METRE. ) );
#2384 = MECHANICAL_DESIGN_GEOMETRIC_PRESENTATION_REPRESENTATION (  '', ( #2386 ), #2379 ) ;
#2385 = PRESENTATION_LAYER_ASSIGNMENT (  '', '', ( #2386 ) ) ;
#2386 = STYLED_ITEM ( 'NONE', ( #2387 ), #124 ) ;
#2387 = PRESENTATION_STYLE_ASSIGNMENT (( #2388 ) ) ;
#2388 = SURFACE_STYLE_USAGE ( .BOTH. , #2389 ) ;
#2389 = SURFACE_SIDE_STYLE ('',( #2390 ) ) ;
#2390 = SURFACE_STYLE_FILL_AREA ( #2391 ) ;
#2391 = FILL_AREA_STYLE ('',( #2398 ) ) ;
#2392 = COLOUR_RGB ( '',1.000000000000000000, 1.000000000000000000, 1.000000000000000000 ) ;
#2393 = FACE_OUTER_BOUND ( 'NONE', #123, .T. ) ;
#2394 = DIRECTION ( 'NONE',  ( 1.000000000000000000, -0.0000000000000000000, -7.744301232039317900E-017 ) ) ;
#2395 = VECTOR ( 'NONE', #2394, 1000.000000000000000 ) ;
#2396 = CARTESIAN_POINT ( 'NONE',  ( 0.4349999999999999400, -0.4549999999999995700, -2.000000000000000000 ) ) ;
#2397 = LINE ( 'NONE', #2396, #2395 ) ;
#2398 = FILL_AREA_STYLE_COLOUR ( '', #2392 ) ;
#2399 = DIRECTION ( 'NONE',  ( -7.744301232039317900E-017, 2.168404344971009700E-015, -1.000000000000000000 ) ) ;
#2400 = VECTOR ( 'NONE', #2399, 1000.000000000000000 ) ;
#2401 = CARTESIAN_POINT ( 'NONE',  ( 0.4149999999999998700, -0.4350000000000001600, -1.700000000000000200 ) ) ;
#2402 = LINE ( 'NONE', #2401, #2400 ) ;
#2403 = CARTESIAN_POINT ( 'NONE',  ( 0.2350000000000001800, 1.897353801849632800E-016, 1.516388554922439600 ) ) ;
#2404 = CARTESIAN_POINT ( 'NONE',  ( 0.4149999999999998700, 0.1450000000000000500, -1.516388554922435200 ) ) ;
#2405 = DIRECTION ( 'NONE',  ( -1.000000000000000000, 0.0000000000000000000, 7.744301232039317900E-017 ) ) ;
#2406 = VECTOR ( 'NONE', #2405, 1000.000000000000000 ) ;
#2407 = CARTESIAN_POINT ( 'NONE',  ( 0.4349999999999999400, -0.4349999999999995500, -1.980000000000000000 ) ) ;
#2408 = LINE ( 'NONE', #2407, #2406 ) ;
#2409 = DIRECTION ( 'NONE',  ( -1.000000000000000000, 0.0000000000000000000, 7.744301232039317900E-017 ) ) ;
#2410 = VECTOR ( 'NONE', #2409, 1000.000000000000000 ) ;
#2411 = CARTESIAN_POINT ( 'NONE',  ( 0.4349999999999999400, 0.1450000000000000500, -1.516388554922435200 ) ) ;
#2412 = LINE ( 'NONE', #2411, #2410 ) ;
#2413 = DIRECTION ( 'NONE',  ( 0.0000000000000000000, 0.0000000000000000000, -1.000000000000000000 ) ) ;
#2414 = DIRECTION ( 'NONE',  ( 1.000000000000000000, -0.0000000000000000000, -7.744301232039317900E-017 ) ) ;
#2415 = CARTESIAN_POINT ( 'NONE',  ( 0.2349999999999999600, 0.0000000000000000000, -1.516388554922436100 ) ) ;
#2416 = AXIS2_PLACEMENT_3D ( 'NONE', #2415, #2414, #2413 ) ;
#2417 = CIRCLE ( 'NONE', #2416, 0.1450000000000001600 ) ;
#2418 = CARTESIAN_POINT ( 'NONE',  ( 0.4149999999999998700, -0.4349999999999995500, -1.980000000000000000 ) ) ;
#2419 = DIRECTION ( 'NONE',  ( 0.0000000000000000000, 0.0000000000000000000, -1.000000000000000000 ) ) ;
#2420 = DIRECTION ( 'NONE',  ( -1.000000000000000000, 0.0000000000000000000, 7.744301232039317900E-017 ) ) ;
#2421 = CARTESIAN_POINT ( 'NONE',  ( 0.4149999999999998700, 0.0000000000000000000, -1.516388554922436100 ) ) ;
#2422 = AXIS2_PLACEMENT_3D ( 'NONE', #2421, #2420, #2419 ) ;
#2423 = CIRCLE ( 'NONE', #2422, 0.1450000000000001600 ) ;
#2424 = CARTESIAN_POINT ( 'NONE',  ( 0.2349999999999999600, 0.1450000000000000500, -1.516388554922435200 ) ) ;
#2425 = CARTESIAN_POINT ( 'NONE',  ( 0.2349999999999999600, 0.01263758269840999800, -1.660836786145739400 ) ) ;
#2426 = CARTESIAN_POINT ( 'NONE',  ( 0.2349999999999999600, -0.4349999999999995500, -1.980000000000000000 ) ) ;
#2427 = DIRECTION ( 'NONE',  ( 7.744301232039317900E-017, -2.168404344971009700E-015, 1.000000000000000000 ) ) ;
#2428 = VECTOR ( 'NONE', #2427, 1000.000000000000000 ) ;
#2429 = CARTESIAN_POINT ( 'NONE',  ( 0.2349999999999999600, -0.4350000000000001600, -1.700000000000000000 ) ) ;
#2430 = LINE ( 'NONE', #2429, #2428 ) ;
#2431 = UNCERTAINTY_MEASURE_WITH_UNIT (LENGTH_MEASURE( 1.000000000000000100E-005 ), #2434, 'distance_accuracy_value', 'NONE');
#2432 =( NAMED_UNIT ( * ) SI_UNIT ( $, .STERADIAN. ) SOLID_ANGLE_UNIT ( ) );
#2433 =( NAMED_UNIT ( * ) PLANE_ANGLE_UNIT ( ) SI_UNIT ( $, .RADIAN. ) );
#2434 =( LENGTH_UNIT ( ) NAMED_UNIT ( * ) SI_UNIT ( .MILLI., .METRE. ) );
#2435 = MECHANICAL_DESIGN_GEOMETRIC_PRESENTATION_REPRESENTATION (  '', ( #2437 ), #2488 ) ;
#2436 = PRESENTATION_LAYER_ASSIGNMENT (  '', '', ( #2437 ) ) ;
#2437 = STYLED_ITEM ( 'NONE', ( #2438 ), #165 ) ;
#2438 = PRESENTATION_STYLE_ASSIGNMENT (( #2439 ) ) ;
#2439 = SURFACE_STYLE_USAGE ( .BOTH. , #2440 ) ;
#2440 = SURFACE_SIDE_STYLE ('',( #2441 ) ) ;
#2441 = SURFACE_STYLE_FILL_AREA ( #2442 ) ;
#2442 = FILL_AREA_STYLE ('',( #2443 ) ) ;
#2443 = FILL_AREA_STYLE_COLOUR ( '', #2444 ) ;
#2444 = COLOUR_RGB ( '',1.000000000000000000, 1.000000000000000000, 1.000000000000000000 ) ;
#2445 = FACE_OUTER_BOUND ( 'NONE', #166, .T. ) ;
#2446 = CARTESIAN_POINT ( 'NONE',  ( 0.4149999999999998700, 0.01263758269840999800, -1.660836786145739400 ) ) ;
#2447 = DIRECTION ( 'NONE',  ( -0.0000000000000000000, -1.000000000000000000, -0.0000000000000000000 ) ) ;
#2448 = VECTOR ( 'NONE', #2447, 1000.000000000000000 ) ;
#2449 = CARTESIAN_POINT ( 'NONE',  ( 0.4350000000000001600, 1.897353801849632800E-016, 1.980000000000000000 ) ) ;
#2450 = LINE ( 'NONE', #2449, #2448 ) ;
#2451 = CARTESIAN_POINT ( 'NONE',  ( 0.4350000000000001600, -0.4549999999999995200, 1.980000000000000000 ) ) ;
#2452 = CARTESIAN_POINT ( 'NONE',  ( 0.4350000000000001600, -0.4549999999999994000, 1.681673376519651700 ) ) ;
#2453 = DIRECTION ( 'NONE',  ( 7.744301232039317900E-017, -3.614007241618349300E-016, 1.000000000000000000 ) ) ;
#2454 = VECTOR ( 'NONE', #2453, 1000.000000000000000 ) ;
#2455 = CARTESIAN_POINT ( 'NONE',  ( 0.4350000000000001600, -0.4549999999999993500, 1.516388554922439400 ) ) ;
#2456 = LINE ( 'NONE', #2455, #2454 ) ;
#2457 = DIRECTION ( 'NONE',  ( 0.0000000000000000000, 0.0000000000000000000, -1.000000000000000000 ) ) ;
#2458 = DIRECTION ( 'NONE',  ( 1.000000000000000000, -0.0000000000000000000, -7.744301232039317900E-017 ) ) ;
#2459 = AXIS2_PLACEMENT_3D ( 'NONE', #2403, #2458, #2457 ) ;
#2460 = CIRCLE ( 'NONE', #2459, 0.1449999999999999300 ) ;
#2461 = UNCERTAINTY_MEASURE_WITH_UNIT (LENGTH_MEASURE( 1.000000000000000100E-005 ), #2464, 'distance_accuracy_value', 'NONE');
#2462 =( NAMED_UNIT ( * ) SI_UNIT ( $, .STERADIAN. ) SOLID_ANGLE_UNIT ( ) );
#2463 =( NAMED_UNIT ( * ) PLANE_ANGLE_UNIT ( ) SI_UNIT ( $, .RADIAN. ) );
#2464 =( LENGTH_UNIT ( ) NAMED_UNIT ( * ) SI_UNIT ( .MILLI., .METRE. ) );
#2465 = MECHANICAL_DESIGN_GEOMETRIC_PRESENTATION_REPRESENTATION (  '', ( #2467 ), #2548 ) ;
#2466 = PRESENTATION_LAYER_ASSIGNMENT (  '', '', ( #2467 ) ) ;
#2467 = STYLED_ITEM ( 'NONE', ( #2468 ), #169 ) ;
#2468 = PRESENTATION_STYLE_ASSIGNMENT (( #2469 ) ) ;
#2469 = SURFACE_STYLE_USAGE ( .BOTH. , #2470 ) ;
#2470 = SURFACE_SIDE_STYLE ('',( #2471 ) ) ;
#2471 = SURFACE_STYLE_FILL_AREA ( #2472 ) ;
#2472 = FILL_AREA_STYLE ('',( #2479 ) ) ;
#2473 = COLOUR_RGB ( '',1.000000000000000000, 1.000000000000000000, 1.000000000000000000 ) ;
#2474 = FACE_OUTER_BOUND ( 'NONE', #149, .T. ) ;
#2475 = DIRECTION ( 'NONE',  ( 0.0000000000000000000, 0.0000000000000000000, -1.000000000000000000 ) ) ;
#2476 = DIRECTION ( 'NONE',  ( -1.000000000000000000, 0.0000000000000000000, 7.744301232039317900E-017 ) ) ;
#2477 = AXIS2_PLACEMENT_3D ( 'NONE', #2484, #2476, #2475 ) ;
#2478 = CIRCLE ( 'NONE', #2477, 0.1449999999999999300 ) ;
#2479 = FILL_AREA_STYLE_COLOUR ( '', #2473 ) ;
#2480 = DIRECTION ( 'NONE',  ( 0.0000000000000000000, 6.256159727961946200E-017, 1.000000000000000000 ) ) ;
#2481 = DIRECTION ( 'NONE',  ( -4.844958548909047900E-033, 1.000000000000000000, -6.256159727961946200E-017 ) ) ;
#2482 = CARTESIAN_POINT ( 'NONE',  ( 0.4349999999999999400, 0.1449999999999999900, -1.516388554922435200 ) ) ;
#2483 = AXIS2_PLACEMENT_3D ( 'NONE', #2482, #2481, #2480 ) ;
#2484 = CARTESIAN_POINT ( 'NONE',  ( 0.4150000000000000900, 1.897353801849632800E-016, 1.516388554922439600 ) ) ;
#2486 = PLANE ( 'NONE',  #2483 ) ;
#2485 = AXIS2_PLACEMENT_3D ( 'NONE', #2603, #2602, #2600 ) ;
#2487 = CIRCLE ( 'NONE', #2485, 0.05000000000000005100 ) ;
#2488 =( GEOMETRIC_REPRESENTATION_CONTEXT ( 3 ) GLOBAL_UNCERTAINTY_ASSIGNED_CONTEXT ( ( #2431 ) ) GLOBAL_UNIT_ASSIGNED_CONTEXT ( ( #2434, #2433, #2432 ) ) REPRESENTATION_CONTEXT ( 'NONE', 'WORKASPACE' ) );
#2489 = DIRECTION ( 'NONE',  ( -0.9961946980917454300, 0.08715574274765818000, 0.0000000000000000000 ) ) ;
#2490 = DIRECTION ( 'NONE',  ( 0.08682659386424765300, 0.9924325091389670800, 0.08682659386424763900 ) ) ;
#2491 = CARTESIAN_POINT ( 'NONE',  ( 1.400565773584093500, 0.008649868803131243600, 1.350565773584093200 ) ) ;
#2492 = AXIS2_PLACEMENT_3D ( 'NONE', #2491, #2490, #2489 ) ;
#2493 =( LENGTH_UNIT ( ) NAMED_UNIT ( * ) SI_UNIT ( .MILLI., .METRE. ) );
#2494 = MECHANICAL_DESIGN_GEOMETRIC_PRESENTATION_REPRESENTATION (  '', ( #2497 ), #2597 ) ;
#2495 = PRESENTATION_LAYER_ASSIGNMENT (  '', '', ( #2497 ) ) ;
#2496 = CYLINDRICAL_SURFACE ( 'NONE', #2492, 0.05000000000000005100 ) ;
#2497 = STYLED_ITEM ( 'NONE', ( #2499 ), #178 ) ;
#2499 = PRESENTATION_STYLE_ASSIGNMENT (( #2501 ) ) ;
#2498 = DIRECTION ( 'NONE',  ( 0.9961946980917454300, 0.08715574274765820800, 0.0000000000000000000 ) ) ;
#2501 = SURFACE_STYLE_USAGE ( .BOTH. , #2503 ) ;
#2500 = DIRECTION ( 'NONE',  ( 0.08682659386424765300, -0.9924325091389670800, 0.08682659386424763900 ) ) ;
#2503 = SURFACE_SIDE_STYLE ('',( #2506 ) ) ;
#2502 = CARTESIAN_POINT ( 'NONE',  ( 1.400565773584093500, 0.1363501311968687600, 1.350565773584093200 ) ) ;
#2504 = AXIS2_PLACEMENT_3D ( 'NONE', #2502, #2500, #2498 ) ;
#2505 = FACE_OUTER_BOUND ( 'NONE', #1362, .T. ) ;
#2506 = SURFACE_STYLE_FILL_AREA ( #2507 ) ;
#2507 = FILL_AREA_STYLE ('',( #2517 ) ) ;
#2508 = COLOUR_RGB ( '',1.000000000000000000, 1.000000000000000000, 1.000000000000000000 ) ;
#2509 = FACE_OUTER_BOUND ( 'NONE', #154, .T. ) ;
#2510 = DIRECTION ( 'NONE',  ( -7.744301232039317900E-017, -6.256159727961946200E-017, -1.000000000000000000 ) ) ;
#2511 = VECTOR ( 'NONE', #2510, 1000.000000000000000 ) ;
#2512 = CYLINDRICAL_SURFACE ( 'NONE', #2504, 0.05000000000000005100 ) ;
#2513 = FACE_OUTER_BOUND ( 'NONE', #1268, .T. ) ;
#2514 = CARTESIAN_POINT ( 'NONE',  ( 0.4149999999999998700, 0.1449999999999999900, -1.516388554922435200 ) ) ;
#2515 = LINE ( 'NONE', #2514, #2511 ) ;
#2516 = DIRECTION ( 'NONE',  ( 0.9961946980917454300, 0.08715574274765820800, 0.0000000000000000000 ) ) ;
#2517 = FILL_AREA_STYLE_COLOUR ( '', #2508 ) ;
#2518 = DIRECTION ( 'NONE',  ( 0.08682659386424763900, -0.9924325091389671900, -0.08682659386424762500 ) ) ;
#2519 = CARTESIAN_POINT ( 'NONE',  ( -1.360001666218536800, -0.4550000000000000200, 1.310001666218537200 ) ) ;
#2520 = AXIS2_PLACEMENT_3D ( 'NONE', #2519, #2518, #2516 ) ;
#2521 = CIRCLE ( 'NONE', #2520, 0.05000000000000005100 ) ;
#2522 = DIRECTION ( 'NONE',  ( -1.000000000000000000, 0.0000000000000000000, 7.744301232039317900E-017 ) ) ;
#2523 = VECTOR ( 'NONE', #2522, 1000.000000000000000 ) ;
#2524 = CARTESIAN_POINT ( 'NONE',  ( 0.4350000000000001600, 0.1450000000000001800, 1.516388554922438500 ) ) ;
#2525 = LINE ( 'NONE', #2524, #2523 ) ;
#2526 = CARTESIAN_POINT ( 'NONE',  ( 0.4150000000000000900, 0.1450000000000001800, 1.516388554922438500 ) ) ;
#2527 = CARTESIAN_POINT ( 'NONE',  ( 1.450000000000000000, 0.0000000000000000000, -1.350190265095412700 ) ) ;
#2529 = CARTESIAN_POINT ( 'NONE',  ( 0.2350000000000001800, 0.1450000000000001800, 1.516388554922438500 ) ) ;
#2528 = CARTESIAN_POINT ( 'NONE',  ( 1.449888959924999800, -0.001267991500168206300, -1.379302924516940100 ) ) ;
#2530 = CARTESIAN_POINT ( 'NONE',  ( 1.429302924516940900, -0.001267991500168210900, -1.399888959924999100 ) ) ;
#2531 = CARTESIAN_POINT ( 'NONE',  ( 0.4349999999999999400, -0.4550000000000002400, -1.681673376519651700 ) ) ;
#2532 = CARTESIAN_POINT ( 'NONE',  ( 1.400190265095413000, 0.0000000000000000000, -1.399999999999999700 ) ) ;
#2533 = DIRECTION ( 'NONE',  ( 7.744301232039317900E-017, 6.256159727961946200E-017, 1.000000000000000000 ) ) ;
#2534 = VECTOR ( 'NONE', #2533, 1000.000000000000000 ) ;
#2535 = CARTESIAN_POINT ( 'NONE',  ( 0.2350000000000001800, 0.1450000000000001800, 1.516388554922438500 ) ) ;
#2536 = DIRECTION ( 'NONE',  ( -7.744301232039317900E-017, 0.0000000000000000000, -1.000000000000000000 ) ) ;
#2537 = DIRECTION ( 'NONE',  ( 1.000000000000000000, 0.0000000000000000000, -7.744301232039317900E-017 ) ) ;
#2538 = CARTESIAN_POINT ( 'NONE',  ( 0.4350000000000001600, 1.897353801849632800E-016, 1.516388554922439600 ) ) ;
#2539 = AXIS2_PLACEMENT_3D ( 'NONE', #2538, #2537, #2536 ) ;
#2540 =( BOUNDED_CURVE ( )  B_SPLINE_CURVE ( 3, ( #2532, #2530, #2528, #2527 ),
 .UNSPECIFIED., .F., .F. ) 
 B_SPLINE_CURVE_WITH_KNOTS ( ( 4, 4 ),
 ( 5.501588841563906500, 7.064781772795270400 ),
 .UNSPECIFIED. ) 
 CURVE ( )  GEOMETRIC_REPRESENTATION_ITEM ( )  RATIONAL_B_SPLINE_CURVE ( ( 1.000000000000000000, 0.8065265807499253400, 0.8065265807499253400, 1.000000000000000000 ) ) 
 REPRESENTATION_ITEM ( '' )  );
#2541 = LINE ( 'NONE', #2535, #2534 ) ;
#2542 = AXIS2_PLACEMENT_3D ( 'NONE', #2658, #2657, #2656 ) ;
#2543 = CYLINDRICAL_SURFACE ( 'NONE', #2542, 0.04999999999999991300 ) ;
#2545 = PLANE ( 'NONE',  #2539 ) ;
#2544 = FACE_OUTER_BOUND ( 'NONE', #1374, .T. ) ;
#2546 = DIRECTION ( 'NONE',  ( 0.0000000000000000000, -0.08715574274765820800, -0.9961946980917454300 ) ) ;
#2547 = DIRECTION ( 'NONE',  ( -0.08682659386424657100, -0.9924325091389673000, 0.08682659386424763900 ) ) ;
#2548 =( GEOMETRIC_REPRESENTATION_CONTEXT ( 3 ) GLOBAL_UNCERTAINTY_ASSIGNED_CONTEXT ( ( #2461 ) ) GLOBAL_UNIT_ASSIGNED_CONTEXT ( ( #2464, #2463, #2462 ) ) REPRESENTATION_CONTEXT ( 'NONE', 'WORKASPACE' ) );
#2549 = CARTESIAN_POINT ( 'NONE',  ( 1.360001666218537000, -0.4550000000000000200, -1.310001666218537000 ) ) ;
#2550 = AXIS2_PLACEMENT_3D ( 'NONE', #2549, #2547, #2546 ) ;
#2551 =( LENGTH_UNIT ( ) NAMED_UNIT ( * ) SI_UNIT ( .MILLI., .METRE. ) );
#2552 = MECHANICAL_DESIGN_GEOMETRIC_PRESENTATION_REPRESENTATION (  '', ( #2557 ), #2654 ) ;
#2553 = DIRECTION ( 'NONE',  ( 0.0000000000000000000, 0.0000000000000000000, 1.000000000000000000 ) ) ;
#2554 = PRESENTATION_LAYER_ASSIGNMENT (  '', '', ( #2557 ) ) ;
#2555 = DIRECTION ( 'NONE',  ( -1.000000000000000000, 0.0000000000000000000, -7.477256361968995200E-017 ) ) ;
#2557 = STYLED_ITEM ( 'NONE', ( #2559 ), #182 ) ;
#2556 = CARTESIAN_POINT ( 'NONE',  ( -1.449999999999999700, -0.4550000000000000200, 1.310001666218537200 ) ) ;
#2558 = AXIS2_PLACEMENT_3D ( 'NONE', #2556, #2555, #2553 ) ;
#2559 = PRESENTATION_STYLE_ASSIGNMENT (( #2560 ) ) ;
#2560 = SURFACE_STYLE_USAGE ( .BOTH. , #2562 ) ;
#2561 = CIRCLE ( 'NONE', #2550, 0.05000000000000005100 ) ;
#2562 = SURFACE_SIDE_STYLE ('',( #2563 ) ) ;
#2563 = SURFACE_STYLE_FILL_AREA ( #2564 ) ;
#2564 = FILL_AREA_STYLE ('',( #2574 ) ) ;
#2565 = COLOUR_RGB ( '',1.000000000000000000, 1.000000000000000000, 1.000000000000000000 ) ;
#2566 = FACE_OUTER_BOUND ( 'NONE', #144, .T. ) ;
#2567 = DIRECTION ( 'NONE',  ( -1.000000000000000000, 0.0000000000000000000, 7.744301232039317900E-017 ) ) ;
#2568 = VECTOR ( 'NONE', #2567, 1000.000000000000000 ) ;
#2569 = CYLINDRICAL_SURFACE ( 'NONE', #2558, 0.04999999999999991300 ) ;
#2571 = CARTESIAN_POINT ( 'NONE',  ( 0.4349999999999999400, 0.01263758269840999800, -1.660836786145739400 ) ) ;
#2570 = FACE_OUTER_BOUND ( 'NONE', #1368, .T. ) ;
#2572 = LINE ( 'NONE', #2571, #2568 ) ;
#2573 = DIRECTION ( 'NONE',  ( -8.673617379884051200E-015, 0.0000000000000000000, -1.000000000000000000 ) ) ;
#2574 = FILL_AREA_STYLE_COLOUR ( '', #2565 ) ;
#2575 = DIRECTION ( 'NONE',  ( 1.000000000000000000, 0.0000000000000000000, -8.706749189188301400E-015 ) ) ;
#2576 = CARTESIAN_POINT ( 'NONE',  ( 1.360001666218537500, -0.4550000000000000200, -1.310001666218536800 ) ) ;
#2577 = AXIS2_PLACEMENT_3D ( 'NONE', #2576, #2575, #2573 ) ;
#2579 = DIRECTION ( 'NONE',  ( -6.749603259400173900E-018, -0.9961946980917453200, -0.08715574274766159400 ) ) ;
#2578 = CIRCLE ( 'NONE', #2577, 0.04999999999999991300 ) ;
#2580 = VECTOR ( 'NONE', #2579, 999.9999999999998900 ) ;
#2581 = CARTESIAN_POINT ( 'NONE',  ( 0.4149999999999998700, -0.4350000000000001600, -1.700000000000000200 ) ) ;
#2582 = LINE ( 'NONE', #2581, #2580 ) ;
#2583 = DIRECTION ( 'NONE',  ( -8.673617379884030700E-015, 1.000000000000000000, 0.0000000000000000000 ) ) ;
#2584 = DIRECTION ( 'NONE',  ( 0.0000000000000000000, 0.0000000000000000000, 1.000000000000000000 ) ) ;
#2585 = DIRECTION ( 'NONE',  ( 1.000000000000000000, 8.673617379884033900E-015, 7.588431925012812500E-016 ) ) ;
#2586 = DIRECTION ( 'NONE',  ( -1.000000000000000000, 0.0000000000000000000, 7.744301232039317900E-017 ) ) ;
#2587 = CARTESIAN_POINT ( 'NONE',  ( 1.360001666218537700, -0.4550000000000000200, 1.310001666218537200 ) ) ;
#2589 = AXIS2_PLACEMENT_3D ( 'NONE', #2592, #2586, #2584 ) ;
#2588 = AXIS2_PLACEMENT_3D ( 'NONE', #2587, #2585, #2583 ) ;
#2590 = CYLINDRICAL_SURFACE ( 'NONE', #2589, 0.1449999999999999300 ) ;
#2592 = CARTESIAN_POINT ( 'NONE',  ( 0.4350000000000001600, 1.897353801849632800E-016, 1.516388554922439600 ) ) ;
#2591 = DIRECTION ( 'NONE',  ( 1.000000000000000000, 0.0000000000000000000, 0.0000000000000000000 ) ) ;
#2593 = DIRECTION ( 'NONE',  ( 0.0000000000000000000, 1.000000000000000000, 0.0000000000000000000 ) ) ;
#2594 = CARTESIAN_POINT ( 'NONE',  ( 1.360001666218537000, -0.4550000000000000200, -1.310001666218536800 ) ) ;
#2595 = AXIS2_PLACEMENT_3D ( 'NONE', #2594, #2593, #2591 ) ;
#2596 = CIRCLE ( 'NONE', #2588, 0.05000000000000002400 ) ;
#2597 =( GEOMETRIC_REPRESENTATION_CONTEXT ( 3 ) GLOBAL_UNCERTAINTY_ASSIGNED_CONTEXT ( ( #2601 ) ) GLOBAL_UNIT_ASSIGNED_CONTEXT ( ( #2493, #2606, #2604 ) ) REPRESENTATION_CONTEXT ( 'NONE', 'WORKASPACE' ) );
#2598 = SPHERICAL_SURFACE ( 'NONE', #2595, 0.05000000000000000300 ) ;
#2599 = FACE_OUTER_BOUND ( 'NONE', #1357, .T. ) ;
#2600 = DIRECTION ( 'NONE',  ( 0.0000000000000000000, 0.08715574274765930400, -0.9961946980917454300 ) ) ;
#2601 = UNCERTAINTY_MEASURE_WITH_UNIT (LENGTH_MEASURE( 1.000000000000000100E-005 ), #2493, 'distance_accuracy_value', 'NONE');
#2602 = DIRECTION ( 'NONE',  ( -0.08682659386424763900, -0.9924325091389669700, -0.08682659386424870800 ) ) ;
#2603 = CARTESIAN_POINT ( 'NONE',  ( 1.360001666218537700, -0.4549999999999999600, 1.310001666218537200 ) ) ;
#2604 =( NAMED_UNIT ( * ) SI_UNIT ( $, .STERADIAN. ) SOLID_ANGLE_UNIT ( ) );
#2605 =( NAMED_UNIT ( * ) PLANE_ANGLE_UNIT ( ) SI_UNIT ( $, .RADIAN. ) );
#2606 =( NAMED_UNIT ( * ) PLANE_ANGLE_UNIT ( ) SI_UNIT ( $, .RADIAN. ) );
#2607 = UNCERTAINTY_MEASURE_WITH_UNIT (LENGTH_MEASURE( 1.000000000000000100E-005 ), #2621, 'distance_accuracy_value', 'NONE');
#2608 =( LENGTH_UNIT ( ) NAMED_UNIT ( * ) SI_UNIT ( .MILLI., .METRE. ) );
#2609 =( NAMED_UNIT ( * ) SI_UNIT ( $, .STERADIAN. ) SOLID_ANGLE_UNIT ( ) );
#2610 = MECHANICAL_DESIGN_GEOMETRIC_PRESENTATION_REPRESENTATION (  '', ( #2612 ), #2709 ) ;
#2611 = PRESENTATION_LAYER_ASSIGNMENT (  '', '', ( #2612 ) ) ;
#2612 = STYLED_ITEM ( 'NONE', ( #2613 ), #1392 ) ;
#2613 = PRESENTATION_STYLE_ASSIGNMENT (( #2614 ) ) ;
#2615 =( NAMED_UNIT ( * ) PLANE_ANGLE_UNIT ( ) SI_UNIT ( $, .RADIAN. ) );
#2614 = SURFACE_STYLE_USAGE ( .BOTH. , #2616 ) ;
#2616 = SURFACE_SIDE_STYLE ('',( #2617 ) ) ;
#2617 = SURFACE_STYLE_FILL_AREA ( #2618 ) ;
#2618 = FILL_AREA_STYLE ('',( #2619 ) ) ;
#2619 = FILL_AREA_STYLE_COLOUR ( '', #2620 ) ;
#2620 = COLOUR_RGB ( '',0.7529411764705882200, 0.7529411764705882200, 0.7529411764705882200 ) ;
#2621 =( LENGTH_UNIT ( ) NAMED_UNIT ( * ) SI_UNIT ( .MILLI., .METRE. ) );
#2622 = CARTESIAN_POINT ( 'NONE',  ( -0.8849999999999997900, 0.01263758269840914300, 1.660836786145742900 ) ) ;
#2623 = DIRECTION ( 'NONE',  ( -1.000000000000000000, 0.0000000000000000000, 7.744301232039317900E-017 ) ) ;
#2624 = VECTOR ( 'NONE', #2623, 1000.000000000000000 ) ;
#2625 = MECHANICAL_DESIGN_GEOMETRIC_PRESENTATION_REPRESENTATION (  '', ( #2629 ), #2718 ) ;
#2626 = CARTESIAN_POINT ( 'NONE',  ( -0.8649999999999997700, 0.01263758269840914300, 1.660836786145742900 ) ) ;
#2627 = PRESENTATION_LAYER_ASSIGNMENT (  '', '', ( #2629 ) ) ;
#2628 = LINE ( 'NONE', #2626, #2624 ) ;
#2629 = STYLED_ITEM ( 'NONE', ( #2630 ), #185 ) ;
#2630 = PRESENTATION_STYLE_ASSIGNMENT (( #2631 ) ) ;
#2631 = SURFACE_STYLE_USAGE ( .BOTH. , #2632 ) ;
#2632 = SURFACE_SIDE_STYLE ('',( #2633 ) ) ;
#2633 = SURFACE_STYLE_FILL_AREA ( #2634 ) ;
#2634 = FILL_AREA_STYLE ('',( #2646 ) ) ;
#2635 = DIRECTION ( 'NONE',  ( 1.000000000000000000, 0.0000000000000000000, 0.0000000000000000000 ) ) ;
#2636 = COLOUR_RGB ( '',1.000000000000000000, 1.000000000000000000, 1.000000000000000000 ) ;
#2637 = DIRECTION ( 'NONE',  ( 0.0000000000000000000, 1.000000000000000000, 0.0000000000000000000 ) ) ;
#2639 = DIRECTION ( 'NONE',  ( 0.0000000000000000000, 0.0000000000000000000, 1.000000000000000000 ) ) ;
#2638 = CARTESIAN_POINT ( 'NONE',  ( 1.360001666218537700, -0.4549999999999999600, 1.310001666218537200 ) ) ;
#2640 = AXIS2_PLACEMENT_3D ( 'NONE', #2638, #2637, #2635 ) ;
#2641 = DIRECTION ( 'NONE',  ( -1.000000000000000000, 0.0000000000000000000, 7.744301232039317900E-017 ) ) ;
#2642 = CARTESIAN_POINT ( 'NONE',  ( -1.064999999999999900, -0.4349999999999993900, 1.700000000000000200 ) ) ;
#2643 = AXIS2_PLACEMENT_3D ( 'NONE', #2650, #2641, #2639 ) ;
#2644 = CYLINDRICAL_SURFACE ( 'NONE', #2643, 0.1450000000000001600 ) ;
#2645 = FACE_OUTER_BOUND ( 'NONE', #7787, .T. ) ;
#2646 = FILL_AREA_STYLE_COLOUR ( '', #2636 ) ;
#2647 = SPHERICAL_SURFACE ( 'NONE', #2640, 0.05000000000000000300 ) ;
#2648 = FACE_OUTER_BOUND ( 'NONE', #1384, .T. ) ;
#2649 = DIRECTION ( 'NONE',  ( -1.000000000000000000, 0.0000000000000000000, 0.0000000000000000000 ) ) ;
#2650 = CARTESIAN_POINT ( 'NONE',  ( 0.4349999999999999400, 0.0000000000000000000, -1.516388554922436100 ) ) ;
#2651 = DIRECTION ( 'NONE',  ( -0.0000000000000000000, -0.0000000000000000000, 1.000000000000000000 ) ) ;
#2652 = CARTESIAN_POINT ( 'NONE',  ( 1.360001666218537200, -0.4549999999999999600, -1.310001666218536800 ) ) ;
#2653 = AXIS2_PLACEMENT_3D ( 'NONE', #2652, #2651, #2649 ) ;
#2654 =( GEOMETRIC_REPRESENTATION_CONTEXT ( 3 ) GLOBAL_UNCERTAINTY_ASSIGNED_CONTEXT ( ( #2659 ) ) GLOBAL_UNIT_ASSIGNED_CONTEXT ( ( #2551, #2662, #2660 ) ) REPRESENTATION_CONTEXT ( 'NONE', 'WORKASPACE' ) );
#2655 = CIRCLE ( 'NONE', #2653, 0.04999999999999991300 ) ;
#2656 = DIRECTION ( 'NONE',  ( 0.0000000000000000000, 0.0000000000000000000, -1.000000000000000000 ) ) ;
#2657 = DIRECTION ( 'NONE',  ( 1.000000000000000000, 0.0000000000000000000, 7.477256361968996500E-017 ) ) ;
#2658 = CARTESIAN_POINT ( 'NONE',  ( -1.449999999999999500, -0.4550000000000000200, -1.310001666218537000 ) ) ;
#2659 = UNCERTAINTY_MEASURE_WITH_UNIT (LENGTH_MEASURE( 1.000000000000000100E-005 ), #2551, 'distance_accuracy_value', 'NONE');
#2660 =( NAMED_UNIT ( * ) SI_UNIT ( $, .STERADIAN. ) SOLID_ANGLE_UNIT ( ) );
#2661 = AXIS2_PLACEMENT_3D ( 'NONE', #2663, #2755, #2754 ) ;
#2662 =( NAMED_UNIT ( * ) PLANE_ANGLE_UNIT ( ) SI_UNIT ( $, .RADIAN. ) );
#2663 = CARTESIAN_POINT ( 'NONE',  ( -0.8649999999999997700, -0.5849999999999995200, 2.000000000000000000 ) ) ;
#2664 = PLANE ( 'NONE',  #2661 ) ;
#2665 = FACE_OUTER_BOUND ( 'NONE', #1410, .T. ) ;
#2666 = DIRECTION ( 'NONE',  ( 7.744301232039317900E-017, -3.614007241618349300E-016, 1.000000000000000000 ) ) ;
#2667 = VECTOR ( 'NONE', #2666, 1000.000000000000000 ) ;
#2668 = FACE_OUTER_BOUND ( 'NONE', #196, .T. ) ;
#2669 = CARTESIAN_POINT ( 'NONE',  ( -1.064999999999999700, -0.4349999999999995000, 2.000000000000000000 ) ) ;
#2670 = LINE ( 'NONE', #2669, #2667 ) ;
#2671 = DIRECTION ( 'NONE',  ( -0.0000000000000000000, 1.447713872511910500E-015, 1.000000000000000000 ) ) ;
#2672 = VECTOR ( 'NONE', #2671, 1000.000000000000000 ) ;
#2673 = CARTESIAN_POINT ( 'NONE',  ( 0.4349999999999999400, -0.5850000000000001900, -1.700437443317630600 ) ) ;
#2674 = FILL_AREA_STYLE_COLOUR ( '', #2769 ) ;
#2675 = CARTESIAN_POINT ( 'NONE',  ( -0.8649999999999997700, -0.5849999999999995200, 1.700437443317630400 ) ) ;
#2676 = DIRECTION ( 'NONE',  ( -1.000000000000000000, 0.0000000000000000000, 7.744301232039317900E-017 ) ) ;
#2677 = DIRECTION ( 'NONE',  ( 0.0000000000000000000, 0.0000000000000000000, -1.000000000000000000 ) ) ;
#2678 = VECTOR ( 'NONE', #2676, 1000.000000000000000 ) ;
#2680 = DIRECTION ( 'NONE',  ( 1.121153232653439900E-031, -1.000000000000000000, 1.447713872511910300E-015 ) ) ;
#2679 = CARTESIAN_POINT ( 'NONE',  ( -0.8649999999999997700, -0.5849999999999995200, 1.700437443317630400 ) ) ;
#2682 = CARTESIAN_POINT ( 'NONE',  ( 0.2349999999999999600, -0.5850000000000006300, -1.980000000000000000 ) ) ;
#2681 = LINE ( 'NONE', #2679, #2678 ) ;
#2683 = AXIS2_PLACEMENT_3D ( 'NONE', #2682, #2680, #2677 ) ;
#2684 = CIRCLE ( 'NONE', #2683, 0.02000000000000005200 ) ;
#2685 = LINE ( 'NONE', #2673, #2672 ) ;
#2686 = CARTESIAN_POINT ( 'NONE',  ( -1.084999999999999700, -0.5849999999999995200, 1.700437443317630400 ) ) ;
#2687 = DIRECTION ( 'NONE',  ( -0.0000000000000000000, -0.0000000000000000000, 1.000000000000000000 ) ) ;
#2688 = VECTOR ( 'NONE', #2687, 1000.000000000000000 ) ;
#2689 = CARTESIAN_POINT ( 'NONE',  ( 0.4349999999999999400, -0.5850000000000006300, -1.980000000000000000 ) ) ;
#2690 = CARTESIAN_POINT ( 'NONE',  ( -1.084999999999999700, -0.5849999999999995200, 2.000000000000000000 ) ) ;
#2691 = LINE ( 'NONE', #2690, #2688 ) ;
#2692 = DIRECTION ( 'NONE',  ( -0.0000000000000000000, 1.447713872511910500E-015, 1.000000000000000000 ) ) ;
#2693 = VECTOR ( 'NONE', #2692, 1000.000000000000000 ) ;
#2694 = CARTESIAN_POINT ( 'NONE',  ( 0.2149999999999999100, -0.5850000000000001900, -1.700437443317630600 ) ) ;
#2695 = LINE ( 'NONE', #2694, #2693 ) ;
#2696 = CARTESIAN_POINT ( 'NONE',  ( -1.084999999999999700, -0.5849999999999995200, 1.980000000000000000 ) ) ;
#2697 = DIRECTION ( 'NONE',  ( 0.0000000000000000000, 0.0000000000000000000, -1.000000000000000000 ) ) ;
#2699 = CARTESIAN_POINT ( 'NONE',  ( 0.2149999999999999100, -0.5850000000000006300, -1.980000000000000000 ) ) ;
#2698 = DIRECTION ( 'NONE',  ( -0.0000000000000000000, -1.000000000000000000, -0.0000000000000000000 ) ) ;
#2700 = CARTESIAN_POINT ( 'NONE',  ( -1.064999999999999700, -0.5849999999999995200, 1.980000000000000000 ) ) ;
#2701 = AXIS2_PLACEMENT_3D ( 'NONE', #2700, #2698, #2697 ) ;
#2702 = DIRECTION ( 'NONE',  ( 0.0000000000000000000, 0.0000000000000000000, -1.000000000000000000 ) ) ;
#2703 = CIRCLE ( 'NONE', #2701, 0.02000000000000005200 ) ;
#2704 = DIRECTION ( 'NONE',  ( 1.121153232653439900E-031, -1.000000000000000000, 1.447713872511910300E-015 ) ) ;
#2705 = CARTESIAN_POINT ( 'NONE',  ( 0.4149999999999998100, -0.5850000000000006300, -1.980000000000000000 ) ) ;
#2706 = AXIS2_PLACEMENT_3D ( 'NONE', #2705, #2704, #2702 ) ;
#2707 = CIRCLE ( 'NONE', #2706, 0.02000000000000005200 ) ;
#2708 = CARTESIAN_POINT ( 'NONE',  ( -0.8849999999999996800, -0.4349999999999993900, 1.700000000000000200 ) ) ;
#2710 = DIRECTION ( 'NONE',  ( -1.000000000000000000, 0.0000000000000000000, 7.744301232039317900E-017 ) ) ;
#2709 =( GEOMETRIC_REPRESENTATION_CONTEXT ( 3 ) GLOBAL_UNCERTAINTY_ASSIGNED_CONTEXT ( ( #2715 ) ) GLOBAL_UNIT_ASSIGNED_CONTEXT ( ( #2608, #2605, #2717 ) ) REPRESENTATION_CONTEXT ( 'NONE', 'WORKASPACE' ) );
#2711 = DIRECTION ( 'NONE',  ( -7.744301232039317900E-017, 0.0000000000000000000, -1.000000000000000000 ) ) ;
#2712 = CARTESIAN_POINT ( 'NONE',  ( 0.4349999999999999400, -0.5850000000000006300, -2.000000000000000000 ) ) ;
#2713 = AXIS2_PLACEMENT_3D ( 'NONE', #2712, #2711, #2710 ) ;
#2714 = CARTESIAN_POINT ( 'NONE',  ( 0.2349999999999999600, -0.4350000000000001600, -1.700000000000000200 ) ) ;
#2715 = UNCERTAINTY_MEASURE_WITH_UNIT (LENGTH_MEASURE( 1.000000000000000100E-005 ), #2608, 'distance_accuracy_value', 'NONE');
#2716 = PLANE ( 'NONE',  #2713 ) ;
#2717 =( NAMED_UNIT ( * ) SI_UNIT ( $, .STERADIAN. ) SOLID_ANGLE_UNIT ( ) );
#2718 =( GEOMETRIC_REPRESENTATION_CONTEXT ( 3 ) GLOBAL_UNCERTAINTY_ASSIGNED_CONTEXT ( ( #2607 ) ) GLOBAL_UNIT_ASSIGNED_CONTEXT ( ( #2621, #2615, #2609 ) ) REPRESENTATION_CONTEXT ( 'NONE', 'WORKASPACE' ) );
#2719 =( BOUNDED_CURVE ( )  B_SPLINE_CURVE ( 3, ( #2815, #2814, #2813, #2812 ),
 .UNSPECIFIED., .F., .T. ) 
 B_SPLINE_CURVE_WITH_KNOTS ( ( 4, 4 ),
 ( 5.501581642468775800, 7.064788971890401100 ),
 .UNSPECIFIED. ) 
 CURVE ( )  GEOMETRIC_REPRESENTATION_ITEM ( )  RATIONAL_B_SPLINE_CURVE ( ( 1.000000000000000000, 0.8065231999779346500, 0.8065231999779346500, 1.000000000000000000 ) ) 
 REPRESENTATION_ITEM ( '' )  );
#2720 =( BOUNDED_CURVE ( )  B_SPLINE_CURVE ( 3, ( #2819, #2818, #2817, #2816 ),
 .UNSPECIFIED., .F., .T. ) 
 B_SPLINE_CURVE_WITH_KNOTS ( ( 4, 4 ),
 ( 5.491974308826505500E-015, 1.570796326794896600 ),
 .UNSPECIFIED. ) 
 CURVE ( )  GEOMETRIC_REPRESENTATION_ITEM ( )  RATIONAL_B_SPLINE_CURVE ( ( 1.000000000000000000, 0.8047378541243662700, 0.8047378541243662700, 1.000000000000000000 ) ) 
 REPRESENTATION_ITEM ( '' )  );
#2721 = DIRECTION ( 'NONE',  ( 0.0000000000000000000, 0.08715574274765813800, 0.9961946980917454300 ) ) ;
#2722 = DIRECTION ( 'NONE',  ( 0.08682659386424762500, 0.9924325091389670800, -0.08682659386424763900 ) ) ;
#2723 = CARTESIAN_POINT ( 'NONE',  ( 1.400565773584092800, 0.008649868803131241900, -1.350565773584092800 ) ) ;
#2724 = AXIS2_PLACEMENT_3D ( 'NONE', #2723, #2722, #2721 ) ;
#2725 = CARTESIAN_POINT ( 'NONE',  ( -0.4349999999999998300, 0.1250000000000001900, 1.516388554922438700 ) ) ;
#2726 = CYLINDRICAL_SURFACE ( 'NONE', #2724, 0.05000000000000005100 ) ;
#2727 = FACE_OUTER_BOUND ( 'NONE', #1423, .T. ) ;
#2728 = DIRECTION ( 'NONE',  ( 0.0000000000000000000, -1.447713872511910300E-015, -1.000000000000000000 ) ) ;
#2729 = DIRECTION ( 'NONE',  ( -7.744301232039317900E-017, 3.614007241618349300E-016, -1.000000000000000000 ) ) ;
#2731 = DIRECTION ( 'NONE',  ( 1.121153232653439900E-031, -1.000000000000000000, 1.447713872511910300E-015 ) ) ;
#2730 = VECTOR ( 'NONE', #2729, 1000.000000000000000 ) ;
#2732 = CARTESIAN_POINT ( 'NONE',  ( -0.8849999999999997900, -0.4349999999999995000, 2.000000000000000000 ) ) ;
#2733 = CARTESIAN_POINT ( 'NONE',  ( 0.4349999999999999400, -0.5850000000000001900, -1.700437443317630600 ) ) ;
#2734 = LINE ( 'NONE', #2732, #2730 ) ;
#2735 = AXIS2_PLACEMENT_3D ( 'NONE', #2733, #2731, #2728 ) ;
#2736 = PLANE ( 'NONE',  #2735 ) ;
#2737 = CARTESIAN_POINT ( 'NONE',  ( -0.8849999999999997900, -0.4349999999999995000, 1.980000000000000000 ) ) ;
#2738 = CARTESIAN_POINT ( 'NONE',  ( -1.064999999999999700, -0.4349999999999995000, 1.980000000000000000 ) ) ;
#2739 =( GEOMETRIC_REPRESENTATION_CONTEXT ( 3 ) GLOBAL_UNCERTAINTY_ASSIGNED_CONTEXT ( ( #2745 ) ) GLOBAL_UNIT_ASSIGNED_CONTEXT ( ( #2756, #2750, #2749 ) ) REPRESENTATION_CONTEXT ( 'NONE', 'WORKASPACE' ) );
#2740 = DIRECTION ( 'NONE',  ( 1.000000000000000000, -0.0000000000000000000, -7.744301232039317900E-017 ) ) ;
#2741 = VECTOR ( 'NONE', #2740, 1000.000000000000000 ) ;
#2742 = CARTESIAN_POINT ( 'NONE',  ( -0.8649999999999997700, -0.4349999999999995000, 1.980000000000000000 ) ) ;
#2743 = LINE ( 'NONE', #2742, #2741 ) ;
#2744 = DIRECTION ( 'NONE',  ( 0.0000000000000000000, -3.614007241618349300E-016, 1.000000000000000000 ) ) ;
#2745 = UNCERTAINTY_MEASURE_WITH_UNIT (LENGTH_MEASURE( 1.000000000000000100E-005 ), #2756, 'distance_accuracy_value', 'NONE');
#2746 = DIRECTION ( 'NONE',  ( 2.798796073386400100E-032, 1.000000000000000000, 3.614007241618349300E-016 ) ) ;
#2747 = CARTESIAN_POINT ( 'NONE',  ( -0.8649999999999997700, -0.4349999999999995000, 2.000000000000000000 ) ) ;
#2748 = AXIS2_PLACEMENT_3D ( 'NONE', #2747, #2746, #2744 ) ;
#2749 =( NAMED_UNIT ( * ) SI_UNIT ( $, .STERADIAN. ) SOLID_ANGLE_UNIT ( ) );
#2750 =( NAMED_UNIT ( * ) PLANE_ANGLE_UNIT ( ) SI_UNIT ( $, .RADIAN. ) );
#2751 = PLANE ( 'NONE',  #2748 ) ;
#2752 = FACE_OUTER_BOUND ( 'NONE', #1442, .T. ) ;
#2753 = CARTESIAN_POINT ( 'NONE',  ( -0.8849999999999997900, -0.4549999999999995200, 2.000000000000000000 ) ) ;
#2754 = DIRECTION ( 'NONE',  ( 1.000000000000000000, 0.0000000000000000000, -7.744301232039317900E-017 ) ) ;
#2755 = DIRECTION ( 'NONE',  ( 7.744301232039317900E-017, -0.0000000000000000000, 1.000000000000000000 ) ) ;
#2756 =( LENGTH_UNIT ( ) NAMED_UNIT ( * ) SI_UNIT ( .MILLI., .METRE. ) );
#2757 = MECHANICAL_DESIGN_GEOMETRIC_PRESENTATION_REPRESENTATION (  '', ( #2759 ), #2739 ) ;
#2758 = PRESENTATION_LAYER_ASSIGNMENT (  '', '', ( #2759 ) ) ;
#2759 = STYLED_ITEM ( 'NONE', ( #2760 ), #197 ) ;
#2760 = PRESENTATION_STYLE_ASSIGNMENT (( #2762 ) ) ;
#2762 = SURFACE_STYLE_USAGE ( .BOTH. , #2764 ) ;
#2761 = DIRECTION ( 'NONE',  ( -1.000000000000000000, 0.0000000000000000000, 7.744301232039317900E-017 ) ) ;
#2764 = SURFACE_SIDE_STYLE ('',( #2765 ) ) ;
#2763 = VECTOR ( 'NONE', #2761, 1000.000000000000000 ) ;
#2765 = SURFACE_STYLE_FILL_AREA ( #2767 ) ;
#2767 = FILL_AREA_STYLE ('',( #2674 ) ) ;
#2766 = CARTESIAN_POINT ( 'NONE',  ( -0.8649999999999997700, -0.4349999999999993900, 1.700000000000000200 ) ) ;
#2769 = COLOUR_RGB ( '',1.000000000000000000, 1.000000000000000000, 1.000000000000000000 ) ;
#2768 = LINE ( 'NONE', #2766, #2763 ) ;
#2770 = LINE ( 'NONE', #2881, #2879 ) ;
#2771 = FILL_AREA_STYLE_COLOUR ( '', #2874 ) ;
#2772 = CARTESIAN_POINT ( 'NONE',  ( -1.064999999999999700, 0.01263758269840914300, 1.660836786145742900 ) ) ;
#2773 = DIRECTION ( 'NONE',  ( 0.0000000000000000000, -0.9961946980917457700, 0.08715574274765468300 ) ) ;
#2774 = CARTESIAN_POINT ( 'NONE',  ( -0.4350000000000000500, -0.4549999999999995700, -1.980000000000000000 ) ) ;
#2775 = DIRECTION ( 'NONE',  ( 7.714831827782947500E-017, 0.08715574274765469600, 0.9961946980917458800 ) ) ;
#2776 = AXIS2_PLACEMENT_3D ( 'NONE', #2781, #2775, #2773 ) ;
#2777 = DIRECTION ( 'NONE',  ( -7.744301232039317900E-017, 2.168404344971009700E-015, -1.000000000000000000 ) ) ;
#2778 = VECTOR ( 'NONE', #2777, 1000.000000000000000 ) ;
#2779 = CARTESIAN_POINT ( 'NONE',  ( -0.4350000000000000500, -0.4549999999999995200, -2.000000000000000000 ) ) ;
#2780 = LINE ( 'NONE', #2779, #2778 ) ;
#2781 = CARTESIAN_POINT ( 'NONE',  ( -0.8649999999999997700, -0.4349999999999993900, 1.700000000000000200 ) ) ;
#2782 = PLANE ( 'NONE',  #2776 ) ;
#2783 = FACE_OUTER_BOUND ( 'NONE', #1393, .T. ) ;
#2784 = CARTESIAN_POINT ( 'NONE',  ( -0.4350000000000000500, -0.4550000000000002400, -1.681673376519651700 ) ) ;
#2785 = DIRECTION ( 'NONE',  ( 1.000000000000000000, 0.0000000000000000000, -4.336808689942025600E-015 ) ) ;
#2786 = DIRECTION ( 'NONE',  ( -4.353374594594206700E-015, -0.0000000000000000000, -1.000000000000000000 ) ) ;
#2787 = DIRECTION ( 'NONE',  ( -6.749603259400174600E-018, -0.9961946980917453200, -0.08715574274766159400 ) ) ;
#2788 = CARTESIAN_POINT ( 'NONE',  ( 1.360001666218538100, -0.4550000000000000200, 1.310001666218537400 ) ) ;
#2789 = VECTOR ( 'NONE', #2787, 999.9999999999998900 ) ;
#2790 = AXIS2_PLACEMENT_3D ( 'NONE', #2788, #2786, #2785 ) ;
#2791 = CARTESIAN_POINT ( 'NONE',  ( -0.4350000000000000500, -0.4367431148549533200, -1.680076106038165300 ) ) ;
#2792 = CIRCLE ( 'NONE', #2790, 0.04999999999999991300 ) ;
#2793 = LINE ( 'NONE', #2791, #2789 ) ;
#2794 = CARTESIAN_POINT ( 'NONE',  ( -0.4350000000000000500, 0.01089446784345689600, -1.640912892183904500 ) ) ;
#2795 = DIRECTION ( 'NONE',  ( 0.0000000000000000000, 8.881784197001248400E-016, -1.000000000000000000 ) ) ;
#2796 = CARTESIAN_POINT ( 'NONE',  ( -0.8649999999999997700, -0.4526375826984085900, 1.555989212094326400 ) ) ;
#2797 = DIRECTION ( 'NONE',  ( -1.000000000000000000, 0.0000000000000000000, 7.744301232039317900E-017 ) ) ;
#2799 = CARTESIAN_POINT ( 'NONE',  ( -0.4350000000000000500, 0.0000000000000000000, -1.516388554922436100 ) ) ;
#2798 = CARTESIAN_POINT ( 'NONE',  ( -0.8649999999999999900, -7.126743562157366300E-018, -1.516388554922436300 ) ) ;
#2800 = AXIS2_PLACEMENT_3D ( 'NONE', #2799, #2797, #2795 ) ;
#2802 = CIRCLE ( 'NONE', #2800, 0.1250000000000001100 ) ;
#2801 = CARTESIAN_POINT ( 'NONE',  ( -1.085000000000000000, -7.126743562157366300E-018, -1.516388554922436300 ) ) ;
#2803 = DIRECTION ( 'NONE',  ( 7.149896831956507700E-017, 6.123233995736761100E-017, 1.000000000000000000 ) ) ;
#2804 = VECTOR ( 'NONE', #2803, 1000.000000000000000 ) ;
#2805 = CARTESIAN_POINT ( 'NONE',  ( -1.085000000000000000, -7.126743562157366300E-018, -1.516388554922436300 ) ) ;
#2806 = LINE ( 'NONE', #2805, #2804 ) ;
#2807 = CARTESIAN_POINT ( 'NONE',  ( -0.4350000000000000500, 0.1250000000000000600, -1.516388554922435200 ) ) ;
#2808 = DIRECTION ( 'NONE',  ( -7.744301232039317900E-017, -6.256159727961946200E-017, -1.000000000000000000 ) ) ;
#2809 = VECTOR ( 'NONE', #2808, 1000.000000000000000 ) ;
#2810 = CARTESIAN_POINT ( 'NONE',  ( -0.4350000000000000500, 0.1250000000000000000, -1.516388554922435200 ) ) ;
#2811 = LINE ( 'NONE', #2810, #2809 ) ;
#2812 = CARTESIAN_POINT ( 'NONE',  ( 1.400189904458370100, 0.0000000000000000000, 1.400000000000000100 ) ) ;
#2813 = CARTESIAN_POINT ( 'NONE',  ( 1.429302898581485100, -0.001267999507809748200, 1.399889169613836200 ) ) ;
#2814 = CARTESIAN_POINT ( 'NONE',  ( 1.449889169613837200, -0.001267999507809752100, 1.379302898581484100 ) ) ;
#2815 = CARTESIAN_POINT ( 'NONE',  ( 1.450000000000000600, 0.0000000000000000000, 1.350189904458369600 ) ) ;
#2816 = CARTESIAN_POINT ( 'NONE',  ( -0.2150000000000000200, -0.4550000000000002400, -1.681673376519651700 ) ) ;
#2817 = CARTESIAN_POINT ( 'NONE',  ( -0.2150000000000000800, -0.4432842712474621700, -1.692408864001934400 ) ) ;
#2818 = CARTESIAN_POINT ( 'NONE',  ( -0.2232842712474619200, -0.4350000000000002200, -1.700000000000000200 ) ) ;
#2819 = CARTESIAN_POINT ( 'NONE',  ( -0.2349999999999999600, -0.4350000000000001600, -1.700000000000000200 ) ) ;
#2820 = CARTESIAN_POINT ( 'NONE',  ( -1.064999999999999700, -0.4549999999999995200, 2.000000000000000000 ) ) ;
#2821 = DIRECTION ( 'NONE',  ( -1.000000000000000000, 0.0000000000000000000, 7.744301232039317900E-017 ) ) ;
#2822 = VECTOR ( 'NONE', #2821, 1000.000000000000000 ) ;
#2823 = CARTESIAN_POINT ( 'NONE',  ( -0.8649999999999997700, -0.4549999999999995200, 2.000000000000000000 ) ) ;
#2824 = LINE ( 'NONE', #2823, #2822 ) ;
#2825 = CARTESIAN_POINT ( 'NONE',  ( -0.4349999999999998300, -0.4549999999999995200, 1.980000000000000000 ) ) ;
#2826 = DIRECTION ( 'NONE',  ( 0.0000000000000000000, 1.000000000000000000, 0.0000000000000000000 ) ) ;
#2827 = VECTOR ( 'NONE', #2826, 1000.000000000000000 ) ;
#2828 = DIRECTION ( 'NONE',  ( 0.0000000000000000000, 0.0000000000000000000, 1.000000000000000000 ) ) ;
#2829 = DIRECTION ( 'NONE',  ( -1.000000000000000000, 0.0000000000000000000, 7.744301232039317900E-017 ) ) ;
#2830 = CARTESIAN_POINT ( 'NONE',  ( -0.4349999999999998300, -0.4349999999999995000, 1.980000000000000000 ) ) ;
#2831 = CARTESIAN_POINT ( 'NONE',  ( -0.8649999999999997700, -0.4399999999999993900, 1.700437443317629500 ) ) ;
#2832 = AXIS2_PLACEMENT_3D ( 'NONE', #2831, #2829, #2828 ) ;
#2833 = DIRECTION ( 'NONE',  ( -7.744301232039317900E-017, 0.0000000000000000000, -1.000000000000000000 ) ) ;
#2834 = DIRECTION ( 'NONE',  ( 1.000000000000000000, 0.0000000000000000000, -7.744301232039317900E-017 ) ) ;
#2835 = CARTESIAN_POINT ( 'NONE',  ( -0.4349999999999998300, 1.897353801849632800E-016, 1.516388554922439600 ) ) ;
#2836 = AXIS2_PLACEMENT_3D ( 'NONE', #2835, #2834, #2833 ) ;
#2838 = LINE ( 'NONE', #2830, #2827 ) ;
#2837 = CYLINDRICAL_SURFACE ( 'NONE', #2832, 0.1450000000000001600 ) ;
#2839 = FACE_OUTER_BOUND ( 'NONE', #1425, .T. ) ;
#2840 = DIRECTION ( 'NONE',  ( 0.0000000000000000000, 0.0000000000000000000, -1.000000000000000000 ) ) ;
#2841 = DIRECTION ( 'NONE',  ( -0.0000000000000000000, -1.000000000000000000, -0.0000000000000000000 ) ) ;
#2842 = CARTESIAN_POINT ( 'NONE',  ( -0.8849999999999997900, -0.5849999999999995200, 1.980000000000000000 ) ) ;
#2843 = AXIS2_PLACEMENT_3D ( 'NONE', #2842, #2841, #2840 ) ;
#2844 = PLANE ( 'NONE',  #2836 ) ;
#2845 = CIRCLE ( 'NONE', #2843, 0.02000000000000005200 ) ;
#2846 =( GEOMETRIC_REPRESENTATION_CONTEXT ( 3 ) GLOBAL_UNCERTAINTY_ASSIGNED_CONTEXT ( ( #2852 ) ) GLOBAL_UNIT_ASSIGNED_CONTEXT ( ( #2860, #2859, #2853 ) ) REPRESENTATION_CONTEXT ( 'NONE', 'WORKASPACE' ) );
#2847 = CARTESIAN_POINT ( 'NONE',  ( -0.8649999999999997700, -0.5849999999999995200, 1.980000000000000000 ) ) ;
#2848 = DIRECTION ( 'NONE',  ( -0.0000000000000000000, -0.0000000000000000000, 1.000000000000000000 ) ) ;
#2849 = VECTOR ( 'NONE', #2848, 1000.000000000000000 ) ;
#2850 = CARTESIAN_POINT ( 'NONE',  ( -0.8649999999999997700, -0.5849999999999995200, 2.000000000000000000 ) ) ;
#2851 = LINE ( 'NONE', #2850, #2849 ) ;
#2852 = UNCERTAINTY_MEASURE_WITH_UNIT (LENGTH_MEASURE( 1.000000000000000100E-005 ), #2860, 'distance_accuracy_value', 'NONE');
#2853 =( NAMED_UNIT ( * ) SI_UNIT ( $, .STERADIAN. ) SOLID_ANGLE_UNIT ( ) );
#2854 = DIRECTION ( 'NONE',  ( 1.000000000000000000, 0.0000000000000000000, 0.0000000000000000000 ) ) ;
#2855 = DIRECTION ( 'NONE',  ( 2.323290369611795500E-016, 0.0000000000000000000, 1.000000000000000000 ) ) ;
#2856 = CARTESIAN_POINT ( 'NONE',  ( 1.360001666218538100, -0.4550000000000000200, 1.399999999999999200 ) ) ;
#2857 = AXIS2_PLACEMENT_3D ( 'NONE', #2856, #2855, #2854 ) ;
#2859 =( NAMED_UNIT ( * ) PLANE_ANGLE_UNIT ( ) SI_UNIT ( $, .RADIAN. ) );
#2858 = CYLINDRICAL_SURFACE ( 'NONE', #2857, 0.04999999999999991300 ) ;
#2860 =( LENGTH_UNIT ( ) NAMED_UNIT ( * ) SI_UNIT ( .MILLI., .METRE. ) );
#2861 = FACE_OUTER_BOUND ( 'NONE', #1438, .T. ) ;
#2862 = MECHANICAL_DESIGN_GEOMETRIC_PRESENTATION_REPRESENTATION (  '', ( #2868 ), #2846 ) ;
#2863 = DIRECTION ( 'NONE',  ( -6.749603259399640800E-018, 0.9961946980917457700, -0.08715574274765468300 ) ) ;
#2864 = VECTOR ( 'NONE', #2863, 1000.000000000000100 ) ;
#2865 = PRESENTATION_LAYER_ASSIGNMENT (  '', '', ( #2868 ) ) ;
#2866 = CARTESIAN_POINT ( 'NONE',  ( -0.8849999999999997900, -0.4349999999999993900, 1.700000000000000200 ) ) ;
#2868 = STYLED_ITEM ( 'NONE', ( #2869 ), #217 ) ;
#2867 = LINE ( 'NONE', #2866, #2864 ) ;
#2869 = PRESENTATION_STYLE_ASSIGNMENT (( #2870 ) ) ;
#2870 = SURFACE_STYLE_USAGE ( .BOTH. , #2871 ) ;
#2871 = SURFACE_SIDE_STYLE ('',( #2872 ) ) ;
#2872 = SURFACE_STYLE_FILL_AREA ( #2873 ) ;
#2873 = FILL_AREA_STYLE ('',( #2771 ) ) ;
#2874 = COLOUR_RGB ( '',1.000000000000000000, 1.000000000000000000, 1.000000000000000000 ) ;
#2875 = FACE_OUTER_BOUND ( 'NONE', #218, .T. ) ;
#2876 = DIRECTION ( 'NONE',  ( 0.0000000000000000000, 0.9961946980917457700, -0.08715574274765472400 ) ) ;
#2877 = DIRECTION ( 'NONE',  ( 0.0000000000000000000, -1.000000000000000000, 0.0000000000000000000 ) ) ;
#2879 = VECTOR ( 'NONE', #2877, 1000.000000000000000 ) ;
#2878 = DIRECTION ( 'NONE',  ( -7.714831827782947500E-017, -0.08715574274765473800, -0.9961946980917458800 ) ) ;
#2880 = AXIS2_PLACEMENT_3D ( 'NONE', #2884, #2878, #2876 ) ;
#2881 = CARTESIAN_POINT ( 'NONE',  ( -0.4350000000000000500, -0.5850000000000006300, -1.980000000000000000 ) ) ;
#2882 = DIRECTION ( 'NONE',  ( -0.0000000000000000000, -0.9961946980917457700, 0.08715574274765473800 ) ) ;
#2883 = VECTOR ( 'NONE', #2882, 1000.000000000000100 ) ;
#2884 = CARTESIAN_POINT ( 'NONE',  ( -0.8649999999999997700, -0.4526375826984084800, 1.555989212094326400 ) ) ;
#2885 = UNCERTAINTY_MEASURE_WITH_UNIT (LENGTH_MEASURE( 1.000000000000000100E-005 ), #2895, 'distance_accuracy_value', 'NONE');
#2886 = PLANE ( 'NONE',  #2880 ) ;
#2887 = FACE_OUTER_BOUND ( 'NONE', #1468, .T. ) ;
#2888 =( NAMED_UNIT ( * ) SI_UNIT ( $, .STERADIAN. ) SOLID_ANGLE_UNIT ( ) );
#2889 = CARTESIAN_POINT ( 'NONE',  ( -0.8649999999999999900, -0.4526375826984102600, -1.555989212094326600 ) ) ;
#2890 = DIRECTION ( 'NONE',  ( 6.749603259399640800E-018, -0.9961946980917457700, 0.08715574274765468300 ) ) ;
#2891 = VECTOR ( 'NONE', #2890, 1000.000000000000100 ) ;
#2893 =( NAMED_UNIT ( * ) PLANE_ANGLE_UNIT ( ) SI_UNIT ( $, .RADIAN. ) );
#2892 = CARTESIAN_POINT ( 'NONE',  ( -1.064999999999999700, -0.4349999999999994400, 1.700000000000000200 ) ) ;
#2894 = DIRECTION ( 'NONE',  ( 0.0000000000000000000, 0.0000000000000000000, -1.000000000000000000 ) ) ;
#2895 =( LENGTH_UNIT ( ) NAMED_UNIT ( * ) SI_UNIT ( .MILLI., .METRE. ) );
#2896 = DIRECTION ( 'NONE',  ( 0.0000000000000000000, -1.000000000000000000, -0.0000000000000000000 ) ) ;
#2897 = AXIS2_PLACEMENT_3D ( 'NONE', #2904, #2896, #2894 ) ;
#2898 = LINE ( 'NONE', #2892, #2891 ) ;
#2899 = MECHANICAL_DESIGN_GEOMETRIC_PRESENTATION_REPRESENTATION (  '', ( #2901 ), #3007 ) ;
#2900 = PRESENTATION_LAYER_ASSIGNMENT (  '', '', ( #2901 ) ) ;
#2901 = STYLED_ITEM ( 'NONE', ( #2902 ), #235 ) ;
#2902 = PRESENTATION_STYLE_ASSIGNMENT (( #2903 ) ) ;
#2903 = SURFACE_STYLE_USAGE ( .BOTH. , #2905 ) ;
#2905 = SURFACE_SIDE_STYLE ('',( #2907 ) ) ;
#2904 = CARTESIAN_POINT ( 'NONE',  ( -0.8649999999999997700, -0.5849999999999995200, 2.000000000000000000 ) ) ;
#2907 = SURFACE_STYLE_FILL_AREA ( #2909 ) ;
#2906 = PLANE ( 'NONE',  #2897 ) ;
#2909 = FILL_AREA_STYLE ('',( #2910 ) ) ;
#2908 = FACE_OUTER_BOUND ( 'NONE', #1462, .T. ) ;
#2910 = FILL_AREA_STYLE_COLOUR ( '', #2912 ) ;
#2912 = COLOUR_RGB ( '',1.000000000000000000, 1.000000000000000000, 1.000000000000000000 ) ;
#2911 = DIRECTION ( 'NONE',  ( 0.0000000000000000000, 1.000000000000000000, 0.0000000000000000000 ) ) ;
#2913 = VECTOR ( 'NONE', #2911, 1000.000000000000000 ) ;
#2914 = FACE_OUTER_BOUND ( 'NONE', #236, .T. ) ;
#2915 = CARTESIAN_POINT ( 'NONE',  ( -0.8849999999999997900, -0.5849999999999995200, 2.000000000000000000 ) ) ;
#2917 = CARTESIAN_POINT ( 'NONE',  ( -0.4149999999999999800, -0.5850000000000006300, -2.000000000000000000 ) ) ;
#2916 = LINE ( 'NONE', #2915, #2913 ) ;
#2918 = CARTESIAN_POINT ( 'NONE',  ( 0.2349999999999999600, -0.5850000000000006300, -2.000000000000000000 ) ) ;
#2919 = DIRECTION ( 'NONE',  ( 0.0000000000000000000, 0.0000000000000000000, -1.000000000000000000 ) ) ;
#2920 = DIRECTION ( 'NONE',  ( -1.000000000000000000, 0.0000000000000000000, 7.744301232039317900E-017 ) ) ;
#2921 = CARTESIAN_POINT ( 'NONE',  ( -0.4349999999999998300, 1.897353801849632800E-016, 1.516388554922439600 ) ) ;
#2922 = AXIS2_PLACEMENT_3D ( 'NONE', #2921, #2920, #2919 ) ;
#2923 = CARTESIAN_POINT ( 'NONE',  ( -0.8849999999999997900, -0.5849999999999995200, 2.000000000000000000 ) ) ;
#2924 = CIRCLE ( 'NONE', #2922, 0.1249999999999998900 ) ;
#2925 = DIRECTION ( 'NONE',  ( -1.000000000000000000, 0.0000000000000000000, 7.744301232039317900E-017 ) ) ;
#2926 = VECTOR ( 'NONE', #2925, 1000.000000000000000 ) ;
#2927 = CARTESIAN_POINT ( 'NONE',  ( -0.8649999999999997700, -0.5849999999999995200, 2.000000000000000000 ) ) ;
#2928 = LINE ( 'NONE', #2927, #2926 ) ;
#2929 = CARTESIAN_POINT ( 'NONE',  ( -0.4349999999999998300, 0.01089446784345603000, 1.640912892183907800 ) ) ;
#2930 = DIRECTION ( 'NONE',  ( -6.749603259399640000E-018, 0.9961946980917457700, -0.08715574274765468300 ) ) ;
#2931 = VECTOR ( 'NONE', #2930, 1000.000000000000100 ) ;
#2932 = CARTESIAN_POINT ( 'NONE',  ( -0.4349999999999998300, 0.01089446784345603700, 1.640912892183907800 ) ) ;
#2933 = LINE ( 'NONE', #2932, #2931 ) ;
#2934 = CARTESIAN_POINT ( 'NONE',  ( -1.064999999999999700, -0.5849999999999995200, 2.000000000000000000 ) ) ;
#2935 = DIRECTION ( 'NONE',  ( -0.0000000000000000000, -1.000000000000000000, -0.0000000000000000000 ) ) ;
#2936 = VECTOR ( 'NONE', #2935, 1000.000000000000000 ) ;
#2937 = CARTESIAN_POINT ( 'NONE',  ( -1.064999999999999700, -0.5849999999999995200, 2.000000000000000000 ) ) ;
#2938 = LINE ( 'NONE', #2937, #2936 ) ;
#2939 = CARTESIAN_POINT ( 'NONE',  ( -0.4349999999999998300, -0.4549999999999994000, 1.681673376519651700 ) ) ;
#2941 = DIRECTION ( 'NONE',  ( -7.744301232039317900E-017, 3.614007241618349300E-016, -1.000000000000000000 ) ) ;
#2940 = DIRECTION ( 'NONE',  ( 1.121153232653439900E-031, -1.000000000000000000, 1.447713872511910300E-015 ) ) ;
#2943 = VECTOR ( 'NONE', #2941, 1000.000000000000000 ) ;
#2942 = AXIS2_PLACEMENT_3D ( 'NONE', #2947, #2940, #3061 ) ;
#2944 = CARTESIAN_POINT ( 'NONE',  ( -0.4349999999999998300, -0.4549999999999994000, 1.700000000000000200 ) ) ;
#2945 = LINE ( 'NONE', #2944, #2943 ) ;
#2946 =( NAMED_UNIT ( * ) SI_UNIT ( $, .STERADIAN. ) SOLID_ANGLE_UNIT ( ) );
#2947 = CARTESIAN_POINT ( 'NONE',  ( -0.8649999999999999900, -0.5850000000000001900, -1.700437443317630600 ) ) ;
#2948 = PLANE ( 'NONE',  #2942 ) ;
#2949 = FACE_OUTER_BOUND ( 'NONE', #1486, .T. ) ;
#2950 = DIRECTION ( 'NONE',  ( 0.0000000000000000000, 0.0000000000000000000, -1.000000000000000000 ) ) ;
#2952 =( NAMED_UNIT ( * ) PLANE_ANGLE_UNIT ( ) SI_UNIT ( $, .RADIAN. ) );
#2951 = DIRECTION ( 'NONE',  ( -1.000000000000000000, 0.0000000000000000000, 7.744301232039317900E-017 ) ) ;
#2953 = CARTESIAN_POINT ( 'NONE',  ( -0.8649999999999999900, -0.4400000000000001700, -1.700437443317629700 ) ) ;
#2954 = AXIS2_PLACEMENT_3D ( 'NONE', #2953, #2951, #2950 ) ;
#2955 = CIRCLE ( 'NONE', #2954, 0.1449999999999999300 ) ;
#2956 =( LENGTH_UNIT ( ) NAMED_UNIT ( * ) SI_UNIT ( .MILLI., .METRE. ) );
#2957 = MECHANICAL_DESIGN_GEOMETRIC_PRESENTATION_REPRESENTATION (  '', ( #2961 ), #3059 ) ;
#2958 = CARTESIAN_POINT ( 'NONE',  ( -0.8649999999999999900, -0.5850000000000000800, -1.700437443317630600 ) ) ;
#2959 = PRESENTATION_LAYER_ASSIGNMENT (  '', '', ( #2961 ) ) ;
#2961 = STYLED_ITEM ( 'NONE', ( #2963 ), #247 ) ;
#2960 = DIRECTION ( 'NONE',  ( -1.000000000000000000, 0.0000000000000000000, 7.744301232039317900E-017 ) ) ;
#2962 = VECTOR ( 'NONE', #2960, 1000.000000000000000 ) ;
#2963 = PRESENTATION_STYLE_ASSIGNMENT (( #2964 ) ) ;
#2964 = SURFACE_STYLE_USAGE ( .BOTH. , #2966 ) ;
#2965 = CARTESIAN_POINT ( 'NONE',  ( -0.8649999999999999900, -0.5850000000000000800, -1.700437443317630600 ) ) ;
#2966 = SURFACE_SIDE_STYLE ('',( #2967 ) ) ;
#2967 = SURFACE_STYLE_FILL_AREA ( #2968 ) ;
#2968 = FILL_AREA_STYLE ('',( #2980 ) ) ;
#2969 = COLOUR_RGB ( '',1.000000000000000000, 1.000000000000000000, 1.000000000000000000 ) ;
#2970 = FACE_OUTER_BOUND ( 'NONE', #248, .T. ) ;
#2972 = DIRECTION ( 'NONE',  ( 0.0000000000000000000, 0.0000000000000000000, 1.000000000000000000 ) ) ;
#2971 = DIRECTION ( 'NONE',  ( 0.0000000000000000000, -6.123233995736761100E-017, -1.000000000000000000 ) ) ;
#2974 = DIRECTION ( 'NONE',  ( -0.0000000000000000000, 1.000000000000000000, 0.0000000000000000000 ) ) ;
#2973 = DIRECTION ( 'NONE',  ( 4.742016857724923500E-033, -1.000000000000000000, 6.123233995736761100E-017 ) ) ;
#2976 = CARTESIAN_POINT ( 'NONE',  ( -0.2350000000000000700, -0.4549999999999995700, -1.980000000000000000 ) ) ;
#2975 = AXIS2_PLACEMENT_3D ( 'NONE', #2981, #2973, #2971 ) ;
#2977 = AXIS2_PLACEMENT_3D ( 'NONE', #2976, #2974, #2972 ) ;
#2978 = LINE ( 'NONE', #2965, #2962 ) ;
#2979 = CIRCLE ( 'NONE', #2977, 0.02000000000000005200 ) ;
#2980 = FILL_AREA_STYLE_COLOUR ( '', #2969 ) ;
#2981 = CARTESIAN_POINT ( 'NONE',  ( -0.8649999999999999900, -7.126743562157366300E-018, -1.516388554922436300 ) ) ;
#2982 = PLANE ( 'NONE',  #2975 ) ;
#2984 = DIRECTION ( 'NONE',  ( 5.421010862427523000E-015, 1.000000000000000000, 0.0000000000000000000 ) ) ;
#2983 = FACE_OUTER_BOUND ( 'NONE', #1479, .T. ) ;
#2985 = DIRECTION ( 'NONE',  ( -1.000000000000000000, 5.421010862427523000E-015, -0.0000000000000000000 ) ) ;
#2986 = DIRECTION ( 'NONE',  ( -0.0000000000000000000, -0.9961946980917457700, 0.08715574274765473800 ) ) ;
#2987 = VECTOR ( 'NONE', #2986, 1000.000000000000100 ) ;
#2988 = CARTESIAN_POINT ( 'NONE',  ( -0.2350000000000001800, -0.4549999999999995700, -1.980000000000000000 ) ) ;
#2990 = AXIS2_PLACEMENT_3D ( 'NONE', #2988, #2985, #2984 ) ;
#2989 = CARTESIAN_POINT ( 'NONE',  ( -0.8649999999999997700, -0.4526375826984084800, 1.555989212094326400 ) ) ;
#2991 = LINE ( 'NONE', #2989, #2987 ) ;
#2992 = CARTESIAN_POINT ( 'NONE',  ( -0.8649999999999997700, 1.785772954427868700E-016, 1.516388554922439200 ) ) ;
#2993 = DIRECTION ( 'NONE',  ( -1.000000000000000000, 0.0000000000000000000, 7.744301232039317900E-017 ) ) ;
#2994 = DIRECTION ( 'NONE',  ( 1.000000000000000000, 0.0000000000000000000, 0.0000000000000000000 ) ) ;
#2995 = VECTOR ( 'NONE', #2993, 1000.000000000000000 ) ;
#2997 = DIRECTION ( 'NONE',  ( 0.0000000000000000000, 1.000000000000000000, 0.0000000000000000000 ) ) ;
#2996 = CARTESIAN_POINT ( 'NONE',  ( -0.8649999999999997700, 1.785772954427868700E-016, 1.516388554922439200 ) ) ;
#2998 = LINE ( 'NONE', #2996, #2995 ) ;
#2999 = AXIS2_PLACEMENT_3D ( 'NONE', #3003, #2997, #2994 ) ;
#3000 = SPHERICAL_SURFACE ( 'NONE', #2999, 0.02000000000000000000 ) ;
#3001 = CIRCLE ( 'NONE', #2990, 0.01999999999999999700 ) ;
#3002 = CARTESIAN_POINT ( 'NONE',  ( -1.084999999999999700, 1.785772954427868700E-016, 1.516388554922439200 ) ) ;
#3003 = CARTESIAN_POINT ( 'NONE',  ( -0.2350000000000000700, -0.4549999999999995700, -1.980000000000000000 ) ) ;
#3004 = DIRECTION ( 'NONE',  ( 0.0000000000000000000, 0.9961946980917452100, 0.08715574274766152400 ) ) ;
#3005 = VECTOR ( 'NONE', #3004, 1000.000000000000100 ) ;
#3007 =( GEOMETRIC_REPRESENTATION_CONTEXT ( 3 ) GLOBAL_UNCERTAINTY_ASSIGNED_CONTEXT ( ( #2885 ) ) GLOBAL_UNIT_ASSIGNED_CONTEXT ( ( #2895, #2893, #2888 ) ) REPRESENTATION_CONTEXT ( 'NONE', 'WORKASPACE' ) );
#3006 = CARTESIAN_POINT ( 'NONE',  ( -0.8649999999999999900, -0.4526375826984102600, -1.555989212094326600 ) ) ;
#3008 = LINE ( 'NONE', #3006, #3005 ) ;
#3009 = UNCERTAINTY_MEASURE_WITH_UNIT (LENGTH_MEASURE( 1.000000000000000100E-005 ), #3020, 'distance_accuracy_value', 'NONE');
#3010 = DIRECTION ( 'NONE',  ( 0.0000000000000000000, 0.0000000000000000000, -1.000000000000000000 ) ) ;
#3011 = DIRECTION ( 'NONE',  ( -1.000000000000000000, 0.0000000000000000000, 7.744301232039317900E-017 ) ) ;
#3012 = CARTESIAN_POINT ( 'NONE',  ( -1.084999999999999700, -0.4399999999999993900, 1.700437443317629500 ) ) ;
#3013 =( NAMED_UNIT ( * ) SI_UNIT ( $, .STERADIAN. ) SOLID_ANGLE_UNIT ( ) );
#3014 = AXIS2_PLACEMENT_3D ( 'NONE', #3012, #3011, #3010 ) ;
#3015 = CIRCLE ( 'NONE', #3014, 0.1450000000000001600 ) ;
#3016 =( NAMED_UNIT ( * ) PLANE_ANGLE_UNIT ( ) SI_UNIT ( $, .RADIAN. ) );
#3017 = DIRECTION ( 'NONE',  ( 0.0000000000000000000, 0.0000000000000000000, -1.000000000000000000 ) ) ;
#3018 = DIRECTION ( 'NONE',  ( -1.000000000000000000, 0.0000000000000000000, 7.744301232039317900E-017 ) ) ;
#3019 = CARTESIAN_POINT ( 'NONE',  ( -0.8649999999999997700, -0.4399999999999993900, 1.700437443317629500 ) ) ;
#3020 =( LENGTH_UNIT ( ) NAMED_UNIT ( * ) SI_UNIT ( .MILLI., .METRE. ) );
#3021 = AXIS2_PLACEMENT_3D ( 'NONE', #3019, #3018, #3017 ) ;
#3022 = CIRCLE ( 'NONE', #3021, 0.1450000000000001600 ) ;
#3023 = MECHANICAL_DESIGN_GEOMETRIC_PRESENTATION_REPRESENTATION (  '', ( #3025 ), #3119 ) ;
#3024 = PRESENTATION_LAYER_ASSIGNMENT (  '', '', ( #3025 ) ) ;
#3025 = STYLED_ITEM ( 'NONE', ( #3026 ), #254 ) ;
#3026 = PRESENTATION_STYLE_ASSIGNMENT (( #3027 ) ) ;
#3027 = SURFACE_STYLE_USAGE ( .BOTH. , #3029 ) ;
#3029 = SURFACE_SIDE_STYLE ('',( #3031 ) ) ;
#3028 = DIRECTION ( 'NONE',  ( -1.000000000000000000, 0.0000000000000000000, 7.744301232039317900E-017 ) ) ;
#3031 = SURFACE_STYLE_FILL_AREA ( #3032 ) ;
#3030 = VECTOR ( 'NONE', #3028, 1000.000000000000000 ) ;
#3032 = FILL_AREA_STYLE ('',( #3041 ) ) ;
#3034 = COLOUR_RGB ( '',1.000000000000000000, 1.000000000000000000, 1.000000000000000000 ) ;
#3033 = CARTESIAN_POINT ( 'NONE',  ( -0.8649999999999997700, -0.4526375826984085900, 1.555989212094326400 ) ) ;
#3035 = LINE ( 'NONE', #3033, #3030 ) ;
#3036 = FACE_OUTER_BOUND ( 'NONE', #306, .T. ) ;
#3037 = DIRECTION ( 'NONE',  ( -1.000000000000000000, 0.0000000000000000000, 0.0000000000000000000 ) ) ;
#3038 = DIRECTION ( 'NONE',  ( 0.0000000000000000000, 0.0000000000000000000, -1.000000000000000000 ) ) ;
#3039 = CARTESIAN_POINT ( 'NONE',  ( -0.2350000000000000700, -0.4549999999999995700, -1.980000000000000000 ) ) ;
#3040 = AXIS2_PLACEMENT_3D ( 'NONE', #3039, #3038, #3037 ) ;
#3041 = FILL_AREA_STYLE_COLOUR ( '', #3034 ) ;
#3042 = CARTESIAN_POINT ( 'NONE',  ( -0.8649999999999999900, -0.5850000000000006300, -1.980000000000000000 ) ) ;
#3043 = DIRECTION ( 'NONE',  ( 0.0000000000000000000, 0.0000000000000000000, -1.000000000000000000 ) ) ;
#3044 = DIRECTION ( 'NONE',  ( 1.121153232653439900E-031, -1.000000000000000000, 1.447713872511910300E-015 ) ) ;
#3045 = CARTESIAN_POINT ( 'NONE',  ( -0.8850000000000001200, -0.5850000000000006300, -1.980000000000000000 ) ) ;
#3047 = DIRECTION ( 'NONE',  ( 0.0000000000000000000, 1.000000000000000000, 0.0000000000000000000 ) ) ;
#3046 = AXIS2_PLACEMENT_3D ( 'NONE', #3045, #3044, #3043 ) ;
#3048 = CIRCLE ( 'NONE', #3046, 0.02000000000000005200 ) ;
#3049 = DIRECTION ( 'NONE',  ( -7.744301232039317900E-017, 2.168404344971009700E-015, -1.000000000000000000 ) ) ;
#3050 = AXIS2_PLACEMENT_3D ( 'NONE', #3055, #3049, #3047 ) ;
#3051 = CYLINDRICAL_SURFACE ( 'NONE', #3050, 0.01999999999999999700 ) ;
#3052 = CIRCLE ( 'NONE', #3040, 0.01999999999999999700 ) ;
#3053 = CARTESIAN_POINT ( 'NONE',  ( -1.064999999999999900, -0.5850000000000006300, -2.000000000000000000 ) ) ;
#3054 = CARTESIAN_POINT ( 'NONE',  ( -0.8850000000000001200, -0.5850000000000006300, -2.000000000000000000 ) ) ;
#3055 = CARTESIAN_POINT ( 'NONE',  ( -0.2350000000000000700, -0.4550000000000001800, -1.700000000000000200 ) ) ;
#3056 = DIRECTION ( 'NONE',  ( -1.000000000000000000, 0.0000000000000000000, 7.744301232039317900E-017 ) ) ;
#3057 = VECTOR ( 'NONE', #3056, 1000.000000000000000 ) ;
#3058 = CARTESIAN_POINT ( 'NONE',  ( -0.8649999999999999900, -0.5850000000000006300, -2.000000000000000000 ) ) ;
#3059 =( GEOMETRIC_REPRESENTATION_CONTEXT ( 3 ) GLOBAL_UNCERTAINTY_ASSIGNED_CONTEXT ( ( #3065 ) ) GLOBAL_UNIT_ASSIGNED_CONTEXT ( ( #2956, #2952, #2946 ) ) REPRESENTATION_CONTEXT ( 'NONE', 'WORKASPACE' ) );
#3060 = LINE ( 'NONE', #3058, #3057 ) ;
#3061 = DIRECTION ( 'NONE',  ( 0.0000000000000000000, -1.447713872511910300E-015, -1.000000000000000000 ) ) ;
#3062 = CARTESIAN_POINT ( 'NONE',  ( -0.8850000000000000100, 0.1450000000000000500, -1.516388554922435200 ) ) ;
#3063 = DIRECTION ( 'NONE',  ( -1.000000000000000000, 0.0000000000000000000, 7.744301232039317900E-017 ) ) ;
#3064 = VECTOR ( 'NONE', #3063, 1000.000000000000000 ) ;
#3065 = UNCERTAINTY_MEASURE_WITH_UNIT (LENGTH_MEASURE( 1.000000000000000100E-005 ), #2956, 'distance_accuracy_value', 'NONE');
#3066 = CARTESIAN_POINT ( 'NONE',  ( -0.8649999999999999900, 0.1450000000000000500, -1.516388554922435200 ) ) ;
#3067 = LINE ( 'NONE', #3066, #3064 ) ;
#3068 = CARTESIAN_POINT ( 'NONE',  ( -1.064999999999999900, 0.1450000000000000500, -1.516388554922435200 ) ) ;
#3069 = DIRECTION ( 'NONE',  ( 0.0000000000000000000, 0.0000000000000000000, -1.000000000000000000 ) ) ;
#3070 = UNCERTAINTY_MEASURE_WITH_UNIT (LENGTH_MEASURE( 1.000000000000000100E-005 ), #3081, 'distance_accuracy_value', 'NONE');
#3071 = DIRECTION ( 'NONE',  ( 1.000000000000000000, -0.0000000000000000000, -7.744301232039317900E-017 ) ) ;
#3072 = CARTESIAN_POINT ( 'NONE',  ( -1.064999999999999900, 0.0000000000000000000, -1.516388554922436100 ) ) ;
#3073 = AXIS2_PLACEMENT_3D ( 'NONE', #3072, #3071, #3069 ) ;
#3074 =( NAMED_UNIT ( * ) SI_UNIT ( $, .STERADIAN. ) SOLID_ANGLE_UNIT ( ) );
#3075 =( NAMED_UNIT ( * ) PLANE_ANGLE_UNIT ( ) SI_UNIT ( $, .RADIAN. ) );
#3076 = DIRECTION ( 'NONE',  ( 0.0000000000000000000, 0.0000000000000000000, 1.000000000000000000 ) ) ;
#3077 = DIRECTION ( 'NONE',  ( -1.000000000000000000, 0.0000000000000000000, 7.744301232039317900E-017 ) ) ;
#3078 = CARTESIAN_POINT ( 'NONE',  ( -0.8649999999999999900, 0.0000000000000000000, -1.516388554922436100 ) ) ;
#3079 = AXIS2_PLACEMENT_3D ( 'NONE', #3078, #3077, #3076 ) ;
#3080 = CYLINDRICAL_SURFACE ( 'NONE', #3079, 0.1450000000000001600 ) ;
#3081 =( LENGTH_UNIT ( ) NAMED_UNIT ( * ) SI_UNIT ( .MILLI., .METRE. ) );
#3082 = CIRCLE ( 'NONE', #3073, 0.1450000000000001600 ) ;
#3083 = MECHANICAL_DESIGN_GEOMETRIC_PRESENTATION_REPRESENTATION (  '', ( #3085 ), #3174 ) ;
#3084 = PRESENTATION_LAYER_ASSIGNMENT (  '', '', ( #3085 ) ) ;
#3085 = STYLED_ITEM ( 'NONE', ( #3086 ), #258 ) ;
#3086 = PRESENTATION_STYLE_ASSIGNMENT (( #3088 ) ) ;
#3088 = SURFACE_STYLE_USAGE ( .BOTH. , #3089 ) ;
#3087 = FACE_OUTER_BOUND ( 'NONE', #1508, .T. ) ;
#3089 = SURFACE_SIDE_STYLE ('',( #3091 ) ) ;
#3091 = SURFACE_STYLE_FILL_AREA ( #3093 ) ;
#3090 = DIRECTION ( 'NONE',  ( -6.749603259400173900E-018, -0.9961946980917453200, -0.08715574274766159400 ) ) ;
#3093 = FILL_AREA_STYLE ('',( #3104 ) ) ;
#3092 = VECTOR ( 'NONE', #3090, 999.9999999999998900 ) ;
#3094 = COLOUR_RGB ( '',1.000000000000000000, 1.000000000000000000, 1.000000000000000000 ) ;
#3095 = CARTESIAN_POINT ( 'NONE',  ( -0.8850000000000000100, -0.4350000000000001600, -1.700000000000000200 ) ) ;
#3097 = FACE_OUTER_BOUND ( 'NONE', #259, .T. ) ;
#3096 = LINE ( 'NONE', #3095, #3092 ) ;
#3098 = DIRECTION ( 'NONE',  ( 0.0000000000000000000, -0.08715574274765504300, 0.9961946980917457700 ) ) ;
#3099 = DIRECTION ( 'NONE',  ( -0.0000000000000000000, 0.9961946980917457700, 0.08715574274765512700 ) ) ;
#3100 = CARTESIAN_POINT ( 'NONE',  ( -0.2350000000000000700, 0.01089446784345688900, -1.640912892183904500 ) ) ;
#3101 = AXIS2_PLACEMENT_3D ( 'NONE', #3100, #3099, #3098 ) ;
#3102 = DIRECTION ( 'NONE',  ( 0.0000000000000000000, 0.0000000000000000000, -1.000000000000000000 ) ) ;
#3103 = DIRECTION ( 'NONE',  ( -1.000000000000000000, 0.0000000000000000000, 7.744301232039317900E-017 ) ) ;
#3104 = FILL_AREA_STYLE_COLOUR ( '', #3094 ) ;
#3105 = CARTESIAN_POINT ( 'NONE',  ( -1.085000000000000000, -0.4400000000000001700, -1.700437443317629700 ) ) ;
#3106 = AXIS2_PLACEMENT_3D ( 'NONE', #3105, #3103, #3102 ) ;
#3107 = DIRECTION ( 'NONE',  ( -1.000000000000000000, 0.0000000000000000000, 0.0000000000000000000 ) ) ;
#3108 = DIRECTION ( 'NONE',  ( -7.744301232039317900E-017, -6.256159727961946200E-017, -1.000000000000000000 ) ) ;
#3109 = AXIS2_PLACEMENT_3D ( 'NONE', #3117, #3108, #3107 ) ;
#3111 = CYLINDRICAL_SURFACE ( 'NONE', #3109, 0.01999999999999999700 ) ;
#3110 = DIRECTION ( 'NONE',  ( 0.0000000000000000000, 0.0000000000000000000, 1.000000000000000000 ) ) ;
#3112 = DIRECTION ( 'NONE',  ( -1.000000000000000000, 0.0000000000000000000, 7.744301232039317900E-017 ) ) ;
#3113 = CIRCLE ( 'NONE', #3101, 0.02000000000000001400 ) ;
#3114 = CARTESIAN_POINT ( 'NONE',  ( -0.8649999999999999900, -0.4400000000000001700, -1.700437443317629700 ) ) ;
#3115 = AXIS2_PLACEMENT_3D ( 'NONE', #3114, #3112, #3110 ) ;
#3116 = CIRCLE ( 'NONE', #3106, 0.1449999999999999300 ) ;
#3117 = CARTESIAN_POINT ( 'NONE',  ( -0.2350000000000000700, 0.1250000000000000000, -1.516388554922435200 ) ) ;
#3118 = CYLINDRICAL_SURFACE ( 'NONE', #3115, 0.1449999999999999300 ) ;
#3119 =( GEOMETRIC_REPRESENTATION_CONTEXT ( 3 ) GLOBAL_UNCERTAINTY_ASSIGNED_CONTEXT ( ( #3009 ) ) GLOBAL_UNIT_ASSIGNED_CONTEXT ( ( #3020, #3016, #3013 ) ) REPRESENTATION_CONTEXT ( 'NONE', 'WORKASPACE' ) );
#3120 = FACE_OUTER_BOUND ( 'NONE', #1466, .T. ) ;
#3121 = DIRECTION ( 'NONE',  ( 1.000000000000000000, -0.0000000000000000000, -7.744301232039317900E-017 ) ) ;
#3122 = VECTOR ( 'NONE', #3121, 1000.000000000000000 ) ;
#3123 = CARTESIAN_POINT ( 'NONE',  ( -0.8649999999999999900, -0.4549999999999995700, -2.000000000000000000 ) ) ;
#3124 = LINE ( 'NONE', #3123, #3122 ) ;
#3125 = CARTESIAN_POINT ( 'NONE',  ( -1.085000000000000000, -0.5850000000000006300, -1.980000000000000000 ) ) ;
#3127 = UNCERTAINTY_MEASURE_WITH_UNIT (LENGTH_MEASURE( 1.000000000000000100E-005 ), #3138, 'distance_accuracy_value', 'NONE');
#3126 = DIRECTION ( 'NONE',  ( -0.0000000000000000000, 1.447713872511910500E-015, 1.000000000000000000 ) ) ;
#3128 = VECTOR ( 'NONE', #3126, 1000.000000000000000 ) ;
#3129 = CARTESIAN_POINT ( 'NONE',  ( -0.8649999999999999900, -0.5850000000000001900, -1.700437443317630600 ) ) ;
#3130 =( NAMED_UNIT ( * ) SI_UNIT ( $, .STERADIAN. ) SOLID_ANGLE_UNIT ( ) );
#3131 = DIRECTION ( 'NONE',  ( -1.000000000000000000, 0.0000000000000000000, 7.744301232039317900E-017 ) ) ;
#3132 =( NAMED_UNIT ( * ) PLANE_ANGLE_UNIT ( ) SI_UNIT ( $, .RADIAN. ) );
#3133 = DIRECTION ( 'NONE',  ( -7.744301232039317900E-017, 0.0000000000000000000, -1.000000000000000000 ) ) ;
#3134 = CARTESIAN_POINT ( 'NONE',  ( -0.8649999999999999900, -0.5850000000000006300, -2.000000000000000000 ) ) ;
#3135 = AXIS2_PLACEMENT_3D ( 'NONE', #3134, #3133, #3131 ) ;
#3136 = PLANE ( 'NONE',  #3135 ) ;
#3137 = LINE ( 'NONE', #3129, #3128 ) ;
#3138 =( LENGTH_UNIT ( ) NAMED_UNIT ( * ) SI_UNIT ( .MILLI., .METRE. ) );
#3139 = MECHANICAL_DESIGN_GEOMETRIC_PRESENTATION_REPRESENTATION (  '', ( #3143 ), #3231 ) ;
#3140 = FACE_OUTER_BOUND ( 'NONE', #1525, .T. ) ;
#3141 = PRESENTATION_LAYER_ASSIGNMENT (  '', '', ( #3143 ) ) ;
#3143 = STYLED_ITEM ( 'NONE', ( #3145 ), #265 ) ;
#3142 = DIRECTION ( 'NONE',  ( -0.0000000000000000000, 1.447713872511910500E-015, 1.000000000000000000 ) ) ;
#3144 = VECTOR ( 'NONE', #3142, 1000.000000000000000 ) ;
#3145 = PRESENTATION_STYLE_ASSIGNMENT (( #3146 ) ) ;
#3146 = SURFACE_STYLE_USAGE ( .BOTH. , #3148 ) ;
#3147 = CARTESIAN_POINT ( 'NONE',  ( -1.085000000000000000, -0.5850000000000001900, -1.700437443317630600 ) ) ;
#3148 = SURFACE_SIDE_STYLE ('',( #3150 ) ) ;
#3149 = LINE ( 'NONE', #3147, #3144 ) ;
#3150 = SURFACE_STYLE_FILL_AREA ( #3151 ) ;
#3151 = FILL_AREA_STYLE ('',( #3160 ) ) ;
#3152 = COLOUR_RGB ( '',1.000000000000000000, 1.000000000000000000, 1.000000000000000000 ) ;
#3153 = FACE_OUTER_BOUND ( 'NONE', #266, .T. ) ;
#3154 = DIRECTION ( 'NONE',  ( 1.000000000000000000, 0.0000000000000000000, 0.0000000000000000000 ) ) ;
#3155 = DIRECTION ( 'NONE',  ( 0.0000000000000000000, 0.0000000000000000000, 1.000000000000000000 ) ) ;
#3156 = CARTESIAN_POINT ( 'NONE',  ( -0.2350000000000000700, 0.1250000000000000600, -1.516388554922435200 ) ) ;
#3157 = DIRECTION ( 'NONE',  ( 0.0000000000000000000, -1.000000000000000000, 0.0000000000000000000 ) ) ;
#3158 = AXIS2_PLACEMENT_3D ( 'NONE', #3156, #3155, #3154 ) ;
#3159 = VECTOR ( 'NONE', #3157, 1000.000000000000000 ) ;
#3160 = FILL_AREA_STYLE_COLOUR ( '', #3152 ) ;
#3161 = CARTESIAN_POINT ( 'NONE',  ( -0.8850000000000001200, -0.5850000000000006300, -2.000000000000000000 ) ) ;
#3162 = LINE ( 'NONE', #3161, #3159 ) ;
#3163 = DIRECTION ( 'NONE',  ( -7.744301232039317900E-017, 0.0000000000000000000, -1.000000000000000000 ) ) ;
#3164 = DIRECTION ( 'NONE',  ( 1.000000000000000000, -0.0000000000000000000, -7.744301232039317900E-017 ) ) ;
#3165 = DIRECTION ( 'NONE',  ( -0.0000000000000000000, 1.000000000000000000, -0.0000000000000000000 ) ) ;
#3166 = VECTOR ( 'NONE', #3165, 1000.000000000000000 ) ;
#3167 = AXIS2_PLACEMENT_3D ( 'NONE', #3173, #3164, #3163 ) ;
#3168 = CARTESIAN_POINT ( 'NONE',  ( -1.064999999999999900, -0.4349999999999995000, -2.000000000000000000 ) ) ;
#3169 = TOROIDAL_SURFACE ( 'NONE', #3167, 0.1250000000000000600, 0.02000000000000000000 ) ;
#3170 = LINE ( 'NONE', #3168, #3166 ) ;
#3171 = CIRCLE ( 'NONE', #3158, 0.01999999999999999700 ) ;
#3172 = CARTESIAN_POINT ( 'NONE',  ( -0.8850000000000001200, -0.4549999999999995700, -2.000000000000000000 ) ) ;
#3173 = CARTESIAN_POINT ( 'NONE',  ( -0.2350000000000000700, 0.0000000000000000000, -1.516388554922436100 ) ) ;
#3174 =( GEOMETRIC_REPRESENTATION_CONTEXT ( 3 ) GLOBAL_UNCERTAINTY_ASSIGNED_CONTEXT ( ( #3070 ) ) GLOBAL_UNIT_ASSIGNED_CONTEXT ( ( #3081, #3075, #3074 ) ) REPRESENTATION_CONTEXT ( 'NONE', 'WORKASPACE' ) );
#3175 = CARTESIAN_POINT ( 'NONE',  ( -0.8649999999999999900, -0.4549999999999995700, -1.980000000000000000 ) ) ;
#3176 = DIRECTION ( 'NONE',  ( -0.0000000000000000000, 1.000000000000000000, -0.0000000000000000000 ) ) ;
#3177 = VECTOR ( 'NONE', #3176, 1000.000000000000000 ) ;
#3178 = CARTESIAN_POINT ( 'NONE',  ( -0.2350000000000000700, -0.4367431148549534300, -1.680076106038165300 ) ) ;
#3179 = CARTESIAN_POINT ( 'NONE',  ( -0.8649999999999999900, 1.897353801849632800E-016, -1.980000000000000000 ) ) ;
#3180 = LINE ( 'NONE', #3179, #3177 ) ;
#3181 = DIRECTION ( 'NONE',  ( -1.000000000000000000, 0.0000000000000000000, 7.744301232039317900E-017 ) ) ;
#3182 = VECTOR ( 'NONE', #3181, 1000.000000000000000 ) ;
#3183 = CARTESIAN_POINT ( 'NONE',  ( -0.8649999999999999900, -0.4526375826984102600, -1.555989212094326600 ) ) ;
#3184 = LINE ( 'NONE', #3183, #3182 ) ;
#3185 =( GEOMETRIC_REPRESENTATION_CONTEXT ( 3 ) GLOBAL_UNCERTAINTY_ASSIGNED_CONTEXT ( ( #3190 ) ) GLOBAL_UNIT_ASSIGNED_CONTEXT ( ( #3199, #3197, #3191 ) ) REPRESENTATION_CONTEXT ( 'NONE', 'WORKASPACE' ) );
#3186 = CARTESIAN_POINT ( 'NONE',  ( -1.085000000000000000, -0.4526375826984102600, -1.555989212094326600 ) ) ;
#3187 = DIRECTION ( 'NONE',  ( 0.0000000000000000000, 0.9961946980917452100, 0.08715574274766152400 ) ) ;
#3188 = VECTOR ( 'NONE', #3187, 1000.000000000000100 ) ;
#3189 = CARTESIAN_POINT ( 'NONE',  ( -1.085000000000000000, -0.4526375826984102600, -1.555989212094326600 ) ) ;
#3190 = UNCERTAINTY_MEASURE_WITH_UNIT (LENGTH_MEASURE( 1.000000000000000100E-005 ), #3199, 'distance_accuracy_value', 'NONE');
#3191 =( NAMED_UNIT ( * ) SI_UNIT ( $, .STERADIAN. ) SOLID_ANGLE_UNIT ( ) );
#3192 = DIRECTION ( 'NONE',  ( 0.0000000000000000000, -0.9961946980917453200, -0.08715574274766153800 ) ) ;
#3193 = DIRECTION ( 'NONE',  ( 7.714831827782940100E-017, -0.08715574274766153800, 0.9961946980917453200 ) ) ;
#3194 = CARTESIAN_POINT ( 'NONE',  ( -0.8649999999999999900, -0.4526375826984102600, -1.555989212094326600 ) ) ;
#3195 = AXIS2_PLACEMENT_3D ( 'NONE', #3194, #3193, #3192 ) ;
#3196 = PLANE ( 'NONE',  #3195 ) ;
#3197 =( NAMED_UNIT ( * ) PLANE_ANGLE_UNIT ( ) SI_UNIT ( $, .RADIAN. ) );
#3198 = LINE ( 'NONE', #3189, #3188 ) ;
#3199 =( LENGTH_UNIT ( ) NAMED_UNIT ( * ) SI_UNIT ( .MILLI., .METRE. ) );
#3200 = FACE_OUTER_BOUND ( 'NONE', #1539, .T. ) ;
#3201 = DIRECTION ( 'NONE',  ( 7.149896831956507700E-017, 6.123233995736761100E-017, 1.000000000000000000 ) ) ;
#3202 = VECTOR ( 'NONE', #3201, 1000.000000000000000 ) ;
#3203 = MECHANICAL_DESIGN_GEOMETRIC_PRESENTATION_REPRESENTATION (  '', ( #3207 ), #3185 ) ;
#3204 = CARTESIAN_POINT ( 'NONE',  ( -0.8649999999999999900, -7.126743562157366300E-018, -1.516388554922436300 ) ) ;
#3205 = PRESENTATION_LAYER_ASSIGNMENT (  '', '', ( #3207 ) ) ;
#3206 = LINE ( 'NONE', #3204, #3202 ) ;
#3207 = STYLED_ITEM ( 'NONE', ( #3208 ), #273 ) ;
#3208 = PRESENTATION_STYLE_ASSIGNMENT (( #3209 ) ) ;
#3209 = SURFACE_STYLE_USAGE ( .BOTH. , #3210 ) ;
#3210 = SURFACE_SIDE_STYLE ('',( #3211 ) ) ;
#3211 = SURFACE_STYLE_FILL_AREA ( #3212 ) ;
#3212 = FILL_AREA_STYLE ('',( #3227 ) ) ;
#3213 = DIRECTION ( 'NONE',  ( -1.000000000000000000, 0.0000000000000000000, 7.744301232039317900E-017 ) ) ;
#3214 = VECTOR ( 'NONE', #3213, 1000.000000000000000 ) ;
#3215 = CARTESIAN_POINT ( 'NONE',  ( -0.8649999999999999900, -7.126743562157366300E-018, -1.516388554922436300 ) ) ;
#3216 = LINE ( 'NONE', #3215, #3214 ) ;
#3217 = COLOUR_RGB ( '',1.000000000000000000, 1.000000000000000000, 1.000000000000000000 ) ;
#3218 = DIRECTION ( 'NONE',  ( 0.0000000000000000000, 0.0000000000000000000, -1.000000000000000000 ) ) ;
#3219 = DIRECTION ( 'NONE',  ( 0.0000000000000000000, -1.000000000000000000, 0.0000000000000000000 ) ) ;
#3220 = AXIS2_PLACEMENT_3D ( 'NONE', #3229, #3219, #3218 ) ;
#3221 = DIRECTION ( 'NONE',  ( 0.0000000000000000000, 0.0000000000000000000, -1.000000000000000000 ) ) ;
#3222 = CYLINDRICAL_SURFACE ( 'NONE', #3220, 0.02000000000000005200 ) ;
#3223 = DIRECTION ( 'NONE',  ( 1.121153232653439900E-031, -1.000000000000000000, 1.447713872511910300E-015 ) ) ;
#3224 = FACE_OUTER_BOUND ( 'NONE', #198, .T. ) ;
#3225 = CARTESIAN_POINT ( 'NONE',  ( -1.064999999999999900, -0.5850000000000006300, -1.980000000000000000 ) ) ;
#3226 = AXIS2_PLACEMENT_3D ( 'NONE', #3225, #3223, #3221 ) ;
#3227 = FILL_AREA_STYLE_COLOUR ( '', #3217 ) ;
#3228 = CIRCLE ( 'NONE', #3226, 0.02000000000000005200 ) ;
#3229 = CARTESIAN_POINT ( 'NONE',  ( -0.2350000000000001800, -0.5850000000000006300, -1.980000000000000000 ) ) ;
#3230 = DIRECTION ( 'NONE',  ( 0.0000000000000000000, 0.0000000000000000000, 1.000000000000000000 ) ) ;
#3231 =( GEOMETRIC_REPRESENTATION_CONTEXT ( 3 ) GLOBAL_UNCERTAINTY_ASSIGNED_CONTEXT ( ( #3127 ) ) GLOBAL_UNIT_ASSIGNED_CONTEXT ( ( #3138, #3132, #3130 ) ) REPRESENTATION_CONTEXT ( 'NONE', 'WORKASPACE' ) );
#3232 = DIRECTION ( 'NONE',  ( -1.000000000000000000, 0.0000000000000000000, 7.744301232039317900E-017 ) ) ;
#3234 = DIRECTION ( 'NONE',  ( 0.0000000000000000000, 1.000000000000000000, 0.0000000000000000000 ) ) ;
#3233 = CARTESIAN_POINT ( 'NONE',  ( -0.8649999999999997700, 1.897353801849632800E-016, 1.516388554922439600 ) ) ;
#3235 = AXIS2_PLACEMENT_3D ( 'NONE', #3233, #3232, #3230 ) ;
#3236 = DIRECTION ( 'NONE',  ( -7.744301232039317900E-017, 3.614007241618349300E-016, -1.000000000000000000 ) ) ;
#3237 = AXIS2_PLACEMENT_3D ( 'NONE', #3243, #3236, #3234 ) ;
#3238 = CYLINDRICAL_SURFACE ( 'NONE', #3237, 0.01999999999999999700 ) ;
#3239 = FACE_OUTER_BOUND ( 'NONE', #284, .T. ) ;
#3240 = FILL_AREA_STYLE_COLOUR ( '', #3356 ) ;
#3241 = CYLINDRICAL_SURFACE ( 'NONE', #3235, 0.1449999999999999300 ) ;
#3242 = FACE_OUTER_BOUND ( 'NONE', #1563, .T. ) ;
#3243 = CARTESIAN_POINT ( 'NONE',  ( -0.2349999999999998500, -0.4549999999999995200, 2.000000000000000000 ) ) ;
#3244 = DIRECTION ( 'NONE',  ( -7.744301232039317900E-017, -6.256159727961946200E-017, -1.000000000000000000 ) ) ;
#3245 = VECTOR ( 'NONE', #3244, 1000.000000000000000 ) ;
#3246 = CARTESIAN_POINT ( 'NONE',  ( -0.8850000000000000100, 0.1449999999999999900, -1.516388554922435200 ) ) ;
#3247 = LINE ( 'NONE', #3246, #3245 ) ;
#3248 =( GEOMETRIC_REPRESENTATION_CONTEXT ( 3 ) GLOBAL_UNCERTAINTY_ASSIGNED_CONTEXT ( ( #3253 ) ) GLOBAL_UNIT_ASSIGNED_CONTEXT ( ( #3262, #3260, #3255 ) ) REPRESENTATION_CONTEXT ( 'NONE', 'WORKASPACE' ) );
#3249 = CARTESIAN_POINT ( 'NONE',  ( -0.8849999999999997900, 0.1450000000000001800, 1.516388554922438500 ) ) ;
#3250 = DIRECTION ( 'NONE',  ( -1.000000000000000000, 0.0000000000000000000, 7.744301232039317900E-017 ) ) ;
#3251 = VECTOR ( 'NONE', #3250, 1000.000000000000000 ) ;
#3252 = CARTESIAN_POINT ( 'NONE',  ( -0.8649999999999997700, 0.1450000000000001800, 1.516388554922438500 ) ) ;
#3253 = UNCERTAINTY_MEASURE_WITH_UNIT (LENGTH_MEASURE( 1.000000000000000100E-005 ), #3262, 'distance_accuracy_value', 'NONE');
#3254 = LINE ( 'NONE', #3252, #3251 ) ;
#3255 =( NAMED_UNIT ( * ) SI_UNIT ( $, .STERADIAN. ) SOLID_ANGLE_UNIT ( ) );
#3256 = DIRECTION ( 'NONE',  ( 7.744301232039317900E-017, 6.256159727961946200E-017, 1.000000000000000000 ) ) ;
#3257 = VECTOR ( 'NONE', #3256, 1000.000000000000000 ) ;
#3258 = CARTESIAN_POINT ( 'NONE',  ( -1.064999999999999700, 0.1450000000000001800, 1.516388554922438500 ) ) ;
#3260 =( NAMED_UNIT ( * ) PLANE_ANGLE_UNIT ( ) SI_UNIT ( $, .RADIAN. ) );
#3259 = LINE ( 'NONE', #3258, #3257 ) ;
#3262 =( LENGTH_UNIT ( ) NAMED_UNIT ( * ) SI_UNIT ( .MILLI., .METRE. ) );
#3261 = CARTESIAN_POINT ( 'NONE',  ( -0.8649999999999999900, 0.01089446784345688900, -1.640912892183904500 ) ) ;
#3263 = DIRECTION ( 'NONE',  ( 6.749603259400174600E-018, 0.9961946980917453200, 0.08715574274766159400 ) ) ;
#3264 = VECTOR ( 'NONE', #3263, 999.9999999999998900 ) ;
#3265 = MECHANICAL_DESIGN_GEOMETRIC_PRESENTATION_REPRESENTATION (  '', ( #3269 ), #3248 ) ;
#3266 = CARTESIAN_POINT ( 'NONE',  ( -0.8649999999999999900, 0.2742125770407393100, -1.617875542728060000 ) ) ;
#3267 = LINE ( 'NONE', #3266, #3264 ) ;
#3268 = PRESENTATION_LAYER_ASSIGNMENT (  '', '', ( #3269 ) ) ;
#3269 = STYLED_ITEM ( 'NONE', ( #3270 ), #279 ) ;
#3270 = PRESENTATION_STYLE_ASSIGNMENT (( #3271 ) ) ;
#3271 = SURFACE_STYLE_USAGE ( .BOTH. , #3272 ) ;
#3272 = SURFACE_SIDE_STYLE ('',( #3273 ) ) ;
#3273 = SURFACE_STYLE_FILL_AREA ( #3274 ) ;
#3274 = FILL_AREA_STYLE ('',( #3287 ) ) ;
#3275 = COLOUR_RGB ( '',1.000000000000000000, 1.000000000000000000, 1.000000000000000000 ) ;
#3276 = FACE_OUTER_BOUND ( 'NONE', #280, .T. ) ;
#3277 = CARTESIAN_POINT ( 'NONE',  ( -0.8649999999999999900, -0.4550000000000002400, -1.681673376519651700 ) ) ;
#3278 = DIRECTION ( 'NONE',  ( -1.000000000000000000, 0.0000000000000000000, 0.0000000000000000000 ) ) ;
#3279 = DIRECTION ( 'NONE',  ( 7.744301232039317900E-017, -2.168404344971009700E-015, 1.000000000000000000 ) ) ;
#3280 = DIRECTION ( 'NONE',  ( -0.0000000000000000000, -0.0000000000000000000, 1.000000000000000000 ) ) ;
#3281 = VECTOR ( 'NONE', #3279, 1000.000000000000000 ) ;
#3283 = CARTESIAN_POINT ( 'NONE',  ( -0.4149999999999999800, -0.4549999999999995700, -1.980000000000000000 ) ) ;
#3282 = CARTESIAN_POINT ( 'NONE',  ( -0.8649999999999997700, -0.4550000000000071800, 1.516388554922438500 ) ) ;
#3285 = AXIS2_PLACEMENT_3D ( 'NONE', #3283, #3280, #3278 ) ;
#3284 = LINE ( 'NONE', #3282, #3281 ) ;
#3286 = CIRCLE ( 'NONE', #3285, 0.01999999999999999700 ) ;
#3287 = FILL_AREA_STYLE_COLOUR ( '', #3275 ) ;
#3288 = CARTESIAN_POINT ( 'NONE',  ( -1.064999999999999900, -0.4350000000000001600, -1.700000000000000000 ) ) ;
#3289 = LINE ( 'NONE', #3288, #3407 ) ;
#3290 = DIRECTION ( 'NONE',  ( 0.0000000000000000000, 0.08715574274766252300, -0.9961946980917452100 ) ) ;
#3291 = DIRECTION ( 'NONE',  ( -6.749603259400173900E-018, -0.9961946980917452100, -0.08715574274766158000 ) ) ;
#3292 = AXIS2_PLACEMENT_3D ( 'NONE', #3178, #3291, #3290 ) ;
#3293 = CYLINDRICAL_SURFACE ( 'NONE', #3292, 0.02000000000000002500 ) ;
#3294 = CARTESIAN_POINT ( 'NONE',  ( -1.064999999999999900, -0.4349999999999995500, -1.980000000000000000 ) ) ;
#3295 = SURFACE_STYLE_FILL_AREA ( #3296 ) ;
#3296 = FILL_AREA_STYLE ('',( #3298 ) ) ;
#3297 = DIRECTION ( 'NONE',  ( -1.000000000000000000, 0.0000000000000000000, 7.744301232039317900E-017 ) ) ;
#3298 = FILL_AREA_STYLE_COLOUR ( '', #3300 ) ;
#3299 = VECTOR ( 'NONE', #3297, 1000.000000000000000 ) ;
#3300 = COLOUR_RGB ( '',1.000000000000000000, 1.000000000000000000, 1.000000000000000000 ) ;
#3301 = CARTESIAN_POINT ( 'NONE',  ( -0.8649999999999999900, -0.4349999999999995500, -1.980000000000000000 ) ) ;
#3302 = LINE ( 'NONE', #3301, #3299 ) ;
#3303 = DIRECTION ( 'NONE',  ( 0.0000000000000000000, 0.0000000000000000000, 1.000000000000000000 ) ) ;
#3304 = DIRECTION ( 'NONE',  ( -1.000000000000000000, 0.0000000000000000000, 0.0000000000000000000 ) ) ;
#3305 = CARTESIAN_POINT ( 'NONE',  ( -0.4149999999999999800, -0.4549999999999995700, -1.980000000000000000 ) ) ;
#3306 = AXIS2_PLACEMENT_3D ( 'NONE', #3305, #3304, #3303 ) ;
#3307 = FACE_OUTER_BOUND ( 'NONE', #291, .T. ) ;
#3308 = CARTESIAN_POINT ( 'NONE',  ( -0.8850000000000000100, -0.4349999999999995500, -1.980000000000000000 ) ) ;
#3309 = DIRECTION ( 'NONE',  ( -7.744301232039317900E-017, 2.168404344971009700E-015, -1.000000000000000000 ) ) ;
#3310 = VECTOR ( 'NONE', #3309, 1000.000000000000000 ) ;
#3311 = CARTESIAN_POINT ( 'NONE',  ( -0.8850000000000000100, -0.4350000000000001600, -1.700000000000000200 ) ) ;
#3312 = LINE ( 'NONE', #3311, #3310 ) ;
#3313 = DIRECTION ( 'NONE',  ( 0.0000000000000000000, 0.0000000000000000000, 1.000000000000000000 ) ) ;
#3314 = DIRECTION ( 'NONE',  ( -1.000000000000000000, 0.0000000000000000000, 7.744301232039317900E-017 ) ) ;
#3315 = AXIS2_PLACEMENT_3D ( 'NONE', #3322, #3314, #3313 ) ;
#3316 = CYLINDRICAL_SURFACE ( 'NONE', #3315, 0.02000000000000005200 ) ;
#3317 = CIRCLE ( 'NONE', #3306, 0.02000000000000005200 ) ;
#3318 = CARTESIAN_POINT ( 'NONE',  ( -1.064999999999999900, -0.4350000000000001600, -1.700000000000000200 ) ) ;
#3319 = CARTESIAN_POINT ( 'NONE',  ( -0.8849999999999999000, -0.4350000000000001600, -1.700000000000000200 ) ) ;
#3320 = DIRECTION ( 'NONE',  ( -1.000000000000000000, 0.0000000000000000000, 7.744301232039317900E-017 ) ) ;
#3321 = VECTOR ( 'NONE', #3320, 1000.000000000000000 ) ;
#3322 = CARTESIAN_POINT ( 'NONE',  ( -0.2150000000000000200, -0.4549999999999995700, -1.980000000000000000 ) ) ;
#3323 = CARTESIAN_POINT ( 'NONE',  ( -0.8649999999999999900, -0.4350000000000001600, -1.700000000000000200 ) ) ;
#3324 =( GEOMETRIC_REPRESENTATION_CONTEXT ( 3 ) GLOBAL_UNCERTAINTY_ASSIGNED_CONTEXT ( ( #3329 ) ) GLOBAL_UNIT_ASSIGNED_CONTEXT ( ( #3340, #3338, #3333 ) ) REPRESENTATION_CONTEXT ( 'NONE', 'WORKASPACE' ) );
#3325 = DIRECTION ( 'NONE',  ( 0.0000000000000000000, -2.168404344971009700E-015, 1.000000000000000000 ) ) ;
#3326 = DIRECTION ( 'NONE',  ( 1.679277644031839900E-031, 1.000000000000000000, 2.168404344971009700E-015 ) ) ;
#3327 = AXIS2_PLACEMENT_3D ( 'NONE', #3330, #3326, #3325 ) ;
#3328 = LINE ( 'NONE', #3323, #3321 ) ;
#3329 = UNCERTAINTY_MEASURE_WITH_UNIT (LENGTH_MEASURE( 1.000000000000000100E-005 ), #3340, 'distance_accuracy_value', 'NONE');
#3330 = CARTESIAN_POINT ( 'NONE',  ( -0.8649999999999999900, -0.4350000000000001600, -1.700000000000000200 ) ) ;
#3331 = PLANE ( 'NONE',  #3327 ) ;
#3332 = FACE_OUTER_BOUND ( 'NONE', #1572, .T. ) ;
#3333 =( NAMED_UNIT ( * ) SI_UNIT ( $, .STERADIAN. ) SOLID_ANGLE_UNIT ( ) );
#3334 = DIRECTION ( 'NONE',  ( 0.0000000000000000000, 0.0000000000000000000, -1.000000000000000000 ) ) ;
#3335 = DIRECTION ( 'NONE',  ( -1.000000000000000000, 0.0000000000000000000, 7.744301232039317900E-017 ) ) ;
#3336 = CARTESIAN_POINT ( 'NONE',  ( -0.8849999999999997900, 1.897353801849632800E-016, 1.516388554922439600 ) ) ;
#3337 = AXIS2_PLACEMENT_3D ( 'NONE', #3336, #3335, #3334 ) ;
#3338 =( NAMED_UNIT ( * ) PLANE_ANGLE_UNIT ( ) SI_UNIT ( $, .RADIAN. ) );
#3339 = CIRCLE ( 'NONE', #3337, 0.1449999999999999300 ) ;
#3340 =( LENGTH_UNIT ( ) NAMED_UNIT ( * ) SI_UNIT ( .MILLI., .METRE. ) );
#3341 = DIRECTION ( 'NONE',  ( 0.0000000000000000000, 0.0000000000000000000, -1.000000000000000000 ) ) ;
#3342 = DIRECTION ( 'NONE',  ( 1.000000000000000000, -0.0000000000000000000, -7.744301232039317900E-017 ) ) ;
#3343 = CARTESIAN_POINT ( 'NONE',  ( -1.064999999999999700, 1.897353801849632800E-016, 1.516388554922439600 ) ) ;
#3345 = MECHANICAL_DESIGN_GEOMETRIC_PRESENTATION_REPRESENTATION (  '', ( #3348 ), #3324 ) ;
#3344 = AXIS2_PLACEMENT_3D ( 'NONE', #3343, #3342, #3341 ) ;
#3346 = CIRCLE ( 'NONE', #3344, 0.1449999999999999300 ) ;
#3347 = PRESENTATION_LAYER_ASSIGNMENT (  '', '', ( #3348 ) ) ;
#3348 = STYLED_ITEM ( 'NONE', ( #3349 ), #283 ) ;
#3349 = PRESENTATION_STYLE_ASSIGNMENT (( #3350 ) ) ;
#3350 = SURFACE_STYLE_USAGE ( .BOTH. , #3352 ) ;
#3351 = CARTESIAN_POINT ( 'NONE',  ( -0.8649999999999997700, 0.01089446784345603200, 1.640912892183907800 ) ) ;
#3352 = SURFACE_SIDE_STYLE ('',( #3353 ) ) ;
#3353 = SURFACE_STYLE_FILL_AREA ( #3355 ) ;
#3355 = FILL_AREA_STYLE ('',( #3240 ) ) ;
#3354 = CARTESIAN_POINT ( 'NONE',  ( -0.8649999999999999900, 0.1250000000000000600, -1.516388554922435200 ) ) ;
#3356 = COLOUR_RGB ( '',1.000000000000000000, 1.000000000000000000, 1.000000000000000000 ) ;
#3357 = DIRECTION ( 'NONE',  ( 0.0000000000000000000, 0.0000000000000000000, -1.000000000000000000 ) ) ;
#3358 = DIRECTION ( 'NONE',  ( 1.000000000000000000, -0.0000000000000000000, -7.744301232039317900E-017 ) ) ;
#3359 = CARTESIAN_POINT ( 'NONE',  ( -0.8649999999999999900, 0.0000000000000000000, -1.516388554922436100 ) ) ;
#3360 = AXIS2_PLACEMENT_3D ( 'NONE', #3359, #3358, #3357 ) ;
#3361 = CIRCLE ( 'NONE', #3360, 0.1250000000000001100 ) ;
#3362 =( LENGTH_UNIT ( ) NAMED_UNIT ( * ) SI_UNIT ( .MILLI., .METRE. ) );
#3363 = MECHANICAL_DESIGN_GEOMETRIC_PRESENTATION_REPRESENTATION (  '', ( #3367 ), #3467 ) ;
#3364 = DIRECTION ( 'NONE',  ( 0.0000000000000000000, 0.0000000000000000000, 1.000000000000000000 ) ) ;
#3366 = PRESENTATION_LAYER_ASSIGNMENT (  '', '', ( #3367 ) ) ;
#3365 = DIRECTION ( 'NONE',  ( -0.0000000000000000000, 1.000000000000000000, 0.0000000000000000000 ) ) ;
#3367 = STYLED_ITEM ( 'NONE', ( #3370 ), #294 ) ;
#3368 = CARTESIAN_POINT ( 'NONE',  ( -0.8850000000000000100, -0.4549999999999995700, -1.980000000000000000 ) ) ;
#3370 = PRESENTATION_STYLE_ASSIGNMENT (( #3371 ) ) ;
#3369 = AXIS2_PLACEMENT_3D ( 'NONE', #3368, #3365, #3364 ) ;
#3371 = SURFACE_STYLE_USAGE ( .BOTH. , #3373 ) ;
#3372 = CIRCLE ( 'NONE', #3369, 0.02000000000000005200 ) ;
#3373 = SURFACE_SIDE_STYLE ('',( #3374 ) ) ;
#3374 = SURFACE_STYLE_FILL_AREA ( #3375 ) ;
#3375 = FILL_AREA_STYLE ('',( #3386 ) ) ;
#3376 = COLOUR_RGB ( '',1.000000000000000000, 1.000000000000000000, 1.000000000000000000 ) ;
#3377 = DIRECTION ( 'NONE',  ( 0.0000000000000000000, 0.08715574274765444700, 0.9961946980917457700 ) ) ;
#3378 = DIRECTION ( 'NONE',  ( 0.0000000000000000000, 0.0000000000000000000, -1.000000000000000000 ) ) ;
#3379 = DIRECTION ( 'NONE',  ( -6.749603259399640800E-018, 0.9961946980917458800, -0.08715574274765469600 ) ) ;
#3380 = DIRECTION ( 'NONE',  ( 0.0000000000000000000, -1.000000000000000000, 0.0000000000000000000 ) ) ;
#3382 = AXIS2_PLACEMENT_3D ( 'NONE', #3387, #3379, #3377 ) ;
#3381 = CARTESIAN_POINT ( 'NONE',  ( -0.8850000000000001200, -0.5850000000000006300, -1.980000000000000000 ) ) ;
#3383 = AXIS2_PLACEMENT_3D ( 'NONE', #3381, #3380, #3378 ) ;
#3384 = CYLINDRICAL_SURFACE ( 'NONE', #3382, 0.02000000000000001400 ) ;
#3385 = FACE_OUTER_BOUND ( 'NONE', #241, .T. ) ;
#3386 = FILL_AREA_STYLE_COLOUR ( '', #3376 ) ;
#3387 = CARTESIAN_POINT ( 'NONE',  ( -0.2349999999999998500, -0.4367431148549524900, 1.680076106038165300 ) ) ;
#3388 = CYLINDRICAL_SURFACE ( 'NONE', #3383, 0.02000000000000005200 ) ;
#3389 = FACE_OUTER_BOUND ( 'NONE', #1590, .T. ) ;
#3390 = DIRECTION ( 'NONE',  ( 1.000000000000000000, 0.0000000000000000000, 0.0000000000000000000 ) ) ;
#3391 =( GEOMETRIC_REPRESENTATION_CONTEXT ( 3 ) GLOBAL_UNCERTAINTY_ASSIGNED_CONTEXT ( ( #3395 ) ) GLOBAL_UNIT_ASSIGNED_CONTEXT ( ( #3406, #3401, #3398 ) ) REPRESENTATION_CONTEXT ( 'NONE', 'WORKASPACE' ) );
#3392 = DIRECTION ( 'NONE',  ( 0.0000000000000000000, 0.0000000000000000000, 1.000000000000000000 ) ) ;
#3393 = AXIS2_PLACEMENT_3D ( 'NONE', #3400, #3392, #3390 ) ;
#3394 = CIRCLE ( 'NONE', #3393, 0.02000000000000005200 ) ;
#3395 = UNCERTAINTY_MEASURE_WITH_UNIT (LENGTH_MEASURE( 1.000000000000000100E-005 ), #3406, 'distance_accuracy_value', 'NONE');
#3396 = DIRECTION ( 'NONE',  ( 0.0000000000000000000, 0.9961946980917453200, 0.08715574274766159400 ) ) ;
#3398 =( NAMED_UNIT ( * ) SI_UNIT ( $, .STERADIAN. ) SOLID_ANGLE_UNIT ( ) );
#3397 = DIRECTION ( 'NONE',  ( -7.714831827782940100E-017, 0.08715574274766159400, -0.9961946980917453200 ) ) ;
#3399 = AXIS2_PLACEMENT_3D ( 'NONE', #3402, #3397, #3396 ) ;
#3400 = CARTESIAN_POINT ( 'NONE',  ( -0.8850000000000000100, 0.1250000000000000600, -1.516388554922435200 ) ) ;
#3401 =( NAMED_UNIT ( * ) PLANE_ANGLE_UNIT ( ) SI_UNIT ( $, .RADIAN. ) );
#3402 = CARTESIAN_POINT ( 'NONE',  ( -0.8649999999999999900, -0.4350000000000001600, -1.700000000000000200 ) ) ;
#3403 = PLANE ( 'NONE',  #3399 ) ;
#3404 = FACE_OUTER_BOUND ( 'NONE', #1586, .T. ) ;
#3405 = DIRECTION ( 'NONE',  ( 7.744301232039317900E-017, -2.168404344971009700E-015, 1.000000000000000000 ) ) ;
#3406 =( LENGTH_UNIT ( ) NAMED_UNIT ( * ) SI_UNIT ( .MILLI., .METRE. ) );
#3407 = VECTOR ( 'NONE', #3405, 1000.000000000000000 ) ;
#3408 = CARTESIAN_POINT ( 'NONE',  ( -0.8649999999999997700, -0.4549999999999993500, 1.516388554922439400 ) ) ;
#3409 = MECHANICAL_DESIGN_GEOMETRIC_PRESENTATION_REPRESENTATION (  '', ( #3412 ), #3391 ) ;
#3410 = LINE ( 'NONE', #3408, #3530 ) ;
#3411 = PRESENTATION_LAYER_ASSIGNMENT (  '', '', ( #3412 ) ) ;
#3412 = STYLED_ITEM ( 'NONE', ( #3413 ), #290 ) ;
#3413 = PRESENTATION_STYLE_ASSIGNMENT (( #3414 ) ) ;
#3414 = SURFACE_STYLE_USAGE ( .BOTH. , #3416 ) ;
#3415 = DIRECTION ( 'NONE',  ( -7.744301232039317900E-017, 0.0000000000000000000, -1.000000000000000000 ) ) ;
#3416 = SURFACE_SIDE_STYLE ('',( #3295 ) ) ;
#3417 = DIRECTION ( 'NONE',  ( 1.000000000000000000, 0.0000000000000000000, -7.744301232039317900E-017 ) ) ;
#3418 =( NAMED_UNIT ( * ) SI_UNIT ( $, .STERADIAN. ) SOLID_ANGLE_UNIT ( ) );
#3419 = AXIS2_PLACEMENT_3D ( 'NONE', #3421, #3417, #3415 ) ;
#3420 =( NAMED_UNIT ( * ) PLANE_ANGLE_UNIT ( ) SI_UNIT ( $, .RADIAN. ) );
#3421 = CARTESIAN_POINT ( 'NONE',  ( -0.8649999999999997700, 1.897353801849632800E-016, 1.516388554922439600 ) ) ;
#3422 = PLANE ( 'NONE',  #3419 ) ;
#3423 = FACE_OUTER_BOUND ( 'NONE', #1570, .T. ) ;
#3424 = CARTESIAN_POINT ( 'NONE',  ( -1.064999999999999700, 0.1450000000000001800, 1.516388554922438500 ) ) ;
#3425 =( LENGTH_UNIT ( ) NAMED_UNIT ( * ) SI_UNIT ( .MILLI., .METRE. ) );
#3426 = DIRECTION ( 'NONE',  ( 0.0000000000000000000, 6.256159727961946200E-017, 1.000000000000000000 ) ) ;
#3427 = DIRECTION ( 'NONE',  ( -4.844958548909047900E-033, 1.000000000000000000, -6.256159727961946200E-017 ) ) ;
#3428 = AXIS2_PLACEMENT_3D ( 'NONE', #3435, #3427, #3426 ) ;
#3429 = MECHANICAL_DESIGN_GEOMETRIC_PRESENTATION_REPRESENTATION (  '', ( #3431 ), #3526 ) ;
#3430 = PRESENTATION_LAYER_ASSIGNMENT (  '', '', ( #3431 ) ) ;
#3431 = STYLED_ITEM ( 'NONE', ( #3432 ), #300 ) ;
#3432 = PRESENTATION_STYLE_ASSIGNMENT (( #3433 ) ) ;
#3433 = SURFACE_STYLE_USAGE ( .BOTH. , #3434 ) ;
#3434 = SURFACE_SIDE_STYLE ('',( #3436 ) ) ;
#3436 = SURFACE_STYLE_FILL_AREA ( #3438 ) ;
#3435 = CARTESIAN_POINT ( 'NONE',  ( -0.8649999999999999900, 0.1449999999999999900, -1.516388554922435200 ) ) ;
#3438 = FILL_AREA_STYLE ('',( #3451 ) ) ;
#3437 = PLANE ( 'NONE',  #3428 ) ;
#3440 = COLOUR_RGB ( '',1.000000000000000000, 1.000000000000000000, 1.000000000000000000 ) ;
#3439 = FACE_OUTER_BOUND ( 'NONE', #1613, .T. ) ;
#3441 = FACE_OUTER_BOUND ( 'NONE', #301, .T. ) ;
#3442 = DIRECTION ( 'NONE',  ( 0.0000000000000000000, 0.0000000000000000000, -1.000000000000000000 ) ) ;
#3443 = DIRECTION ( 'NONE',  ( 0.0000000000000000000, -0.08715574274765453000, -0.9961946980917457700 ) ) ;
#3444 = DIRECTION ( 'NONE',  ( -1.000000000000000000, 0.0000000000000000000, 7.744301232039317900E-017 ) ) ;
#3445 = CARTESIAN_POINT ( 'NONE',  ( -0.8850000000000000100, 0.0000000000000000000, -1.516388554922436100 ) ) ;
#3446 = DIRECTION ( 'NONE',  ( 0.0000000000000000000, -0.9961946980917459900, 0.08715574274765462700 ) ) ;
#3447 = AXIS2_PLACEMENT_3D ( 'NONE', #3445, #3444, #3442 ) ;
#3448 = CARTESIAN_POINT ( 'NONE',  ( -0.2349999999999998500, 0.01089446784345603200, 1.640912892183907800 ) ) ;
#3449 = CIRCLE ( 'NONE', #3447, 0.1450000000000001600 ) ;
#3450 = AXIS2_PLACEMENT_3D ( 'NONE', #3448, #3446, #3443 ) ;
#3451 = FILL_AREA_STYLE_COLOUR ( '', #3440 ) ;
#3452 = DIRECTION ( 'NONE',  ( -7.744301232039317900E-017, 0.0000000000000000000, -1.000000000000000000 ) ) ;
#3453 = CARTESIAN_POINT ( 'NONE',  ( -0.8850000000000000100, 0.01263758269840999800, -1.660836786145739400 ) ) ;
#3454 = DIRECTION ( 'NONE',  ( 1.000000000000000000, -0.0000000000000000000, -7.744301232039317900E-017 ) ) ;
#3455 = DIRECTION ( 'NONE',  ( -1.000000000000000000, 0.0000000000000000000, 7.744301232039317900E-017 ) ) ;
#3456 = AXIS2_PLACEMENT_3D ( 'NONE', #3463, #3454, #3452 ) ;
#3457 = VECTOR ( 'NONE', #3455, 1000.000000000000000 ) ;
#3458 = TOROIDAL_SURFACE ( 'NONE', #3456, 0.1249999999999998900, 0.02000000000000000000 ) ;
#3459 = CARTESIAN_POINT ( 'NONE',  ( -0.8649999999999999900, 0.01263758269840999800, -1.660836786145739400 ) ) ;
#3461 = CIRCLE ( 'NONE', #3450, 0.02000000000000001400 ) ;
#3460 = LINE ( 'NONE', #3459, #3457 ) ;
#3462 = CARTESIAN_POINT ( 'NONE',  ( -1.064999999999999900, 0.01263758269840999800, -1.660836786145739400 ) ) ;
#3463 = CARTESIAN_POINT ( 'NONE',  ( -0.2349999999999998500, 1.897353801849632800E-016, 1.516388554922439600 ) ) ;
#3464 = DIRECTION ( 'NONE',  ( 6.749603259400173900E-018, 0.9961946980917453200, 0.08715574274766159400 ) ) ;
#3465 = VECTOR ( 'NONE', #3464, 999.9999999999998900 ) ;
#3466 = CARTESIAN_POINT ( 'NONE',  ( -1.064999999999999900, 0.01263758269841003100, -1.660836786145739400 ) ) ;
#3467 =( GEOMETRIC_REPRESENTATION_CONTEXT ( 3 ) GLOBAL_UNCERTAINTY_ASSIGNED_CONTEXT ( ( #3470 ) ) GLOBAL_UNIT_ASSIGNED_CONTEXT ( ( #3362, #1755, #3474 ) ) REPRESENTATION_CONTEXT ( 'NONE', 'WORKASPACE' ) );
#3468 = LINE ( 'NONE', #3466, #3465 ) ;
#3469 = CARTESIAN_POINT ( 'NONE',  ( -0.8649999999999997700, 0.1250000000000001900, 1.516388554922438700 ) ) ;
#3470 = UNCERTAINTY_MEASURE_WITH_UNIT (LENGTH_MEASURE( 1.000000000000000100E-005 ), #3362, 'distance_accuracy_value', 'NONE');
#3471 = CARTESIAN_POINT ( 'NONE',  ( -1.085000000000000000, 0.01089446784345689600, -1.640912892183904500 ) ) ;
#3472 = DIRECTION ( 'NONE',  ( 0.0000000000000000000, 8.881784197001248400E-016, -1.000000000000000000 ) ) ;
#3474 =( NAMED_UNIT ( * ) SI_UNIT ( $, .STERADIAN. ) SOLID_ANGLE_UNIT ( ) );
#3473 = DIRECTION ( 'NONE',  ( -1.000000000000000000, 0.0000000000000000000, 7.744301232039317900E-017 ) ) ;
#3475 = CARTESIAN_POINT ( 'NONE',  ( -1.085000000000000000, 0.0000000000000000000, -1.516388554922436100 ) ) ;
#3476 = AXIS2_PLACEMENT_3D ( 'NONE', #3475, #3473, #3472 ) ;
#3477 = CIRCLE ( 'NONE', #3476, 0.1250000000000001100 ) ;
#3478 = SURFACE_SIDE_STYLE ('',( #3479 ) ) ;
#3479 = SURFACE_STYLE_FILL_AREA ( #3480 ) ;
#3480 = FILL_AREA_STYLE ('',( #3493 ) ) ;
#3481 = COLOUR_RGB ( '',1.000000000000000000, 1.000000000000000000, 1.000000000000000000 ) ;
#3482 = FACE_OUTER_BOUND ( 'NONE', #315, .T. ) ;
#3483 = DIRECTION ( 'NONE',  ( 0.0000000000000000000, -0.08715574274766142700, 0.9961946980917452100 ) ) ;
#3484 = CARTESIAN_POINT ( 'NONE',  ( -1.085000000000000000, 0.1250000000000000600, -1.516388554922435200 ) ) ;
#3485 = DIRECTION ( 'NONE',  ( 6.497334929960927000E-015, 0.9961946980917453200, 0.08715574274766151000 ) ) ;
#3486 = CARTESIAN_POINT ( 'NONE',  ( -0.4149999999999999800, 0.01089446784345676600, -1.640912892183904500 ) ) ;
#3487 = DIRECTION ( 'NONE',  ( -7.744301232039317900E-017, -6.256159727961946200E-017, -1.000000000000000000 ) ) ;
#3488 = AXIS2_PLACEMENT_3D ( 'NONE', #3486, #3485, #3483 ) ;
#3489 = VECTOR ( 'NONE', #3487, 1000.000000000000000 ) ;
#3490 = CIRCLE ( 'NONE', #3488, 0.02000000000000002500 ) ;
#3491 = CARTESIAN_POINT ( 'NONE',  ( -1.085000000000000000, 0.1250000000000000000, -1.516388554922435200 ) ) ;
#3492 = LINE ( 'NONE', #3491, #3489 ) ;
#3493 = FILL_AREA_STYLE_COLOUR ( '', #3481 ) ;
#3494 = DIRECTION ( 'NONE',  ( 0.0000000000000000000, -1.000000000000000000, 1.084202172485504600E-014 ) ) ;
#3495 = CARTESIAN_POINT ( 'NONE',  ( -1.084999999999999700, 0.1250000000000001900, 1.516388554922438700 ) ) ;
#3496 = DIRECTION ( 'NONE',  ( -0.0000000000000000000, 1.084202172485504600E-014, 1.000000000000000000 ) ) ;
#3497 = DIRECTION ( 'NONE',  ( 0.0000000000000000000, 0.0000000000000000000, -1.000000000000000000 ) ) ;
#3498 = CARTESIAN_POINT ( 'NONE',  ( -0.2349999999999998500, 0.1250000000000001900, 1.516388554922438700 ) ) ;
#3500 = AXIS2_PLACEMENT_3D ( 'NONE', #3498, #3496, #3494 ) ;
#3499 = DIRECTION ( 'NONE',  ( -1.000000000000000000, 0.0000000000000000000, 7.744301232039317900E-017 ) ) ;
#3501 = CARTESIAN_POINT ( 'NONE',  ( -1.084999999999999700, 1.897353801849632800E-016, 1.516388554922439600 ) ) ;
#3502 = CIRCLE ( 'NONE', #3500, 0.01999999999999999700 ) ;
#3503 = AXIS2_PLACEMENT_3D ( 'NONE', #3501, #3499, #3497 ) ;
#3504 = CIRCLE ( 'NONE', #3503, 0.1249999999999998900 ) ;
#3505 = DIRECTION ( 'NONE',  ( 0.0000000000000000000, 0.0000000000000000000, 1.000000000000000000 ) ) ;
#3506 = DIRECTION ( 'NONE',  ( 0.0000000000000000000, 1.000000000000000000, 0.0000000000000000000 ) ) ;
#3507 = CARTESIAN_POINT ( 'NONE',  ( -0.4149999999999999800, -0.4549999999999995700, -1.980000000000000000 ) ) ;
#3508 = DIRECTION ( 'NONE',  ( 0.0000000000000000000, 0.08715574274766252300, -0.9961946980917452100 ) ) ;
#3509 = AXIS2_PLACEMENT_3D ( 'NONE', #3507, #3506, #3505 ) ;
#3510 = DIRECTION ( 'NONE',  ( -6.749603259400173900E-018, -0.9961946980917452100, -0.08715574274766158000 ) ) ;
#3511 = CARTESIAN_POINT ( 'NONE',  ( -0.8850000000000000100, -0.4367431148549534300, -1.680076106038165300 ) ) ;
#3512 = AXIS2_PLACEMENT_3D ( 'NONE', #3511, #3510, #3508 ) ;
#3513 = CARTESIAN_POINT ( 'NONE',  ( -1.084999999999999700, 0.01089446784345603000, 1.640912892183907800 ) ) ;
#3514 = DIRECTION ( 'NONE',  ( 0.0000000000000000000, 0.0000000000000000000, 1.000000000000000000 ) ) ;
#3515 = DIRECTION ( 'NONE',  ( 0.0000000000000000000, 1.000000000000000000, 0.0000000000000000000 ) ) ;
#3516 = AXIS2_PLACEMENT_3D ( 'NONE', #3525, #3515, #3514 ) ;
#3517 = CYLINDRICAL_SURFACE ( 'NONE', #3516, 0.02000000000000005200 ) ;
#3518 = CYLINDRICAL_SURFACE ( 'NONE', #3512, 0.02000000000000002500 ) ;
#3519 = CIRCLE ( 'NONE', #3509, 0.02000000000000005200 ) ;
#3520 = FACE_OUTER_BOUND ( 'NONE', #1632, .T. ) ;
#3521 = DIRECTION ( 'NONE',  ( -0.0000000000000000000, -1.000000000000000000, -0.0000000000000000000 ) ) ;
#3522 = VECTOR ( 'NONE', #3521, 1000.000000000000000 ) ;
#3523 = CARTESIAN_POINT ( 'NONE',  ( -0.8649999999999997700, 1.897353801849632800E-016, 1.980000000000000000 ) ) ;
#3524 = LINE ( 'NONE', #3523, #3522 ) ;
#3525 = CARTESIAN_POINT ( 'NONE',  ( -0.4149999999999999800, 1.897353801849632800E-016, -1.980000000000000000 ) ) ;
#3526 =( GEOMETRIC_REPRESENTATION_CONTEXT ( 3 ) GLOBAL_UNCERTAINTY_ASSIGNED_CONTEXT ( ( #3532 ) ) GLOBAL_UNIT_ASSIGNED_CONTEXT ( ( #3425, #3420, #3418 ) ) REPRESENTATION_CONTEXT ( 'NONE', 'WORKASPACE' ) );
#3527 = CARTESIAN_POINT ( 'NONE',  ( -0.8649999999999997700, -0.4549999999999995200, 1.980000000000000000 ) ) ;
#3528 = CARTESIAN_POINT ( 'NONE',  ( -0.8649999999999997700, -0.4549999999999994000, 1.681673376519651700 ) ) ;
#3529 = DIRECTION ( 'NONE',  ( 7.744301232039317900E-017, -3.614007241618349300E-016, 1.000000000000000000 ) ) ;
#3530 = VECTOR ( 'NONE', #3529, 1000.000000000000000 ) ;
#3532 = UNCERTAINTY_MEASURE_WITH_UNIT (LENGTH_MEASURE( 1.000000000000000100E-005 ), #3425, 'distance_accuracy_value', 'NONE');
#3531 = CARTESIAN_POINT ( 'NONE',  ( -1.084999999999999700, -0.4549999999999994000, 1.681673376519651700 ) ) ;
#3533 = DIRECTION ( 'NONE',  ( -7.744301232039317900E-017, 3.614007241618349300E-016, -1.000000000000000000 ) ) ;
#3534 = VECTOR ( 'NONE', #3533, 1000.000000000000000 ) ;
#3536 = CARTESIAN_POINT ( 'NONE',  ( -0.4149999999999999800, -0.4350000000000001600, -1.700000000000000200 ) ) ;
#3535 = CARTESIAN_POINT ( 'NONE',  ( -1.084999999999999700, -0.4549999999999994000, 1.700000000000000200 ) ) ;
#3537 = LINE ( 'NONE', #3535, #3534 ) ;
#3538 = CARTESIAN_POINT ( 'NONE',  ( -1.084999999999999700, -0.4549999999999995200, 1.980000000000000000 ) ) ;
#3539 = FILL_AREA_STYLE_COLOUR ( '', #3544 ) ;
#3540 =( BOUNDED_CURVE ( )  B_SPLINE_CURVE ( 3, ( #3536, #3636, #3634, #3633 ),
 .UNSPECIFIED., .F., .T. ) 
 B_SPLINE_CURVE_WITH_KNOTS ( ( 4, 4 ),
 ( 3.141592653589793100, 4.712388980384689700 ),
 .UNSPECIFIED. ) 
 CURVE ( )  GEOMETRIC_REPRESENTATION_ITEM ( )  RATIONAL_B_SPLINE_CURVE ( ( 1.000000000000000000, 0.8047378541243649400, 0.8047378541243649400, 1.000000000000000000 ) ) 
 REPRESENTATION_ITEM ( '' )  );
#3541 = DIRECTION ( 'NONE',  ( 0.0000000000000000000, 1.000000000000000000, 0.0000000000000000000 ) ) ;
#3542 = VECTOR ( 'NONE', #3541, 1000.000000000000000 ) ;
#3543 = CARTESIAN_POINT ( 'NONE',  ( -1.084999999999999700, -0.4349999999999995000, 1.980000000000000000 ) ) ;
#3544 = COLOUR_RGB ( '',1.000000000000000000, 1.000000000000000000, 1.000000000000000000 ) ;
#3545 = FACE_OUTER_BOUND ( 'NONE', #326, .T. ) ;
#3546 = DIRECTION ( 'NONE',  ( -7.744301232039317900E-017, 0.0000000000000000000, -1.000000000000000000 ) ) ;
#3547 = DIRECTION ( 'NONE',  ( 1.000000000000000000, 0.0000000000000000000, -7.744301232039317900E-017 ) ) ;
#3548 = CARTESIAN_POINT ( 'NONE',  ( -1.084999999999999700, 1.897353801849632800E-016, 1.516388554922439600 ) ) ;
#3549 = DIRECTION ( 'NONE',  ( 0.0000000000000000000, 0.0000000000000000000, 1.000000000000000000 ) ) ;
#3550 = AXIS2_PLACEMENT_3D ( 'NONE', #3548, #3547, #3546 ) ;
#3552 = DIRECTION ( 'NONE',  ( -1.000000000000000000, 0.0000000000000000000, 7.744301232039317900E-017 ) ) ;
#3551 = PLANE ( 'NONE',  #3550 ) ;
#3553 = LINE ( 'NONE', #3543, #3542 ) ;
#3554 = AXIS2_PLACEMENT_3D ( 'NONE', #3559, #3552, #3549 ) ;
#3555 = CYLINDRICAL_SURFACE ( 'NONE', #3554, 0.02000000000000005200 ) ;
#3556 = FACE_OUTER_BOUND ( 'NONE', #1653, .T. ) ;
#3557 = DIRECTION ( 'NONE',  ( 6.749603259399640000E-018, -0.9961946980917457700, 0.08715574274765468300 ) ) ;
#3558 = VECTOR ( 'NONE', #3557, 1000.000000000000100 ) ;
#3559 = CARTESIAN_POINT ( 'NONE',  ( -0.2149999999999998000, -0.4549999999999995200, 1.980000000000000000 ) ) ;
#3560 = CARTESIAN_POINT ( 'NONE',  ( -0.8649999999999997700, 0.01089446784345701100, 1.640912892183907800 ) ) ;
#3561 = LINE ( 'NONE', #3560, #3558 ) ;
#3562 =( GEOMETRIC_REPRESENTATION_CONTEXT ( 3 ) GLOBAL_UNCERTAINTY_ASSIGNED_CONTEXT ( ( #3568 ) ) GLOBAL_UNIT_ASSIGNED_CONTEXT ( ( #3577, #3573, #3569 ) ) REPRESENTATION_CONTEXT ( 'NONE', 'WORKASPACE' ) );
#3563 = DIRECTION ( 'NONE',  ( 0.0000000000000000000, 0.0000000000000000000, -1.000000000000000000 ) ) ;
#3564 = DIRECTION ( 'NONE',  ( 1.000000000000000000, -0.0000000000000000000, -7.744301232039317900E-017 ) ) ;
#3565 = CARTESIAN_POINT ( 'NONE',  ( -0.8649999999999997700, 1.897353801849632800E-016, 1.516388554922439600 ) ) ;
#3566 = AXIS2_PLACEMENT_3D ( 'NONE', #3565, #3564, #3563 ) ;
#3567 = CIRCLE ( 'NONE', #3566, 0.1249999999999998900 ) ;
#3568 = UNCERTAINTY_MEASURE_WITH_UNIT (LENGTH_MEASURE( 1.000000000000000100E-005 ), #3577, 'distance_accuracy_value', 'NONE');
#3569 =( NAMED_UNIT ( * ) SI_UNIT ( $, .STERADIAN. ) SOLID_ANGLE_UNIT ( ) );
#3570 = CARTESIAN_POINT ( 'NONE',  ( -1.085000000000000000, -0.4549999999999995700, -1.980000000000000000 ) ) ;
#3571 = CARTESIAN_POINT ( 'NONE',  ( -1.085000000000000000, -0.4550000000000002400, -1.681673376519651700 ) ) ;
#3572 = DIRECTION ( 'NONE',  ( -6.749603259400174600E-018, -0.9961946980917453200, -0.08715574274766159400 ) ) ;
#3573 =( NAMED_UNIT ( * ) PLANE_ANGLE_UNIT ( ) SI_UNIT ( $, .RADIAN. ) );
#3574 = VECTOR ( 'NONE', #3572, 999.9999999999998900 ) ;
#3575 = CARTESIAN_POINT ( 'NONE',  ( -1.085000000000000000, -0.4367431148549533200, -1.680076106038165300 ) ) ;
#3576 = LINE ( 'NONE', #3575, #3574 ) ;
#3577 =( LENGTH_UNIT ( ) NAMED_UNIT ( * ) SI_UNIT ( .MILLI., .METRE. ) );
#3578 = MECHANICAL_DESIGN_GEOMETRIC_PRESENTATION_REPRESENTATION (  '', ( #3581 ), #3658 ) ;
#3579 = PRESENTATION_LAYER_ASSIGNMENT (  '', '', ( #3581 ) ) ;
#3580 = MECHANICAL_DESIGN_GEOMETRIC_PRESENTATION_REPRESENTATION (  '', ( #3584 ), #3562 ) ;
#3581 = STYLED_ITEM ( 'NONE', ( #3583 ), #1673 ) ;
#3582 = PRESENTATION_LAYER_ASSIGNMENT (  '', '', ( #3584 ) ) ;
#3583 = PRESENTATION_STYLE_ASSIGNMENT (( #3585 ) ) ;
#3584 = STYLED_ITEM ( 'NONE', ( #3586 ), #314 ) ;
#3585 = SURFACE_STYLE_USAGE ( .BOTH. , #3587 ) ;
#3586 = PRESENTATION_STYLE_ASSIGNMENT (( #3588 ) ) ;
#3587 = SURFACE_SIDE_STYLE ('',( #3589 ) ) ;
#3588 = SURFACE_STYLE_USAGE ( .BOTH. , #3478 ) ;
#3589 = SURFACE_STYLE_FILL_AREA ( #3590 ) ;
#3590 = FILL_AREA_STYLE ('',( #3600 ) ) ;
#3591 = COLOUR_RGB ( '',1.000000000000000000, 1.000000000000000000, 1.000000000000000000 ) ;
#3592 = CIRCLE ( 'NONE', #3689, 0.02000000000000005200 ) ;
#3593 = DIRECTION ( 'NONE',  ( -7.744301232039317900E-017, 0.0000000000000000000, -1.000000000000000000 ) ) ;
#3594 = DIRECTION ( 'NONE',  ( 1.000000000000000000, -0.0000000000000000000, -7.744301232039317900E-017 ) ) ;
#3595 = CARTESIAN_POINT ( 'NONE',  ( -0.8850000000000000100, 0.0000000000000000000, -1.516388554922436100 ) ) ;
#3596 = AXIS2_PLACEMENT_3D ( 'NONE', #3595, #3594, #3593 ) ;
#3597 = DIRECTION ( 'NONE',  ( 1.000000000000000000, 0.0000000000000000000, 0.0000000000000000000 ) ) ;
#3598 = FACE_OUTER_BOUND ( 'NONE', #1674, .T. ) ;
#3599 = DIRECTION ( 'NONE',  ( 0.0000000000000000000, 1.000000000000000000, 0.0000000000000000000 ) ) ;
#3600 = FILL_AREA_STYLE_COLOUR ( '', #3591 ) ;
#3601 = AXIS2_PLACEMENT_3D ( 'NONE', #3606, #3599, #3597 ) ;
#3602 = SPHERICAL_SURFACE ( 'NONE', #3601, 0.02000000000000000000 ) ;
#3603 = TOROIDAL_SURFACE ( 'NONE', #3596, 0.1250000000000000600, 0.02000000000000000000 ) ;
#3604 = FACE_OUTER_BOUND ( 'NONE', #1669, .T. ) ;
#3605 = DIRECTION ( 'NONE',  ( 0.0000000000000000000, -0.08715574274765504300, 0.9961946980917457700 ) ) ;
#3606 = CARTESIAN_POINT ( 'NONE',  ( -0.2349999999999997400, -0.4549999999999995200, 1.980000000000000000 ) ) ;
#3607 = DIRECTION ( 'NONE',  ( -0.0000000000000000000, 0.9961946980917457700, 0.08715574274765512700 ) ) ;
#3608 = CARTESIAN_POINT ( 'NONE',  ( -0.8850000000000000100, 0.01089446784345688900, -1.640912892183904500 ) ) ;
#3609 = AXIS2_PLACEMENT_3D ( 'NONE', #3608, #3607, #3605 ) ;
#3610 = CIRCLE ( 'NONE', #3609, 0.02000000000000001400 ) ;
#3611 =( GEOMETRIC_REPRESENTATION_CONTEXT ( 3 ) GLOBAL_UNCERTAINTY_ASSIGNED_CONTEXT ( ( #3613 ) ) GLOBAL_UNIT_ASSIGNED_CONTEXT ( ( #3620, #3618, #3617 ) ) REPRESENTATION_CONTEXT ( 'NONE', 'WORKASPACE' ) );
#3612 = CARTESIAN_POINT ( 'NONE',  ( -0.8649999999999999900, -0.4550000000000002400, -1.681673376519651700 ) ) ;
#3613 = UNCERTAINTY_MEASURE_WITH_UNIT (LENGTH_MEASURE( 1.000000000000000100E-005 ), #3620, 'distance_accuracy_value', 'NONE');
#3614 = CARTESIAN_POINT ( 'NONE',  ( -0.8649999999999999900, -0.4432842712474621700, -1.692408864001934400 ) ) ;
#3615 = CARTESIAN_POINT ( 'NONE',  ( -0.8732842712474618900, -0.4350000000000002200, -1.700000000000000200 ) ) ;
#3617 =( NAMED_UNIT ( * ) SI_UNIT ( $, .STERADIAN. ) SOLID_ANGLE_UNIT ( ) );
#3616 = CARTESIAN_POINT ( 'NONE',  ( -0.8849999999999999000, -0.4350000000000001600, -1.700000000000000200 ) ) ;
#3618 =( NAMED_UNIT ( * ) PLANE_ANGLE_UNIT ( ) SI_UNIT ( $, .RADIAN. ) );
#3620 =( LENGTH_UNIT ( ) NAMED_UNIT ( * ) SI_UNIT ( .MILLI., .METRE. ) );
#3619 =( BOUNDED_CURVE ( )  B_SPLINE_CURVE ( 3, ( #3616, #3615, #3614, #3612 ),
 .UNSPECIFIED., .F., .T. ) 
 B_SPLINE_CURVE_WITH_KNOTS ( ( 4, 4 ),
 ( 5.491974308826505500E-015, 1.570796326794896600 ),
 .UNSPECIFIED. ) 
 CURVE ( )  GEOMETRIC_REPRESENTATION_ITEM ( )  RATIONAL_B_SPLINE_CURVE ( ( 1.000000000000000000, 0.8047378541243662700, 0.8047378541243662700, 1.000000000000000000 ) ) 
 REPRESENTATION_ITEM ( '' )  );
#3621 = MECHANICAL_DESIGN_GEOMETRIC_PRESENTATION_REPRESENTATION (  '', ( #3623 ), #3611 ) ;
#3622 = PRESENTATION_LAYER_ASSIGNMENT (  '', '', ( #3623 ) ) ;
#3623 = STYLED_ITEM ( 'NONE', ( #3624 ), #325 ) ;
#3624 = PRESENTATION_STYLE_ASSIGNMENT (( #3625 ) ) ;
#3625 = SURFACE_STYLE_USAGE ( .BOTH. , #3626 ) ;
#3626 = SURFACE_SIDE_STYLE ('',( #3627 ) ) ;
#3627 = SURFACE_STYLE_FILL_AREA ( #3628 ) ;
#3628 = FILL_AREA_STYLE ('',( #3539 ) ) ;
#3629 = DIRECTION ( 'NONE',  ( -6.749603259399640000E-018, 0.9961946980917457700, -0.08715574274765468300 ) ) ;
#3630 = VECTOR ( 'NONE', #3629, 1000.000000000000100 ) ;
#3631 = CARTESIAN_POINT ( 'NONE',  ( -1.084999999999999700, 0.01089446784345603700, 1.640912892183907800 ) ) ;
#3632 = LINE ( 'NONE', #3631, #3630 ) ;
#3633 = CARTESIAN_POINT ( 'NONE',  ( -0.4350000000000000500, -0.4550000000000002400, -1.681673376519651700 ) ) ;
#3634 = CARTESIAN_POINT ( 'NONE',  ( -0.4349999999999999400, -0.4432842712474621700, -1.692408864001934400 ) ) ;
#3635 = DIRECTION ( 'NONE',  ( -7.744301232039317900E-017, 3.614007241618349300E-016, -1.000000000000000000 ) ) ;
#3636 = CARTESIAN_POINT ( 'NONE',  ( -0.4267157287525381000, -0.4350000000000002200, -1.700000000000000200 ) ) ;
#3637 = VECTOR ( 'NONE', #3635, 1000.000000000000000 ) ;
#3638 = CARTESIAN_POINT ( 'NONE',  ( -0.2349999999999998500, -0.4349999999999995000, 2.000000000000000000 ) ) ;
#3639 = LINE ( 'NONE', #3638, #3637 ) ;
#3640 = CARTESIAN_POINT ( 'NONE',  ( -0.2349999999999998500, -0.5849999999999995200, 1.980000000000000000 ) ) ;
#3641 = AXIS2_PLACEMENT_3D ( 'NONE', #3640, #3747, #3745 ) ;
#3642 = CYLINDRICAL_SURFACE ( 'NONE', #3641, 0.02000000000000005200 ) ;
#3643 = CARTESIAN_POINT ( 'NONE',  ( -0.2349999999999998500, -0.4349999999999995000, 1.980000000000000000 ) ) ;
#3644 = CARTESIAN_POINT ( 'NONE',  ( -0.4149999999999998100, -0.4349999999999995000, 1.980000000000000000 ) ) ;
#3645 = DIRECTION ( 'NONE',  ( 1.000000000000000000, -0.0000000000000000000, -7.744301232039317900E-017 ) ) ;
#3646 = VECTOR ( 'NONE', #3645, 1000.000000000000000 ) ;
#3647 = CARTESIAN_POINT ( 'NONE',  ( -0.2149999999999998000, -0.4349999999999995000, 1.980000000000000000 ) ) ;
#3648 =( GEOMETRIC_REPRESENTATION_CONTEXT ( 3 ) GLOBAL_UNCERTAINTY_ASSIGNED_CONTEXT ( ( #3654 ) ) GLOBAL_UNIT_ASSIGNED_CONTEXT ( ( #3659, #3657, #3655 ) ) REPRESENTATION_CONTEXT ( 'NONE', 'WORKASPACE' ) );
#3649 = DIRECTION ( 'NONE',  ( 0.0000000000000000000, -3.614007241618349300E-016, 1.000000000000000000 ) ) ;
#3650 = DIRECTION ( 'NONE',  ( 2.798796073386400100E-032, 1.000000000000000000, 3.614007241618349300E-016 ) ) ;
#3651 = CARTESIAN_POINT ( 'NONE',  ( -0.2149999999999998000, -0.4349999999999995000, 2.000000000000000000 ) ) ;
#3652 = AXIS2_PLACEMENT_3D ( 'NONE', #3651, #3650, #3649 ) ;
#3653 = LINE ( 'NONE', #3647, #3646 ) ;
#3654 = UNCERTAINTY_MEASURE_WITH_UNIT (LENGTH_MEASURE( 1.000000000000000100E-005 ), #3659, 'distance_accuracy_value', 'NONE');
#3655 =( NAMED_UNIT ( * ) SI_UNIT ( $, .STERADIAN. ) SOLID_ANGLE_UNIT ( ) );
#3656 = PLANE ( 'NONE',  #3652 ) ;
#3657 =( NAMED_UNIT ( * ) PLANE_ANGLE_UNIT ( ) SI_UNIT ( $, .RADIAN. ) );
#3658 =( GEOMETRIC_REPRESENTATION_CONTEXT ( 3 ) GLOBAL_UNCERTAINTY_ASSIGNED_CONTEXT ( ( #3661 ) ) GLOBAL_UNIT_ASSIGNED_CONTEXT ( ( #3678, #3672, #3665 ) ) REPRESENTATION_CONTEXT ( 'NONE', 'WORKASPACE' ) );
#3659 =( LENGTH_UNIT ( ) NAMED_UNIT ( * ) SI_UNIT ( .MILLI., .METRE. ) );
#3660 = MECHANICAL_DESIGN_GEOMETRIC_PRESENTATION_REPRESENTATION (  '', ( #3663 ), #3648 ) ;
#3661 = UNCERTAINTY_MEASURE_WITH_UNIT (LENGTH_MEASURE( 1.000000000000000100E-005 ), #3678, 'distance_accuracy_value', 'NONE');
#3662 = PRESENTATION_LAYER_ASSIGNMENT (  '', '', ( #3663 ) ) ;
#3663 = STYLED_ITEM ( 'NONE', ( #3664 ), #336 ) ;
#3664 = PRESENTATION_STYLE_ASSIGNMENT (( #3666 ) ) ;
#3665 =( NAMED_UNIT ( * ) SI_UNIT ( $, .STERADIAN. ) SOLID_ANGLE_UNIT ( ) );
#3666 = SURFACE_STYLE_USAGE ( .BOTH. , #3667 ) ;
#3667 = SURFACE_SIDE_STYLE ('',( #3668 ) ) ;
#3668 = SURFACE_STYLE_FILL_AREA ( #3669 ) ;
#3669 = FILL_AREA_STYLE ('',( #3679 ) ) ;
#3670 = COLOUR_RGB ( '',1.000000000000000000, 1.000000000000000000, 1.000000000000000000 ) ;
#3671 = FACE_OUTER_BOUND ( 'NONE', #337, .T. ) ;
#3672 =( NAMED_UNIT ( * ) PLANE_ANGLE_UNIT ( ) SI_UNIT ( $, .RADIAN. ) );
#3673 = DIRECTION ( 'NONE',  ( 1.000000000000000000, 0.0000000000000000000, 0.0000000000000000000 ) ) ;
#3674 = DIRECTION ( 'NONE',  ( 0.0000000000000000000, 0.0000000000000000000, 1.000000000000000000 ) ) ;
#3675 = CARTESIAN_POINT ( 'NONE',  ( -0.2349999999999998500, -0.4549999999999995200, 1.980000000000000000 ) ) ;
#3676 = AXIS2_PLACEMENT_3D ( 'NONE', #3675, #3674, #3673 ) ;
#3677 = CIRCLE ( 'NONE', #3676, 0.01999999999999999700 ) ;
#3678 =( LENGTH_UNIT ( ) NAMED_UNIT ( * ) SI_UNIT ( .MILLI., .METRE. ) );
#3679 = FILL_AREA_STYLE_COLOUR ( '', #3670 ) ;
#3680 = PRESENTATION_LAYER_ASSIGNMENT (  '', '', ( #3681 ) ) ;
#3681 = STYLED_ITEM ( 'NONE', ( #3682 ), #1688 ) ;
#3683 = DIRECTION ( 'NONE',  ( 0.0000000000000000000, 0.0000000000000000000, -1.000000000000000000 ) ) ;
#3682 = PRESENTATION_STYLE_ASSIGNMENT (( #3684 ) ) ;
#3685 = DIRECTION ( 'NONE',  ( -1.000000000000000000, -0.0000000000000000000, -0.0000000000000000000 ) ) ;
#3684 = SURFACE_STYLE_USAGE ( .BOTH. , #3686 ) ;
#3687 = CARTESIAN_POINT ( 'NONE',  ( -0.2349999999999998500, -0.4549999999999995200, 1.980000000000000000 ) ) ;
#3686 = SURFACE_SIDE_STYLE ('',( #3688 ) ) ;
#3689 = AXIS2_PLACEMENT_3D ( 'NONE', #3687, #3685, #3683 ) ;
#3688 = SURFACE_STYLE_FILL_AREA ( #3690 ) ;
#3690 = FILL_AREA_STYLE ('',( #3701 ) ) ;
#3691 = COLOUR_RGB ( '',0.7529411764705882200, 0.7529411764705882200, 0.7529411764705882200 ) ;
#3692 = CARTESIAN_POINT ( 'NONE',  ( -0.2349999999999998500, -0.4549999999999995200, 2.000000000000000000 ) ) ;
#3693 = DIRECTION ( 'NONE',  ( 1.000000000000000000, 0.0000000000000000000, -7.744301232039317900E-017 ) ) ;
#3694 = DIRECTION ( 'NONE',  ( 0.0000000000000000000, -1.000000000000000000, 0.0000000000000000000 ) ) ;
#3695 = DIRECTION ( 'NONE',  ( 7.744301232039317900E-017, -0.0000000000000000000, 1.000000000000000000 ) ) ;
#3696 = DIRECTION ( 'NONE',  ( 7.744301232039317900E-017, -2.168404344971009700E-015, 1.000000000000000000 ) ) ;
#3697 = CARTESIAN_POINT ( 'NONE',  ( -0.2149999999999998000, -0.5849999999999995200, 2.000000000000000000 ) ) ;
#3698 = AXIS2_PLACEMENT_3D ( 'NONE', #3703, #3696, #3694 ) ;
#3699 = AXIS2_PLACEMENT_3D ( 'NONE', #3697, #3695, #3693 ) ;
#3700 = CYLINDRICAL_SURFACE ( 'NONE', #3698, 0.01999999999999999700 ) ;
#3701 = FILL_AREA_STYLE_COLOUR ( '', #3691 ) ;
#3702 = PLANE ( 'NONE',  #3699 ) ;
#3703 = CARTESIAN_POINT ( 'NONE',  ( -0.4149999999999998100, -0.4550000000000071800, 1.516388554922438500 ) ) ;
#3704 =( GEOMETRIC_REPRESENTATION_CONTEXT ( 3 ) GLOBAL_UNCERTAINTY_ASSIGNED_CONTEXT ( ( #3706 ) ) GLOBAL_UNIT_ASSIGNED_CONTEXT ( ( #3712, #3710, #3708 ) ) REPRESENTATION_CONTEXT ( 'NONE', 'WORKASPACE' ) );
#3705 =( GEOMETRIC_REPRESENTATION_CONTEXT ( 3 ) GLOBAL_UNCERTAINTY_ASSIGNED_CONTEXT ( ( #3707 ) ) GLOBAL_UNIT_ASSIGNED_CONTEXT ( ( #3713, #3711, #3709 ) ) REPRESENTATION_CONTEXT ( 'NONE', 'WORKASPACE' ) );
#3706 = UNCERTAINTY_MEASURE_WITH_UNIT (LENGTH_MEASURE( 1.000000000000000100E-005 ), #3712, 'distance_accuracy_value', 'NONE');
#3707 = UNCERTAINTY_MEASURE_WITH_UNIT (LENGTH_MEASURE( 1.000000000000000100E-005 ), #3713, 'distance_accuracy_value', 'NONE');
#3708 =( NAMED_UNIT ( * ) SI_UNIT ( $, .STERADIAN. ) SOLID_ANGLE_UNIT ( ) );
#3709 =( NAMED_UNIT ( * ) SI_UNIT ( $, .STERADIAN. ) SOLID_ANGLE_UNIT ( ) );
#3710 =( NAMED_UNIT ( * ) PLANE_ANGLE_UNIT ( ) SI_UNIT ( $, .RADIAN. ) );
#3711 =( NAMED_UNIT ( * ) PLANE_ANGLE_UNIT ( ) SI_UNIT ( $, .RADIAN. ) );
#3712 =( LENGTH_UNIT ( ) NAMED_UNIT ( * ) SI_UNIT ( .MILLI., .METRE. ) );
#3713 =( LENGTH_UNIT ( ) NAMED_UNIT ( * ) SI_UNIT ( .MILLI., .METRE. ) );
#3714 = MECHANICAL_DESIGN_GEOMETRIC_PRESENTATION_REPRESENTATION (  '', ( #3717 ), #3704 ) ;
#3715 = MECHANICAL_DESIGN_GEOMETRIC_PRESENTATION_REPRESENTATION (  '', ( #3720 ), #3705 ) ;
#3716 = PRESENTATION_LAYER_ASSIGNMENT (  '', '', ( #3717 ) ) ;
#3717 = STYLED_ITEM ( 'NONE', ( #3719 ), #1684 ) ;
#3718 = PRESENTATION_LAYER_ASSIGNMENT (  '', '', ( #3720 ) ) ;
#3719 = PRESENTATION_STYLE_ASSIGNMENT (( #3721 ) ) ;
#3720 = STYLED_ITEM ( 'NONE', ( #3723 ), #343 ) ;
#3721 = SURFACE_STYLE_USAGE ( .BOTH. , #3722 ) ;
#3723 = PRESENTATION_STYLE_ASSIGNMENT (( #3724 ) ) ;
#3722 = SURFACE_SIDE_STYLE ('',( #3725 ) ) ;
#3724 = SURFACE_STYLE_USAGE ( .BOTH. , #3726 ) ;
#3725 = SURFACE_STYLE_FILL_AREA ( #3727 ) ;
#3726 = SURFACE_SIDE_STYLE ('',( #3728 ) ) ;
#3727 = FILL_AREA_STYLE ('',( #3740 ) ) ;
#3728 = SURFACE_STYLE_FILL_AREA ( #3730 ) ;
#3729 = COLOUR_RGB ( '',1.000000000000000000, 1.000000000000000000, 1.000000000000000000 ) ;
#3730 = FILL_AREA_STYLE ('',( #3744 ) ) ;
#3731 = FACE_OUTER_BOUND ( 'NONE', #1685, .T. ) ;
#3732 = COLOUR_RGB ( '',1.000000000000000000, 1.000000000000000000, 1.000000000000000000 ) ;
#3733 = FACE_OUTER_BOUND ( 'NONE', #319, .T. ) ;
#3734 = DIRECTION ( 'NONE',  ( 7.744301232039317900E-017, -3.614007241618349300E-016, 1.000000000000000000 ) ) ;
#3735 = VECTOR ( 'NONE', #3734, 1000.000000000000000 ) ;
#3736 = DIRECTION ( 'NONE',  ( 0.0000000000000000000, 0.0000000000000000000, 1.000000000000000000 ) ) ;
#3737 = CARTESIAN_POINT ( 'NONE',  ( -0.4149999999999998100, -0.4349999999999995000, 2.000000000000000000 ) ) ;
#3739 = DIRECTION ( 'NONE',  ( 0.0000000000000000000, 1.000000000000000000, 0.0000000000000000000 ) ) ;
#3738 = LINE ( 'NONE', #3737, #3735 ) ;
#3740 = FILL_AREA_STYLE_COLOUR ( '', #3729 ) ;
#3741 = CARTESIAN_POINT ( 'NONE',  ( -0.2349999999999998500, -0.4549999999999995200, 1.980000000000000000 ) ) ;
#3742 = AXIS2_PLACEMENT_3D ( 'NONE', #3741, #3739, #3736 ) ;
#3743 = CIRCLE ( 'NONE', #3742, 0.02000000000000005200 ) ;
#3744 = FILL_AREA_STYLE_COLOUR ( '', #3732 ) ;
#3745 = DIRECTION ( 'NONE',  ( 0.0000000000000000000, 0.0000000000000000000, 1.000000000000000000 ) ) ;
#3746 = UNCERTAINTY_MEASURE_WITH_UNIT (LENGTH_MEASURE( 1.000000000000000100E-005 ), #3752, 'distance_accuracy_value', 'NONE');
#3747 = DIRECTION ( 'NONE',  ( 0.0000000000000000000, 1.000000000000000000, 0.0000000000000000000 ) ) ;
#3748 =( NAMED_UNIT ( * ) SI_UNIT ( $, .STERADIAN. ) SOLID_ANGLE_UNIT ( ) );
#3749 =( NAMED_UNIT ( * ) PLANE_ANGLE_UNIT ( ) SI_UNIT ( $, .RADIAN. ) );
#3750 = UNCERTAINTY_MEASURE_WITH_UNIT (LENGTH_MEASURE( 1.000000000000000100E-005 ), #3762, 'distance_accuracy_value', 'NONE');
#3751 =( NAMED_UNIT ( * ) SI_UNIT ( $, .STERADIAN. ) SOLID_ANGLE_UNIT ( ) );
#3752 =( LENGTH_UNIT ( ) NAMED_UNIT ( * ) SI_UNIT ( .MILLI., .METRE. ) );
#3753 = MECHANICAL_DESIGN_GEOMETRIC_PRESENTATION_REPRESENTATION (  '', ( #3756 ), #3840 ) ;
#3754 =( NAMED_UNIT ( * ) PLANE_ANGLE_UNIT ( ) SI_UNIT ( $, .RADIAN. ) );
#3755 = PRESENTATION_LAYER_ASSIGNMENT (  '', '', ( #3756 ) ) ;
#3756 = STYLED_ITEM ( 'NONE', ( #3757 ), #1691 ) ;
#3757 = PRESENTATION_STYLE_ASSIGNMENT (( #3758 ) ) ;
#3758 = SURFACE_STYLE_USAGE ( .BOTH. , #3759 ) ;
#3759 = SURFACE_SIDE_STYLE ('',( #3760 ) ) ;
#3760 = SURFACE_STYLE_FILL_AREA ( #3761 ) ;
#3762 =( LENGTH_UNIT ( ) NAMED_UNIT ( * ) SI_UNIT ( .MILLI., .METRE. ) );
#3761 = FILL_AREA_STYLE ('',( #3763 ) ) ;
#3763 = FILL_AREA_STYLE_COLOUR ( '', #3764 ) ;
#3764 = COLOUR_RGB ( '',1.000000000000000000, 1.000000000000000000, 1.000000000000000000 ) ;
#3765 = FACE_OUTER_BOUND ( 'NONE', #1689, .T. ) ;
#3766 = MECHANICAL_DESIGN_GEOMETRIC_PRESENTATION_REPRESENTATION (  '', ( #3768 ), #3843 ) ;
#3767 = PRESENTATION_LAYER_ASSIGNMENT (  '', '', ( #3768 ) ) ;
#3768 = STYLED_ITEM ( 'NONE', ( #3770 ), #348 ) ;
#3769 =( GEOMETRIC_REPRESENTATION_CONTEXT ( 3 ) GLOBAL_UNCERTAINTY_ASSIGNED_CONTEXT ( ( #3775 ) ) GLOBAL_UNIT_ASSIGNED_CONTEXT ( ( #3782, #3781, #3776 ) ) REPRESENTATION_CONTEXT ( 'NONE', 'WORKASPACE' ) );
#3770 = PRESENTATION_STYLE_ASSIGNMENT (( #3771 ) ) ;
#3771 = SURFACE_STYLE_USAGE ( .BOTH. , #3772 ) ;
#3772 = SURFACE_SIDE_STYLE ('',( #3773 ) ) ;
#3773 = SURFACE_STYLE_FILL_AREA ( #3774 ) ;
#3774 = FILL_AREA_STYLE ('',( #3783 ) ) ;
#3775 = UNCERTAINTY_MEASURE_WITH_UNIT (LENGTH_MEASURE( 1.000000000000000100E-005 ), #3782, 'distance_accuracy_value', 'NONE');
#3777 = CARTESIAN_POINT ( 'NONE',  ( -0.2349999999999997400, -0.4349999999999993900, 1.700000000000000200 ) ) ;
#3776 =( NAMED_UNIT ( * ) SI_UNIT ( $, .STERADIAN. ) SOLID_ANGLE_UNIT ( ) );
#3778 = CARTESIAN_POINT ( 'NONE',  ( -0.2232842712474617000, -0.4349999999999995000, 1.700000000000000200 ) ) ;
#3779 = CARTESIAN_POINT ( 'NONE',  ( -0.2149999999999998600, -0.4432842712474613400, 1.692408864001934400 ) ) ;
#3780 = CARTESIAN_POINT ( 'NONE',  ( -0.2149999999999998000, -0.4549999999999994000, 1.681673376519651700 ) ) ;
#3781 =( NAMED_UNIT ( * ) PLANE_ANGLE_UNIT ( ) SI_UNIT ( $, .RADIAN. ) );
#3782 =( LENGTH_UNIT ( ) NAMED_UNIT ( * ) SI_UNIT ( .MILLI., .METRE. ) );
#3783 = FILL_AREA_STYLE_COLOUR ( '', #3791 ) ;
#3784 = MECHANICAL_DESIGN_GEOMETRIC_PRESENTATION_REPRESENTATION (  '', ( #3681 ), #3769 ) ;
#3785 =( BOUNDED_CURVE ( )  B_SPLINE_CURVE ( 3, ( #3780, #3779, #3778, #3777 ),
 .UNSPECIFIED., .F., .T. ) 
 B_SPLINE_CURVE_WITH_KNOTS ( ( 4, 4 ),
 ( 4.712388980384689700, 6.283185307179580900 ),
 .UNSPECIFIED. ) 
 CURVE ( )  GEOMETRIC_REPRESENTATION_ITEM ( )  RATIONAL_B_SPLINE_CURVE ( ( 1.000000000000000000, 0.8047378541243662700, 0.8047378541243662700, 1.000000000000000000 ) ) 
 REPRESENTATION_ITEM ( '' )  );
#3786 = DIRECTION ( 'NONE',  ( -7.744301232039317900E-017, 2.168404344971009700E-015, -1.000000000000000000 ) ) ;
#3787 = VECTOR ( 'NONE', #3786, 1000.000000000000000 ) ;
#3788 = CARTESIAN_POINT ( 'NONE',  ( -1.085000000000000000, -0.4549999999999995200, -2.000000000000000000 ) ) ;
#3789 = DIRECTION ( 'NONE',  ( -1.000000000000000000, 0.0000000000000000000, 7.744301232039317900E-017 ) ) ;
#3790 = LINE ( 'NONE', #3788, #3787 ) ;
#3791 = COLOUR_RGB ( '',1.000000000000000000, 1.000000000000000000, 1.000000000000000000 ) ;
#3792 = FACE_OUTER_BOUND ( 'NONE', #274, .T. ) ;
#3793 = DIRECTION ( 'NONE',  ( -6.749603259399640800E-018, 0.9961946980917457700, -0.08715574274765468300 ) ) ;
#3794 = VECTOR ( 'NONE', #3793, 1000.000000000000100 ) ;
#3795 =( NAMED_UNIT ( * ) PLANE_ANGLE_UNIT ( ) SI_UNIT ( $, .RADIAN. ) );
#3796 = CARTESIAN_POINT ( 'NONE',  ( -0.2349999999999998500, -0.4349999999999993900, 1.700000000000000200 ) ) ;
#3797 = LINE ( 'NONE', #3796, #3794 ) ;
#3798 =( LENGTH_UNIT ( ) NAMED_UNIT ( * ) SI_UNIT ( .MILLI., .METRE. ) );
#3799 = CARTESIAN_POINT ( 'NONE',  ( -0.2349999999999997400, -0.4349999999999993900, 1.700000000000000200 ) ) ;
#3800 = DIRECTION ( 'NONE',  ( -1.000000000000000000, 0.0000000000000000000, 7.744301232039317900E-017 ) ) ;
#3802 = MECHANICAL_DESIGN_GEOMETRIC_PRESENTATION_REPRESENTATION (  '', ( #3806 ), #3901 ) ;
#3801 = VECTOR ( 'NONE', #3800, 1000.000000000000000 ) ;
#3803 = CARTESIAN_POINT ( 'NONE',  ( -0.2149999999999998000, -0.4349999999999993900, 1.700000000000000200 ) ) ;
#3804 = PRESENTATION_LAYER_ASSIGNMENT (  '', '', ( #3806 ) ) ;
#3805 = LINE ( 'NONE', #3803, #3801 ) ;
#3806 = STYLED_ITEM ( 'NONE', ( #3807 ), #355 ) ;
#3807 = PRESENTATION_STYLE_ASSIGNMENT (( #3808 ) ) ;
#3808 = SURFACE_STYLE_USAGE ( .BOTH. , #3809 ) ;
#3809 = SURFACE_SIDE_STYLE ('',( #3810 ) ) ;
#3810 = SURFACE_STYLE_FILL_AREA ( #3811 ) ;
#3811 = FILL_AREA_STYLE ('',( #3826 ) ) ;
#3812 = CARTESIAN_POINT ( 'NONE',  ( -0.4149999999999999800, -0.4349999999999993900, 1.700000000000000200 ) ) ;
#3813 = DIRECTION ( 'NONE',  ( 6.749603259399640800E-018, -0.9961946980917457700, 0.08715574274765468300 ) ) ;
#3814 = VECTOR ( 'NONE', #3813, 1000.000000000000100 ) ;
#3815 = CARTESIAN_POINT ( 'NONE',  ( -0.4149999999999998100, -0.4349999999999994400, 1.700000000000000200 ) ) ;
#3816 = LINE ( 'NONE', #3815, #3814 ) ;
#3817 = CARTESIAN_POINT ( 'NONE',  ( -0.4149999999999999800, -0.4349999999999993900, 1.700000000000000200 ) ) ;
#3818 = CARTESIAN_POINT ( 'NONE',  ( -0.4267157287525379400, -0.4349999999999993900, 1.700000000000000200 ) ) ;
#3819 = CARTESIAN_POINT ( 'NONE',  ( -0.4349999999999997800, -0.4432842712474613900, 1.692408864001934600 ) ) ;
#3820 = CARTESIAN_POINT ( 'NONE',  ( -0.4349999999999998300, -0.4549999999999994000, 1.681673376519651700 ) ) ;
#3821 = CARTESIAN_POINT ( 'NONE',  ( -0.4149999999999998100, 0.01263758269840914300, 1.660836786145742900 ) ) ;
#3822 = CARTESIAN_POINT ( 'NONE',  ( -0.2349999999999998500, 0.01263758269840914300, 1.660836786145742900 ) ) ;
#3823 = DIRECTION ( 'NONE',  ( -1.000000000000000000, 0.0000000000000000000, 7.744301232039317900E-017 ) ) ;
#3824 = VECTOR ( 'NONE', #3823, 1000.000000000000000 ) ;
#3825 = CARTESIAN_POINT ( 'NONE',  ( -0.2149999999999998000, 0.01263758269840914300, 1.660836786145742900 ) ) ;
#3826 = FILL_AREA_STYLE_COLOUR ( '', #3833 ) ;
#3827 =( BOUNDED_CURVE ( )  B_SPLINE_CURVE ( 3, ( #3820, #3819, #3818, #3817 ),
 .UNSPECIFIED., .F., .T. ) 
 B_SPLINE_CURVE_WITH_KNOTS ( ( 4, 4 ),
 ( 1.570796326794895000, 3.141592653589782500 ),
 .UNSPECIFIED. ) 
 CURVE ( )  GEOMETRIC_REPRESENTATION_ITEM ( )  RATIONAL_B_SPLINE_CURVE ( ( 1.000000000000000000, 0.8047378541243671600, 0.8047378541243671600, 1.000000000000000000 ) ) 
 REPRESENTATION_ITEM ( '' )  );
#3828 = DIRECTION ( 'NONE',  ( 0.0000000000000000000, -0.9961946980917457700, 0.08715574274765468300 ) ) ;
#3829 = DIRECTION ( 'NONE',  ( 7.714831827782947500E-017, 0.08715574274765469600, 0.9961946980917458800 ) ) ;
#3830 = CARTESIAN_POINT ( 'NONE',  ( -0.2149999999999998000, -0.4349999999999993900, 1.700000000000000200 ) ) ;
#3831 = AXIS2_PLACEMENT_3D ( 'NONE', #3830, #3829, #3828 ) ;
#3832 = LINE ( 'NONE', #3825, #3824 ) ;
#3833 = COLOUR_RGB ( '',1.000000000000000000, 1.000000000000000000, 1.000000000000000000 ) ;
#3834 = FACE_OUTER_BOUND ( 'NONE', #356, .T. ) ;
#3835 = DIRECTION ( 'NONE',  ( 1.000000000000000000, 0.0000000000000000000, 0.0000000000000000000 ) ) ;
#3836 = PLANE ( 'NONE',  #3831 ) ;
#3837 = DIRECTION ( 'NONE',  ( 0.0000000000000000000, 1.000000000000000000, 0.0000000000000000000 ) ) ;
#3838 = AXIS2_PLACEMENT_3D ( 'NONE', #3842, #3837, #3835 ) ;
#3839 = SPHERICAL_SURFACE ( 'NONE', #3838, 0.02000000000000000000 ) ;
#3840 =( GEOMETRIC_REPRESENTATION_CONTEXT ( 3 ) GLOBAL_UNCERTAINTY_ASSIGNED_CONTEXT ( ( #3746 ) ) GLOBAL_UNIT_ASSIGNED_CONTEXT ( ( #3752, #3749, #3748 ) ) REPRESENTATION_CONTEXT ( 'NONE', 'WORKASPACE' ) );
#3841 =( NAMED_UNIT ( * ) PLANE_ANGLE_UNIT ( ) SI_UNIT ( $, .RADIAN. ) );
#3842 = CARTESIAN_POINT ( 'NONE',  ( -0.4149999999999999800, -0.4549999999999995700, -1.980000000000000000 ) ) ;
#3843 =( GEOMETRIC_REPRESENTATION_CONTEXT ( 3 ) GLOBAL_UNCERTAINTY_ASSIGNED_CONTEXT ( ( #3750 ) ) GLOBAL_UNIT_ASSIGNED_CONTEXT ( ( #3762, #3754, #3751 ) ) REPRESENTATION_CONTEXT ( 'NONE', 'WORKASPACE' ) );
#3844 =( LENGTH_UNIT ( ) NAMED_UNIT ( * ) SI_UNIT ( .MILLI., .METRE. ) );
#3845 = UNCERTAINTY_MEASURE_WITH_UNIT (LENGTH_MEASURE( 1.000000000000000100E-005 ), #3862, 'distance_accuracy_value', 'NONE');
#3846 = MECHANICAL_DESIGN_GEOMETRIC_PRESENTATION_REPRESENTATION (  '', ( #3848 ), #3943 ) ;
#3847 = PRESENTATION_LAYER_ASSIGNMENT (  '', '', ( #3848 ) ) ;
#3849 =( NAMED_UNIT ( * ) SI_UNIT ( $, .STERADIAN. ) SOLID_ANGLE_UNIT ( ) );
#3848 = STYLED_ITEM ( 'NONE', ( #3850 ), #1721 ) ;
#3850 = PRESENTATION_STYLE_ASSIGNMENT (( #3851 ) ) ;
#3851 = SURFACE_STYLE_USAGE ( .BOTH. , #3852 ) ;
#3852 = SURFACE_SIDE_STYLE ('',( #3853 ) ) ;
#3853 = SURFACE_STYLE_FILL_AREA ( #3854 ) ;
#3854 = FILL_AREA_STYLE ('',( #3864 ) ) ;
#3856 =( NAMED_UNIT ( * ) PLANE_ANGLE_UNIT ( ) SI_UNIT ( $, .RADIAN. ) );
#3855 = COLOUR_RGB ( '',1.000000000000000000, 1.000000000000000000, 1.000000000000000000 ) ;
#3857 = FACE_OUTER_BOUND ( 'NONE', #1722, .T. ) ;
#3858 = DIRECTION ( 'NONE',  ( 0.0000000000000000000, 0.0000000000000000000, -1.000000000000000000 ) ) ;
#3859 = DIRECTION ( 'NONE',  ( -1.000000000000000000, 0.0000000000000000000, 7.744301232039317900E-017 ) ) ;
#3860 = CARTESIAN_POINT ( 'NONE',  ( -0.2149999999999998000, -0.4399999999999993900, 1.700437443317629500 ) ) ;
#3861 = AXIS2_PLACEMENT_3D ( 'NONE', #3860, #3859, #3858 ) ;
#3862 =( LENGTH_UNIT ( ) NAMED_UNIT ( * ) SI_UNIT ( .MILLI., .METRE. ) );
#3863 = CIRCLE ( 'NONE', #3861, 0.1450000000000001600 ) ;
#3864 = FILL_AREA_STYLE_COLOUR ( '', #3855 ) ;
#3865 = MECHANICAL_DESIGN_GEOMETRIC_PRESENTATION_REPRESENTATION (  '', ( #3867 ), #3952 ) ;
#3866 = PRESENTATION_LAYER_ASSIGNMENT (  '', '', ( #3867 ) ) ;
#3867 = STYLED_ITEM ( 'NONE', ( #3868 ), #360 ) ;
#3868 = PRESENTATION_STYLE_ASSIGNMENT (( #3870 ) ) ;
#3870 = SURFACE_STYLE_USAGE ( .BOTH. , #3871 ) ;
#3869 = CARTESIAN_POINT ( 'NONE',  ( -0.2149999999999998000, -0.4526375826984085900, 1.555989212094326400 ) ) ;
#3871 = SURFACE_SIDE_STYLE ('',( #3872 ) ) ;
#3872 = SURFACE_STYLE_FILL_AREA ( #3874 ) ;
#3873 = DIRECTION ( 'NONE',  ( -1.000000000000000000, 0.0000000000000000000, 7.744301232039317900E-017 ) ) ;
#3874 = FILL_AREA_STYLE ('',( #3884 ) ) ;
#3875 = VECTOR ( 'NONE', #3873, 1000.000000000000000 ) ;
#3876 = COLOUR_RGB ( '',1.000000000000000000, 1.000000000000000000, 1.000000000000000000 ) ;
#3878 = FACE_OUTER_BOUND ( 'NONE', #361, .T. ) ;
#3877 = CARTESIAN_POINT ( 'NONE',  ( -0.2149999999999998000, -0.4526375826984085900, 1.555989212094326400 ) ) ;
#3879 = LINE ( 'NONE', #3877, #3875 ) ;
#3880 = DIRECTION ( 'NONE',  ( 0.0000000000000000000, -1.000000000000000000, -1.084202172485504600E-014 ) ) ;
#3881 = DIRECTION ( 'NONE',  ( 1.084202172485501600E-014, -1.084202172485504600E-014, 1.000000000000000000 ) ) ;
#3882 = CARTESIAN_POINT ( 'NONE',  ( -0.4149999999999999800, 0.1250000000000000600, -1.516388554922435400 ) ) ;
#3883 = AXIS2_PLACEMENT_3D ( 'NONE', #3882, #3881, #3880 ) ;
#3884 = FILL_AREA_STYLE_COLOUR ( '', #3876 ) ;
#3885 = CARTESIAN_POINT ( 'NONE',  ( -0.4349999999999998300, -0.4526375826984085900, 1.555989212094326400 ) ) ;
#3886 = DIRECTION ( 'NONE',  ( 0.0000000000000000000, 0.0000000000000000000, -1.000000000000000000 ) ) ;
#3887 = DIRECTION ( 'NONE',  ( -1.000000000000000000, 0.0000000000000000000, 7.744301232039317900E-017 ) ) ;
#3888 = DIRECTION ( 'NONE',  ( -7.744301232039317900E-017, 0.0000000000000000000, -1.000000000000000000 ) ) ;
#3889 = CARTESIAN_POINT ( 'NONE',  ( -0.4349999999999998300, -0.4399999999999993900, 1.700437443317629500 ) ) ;
#3890 = DIRECTION ( 'NONE',  ( 1.000000000000000000, -0.0000000000000000000, -7.744301232039317900E-017 ) ) ;
#3891 = AXIS2_PLACEMENT_3D ( 'NONE', #3889, #3887, #3886 ) ;
#3893 = AXIS2_PLACEMENT_3D ( 'NONE', #3898, #3890, #3888 ) ;
#3892 = CIRCLE ( 'NONE', #3891, 0.1450000000000001600 ) ;
#3894 = TOROIDAL_SURFACE ( 'NONE', #3893, 0.1249999999999998900, 0.02000000000000000000 ) ;
#3895 = CIRCLE ( 'NONE', #3883, 0.01999999999999999700 ) ;
#3896 = DIRECTION ( 'NONE',  ( 0.0000000000000000000, -1.000000000000000000, 0.0000000000000000000 ) ) ;
#3897 = VECTOR ( 'NONE', #3896, 1000.000000000000000 ) ;
#3898 = CARTESIAN_POINT ( 'NONE',  ( -0.4149999999999998100, 1.897353801849632800E-016, 1.516388554922439600 ) ) ;
#3899 = CARTESIAN_POINT ( 'NONE',  ( -1.085000000000000000, -0.5850000000000006300, -1.980000000000000000 ) ) ;
#3900 = LINE ( 'NONE', #3899, #3897 ) ;
#3901 =( GEOMETRIC_REPRESENTATION_CONTEXT ( 3 ) GLOBAL_UNCERTAINTY_ASSIGNED_CONTEXT ( ( #3904 ) ) GLOBAL_UNIT_ASSIGNED_CONTEXT ( ( #3798, #3795, #7676 ) ) REPRESENTATION_CONTEXT ( 'NONE', 'WORKASPACE' ) );
#3902 = CARTESIAN_POINT ( 'NONE',  ( -0.2149999999999998000, -0.5849999999999995200, 1.700437443317630400 ) ) ;
#3903 = LINE ( 'NONE', #3902, #4006 ) ;
#3904 = UNCERTAINTY_MEASURE_WITH_UNIT (LENGTH_MEASURE( 1.000000000000000100E-005 ), #3798, 'distance_accuracy_value', 'NONE');
#3905 = CARTESIAN_POINT ( 'NONE',  ( -0.4349999999999998300, -0.5849999999999995200, 1.700437443317630400 ) ) ;
#3906 = DIRECTION ( 'NONE',  ( -0.0000000000000000000, -0.0000000000000000000, 1.000000000000000000 ) ) ;
#3907 = VECTOR ( 'NONE', #3906, 1000.000000000000000 ) ;
#3908 = CARTESIAN_POINT ( 'NONE',  ( -0.4349999999999998300, -0.5849999999999995200, 2.000000000000000000 ) ) ;
#3909 = LINE ( 'NONE', #3908, #3907 ) ;
#3910 = UNCERTAINTY_MEASURE_WITH_UNIT (LENGTH_MEASURE( 1.000000000000000100E-005 ), #3919, 'distance_accuracy_value', 'NONE');
#3911 = DIRECTION ( 'NONE',  ( 0.0000000000000000000, 0.0000000000000000000, -1.000000000000000000 ) ) ;
#3912 =( NAMED_UNIT ( * ) SI_UNIT ( $, .STERADIAN. ) SOLID_ANGLE_UNIT ( ) );
#3913 = DIRECTION ( 'NONE',  ( -0.0000000000000000000, -1.000000000000000000, -0.0000000000000000000 ) ) ;
#3914 = CARTESIAN_POINT ( 'NONE',  ( -0.4149999999999998100, -0.5849999999999995200, 1.980000000000000000 ) ) ;
#3915 = AXIS2_PLACEMENT_3D ( 'NONE', #3914, #3913, #3911 ) ;
#3916 = CIRCLE ( 'NONE', #3915, 0.02000000000000005200 ) ;
#3917 =( NAMED_UNIT ( * ) PLANE_ANGLE_UNIT ( ) SI_UNIT ( $, .RADIAN. ) );
#3919 =( LENGTH_UNIT ( ) NAMED_UNIT ( * ) SI_UNIT ( .MILLI., .METRE. ) );
#3918 = DIRECTION ( 'NONE',  ( -0.0000000000000000000, -0.9961946980917457700, 0.08715574274765473800 ) ) ;
#3920 = VECTOR ( 'NONE', #3918, 1000.000000000000100 ) ;
#3921 = CARTESIAN_POINT ( 'NONE',  ( -0.4349999999999998300, -0.4526375826984084800, 1.555989212094326400 ) ) ;
#3922 = MECHANICAL_DESIGN_GEOMETRIC_PRESENTATION_REPRESENTATION (  '', ( #3924 ), #4011 ) ;
#3923 = PRESENTATION_LAYER_ASSIGNMENT (  '', '', ( #3924 ) ) ;
#3924 = STYLED_ITEM ( 'NONE', ( #3925 ), #366 ) ;
#3925 = PRESENTATION_STYLE_ASSIGNMENT (( #3927 ) ) ;
#3926 = DIRECTION ( 'NONE',  ( 0.0000000000000000000, 0.9961946980917457700, -0.08715574274765472400 ) ) ;
#3927 = SURFACE_STYLE_USAGE ( .BOTH. , #3929 ) ;
#3929 = SURFACE_SIDE_STYLE ('',( #3930 ) ) ;
#3928 = DIRECTION ( 'NONE',  ( -7.714831827782947500E-017, -0.08715574274765473800, -0.9961946980917458800 ) ) ;
#3930 = SURFACE_STYLE_FILL_AREA ( #3932 ) ;
#3931 = CARTESIAN_POINT ( 'NONE',  ( -0.2149999999999998000, -0.4526375826984084800, 1.555989212094326400 ) ) ;
#3932 = FILL_AREA_STYLE ('',( #3942 ) ) ;
#3933 = AXIS2_PLACEMENT_3D ( 'NONE', #3931, #3928, #3926 ) ;
#3934 = COLOUR_RGB ( '',1.000000000000000000, 1.000000000000000000, 1.000000000000000000 ) ;
#3935 = LINE ( 'NONE', #3921, #3920 ) ;
#3936 = FACE_OUTER_BOUND ( 'NONE', #367, .T. ) ;
#3937 = DIRECTION ( 'NONE',  ( 1.000000000000000000, 0.0000000000000000000, 0.0000000000000000000 ) ) ;
#3938 = DIRECTION ( 'NONE',  ( -0.0000000000000000000, 0.0000000000000000000, -1.000000000000000000 ) ) ;
#3939 = CARTESIAN_POINT ( 'NONE',  ( -0.4149999999999998100, -0.4549999999999995200, 1.980000000000000000 ) ) ;
#3940 = AXIS2_PLACEMENT_3D ( 'NONE', #3939, #3938, #3937 ) ;
#3941 = PLANE ( 'NONE',  #3933 ) ;
#3942 = FILL_AREA_STYLE_COLOUR ( '', #3934 ) ;
#3943 =( GEOMETRIC_REPRESENTATION_CONTEXT ( 3 ) GLOBAL_UNCERTAINTY_ASSIGNED_CONTEXT ( ( #3949 ) ) GLOBAL_UNIT_ASSIGNED_CONTEXT ( ( #3844, #3841, #3950 ) ) REPRESENTATION_CONTEXT ( 'NONE', 'WORKASPACE' ) );
#3944 = DIRECTION ( 'NONE',  ( 1.000000000000000000, 0.0000000000000000000, 0.0000000000000000000 ) ) ;
#3945 = DIRECTION ( 'NONE',  ( 0.0000000000000000000, 1.000000000000000000, 0.0000000000000000000 ) ) ;
#3946 = AXIS2_PLACEMENT_3D ( 'NONE', #3951, #3945, #3944 ) ;
#3947 = SPHERICAL_SURFACE ( 'NONE', #3946, 0.02000000000000000000 ) ;
#3948 = CIRCLE ( 'NONE', #3940, 0.01999999999999999700 ) ;
#3949 = UNCERTAINTY_MEASURE_WITH_UNIT (LENGTH_MEASURE( 1.000000000000000100E-005 ), #3844, 'distance_accuracy_value', 'NONE');
#3950 =( NAMED_UNIT ( * ) SI_UNIT ( $, .STERADIAN. ) SOLID_ANGLE_UNIT ( ) );
#3951 = CARTESIAN_POINT ( 'NONE',  ( -0.4149999999999998100, -0.4549999999999995200, 1.980000000000000000 ) ) ;
#3952 =( GEOMETRIC_REPRESENTATION_CONTEXT ( 3 ) GLOBAL_UNCERTAINTY_ASSIGNED_CONTEXT ( ( #3845 ) ) GLOBAL_UNIT_ASSIGNED_CONTEXT ( ( #3862, #3856, #3849 ) ) REPRESENTATION_CONTEXT ( 'NONE', 'WORKASPACE' ) );
#3953 =( GEOMETRIC_REPRESENTATION_CONTEXT ( 3 ) GLOBAL_UNCERTAINTY_ASSIGNED_CONTEXT ( ( #3955 ) ) GLOBAL_UNIT_ASSIGNED_CONTEXT ( ( #3960, #3958, #3956 ) ) REPRESENTATION_CONTEXT ( 'NONE', 'WORKASPACE' ) );
#3954 =( GEOMETRIC_REPRESENTATION_CONTEXT ( 3 ) GLOBAL_UNCERTAINTY_ASSIGNED_CONTEXT ( ( #3957 ) ) GLOBAL_UNIT_ASSIGNED_CONTEXT ( ( #3966, #3961, #3959 ) ) REPRESENTATION_CONTEXT ( 'NONE', 'WORKASPACE' ) );
#3955 = UNCERTAINTY_MEASURE_WITH_UNIT (LENGTH_MEASURE( 1.000000000000000100E-005 ), #3960, 'distance_accuracy_value', 'NONE');
#3956 =( NAMED_UNIT ( * ) SI_UNIT ( $, .STERADIAN. ) SOLID_ANGLE_UNIT ( ) );
#3957 = UNCERTAINTY_MEASURE_WITH_UNIT (LENGTH_MEASURE( 1.000000000000000100E-005 ), #3966, 'distance_accuracy_value', 'NONE');
#3958 =( NAMED_UNIT ( * ) PLANE_ANGLE_UNIT ( ) SI_UNIT ( $, .RADIAN. ) );
#3959 =( NAMED_UNIT ( * ) SI_UNIT ( $, .STERADIAN. ) SOLID_ANGLE_UNIT ( ) );
#3960 =( LENGTH_UNIT ( ) NAMED_UNIT ( * ) SI_UNIT ( .MILLI., .METRE. ) );
#3961 =( NAMED_UNIT ( * ) PLANE_ANGLE_UNIT ( ) SI_UNIT ( $, .RADIAN. ) );
#3962 = MECHANICAL_DESIGN_GEOMETRIC_PRESENTATION_REPRESENTATION (  '', ( #3964 ), #3953 ) ;
#3963 = PRESENTATION_LAYER_ASSIGNMENT (  '', '', ( #3964 ) ) ;
#3964 = STYLED_ITEM ( 'NONE', ( #3965 ), #1738 ) ;
#3965 = PRESENTATION_STYLE_ASSIGNMENT (( #3967 ) ) ;
#3966 =( LENGTH_UNIT ( ) NAMED_UNIT ( * ) SI_UNIT ( .MILLI., .METRE. ) );
#3967 = SURFACE_STYLE_USAGE ( .BOTH. , #3968 ) ;
#3968 = SURFACE_SIDE_STYLE ('',( #3969 ) ) ;
#3969 = SURFACE_STYLE_FILL_AREA ( #3970 ) ;
#3970 = FILL_AREA_STYLE ('',( #3989 ) ) ;
#3971 = MECHANICAL_DESIGN_GEOMETRIC_PRESENTATION_REPRESENTATION (  '', ( #3973 ), #3954 ) ;
#3972 = PRESENTATION_LAYER_ASSIGNMENT (  '', '', ( #3973 ) ) ;
#3973 = STYLED_ITEM ( 'NONE', ( #3975 ), #371 ) ;
#3974 = COLOUR_RGB ( '',1.000000000000000000, 1.000000000000000000, 1.000000000000000000 ) ;
#3975 = PRESENTATION_STYLE_ASSIGNMENT (( #3977 ) ) ;
#3976 = FACE_OUTER_BOUND ( 'NONE', #1739, .T. ) ;
#3977 = SURFACE_STYLE_USAGE ( .BOTH. , #3978 ) ;
#3978 = SURFACE_SIDE_STYLE ('',( #3980 ) ) ;
#3979 = DIRECTION ( 'NONE',  ( 0.0000000000000000000, 0.0000000000000000000, -1.000000000000000000 ) ) ;
#3980 = SURFACE_STYLE_FILL_AREA ( #3981 ) ;
#3981 = FILL_AREA_STYLE ('',( #3993 ) ) ;
#3982 = DIRECTION ( 'NONE',  ( -0.0000000000000000000, -1.000000000000000000, -0.0000000000000000000 ) ) ;
#3983 = COLOUR_RGB ( '',1.000000000000000000, 1.000000000000000000, 1.000000000000000000 ) ;
#3984 = CARTESIAN_POINT ( 'NONE',  ( -0.2349999999999998500, -0.5849999999999995200, 1.980000000000000000 ) ) ;
#3986 = FACE_OUTER_BOUND ( 'NONE', #372, .T. ) ;
#3985 = AXIS2_PLACEMENT_3D ( 'NONE', #3984, #3982, #3979 ) ;
#3987 = CIRCLE ( 'NONE', #3985, 0.02000000000000005200 ) ;
#3988 = DIRECTION ( 'NONE',  ( 0.0000000000000000000, 0.0000000000000000000, 1.000000000000000000 ) ) ;
#3990 = DIRECTION ( 'NONE',  ( -1.000000000000000000, 0.0000000000000000000, 0.0000000000000000000 ) ) ;
#3989 = FILL_AREA_STYLE_COLOUR ( '', #3974 ) ;
#3991 = CARTESIAN_POINT ( 'NONE',  ( -0.4149999999999998100, -0.4549999999999995200, 1.980000000000000000 ) ) ;
#3992 = AXIS2_PLACEMENT_3D ( 'NONE', #3991, #3990, #3988 ) ;
#3993 = FILL_AREA_STYLE_COLOUR ( '', #3983 ) ;
#3994 = CARTESIAN_POINT ( 'NONE',  ( -0.2149999999999998000, -0.5849999999999995200, 1.980000000000000000 ) ) ;
#3995 = DIRECTION ( 'NONE',  ( -0.0000000000000000000, -0.0000000000000000000, 1.000000000000000000 ) ) ;
#3996 = VECTOR ( 'NONE', #3995, 1000.000000000000000 ) ;
#3997 = DIRECTION ( 'NONE',  ( 1.000000000000000000, 0.0000000000000000000, 0.0000000000000000000 ) ) ;
#3998 = CARTESIAN_POINT ( 'NONE',  ( -0.2149999999999998000, -0.5849999999999995200, 2.000000000000000000 ) ) ;
#4000 = DIRECTION ( 'NONE',  ( 7.744301232039317900E-017, 6.256159727961946200E-017, 1.000000000000000000 ) ) ;
#3999 = LINE ( 'NONE', #3998, #3996 ) ;
#4001 = AXIS2_PLACEMENT_3D ( 'NONE', #4007, #4000, #3997 ) ;
#4002 = CYLINDRICAL_SURFACE ( 'NONE', #4001, 0.01999999999999999700 ) ;
#4003 = CIRCLE ( 'NONE', #3992, 0.02000000000000005200 ) ;
#4004 = CARTESIAN_POINT ( 'NONE',  ( -0.2149999999999998000, -0.5849999999999995200, 1.700437443317630400 ) ) ;
#4005 = DIRECTION ( 'NONE',  ( -1.000000000000000000, 0.0000000000000000000, 7.744301232039317900E-017 ) ) ;
#4006 = VECTOR ( 'NONE', #4005, 1000.000000000000000 ) ;
#4007 = CARTESIAN_POINT ( 'NONE',  ( -0.4149999999999998100, 0.1250000000000001900, 1.516388554922439600 ) ) ;
#4008 = MECHANICAL_DESIGN_GEOMETRIC_PRESENTATION_REPRESENTATION (  '', ( #4010 ), #4097 ) ;
#4009 = PRESENTATION_LAYER_ASSIGNMENT (  '', '', ( #4010 ) ) ;
#4010 = STYLED_ITEM ( 'NONE', ( #4012 ), #1750 ) ;
#4011 =( GEOMETRIC_REPRESENTATION_CONTEXT ( 3 ) GLOBAL_UNCERTAINTY_ASSIGNED_CONTEXT ( ( #3910 ) ) GLOBAL_UNIT_ASSIGNED_CONTEXT ( ( #3919, #3917, #3912 ) ) REPRESENTATION_CONTEXT ( 'NONE', 'WORKASPACE' ) );
#4012 = PRESENTATION_STYLE_ASSIGNMENT (( #4013 ) ) ;
#4013 = SURFACE_STYLE_USAGE ( .BOTH. , #4014 ) ;
#4014 = SURFACE_SIDE_STYLE ('',( #4015 ) ) ;
#4015 = SURFACE_STYLE_FILL_AREA ( #4016 ) ;
#4016 = FILL_AREA_STYLE ('',( #4024 ) ) ;
#4017 = COLOUR_RGB ( '',1.000000000000000000, 1.000000000000000000, 1.000000000000000000 ) ;
#4019 =( GEOMETRIC_REPRESENTATION_CONTEXT ( 3 ) GLOBAL_UNCERTAINTY_ASSIGNED_CONTEXT ( ( #4025 ) ) GLOBAL_UNIT_ASSIGNED_CONTEXT ( ( #4034, #4032, #4029 ) ) REPRESENTATION_CONTEXT ( 'NONE', 'WORKASPACE' ) );
#4018 = FACE_OUTER_BOUND ( 'NONE', #1751, .T. ) ;
#4020 = DIRECTION ( 'NONE',  ( 0.0000000000000000000, 1.000000000000000000, 0.0000000000000000000 ) ) ;
#4021 = VECTOR ( 'NONE', #4020, 1000.000000000000000 ) ;
#4022 = CARTESIAN_POINT ( 'NONE',  ( -0.2349999999999998500, -0.5849999999999995200, 2.000000000000000000 ) ) ;
#4023 = LINE ( 'NONE', #4022, #4021 ) ;
#4024 = FILL_AREA_STYLE_COLOUR ( '', #4017 ) ;
#4025 = UNCERTAINTY_MEASURE_WITH_UNIT (LENGTH_MEASURE( 1.000000000000000100E-005 ), #4034, 'distance_accuracy_value', 'NONE');
#4026 = CARTESIAN_POINT ( 'NONE',  ( -0.2349999999999998500, -0.5849999999999995200, 2.000000000000000000 ) ) ;
#4027 = DIRECTION ( 'NONE',  ( -1.000000000000000000, 0.0000000000000000000, 7.744301232039317900E-017 ) ) ;
#4028 = VECTOR ( 'NONE', #4027, 1000.000000000000000 ) ;
#4029 =( NAMED_UNIT ( * ) SI_UNIT ( $, .STERADIAN. ) SOLID_ANGLE_UNIT ( ) );
#4030 = CARTESIAN_POINT ( 'NONE',  ( -0.2149999999999998000, -0.5849999999999995200, 2.000000000000000000 ) ) ;
#4031 = LINE ( 'NONE', #4030, #4028 ) ;
#4032 =( NAMED_UNIT ( * ) PLANE_ANGLE_UNIT ( ) SI_UNIT ( $, .RADIAN. ) );
#4033 = CARTESIAN_POINT ( 'NONE',  ( -0.4149999999999998100, -0.5849999999999995200, 2.000000000000000000 ) ) ;
#4034 =( LENGTH_UNIT ( ) NAMED_UNIT ( * ) SI_UNIT ( .MILLI., .METRE. ) );
#4035 = DIRECTION ( 'NONE',  ( -0.0000000000000000000, -1.000000000000000000, -0.0000000000000000000 ) ) ;
#4036 = VECTOR ( 'NONE', #4035, 1000.000000000000000 ) ;
#4037 = CARTESIAN_POINT ( 'NONE',  ( -0.4149999999999998100, -0.5849999999999995200, 2.000000000000000000 ) ) ;
#4039 = MECHANICAL_DESIGN_GEOMETRIC_PRESENTATION_REPRESENTATION (  '', ( #4041 ), #4019 ) ;
#4038 = LINE ( 'NONE', #4037, #4036 ) ;
#4040 = PRESENTATION_LAYER_ASSIGNMENT (  '', '', ( #4041 ) ) ;
#4041 = STYLED_ITEM ( 'NONE', ( #4042 ), #378 ) ;
#4042 = PRESENTATION_STYLE_ASSIGNMENT (( #4043 ) ) ;
#4043 = SURFACE_STYLE_USAGE ( .BOTH. , #4044 ) ;
#4044 = SURFACE_SIDE_STYLE ('',( #4046 ) ) ;
#4046 = SURFACE_STYLE_FILL_AREA ( #4047 ) ;
#4045 = CARTESIAN_POINT ( 'NONE',  ( -0.4149999999999998100, -0.4549999999999995200, 2.000000000000000000 ) ) ;
#4047 = FILL_AREA_STYLE ('',( #4061 ) ) ;
#4048 = COLOUR_RGB ( '',1.000000000000000000, 1.000000000000000000, 1.000000000000000000 ) ;
#4049 = DIRECTION ( 'NONE',  ( -1.000000000000000000, 0.0000000000000000000, 7.744301232039317900E-017 ) ) ;
#4051 = FACE_OUTER_BOUND ( 'NONE', #379, .T. ) ;
#4050 = VECTOR ( 'NONE', #4049, 1000.000000000000000 ) ;
#4052 = CARTESIAN_POINT ( 'NONE',  ( -0.2149999999999998000, -0.4549999999999995200, 2.000000000000000000 ) ) ;
#4053 = DIRECTION ( 'NONE',  ( 0.0000000000000000000, 0.0000000000000000000, 1.000000000000000000 ) ) ;
#4054 = LINE ( 'NONE', #4052, #4050 ) ;
#4055 = DIRECTION ( 'NONE',  ( 0.0000000000000000000, 1.000000000000000000, -0.0000000000000000000 ) ) ;
#4056 = CARTESIAN_POINT ( 'NONE',  ( -0.4149999999999998100, -0.4549999999999995200, 1.980000000000000000 ) ) ;
#4057 = AXIS2_PLACEMENT_3D ( 'NONE', #4056, #4055, #4053 ) ;
#4059 = CIRCLE ( 'NONE', #4057, 0.02000000000000005200 ) ;
#4058 = DIRECTION ( 'NONE',  ( 0.0000000000000000000, 0.0000000000000000000, 1.000000000000000000 ) ) ;
#4060 = DIRECTION ( 'NONE',  ( -1.000000000000000000, 0.0000000000000000000, 7.744301232039317900E-017 ) ) ;
#4061 = FILL_AREA_STYLE_COLOUR ( '', #4048 ) ;
#4062 = AXIS2_PLACEMENT_3D ( 'NONE', #4068, #4060, #4058 ) ;
#4063 = CYLINDRICAL_SURFACE ( 'NONE', #4062, 0.1450000000000001600 ) ;
#4064 = DIRECTION ( 'NONE',  ( 0.0000000000000000000, 0.0000000000000000000, -1.000000000000000000 ) ) ;
#4065 = DIRECTION ( 'NONE',  ( -0.0000000000000000000, -1.000000000000000000, 0.0000000000000000000 ) ) ;
#4066 = AXIS2_PLACEMENT_3D ( 'NONE', #4073, #4065, #4064 ) ;
#4067 = CYLINDRICAL_SURFACE ( 'NONE', #4066, 0.02000000000000005200 ) ;
#4068 = CARTESIAN_POINT ( 'NONE',  ( -0.2149999999999998000, -0.4399999999999993900, 1.700437443317629500 ) ) ;
#4069 = DIRECTION ( 'NONE',  ( 0.0000000000000000000, 0.0000000000000000000, -1.000000000000000000 ) ) ;
#4070 = DIRECTION ( 'NONE',  ( -1.000000000000000000, 0.0000000000000000000, 7.744301232039317900E-017 ) ) ;
#4071 = CARTESIAN_POINT ( 'NONE',  ( -0.2150000000000000200, -0.4400000000000001700, -1.700437443317629700 ) ) ;
#4073 = CARTESIAN_POINT ( 'NONE',  ( -0.4149999999999998100, 1.897353801849632800E-016, 1.980000000000000000 ) ) ;
#4072 = AXIS2_PLACEMENT_3D ( 'NONE', #4071, #4070, #4069 ) ;
#4074 = CIRCLE ( 'NONE', #4072, 0.1449999999999999300 ) ;
#4075 = FACE_OUTER_BOUND ( 'NONE', #1763, .T. ) ;
#4076 = LINE ( 'NONE', #4181, #4179 ) ;
#4077 = DIRECTION ( 'NONE',  ( 0.0000000000000000000, -0.08715574274766252300, 0.9961946980917452100 ) ) ;
#4078 = DIRECTION ( 'NONE',  ( 6.749603259400173900E-018, 0.9961946980917452100, 0.08715574274766158000 ) ) ;
#4079 = AXIS2_PLACEMENT_3D ( 'NONE', #4086, #4078, #4077 ) ;
#4080 = CARTESIAN_POINT ( 'NONE',  ( -0.2150000000000000200, -0.5850000000000000800, -1.700437443317630600 ) ) ;
#4081 = CYLINDRICAL_SURFACE ( 'NONE', #4079, 0.02000000000000002500 ) ;
#4082 = DIRECTION ( 'NONE',  ( -1.000000000000000000, 0.0000000000000000000, 7.744301232039317900E-017 ) ) ;
#4083 = VECTOR ( 'NONE', #4082, 1000.000000000000000 ) ;
#4084 = CARTESIAN_POINT ( 'NONE',  ( -0.2150000000000000200, -0.5850000000000000800, -1.700437443317630600 ) ) ;
#4085 = LINE ( 'NONE', #4084, #4083 ) ;
#4086 = CARTESIAN_POINT ( 'NONE',  ( -0.4149999999999999800, 0.2742125770407393100, -1.617875542728060000 ) ) ;
#4087 = CARTESIAN_POINT ( 'NONE',  ( -0.4350000000000000500, -0.5850000000000000800, -1.700437443317630600 ) ) ;
#4089 =( GEOMETRIC_REPRESENTATION_CONTEXT ( 3 ) GLOBAL_UNCERTAINTY_ASSIGNED_CONTEXT ( ( #4094 ) ) GLOBAL_UNIT_ASSIGNED_CONTEXT ( ( #4099, #4098, #4096 ) ) REPRESENTATION_CONTEXT ( 'NONE', 'WORKASPACE' ) );
#4088 = CARTESIAN_POINT ( 'NONE',  ( -0.4349999999999998300, -0.5849999999999995200, 1.980000000000000000 ) ) ;
#4090 = DIRECTION ( 'NONE',  ( 0.0000000000000000000, 0.0000000000000000000, -1.000000000000000000 ) ) ;
#4091 = DIRECTION ( 'NONE',  ( 0.0000000000000000000, -1.000000000000000000, -0.0000000000000000000 ) ) ;
#4092 = CARTESIAN_POINT ( 'NONE',  ( -0.2149999999999998000, -0.5849999999999995200, 2.000000000000000000 ) ) ;
#4093 = AXIS2_PLACEMENT_3D ( 'NONE', #4092, #4091, #4090 ) ;
#4094 = UNCERTAINTY_MEASURE_WITH_UNIT (LENGTH_MEASURE( 1.000000000000000100E-005 ), #4099, 'distance_accuracy_value', 'NONE');
#4095 = PLANE ( 'NONE',  #4093 ) ;
#4096 =( NAMED_UNIT ( * ) SI_UNIT ( $, .STERADIAN. ) SOLID_ANGLE_UNIT ( ) );
#4097 =( GEOMETRIC_REPRESENTATION_CONTEXT ( 3 ) GLOBAL_UNCERTAINTY_ASSIGNED_CONTEXT ( ( #4100 ) ) GLOBAL_UNIT_ASSIGNED_CONTEXT ( ( #4114, #4108, #4102 ) ) REPRESENTATION_CONTEXT ( 'NONE', 'WORKASPACE' ) );
#4098 =( NAMED_UNIT ( * ) PLANE_ANGLE_UNIT ( ) SI_UNIT ( $, .RADIAN. ) );
#4099 =( LENGTH_UNIT ( ) NAMED_UNIT ( * ) SI_UNIT ( .MILLI., .METRE. ) );
#4100 = UNCERTAINTY_MEASURE_WITH_UNIT (LENGTH_MEASURE( 1.000000000000000100E-005 ), #4114, 'distance_accuracy_value', 'NONE');
#4101 = MECHANICAL_DESIGN_GEOMETRIC_PRESENTATION_REPRESENTATION (  '', ( #4104 ), #4089 ) ;
#4102 =( NAMED_UNIT ( * ) SI_UNIT ( $, .STERADIAN. ) SOLID_ANGLE_UNIT ( ) );
#4103 = PRESENTATION_LAYER_ASSIGNMENT (  '', '', ( #4104 ) ) ;
#4104 = STYLED_ITEM ( 'NONE', ( #4105 ), #382 ) ;
#4105 = PRESENTATION_STYLE_ASSIGNMENT (( #4106 ) ) ;
#4106 = SURFACE_STYLE_USAGE ( .BOTH. , #4107 ) ;
#4107 = SURFACE_SIDE_STYLE ('',( #4109 ) ) ;
#4108 =( NAMED_UNIT ( * ) PLANE_ANGLE_UNIT ( ) SI_UNIT ( $, .RADIAN. ) );
#4109 = SURFACE_STYLE_FILL_AREA ( #4110 ) ;
#4110 = FILL_AREA_STYLE ('',( #4120 ) ) ;
#4111 = COLOUR_RGB ( '',1.000000000000000000, 1.000000000000000000, 1.000000000000000000 ) ;
#4112 = DIRECTION ( 'NONE',  ( -7.744301232039317900E-017, 0.0000000000000000000, -1.000000000000000000 ) ) ;
#4113 = DIRECTION ( 'NONE',  ( 1.000000000000000000, -0.0000000000000000000, -7.744301232039317900E-017 ) ) ;
#4114 =( LENGTH_UNIT ( ) NAMED_UNIT ( * ) SI_UNIT ( .MILLI., .METRE. ) );
#4115 = AXIS2_PLACEMENT_3D ( 'NONE', #4122, #4113, #4112 ) ;
#4116 = TOROIDAL_SURFACE ( 'NONE', #4115, 0.1250000000000000600, 0.02000000000000000000 ) ;
#4117 = FACE_OUTER_BOUND ( 'NONE', #331, .T. ) ;
#4118 = CARTESIAN_POINT ( 'NONE',  ( -0.2150000000000000200, -7.126743562157366300E-018, -1.516388554922436300 ) ) ;
#4120 = FILL_AREA_STYLE_COLOUR ( '', #4111 ) ;
#4119 = LINE ( 'NONE', #4118, #4227 ) ;
#4121 = FILL_AREA_STYLE_COLOUR ( '', #4223 ) ;
#4122 = CARTESIAN_POINT ( 'NONE',  ( -0.4149999999999999800, 0.0000000000000000000, -1.516388554922436100 ) ) ;
#4123 = CARTESIAN_POINT ( 'NONE',  ( -0.2150000000000000200, -7.126743562157366300E-018, -1.516388554922436300 ) ) ;
#4124 = PRESENTATION_LAYER_ASSIGNMENT (  '', '', ( #4126 ) ) ;
#4126 = STYLED_ITEM ( 'NONE', ( #4128 ), #392 ) ;
#4125 = DIRECTION ( 'NONE',  ( -1.000000000000000000, 0.0000000000000000000, 7.744301232039317900E-017 ) ) ;
#4127 = VECTOR ( 'NONE', #4125, 1000.000000000000000 ) ;
#4128 = PRESENTATION_STYLE_ASSIGNMENT (( #4129 ) ) ;
#4129 = SURFACE_STYLE_USAGE ( .BOTH. , #4131 ) ;
#4130 = CARTESIAN_POINT ( 'NONE',  ( -0.2150000000000000200, -0.5850000000000006300, -2.000000000000000000 ) ) ;
#4131 = SURFACE_SIDE_STYLE ('',( #4132 ) ) ;
#4132 = SURFACE_STYLE_FILL_AREA ( #4133 ) ;
#4133 = FILL_AREA_STYLE ('',( #4145 ) ) ;
#4134 = COLOUR_RGB ( '',0.7529411764705882200, 0.7529411764705882200, 0.7529411764705882200 ) ;
#4135 = CARTESIAN_POINT ( 'NONE',  ( 0.4150000000000000900, -0.4549999999999995200, 2.000000000000000000 ) ) ;
#4136 = DIRECTION ( 'NONE',  ( 0.0000000000000000000, -1.447713872511910300E-015, -1.000000000000000000 ) ) ;
#4137 = DIRECTION ( 'NONE',  ( 1.000000000000000000, 0.0000000000000000000, -7.744301232039317900E-017 ) ) ;
#4138 = DIRECTION ( 'NONE',  ( 1.121153232653439900E-031, -1.000000000000000000, 1.447713872511910300E-015 ) ) ;
#4139 = DIRECTION ( 'NONE',  ( 7.744301232039317900E-017, -0.0000000000000000000, 1.000000000000000000 ) ) ;
#4140 = CARTESIAN_POINT ( 'NONE',  ( -0.2150000000000000200, -0.5850000000000001900, -1.700437443317630600 ) ) ;
#4141 = CARTESIAN_POINT ( 'NONE',  ( 0.4350000000000001600, -0.5849999999999995200, 2.000000000000000000 ) ) ;
#4142 = AXIS2_PLACEMENT_3D ( 'NONE', #4140, #4138, #4136 ) ;
#4143 = AXIS2_PLACEMENT_3D ( 'NONE', #4141, #4139, #4137 ) ;
#4144 = LINE ( 'NONE', #4130, #4127 ) ;
#4145 = FILL_AREA_STYLE_COLOUR ( '', #4134 ) ;
#4146 = PLANE ( 'NONE',  #4142 ) ;
#4147 = PLANE ( 'NONE',  #4143 ) ;
#4148 =( GEOMETRIC_REPRESENTATION_CONTEXT ( 3 ) GLOBAL_UNCERTAINTY_ASSIGNED_CONTEXT ( ( #4150 ) ) GLOBAL_UNIT_ASSIGNED_CONTEXT ( ( #4156, #4154, #4152 ) ) REPRESENTATION_CONTEXT ( 'NONE', 'WORKASPACE' ) );
#4149 =( GEOMETRIC_REPRESENTATION_CONTEXT ( 3 ) GLOBAL_UNCERTAINTY_ASSIGNED_CONTEXT ( ( #4151 ) ) GLOBAL_UNIT_ASSIGNED_CONTEXT ( ( #4157, #4155, #4153 ) ) REPRESENTATION_CONTEXT ( 'NONE', 'WORKASPACE' ) );
#4150 = UNCERTAINTY_MEASURE_WITH_UNIT (LENGTH_MEASURE( 1.000000000000000100E-005 ), #4156, 'distance_accuracy_value', 'NONE');
#4151 = UNCERTAINTY_MEASURE_WITH_UNIT (LENGTH_MEASURE( 1.000000000000000100E-005 ), #4157, 'distance_accuracy_value', 'NONE');
#4152 =( NAMED_UNIT ( * ) SI_UNIT ( $, .STERADIAN. ) SOLID_ANGLE_UNIT ( ) );
#4153 =( NAMED_UNIT ( * ) SI_UNIT ( $, .STERADIAN. ) SOLID_ANGLE_UNIT ( ) );
#4154 =( NAMED_UNIT ( * ) PLANE_ANGLE_UNIT ( ) SI_UNIT ( $, .RADIAN. ) );
#4155 =( NAMED_UNIT ( * ) PLANE_ANGLE_UNIT ( ) SI_UNIT ( $, .RADIAN. ) );
#4156 =( LENGTH_UNIT ( ) NAMED_UNIT ( * ) SI_UNIT ( .MILLI., .METRE. ) );
#4157 =( LENGTH_UNIT ( ) NAMED_UNIT ( * ) SI_UNIT ( .MILLI., .METRE. ) );
#4158 = MECHANICAL_DESIGN_GEOMETRIC_PRESENTATION_REPRESENTATION (  '', ( #4161 ), #4148 ) ;
#4159 = MECHANICAL_DESIGN_GEOMETRIC_PRESENTATION_REPRESENTATION (  '', ( #4164 ), #4149 ) ;
#4160 = PRESENTATION_LAYER_ASSIGNMENT (  '', '', ( #4161 ) ) ;
#4161 = STYLED_ITEM ( 'NONE', ( #4163 ), #1762 ) ;
#4162 = PRESENTATION_LAYER_ASSIGNMENT (  '', '', ( #4164 ) ) ;
#4163 = PRESENTATION_STYLE_ASSIGNMENT (( #4165 ) ) ;
#4164 = STYLED_ITEM ( 'NONE', ( #4166 ), #388 ) ;
#4165 = SURFACE_STYLE_USAGE ( .BOTH. , #4167 ) ;
#4166 = PRESENTATION_STYLE_ASSIGNMENT (( #4168 ) ) ;
#4167 = SURFACE_SIDE_STYLE ('',( #4169 ) ) ;
#4168 = SURFACE_STYLE_USAGE ( .BOTH. , #4170 ) ;
#4169 = SURFACE_STYLE_FILL_AREA ( #4171 ) ;
#4170 = SURFACE_SIDE_STYLE ('',( #4172 ) ) ;
#4171 = FILL_AREA_STYLE ('',( #4173 ) ) ;
#4172 = SURFACE_STYLE_FILL_AREA ( #4174 ) ;
#4173 = FILL_AREA_STYLE_COLOUR ( '', #4175 ) ;
#4174 = FILL_AREA_STYLE ('',( #4183 ) ) ;
#4175 = COLOUR_RGB ( '',1.000000000000000000, 1.000000000000000000, 1.000000000000000000 ) ;
#4176 = COLOUR_RGB ( '',1.000000000000000000, 1.000000000000000000, 1.000000000000000000 ) ;
#4177 = FACE_OUTER_BOUND ( 'NONE', #389, .T. ) ;
#4178 = DIRECTION ( 'NONE',  ( 7.744301232039317900E-017, -3.614007241618349300E-016, 1.000000000000000000 ) ) ;
#4179 = VECTOR ( 'NONE', #4178, 1000.000000000000000 ) ;
#4180 = CARTESIAN_POINT ( 'NONE',  ( -0.4350000000000000500, -0.4526375826984102600, -1.555989212094326600 ) ) ;
#4181 = CARTESIAN_POINT ( 'NONE',  ( 0.2350000000000001800, -0.4349999999999995000, 2.000000000000000000 ) ) ;
#4183 = FILL_AREA_STYLE_COLOUR ( '', #4176 ) ;
#4182 = DIRECTION ( 'NONE',  ( 0.0000000000000000000, 0.9961946980917452100, 0.08715574274766152400 ) ) ;
#4184 = VECTOR ( 'NONE', #4182, 1000.000000000000100 ) ;
#4185 = CARTESIAN_POINT ( 'NONE',  ( -0.4350000000000000500, -0.4526375826984102600, -1.555989212094326600 ) ) ;
#4186 = DIRECTION ( 'NONE',  ( 0.0000000000000000000, -0.9961946980917453200, -0.08715574274766153800 ) ) ;
#4187 = UNCERTAINTY_MEASURE_WITH_UNIT (LENGTH_MEASURE( 1.000000000000000100E-005 ), #4196, 'distance_accuracy_value', 'NONE');
#4188 = DIRECTION ( 'NONE',  ( 7.714831827782940100E-017, -0.08715574274766153800, 0.9961946980917453200 ) ) ;
#4189 = CARTESIAN_POINT ( 'NONE',  ( -0.2150000000000000200, -0.4526375826984102600, -1.555989212094326600 ) ) ;
#4190 = AXIS2_PLACEMENT_3D ( 'NONE', #4189, #4188, #4186 ) ;
#4191 =( NAMED_UNIT ( * ) SI_UNIT ( $, .STERADIAN. ) SOLID_ANGLE_UNIT ( ) );
#4192 = LINE ( 'NONE', #4185, #4184 ) ;
#4193 =( NAMED_UNIT ( * ) PLANE_ANGLE_UNIT ( ) SI_UNIT ( $, .RADIAN. ) );
#4194 = PLANE ( 'NONE',  #4190 ) ;
#4195 =( GEOMETRIC_REPRESENTATION_CONTEXT ( 3 ) GLOBAL_UNCERTAINTY_ASSIGNED_CONTEXT ( ( #4202 ) ) GLOBAL_UNIT_ASSIGNED_CONTEXT ( ( #4212, #4210, #4207 ) ) REPRESENTATION_CONTEXT ( 'NONE', 'WORKASPACE' ) );
#4196 =( LENGTH_UNIT ( ) NAMED_UNIT ( * ) SI_UNIT ( .MILLI., .METRE. ) );
#4197 = MECHANICAL_DESIGN_GEOMETRIC_PRESENTATION_REPRESENTATION (  '', ( #4199 ), #4288 ) ;
#4198 = PRESENTATION_LAYER_ASSIGNMENT (  '', '', ( #4199 ) ) ;
#4199 = STYLED_ITEM ( 'NONE', ( #4200 ), #395 ) ;
#4200 = PRESENTATION_STYLE_ASSIGNMENT (( #4201 ) ) ;
#4201 = SURFACE_STYLE_USAGE ( .BOTH. , #4203 ) ;
#4202 = UNCERTAINTY_MEASURE_WITH_UNIT (LENGTH_MEASURE( 1.000000000000000100E-005 ), #4212, 'distance_accuracy_value', 'NONE');
#4203 = SURFACE_SIDE_STYLE ('',( #4204 ) ) ;
#4204 = SURFACE_STYLE_FILL_AREA ( #4205 ) ;
#4205 = FILL_AREA_STYLE ('',( #4206 ) ) ;
#4206 = FILL_AREA_STYLE_COLOUR ( '', #4208 ) ;
#4207 =( NAMED_UNIT ( * ) SI_UNIT ( $, .STERADIAN. ) SOLID_ANGLE_UNIT ( ) );
#4208 = COLOUR_RGB ( '',1.000000000000000000, 1.000000000000000000, 1.000000000000000000 ) ;
#4209 = FACE_OUTER_BOUND ( 'NONE', #393, .T. ) ;
#4210 =( NAMED_UNIT ( * ) PLANE_ANGLE_UNIT ( ) SI_UNIT ( $, .RADIAN. ) );
#4211 =( GEOMETRIC_REPRESENTATION_CONTEXT ( 3 ) GLOBAL_UNCERTAINTY_ASSIGNED_CONTEXT ( ( #4214 ) ) GLOBAL_UNIT_ASSIGNED_CONTEXT ( ( #4230, #4225, #4218 ) ) REPRESENTATION_CONTEXT ( 'NONE', 'WORKASPACE' ) );
#4212 =( LENGTH_UNIT ( ) NAMED_UNIT ( * ) SI_UNIT ( .MILLI., .METRE. ) );
#4213 = MECHANICAL_DESIGN_GEOMETRIC_PRESENTATION_REPRESENTATION (  '', ( #4216 ), #4195 ) ;
#4214 = UNCERTAINTY_MEASURE_WITH_UNIT (LENGTH_MEASURE( 1.000000000000000100E-005 ), #4230, 'distance_accuracy_value', 'NONE');
#4215 = PRESENTATION_LAYER_ASSIGNMENT (  '', '', ( #4216 ) ) ;
#4216 = STYLED_ITEM ( 'NONE', ( #4217 ), #1769 ) ;
#4218 =( NAMED_UNIT ( * ) SI_UNIT ( $, .STERADIAN. ) SOLID_ANGLE_UNIT ( ) );
#4217 = PRESENTATION_STYLE_ASSIGNMENT (( #4219 ) ) ;
#4219 = SURFACE_STYLE_USAGE ( .BOTH. , #4220 ) ;
#4220 = SURFACE_SIDE_STYLE ('',( #4221 ) ) ;
#4221 = SURFACE_STYLE_FILL_AREA ( #4222 ) ;
#4222 = FILL_AREA_STYLE ('',( #4121 ) ) ;
#4223 = COLOUR_RGB ( '',1.000000000000000000, 1.000000000000000000, 1.000000000000000000 ) ;
#4225 =( NAMED_UNIT ( * ) PLANE_ANGLE_UNIT ( ) SI_UNIT ( $, .RADIAN. ) );
#4224 = FACE_OUTER_BOUND ( 'NONE', #1770, .T. ) ;
#4226 = DIRECTION ( 'NONE',  ( 7.149896831956507700E-017, 6.123233995736761100E-017, 1.000000000000000000 ) ) ;
#4227 = VECTOR ( 'NONE', #4226, 1000.000000000000000 ) ;
#4228 = AXIS2_PLACEMENT_3D ( 'NONE', #4234, #3789, #7678 ) ;
#4229 = CYLINDRICAL_SURFACE ( 'NONE', #4228, 0.1449999999999999300 ) ;
#4230 =( LENGTH_UNIT ( ) NAMED_UNIT ( * ) SI_UNIT ( .MILLI., .METRE. ) );
#4231 = MECHANICAL_DESIGN_GEOMETRIC_PRESENTATION_REPRESENTATION (  '', ( #4126 ), #4211 ) ;
#4232 = CARTESIAN_POINT ( 'NONE',  ( -0.4149999999999998100, 0.01089446784345618000, 1.640912892183908000 ) ) ;
#4233 = AXIS2_PLACEMENT_3D ( 'NONE', #4232, #7672, #7675 ) ;
#4234 = CARTESIAN_POINT ( 'NONE',  ( -0.2150000000000000200, -0.4400000000000001700, -1.700437443317629700 ) ) ;
#4235 = CIRCLE ( 'NONE', #4233, 0.02000000000000000000 ) ;
#4236 =( GEOMETRIC_REPRESENTATION_CONTEXT ( 3 ) GLOBAL_UNCERTAINTY_ASSIGNED_CONTEXT ( ( #4241 ) ) GLOBAL_UNIT_ASSIGNED_CONTEXT ( ( #4251, #4248, #4243 ) ) REPRESENTATION_CONTEXT ( 'NONE', 'WORKASPACE' ) );
#4237 = DIRECTION ( 'NONE',  ( -6.749603259399640800E-018, 0.9961946980917457700, -0.08715574274765468300 ) ) ;
#4238 = VECTOR ( 'NONE', #4237, 1000.000000000000100 ) ;
#4239 = CARTESIAN_POINT ( 'NONE',  ( 0.4150000000000000900, -0.4349999999999993900, 1.700000000000000200 ) ) ;
#4240 = LINE ( 'NONE', #4239, #4238 ) ;
#4241 = UNCERTAINTY_MEASURE_WITH_UNIT (LENGTH_MEASURE( 1.000000000000000100E-005 ), #4251, 'distance_accuracy_value', 'NONE');
#4242 = CARTESIAN_POINT ( 'NONE',  ( 0.4150000000000002000, -0.4349999999999993900, 1.700000000000000200 ) ) ;
#4243 =( NAMED_UNIT ( * ) SI_UNIT ( $, .STERADIAN. ) SOLID_ANGLE_UNIT ( ) );
#4244 = DIRECTION ( 'NONE',  ( -1.000000000000000000, 0.0000000000000000000, 7.744301232039317900E-017 ) ) ;
#4245 = VECTOR ( 'NONE', #4244, 1000.000000000000000 ) ;
#4246 = CARTESIAN_POINT ( 'NONE',  ( 0.4350000000000001600, -0.4349999999999993900, 1.700000000000000200 ) ) ;
#4247 = LINE ( 'NONE', #4246, #4245 ) ;
#4248 =( NAMED_UNIT ( * ) PLANE_ANGLE_UNIT ( ) SI_UNIT ( $, .RADIAN. ) );
#4249 = CARTESIAN_POINT ( 'NONE',  ( 0.2349999999999999600, -0.4349999999999993900, 1.700000000000000200 ) ) ;
#4250 = DIRECTION ( 'NONE',  ( 6.749603259399640800E-018, -0.9961946980917457700, 0.08715574274765468300 ) ) ;
#4251 =( LENGTH_UNIT ( ) NAMED_UNIT ( * ) SI_UNIT ( .MILLI., .METRE. ) );
#4252 = VECTOR ( 'NONE', #4250, 1000.000000000000100 ) ;
#4253 = CARTESIAN_POINT ( 'NONE',  ( 0.2350000000000001800, -0.4349999999999994400, 1.700000000000000200 ) ) ;
#4254 = LINE ( 'NONE', #4253, #4252 ) ;
#4255 = MECHANICAL_DESIGN_GEOMETRIC_PRESENTATION_REPRESENTATION (  '', ( #4257 ), #4236 ) ;
#4256 = PRESENTATION_LAYER_ASSIGNMENT (  '', '', ( #4257 ) ) ;
#4257 = STYLED_ITEM ( 'NONE', ( #4258 ), #1780 ) ;
#4258 = PRESENTATION_STYLE_ASSIGNMENT (( #4259 ) ) ;
#4259 = SURFACE_STYLE_USAGE ( .BOTH. , #4261 ) ;
#4260 = CARTESIAN_POINT ( 'NONE',  ( 0.2350000000000001800, 0.01263758269840914300, 1.660836786145742900 ) ) ;
#4261 = SURFACE_SIDE_STYLE ('',( #4262 ) ) ;
#4262 = SURFACE_STYLE_FILL_AREA ( #4264 ) ;
#4263 = CARTESIAN_POINT ( 'NONE',  ( 0.4150000000000000900, 0.01263758269840914300, 1.660836786145742900 ) ) ;
#4264 = FILL_AREA_STYLE ('',( #4274 ) ) ;
#4265 = COLOUR_RGB ( '',1.000000000000000000, 1.000000000000000000, 1.000000000000000000 ) ;
#4266 = DIRECTION ( 'NONE',  ( -1.000000000000000000, 0.0000000000000000000, 7.744301232039317900E-017 ) ) ;
#4267 = FACE_OUTER_BOUND ( 'NONE', #1834, .T. ) ;
#4268 = VECTOR ( 'NONE', #4266, 1000.000000000000000 ) ;
#4269 = DIRECTION ( 'NONE',  ( 0.0000000000000000000, 0.9961946980917452100, 0.08715574274766152400 ) ) ;
#4270 = CARTESIAN_POINT ( 'NONE',  ( 0.4350000000000001600, 0.01263758269840914300, 1.660836786145742900 ) ) ;
#4271 = VECTOR ( 'NONE', #4269, 1000.000000000000100 ) ;
#4272 = CARTESIAN_POINT ( 'NONE',  ( -0.2150000000000000200, -0.4526375826984102600, -1.555989212094326600 ) ) ;
#4273 = LINE ( 'NONE', #4272, #4271 ) ;
#4274 = FILL_AREA_STYLE_COLOUR ( '', #4265 ) ;
#4275 = DIRECTION ( 'NONE',  ( 0.0000000000000000000, -0.9961946980917457700, 0.08715574274765468300 ) ) ;
#4276 = DIRECTION ( 'NONE',  ( 7.714831827782947500E-017, 0.08715574274765469600, 0.9961946980917458800 ) ) ;
#4277 = CARTESIAN_POINT ( 'NONE',  ( 0.4350000000000001600, -0.4349999999999993900, 1.700000000000000200 ) ) ;
#4278 = CARTESIAN_POINT ( 'NONE',  ( -0.2150000000000000200, -0.4526375826984102600, -1.555989212094326600 ) ) ;
#4279 = AXIS2_PLACEMENT_3D ( 'NONE', #4277, #4276, #4275 ) ;
#4280 = LINE ( 'NONE', #4270, #4268 ) ;
#4281 = DIRECTION ( 'NONE',  ( -1.000000000000000000, 0.0000000000000000000, 7.744301232039317900E-017 ) ) ;
#4282 = VECTOR ( 'NONE', #4281, 1000.000000000000000 ) ;
#4283 = CARTESIAN_POINT ( 'NONE',  ( -0.2150000000000000200, -0.4526375826984102600, -1.555989212094326600 ) ) ;
#4284 = LINE ( 'NONE', #4283, #4282 ) ;
#4285 = PLANE ( 'NONE',  #4279 ) ;
#4286 = CARTESIAN_POINT ( 'NONE',  ( -0.2150000000000000200, -7.126743562157366300E-018, -1.516388554922436300 ) ) ;
#4287 = PLANE ( 'NONE',  #4381 ) ;
#4288 =( GEOMETRIC_REPRESENTATION_CONTEXT ( 3 ) GLOBAL_UNCERTAINTY_ASSIGNED_CONTEXT ( ( #4187 ) ) GLOBAL_UNIT_ASSIGNED_CONTEXT ( ( #4196, #4193, #4191 ) ) REPRESENTATION_CONTEXT ( 'NONE', 'WORKASPACE' ) );
#4289 =( GEOMETRIC_REPRESENTATION_CONTEXT ( 3 ) GLOBAL_UNCERTAINTY_ASSIGNED_CONTEXT ( ( #4294 ) ) GLOBAL_UNIT_ASSIGNED_CONTEXT ( ( #4302, #4301, #4296 ) ) REPRESENTATION_CONTEXT ( 'NONE', 'WORKASPACE' ) );
#4290 = CARTESIAN_POINT ( 'NONE',  ( -0.4149999999999998100, 0.1250000000000001900, 1.516388554922438500 ) ) ;
#4291 = AXIS2_PLACEMENT_3D ( 'NONE', #4290, #4396, #4394 ) ;
#4292 = CIRCLE ( 'NONE', #4291, 0.01999999999999999700 ) ;
#4293 = FILL_AREA_STYLE_COLOUR ( '', #4392 ) ;
#4294 = UNCERTAINTY_MEASURE_WITH_UNIT (LENGTH_MEASURE( 1.000000000000000100E-005 ), #4302, 'distance_accuracy_value', 'NONE');
#4295 = DIRECTION ( 'NONE',  ( 0.0000000000000000000, -0.08715574274765461300, -0.9961946980917457700 ) ) ;
#4296 =( NAMED_UNIT ( * ) SI_UNIT ( $, .STERADIAN. ) SOLID_ANGLE_UNIT ( ) );
#4297 = DIRECTION ( 'NONE',  ( 6.749603259399640800E-018, -0.9961946980917458800, 0.08715574274765469600 ) ) ;
#4298 = AXIS2_PLACEMENT_3D ( 'NONE', #4303, #4297, #4295 ) ;
#4299 = CYLINDRICAL_SURFACE ( 'NONE', #4298, 0.02000000000000001400 ) ;
#4300 = CARTESIAN_POINT ( 'NONE',  ( 0.4149999999999998100, -0.5850000000000006300, -2.000000000000000000 ) ) ;
#4301 =( NAMED_UNIT ( * ) PLANE_ANGLE_UNIT ( ) SI_UNIT ( $, .RADIAN. ) );
#4303 = CARTESIAN_POINT ( 'NONE',  ( -0.4149999999999998100, 0.01089446784345701400, 1.640912892183907800 ) ) ;
#4302 =( LENGTH_UNIT ( ) NAMED_UNIT ( * ) SI_UNIT ( .MILLI., .METRE. ) );
#4304 = MECHANICAL_DESIGN_GEOMETRIC_PRESENTATION_REPRESENTATION (  '', ( #4307 ), #4289 ) ;
#4305 =( GEOMETRIC_REPRESENTATION_CONTEXT ( 3 ) GLOBAL_UNCERTAINTY_ASSIGNED_CONTEXT ( ( #4315 ) ) GLOBAL_UNIT_ASSIGNED_CONTEXT ( ( #4326, #4322, #4320 ) ) REPRESENTATION_CONTEXT ( 'NONE', 'WORKASPACE' ) );
#4306 = PRESENTATION_LAYER_ASSIGNMENT (  '', '', ( #4307 ) ) ;
#4307 = STYLED_ITEM ( 'NONE', ( #4308 ), #1787 ) ;
#4308 = PRESENTATION_STYLE_ASSIGNMENT (( #4309 ) ) ;
#4309 = SURFACE_STYLE_USAGE ( .BOTH. , #4310 ) ;
#4310 = SURFACE_SIDE_STYLE ('',( #4311 ) ) ;
#4311 = SURFACE_STYLE_FILL_AREA ( #4312 ) ;
#4312 = FILL_AREA_STYLE ('',( #4321 ) ) ;
#4313 = COLOUR_RGB ( '',1.000000000000000000, 1.000000000000000000, 1.000000000000000000 ) ;
#4314 = FACE_OUTER_BOUND ( 'NONE', #1788, .T. ) ;
#4315 = UNCERTAINTY_MEASURE_WITH_UNIT (LENGTH_MEASURE( 1.000000000000000100E-005 ), #4326, 'distance_accuracy_value', 'NONE');
#4316 = DIRECTION ( 'NONE',  ( -0.0000000000000000000, -0.9961946980917457700, 0.08715574274765473800 ) ) ;
#4317 = VECTOR ( 'NONE', #4316, 1000.000000000000100 ) ;
#4318 = CARTESIAN_POINT ( 'NONE',  ( -0.2149999999999998000, -0.4526375826984084800, 1.555989212094326400 ) ) ;
#4320 =( NAMED_UNIT ( * ) SI_UNIT ( $, .STERADIAN. ) SOLID_ANGLE_UNIT ( ) );
#4319 = LINE ( 'NONE', #4318, #4317 ) ;
#4321 = FILL_AREA_STYLE_COLOUR ( '', #4313 ) ;
#4322 =( NAMED_UNIT ( * ) PLANE_ANGLE_UNIT ( ) SI_UNIT ( $, .RADIAN. ) );
#4323 = CARTESIAN_POINT ( 'NONE',  ( -0.2149999999999998000, 1.785772954427868700E-016, 1.516388554922439200 ) ) ;
#4324 = DIRECTION ( 'NONE',  ( -1.000000000000000000, 0.0000000000000000000, 7.744301232039317900E-017 ) ) ;
#4325 = VECTOR ( 'NONE', #4324, 1000.000000000000000 ) ;
#4326 =( LENGTH_UNIT ( ) NAMED_UNIT ( * ) SI_UNIT ( .MILLI., .METRE. ) );
#4327 = CARTESIAN_POINT ( 'NONE',  ( -0.2149999999999998000, 1.785772954427868700E-016, 1.516388554922439200 ) ) ;
#4328 = LINE ( 'NONE', #4327, #4325 ) ;
#4329 = MECHANICAL_DESIGN_GEOMETRIC_PRESENTATION_REPRESENTATION (  '', ( #4331 ), #4305 ) ;
#4330 = PRESENTATION_LAYER_ASSIGNMENT (  '', '', ( #4331 ) ) ;
#4331 = STYLED_ITEM ( 'NONE', ( #4332 ), #413 ) ;
#4332 = PRESENTATION_STYLE_ASSIGNMENT (( #4333 ) ) ;
#4333 = SURFACE_STYLE_USAGE ( .BOTH. , #4335 ) ;
#4334 = CARTESIAN_POINT ( 'NONE',  ( -0.4349999999999998300, 1.785772954427868700E-016, 1.516388554922439200 ) ) ;
#4335 = SURFACE_SIDE_STYLE ('',( #4336 ) ) ;
#4336 = SURFACE_STYLE_FILL_AREA ( #4338 ) ;
#4337 =( GEOMETRIC_REPRESENTATION_CONTEXT ( 3 ) GLOBAL_UNCERTAINTY_ASSIGNED_CONTEXT ( ( #4342 ) ) GLOBAL_UNIT_ASSIGNED_CONTEXT ( ( #4353, #4348, #4345 ) ) REPRESENTATION_CONTEXT ( 'NONE', 'WORKASPACE' ) );
#4338 = FILL_AREA_STYLE ('',( #4339 ) ) ;
#4339 = FILL_AREA_STYLE_COLOUR ( '', #4340 ) ;
#4340 = COLOUR_RGB ( '',1.000000000000000000, 1.000000000000000000, 1.000000000000000000 ) ;
#4341 = FACE_OUTER_BOUND ( 'NONE', #414, .T. ) ;
#4342 = UNCERTAINTY_MEASURE_WITH_UNIT (LENGTH_MEASURE( 1.000000000000000100E-005 ), #4353, 'distance_accuracy_value', 'NONE');
#4343 = DIRECTION ( 'NONE',  ( -0.0000000000000000000, -0.9961946980917457700, 0.08715574274765473800 ) ) ;
#4344 = VECTOR ( 'NONE', #4343, 1000.000000000000100 ) ;
#4345 =( NAMED_UNIT ( * ) SI_UNIT ( $, .STERADIAN. ) SOLID_ANGLE_UNIT ( ) );
#4346 = CARTESIAN_POINT ( 'NONE',  ( 0.2150000000000001400, -0.4526375826984084800, 1.555989212094326400 ) ) ;
#4347 = LINE ( 'NONE', #4346, #4344 ) ;
#4348 =( NAMED_UNIT ( * ) PLANE_ANGLE_UNIT ( ) SI_UNIT ( $, .RADIAN. ) );
#4349 = DIRECTION ( 'NONE',  ( 0.0000000000000000000, -1.000000000000000000, 0.0000000000000000000 ) ) ;
#4350 = DIRECTION ( 'NONE',  ( 7.744301232039317900E-017, -3.614007241618349300E-016, 1.000000000000000000 ) ) ;
#4351 = AXIS2_PLACEMENT_3D ( 'NONE', #4356, #4350, #4349 ) ;
#4352 = CYLINDRICAL_SURFACE ( 'NONE', #4351, 0.01999999999999999700 ) ;
#4353 =( LENGTH_UNIT ( ) NAMED_UNIT ( * ) SI_UNIT ( .MILLI., .METRE. ) );
#4354 = MECHANICAL_DESIGN_GEOMETRIC_PRESENTATION_REPRESENTATION (  '', ( #4357 ), #4337 ) ;
#4355 = PRESENTATION_LAYER_ASSIGNMENT (  '', '', ( #4357 ) ) ;
#4356 = CARTESIAN_POINT ( 'NONE',  ( -0.4149999999999998100, -0.4549999999999993500, 1.516388554922439400 ) ) ;
#4357 = STYLED_ITEM ( 'NONE', ( #4358 ), #1796 ) ;
#4358 = PRESENTATION_STYLE_ASSIGNMENT (( #4359 ) ) ;
#4359 = SURFACE_STYLE_USAGE ( .BOTH. , #4360 ) ;
#4360 = SURFACE_SIDE_STYLE ('',( #4362 ) ) ;
#4361 =( GEOMETRIC_REPRESENTATION_CONTEXT ( 3 ) GLOBAL_UNCERTAINTY_ASSIGNED_CONTEXT ( ( #4371 ) ) GLOBAL_UNIT_ASSIGNED_CONTEXT ( ( #4379, #4377, #4372 ) ) REPRESENTATION_CONTEXT ( 'NONE', 'WORKASPACE' ) );
#4362 = SURFACE_STYLE_FILL_AREA ( #4363 ) ;
#4363 = FILL_AREA_STYLE ('',( #4370 ) ) ;
#4364 = COLOUR_RGB ( '',1.000000000000000000, 1.000000000000000000, 1.000000000000000000 ) ;
#4365 = FACE_OUTER_BOUND ( 'NONE', #1797, .T. ) ;
#4366 = DIRECTION ( 'NONE',  ( -1.000000000000000000, 0.0000000000000000000, 7.744301232039317900E-017 ) ) ;
#4367 = VECTOR ( 'NONE', #4366, 1000.000000000000000 ) ;
#4368 = CARTESIAN_POINT ( 'NONE',  ( -0.2150000000000000200, -7.126743562157366300E-018, -1.516388554922436300 ) ) ;
#4369 = LINE ( 'NONE', #4368, #4367 ) ;
#4370 = FILL_AREA_STYLE_COLOUR ( '', #4364 ) ;
#4371 = UNCERTAINTY_MEASURE_WITH_UNIT (LENGTH_MEASURE( 1.000000000000000100E-005 ), #4379, 'distance_accuracy_value', 'NONE');
#4372 =( NAMED_UNIT ( * ) SI_UNIT ( $, .STERADIAN. ) SOLID_ANGLE_UNIT ( ) );
#4373 = CARTESIAN_POINT ( 'NONE',  ( -0.4350000000000000500, -7.126743562157366300E-018, -1.516388554922436300 ) ) ;
#4374 = DIRECTION ( 'NONE',  ( 7.149896831956507700E-017, 6.123233995736761100E-017, 1.000000000000000000 ) ) ;
#4375 = VECTOR ( 'NONE', #4374, 1000.000000000000000 ) ;
#4376 = CARTESIAN_POINT ( 'NONE',  ( -0.4350000000000000500, -7.126743562157366300E-018, -1.516388554922436300 ) ) ;
#4377 =( NAMED_UNIT ( * ) PLANE_ANGLE_UNIT ( ) SI_UNIT ( $, .RADIAN. ) );
#4378 = DIRECTION ( 'NONE',  ( 0.0000000000000000000, -6.123233995736761100E-017, -1.000000000000000000 ) ) ;
#4379 =( LENGTH_UNIT ( ) NAMED_UNIT ( * ) SI_UNIT ( .MILLI., .METRE. ) );
#4380 = DIRECTION ( 'NONE',  ( 4.742016857724923500E-033, -1.000000000000000000, 6.123233995736761100E-017 ) ) ;
#4381 = AXIS2_PLACEMENT_3D ( 'NONE', #4286, #4380, #4378 ) ;
#4382 = LINE ( 'NONE', #4376, #4375 ) ;
#4383 = MECHANICAL_DESIGN_GEOMETRIC_PRESENTATION_REPRESENTATION (  '', ( #4385 ), #4361 ) ;
#4384 = PRESENTATION_LAYER_ASSIGNMENT (  '', '', ( #4385 ) ) ;
#4385 = STYLED_ITEM ( 'NONE', ( #4386 ), #424 ) ;
#4386 = PRESENTATION_STYLE_ASSIGNMENT (( #4387 ) ) ;
#4387 = SURFACE_STYLE_USAGE ( .BOTH. , #4388 ) ;
#4388 = SURFACE_SIDE_STYLE ('',( #4389 ) ) ;
#4389 = SURFACE_STYLE_FILL_AREA ( #4390 ) ;
#4390 = FILL_AREA_STYLE ('',( #4293 ) ) ;
#4391 =( LENGTH_UNIT ( ) NAMED_UNIT ( * ) SI_UNIT ( .MILLI., .METRE. ) );
#4392 = COLOUR_RGB ( '',1.000000000000000000, 1.000000000000000000, 1.000000000000000000 ) ;
#4393 = FACE_OUTER_BOUND ( 'NONE', #349, .T. ) ;
#4394 = DIRECTION ( 'NONE',  ( 1.000000000000000000, 0.0000000000000000000, -1.084202172485504600E-014 ) ) ;
#4395 = MECHANICAL_DESIGN_GEOMETRIC_PRESENTATION_REPRESENTATION (  '', ( #4398 ), #4505 ) ;
#4396 = DIRECTION ( 'NONE',  ( 1.084202172485501600E-014, -0.0000000000000000000, 1.000000000000000000 ) ) ;
#4397 = PRESENTATION_LAYER_ASSIGNMENT (  '', '', ( #4398 ) ) ;
#4398 = STYLED_ITEM ( 'NONE', ( #4400 ), #1810 ) ;
#4399 =( LENGTH_UNIT ( ) NAMED_UNIT ( * ) SI_UNIT ( .MILLI., .METRE. ) );
#4400 = PRESENTATION_STYLE_ASSIGNMENT (( #4401 ) ) ;
#4401 = SURFACE_STYLE_USAGE ( .BOTH. , #4402 ) ;
#4402 = SURFACE_SIDE_STYLE ('',( #4403 ) ) ;
#4403 = SURFACE_STYLE_FILL_AREA ( #4405 ) ;
#4404 = MECHANICAL_DESIGN_GEOMETRIC_PRESENTATION_REPRESENTATION (  '', ( #4409 ), #4507 ) ;
#4405 = FILL_AREA_STYLE ('',( #4420 ) ) ;
#4406 = COLOUR_RGB ( '',1.000000000000000000, 1.000000000000000000, 1.000000000000000000 ) ;
#4407 = PRESENTATION_LAYER_ASSIGNMENT (  '', '', ( #4409 ) ) ;
#4408 = FACE_OUTER_BOUND ( 'NONE', #1811, .T. ) ;
#4409 = STYLED_ITEM ( 'NONE', ( #4410 ), #441 ) ;
#4410 = PRESENTATION_STYLE_ASSIGNMENT (( #4412 ) ) ;
#4411 = DIRECTION ( 'NONE',  ( -0.0000000000000000000, 1.000000000000000000, -0.0000000000000000000 ) ) ;
#4412 = SURFACE_STYLE_USAGE ( .BOTH. , #4414 ) ;
#4413 = VECTOR ( 'NONE', #4411, 1000.000000000000000 ) ;
#4414 = SURFACE_SIDE_STYLE ('',( #4415 ) ) ;
#4415 = SURFACE_STYLE_FILL_AREA ( #4417 ) ;
#4416 = CARTESIAN_POINT ( 'NONE',  ( -0.4149999999999999800, -0.4349999999999995000, -2.000000000000000000 ) ) ;
#4417 = FILL_AREA_STYLE ('',( #4431 ) ) ;
#4418 = LINE ( 'NONE', #4416, #4413 ) ;
#4419 = COLOUR_RGB ( '',1.000000000000000000, 1.000000000000000000, 1.000000000000000000 ) ;
#4420 = FILL_AREA_STYLE_COLOUR ( '', #4406 ) ;
#4421 = FACE_OUTER_BOUND ( 'NONE', #442, .T. ) ;
#4422 = DIRECTION ( 'NONE',  ( 0.0000000000000000000, 0.0000000000000000000, -1.000000000000000000 ) ) ;
#4423 = DIRECTION ( 'NONE',  ( -0.0000000000000000000, -1.000000000000000000, -0.0000000000000000000 ) ) ;
#4425 = CARTESIAN_POINT ( 'NONE',  ( 0.4150000000000000900, -0.5849999999999995200, 1.980000000000000000 ) ) ;
#4424 = DIRECTION ( 'NONE',  ( 0.0000000000000000000, -1.000000000000000000, 0.0000000000000000000 ) ) ;
#4427 = AXIS2_PLACEMENT_3D ( 'NONE', #4425, #4423, #4422 ) ;
#4426 = VECTOR ( 'NONE', #4424, 1000.000000000000000 ) ;
#4429 = CIRCLE ( 'NONE', #4427, 0.02000000000000005200 ) ;
#4428 = CARTESIAN_POINT ( 'NONE',  ( -0.2350000000000001800, -0.5850000000000006300, -2.000000000000000000 ) ) ;
#4430 = LINE ( 'NONE', #4428, #4426 ) ;
#4431 = FILL_AREA_STYLE_COLOUR ( '', #4419 ) ;
#4432 = CARTESIAN_POINT ( 'NONE',  ( -0.2350000000000001800, -0.4549999999999995700, -2.000000000000000000 ) ) ;
#4433 = CARTESIAN_POINT ( 'NONE',  ( 0.4350000000000001600, -0.5849999999999995200, 1.980000000000000000 ) ) ;
#4434 = DIRECTION ( 'NONE',  ( -1.000000000000000000, 0.0000000000000000000, 7.744301232039317900E-017 ) ) ;
#4435 = DIRECTION ( 'NONE',  ( -0.0000000000000000000, -0.0000000000000000000, 1.000000000000000000 ) ) ;
#4436 = VECTOR ( 'NONE', #4434, 1000.000000000000000 ) ;
#4437 = VECTOR ( 'NONE', #4435, 1000.000000000000000 ) ;
#4438 = CARTESIAN_POINT ( 'NONE',  ( -0.2150000000000000200, 0.01263758269840999800, -1.660836786145739400 ) ) ;
#4439 = CARTESIAN_POINT ( 'NONE',  ( 0.4350000000000001600, -0.5849999999999995200, 2.000000000000000000 ) ) ;
#4440 = LINE ( 'NONE', #4438, #4436 ) ;
#4441 = LINE ( 'NONE', #4439, #4437 ) ;
#4442 = CARTESIAN_POINT ( 'NONE',  ( -0.4149999999999999800, 0.01263758269840999800, -1.660836786145739400 ) ) ;
#4443 = CARTESIAN_POINT ( 'NONE',  ( 0.4350000000000001600, -0.5849999999999995200, 1.700437443317630400 ) ) ;
#4444 = DIRECTION ( 'NONE',  ( 6.749603259400173900E-018, 0.9961946980917453200, 0.08715574274766159400 ) ) ;
#4445 = DIRECTION ( 'NONE',  ( -1.000000000000000000, 0.0000000000000000000, 7.744301232039317900E-017 ) ) ;
#4446 = VECTOR ( 'NONE', #4444, 999.9999999999998900 ) ;
#4447 = VECTOR ( 'NONE', #4445, 1000.000000000000000 ) ;
#4448 = CARTESIAN_POINT ( 'NONE',  ( 0.4350000000000001600, -0.5849999999999995200, 1.700437443317630400 ) ) ;
#4449 = CARTESIAN_POINT ( 'NONE',  ( -0.4149999999999999800, 0.01263758269841003100, -1.660836786145739400 ) ) ;
#4450 = LINE ( 'NONE', #4448, #4447 ) ;
#4451 = LINE ( 'NONE', #4449, #4446 ) ;
#4452 = DIRECTION ( 'NONE',  ( 0.0000000000000000000, 0.9961946980917453200, 0.08715574274766159400 ) ) ;
#4453 = DIRECTION ( 'NONE',  ( -7.714831827782940100E-017, 0.08715574274766159400, -0.9961946980917453200 ) ) ;
#4454 = CARTESIAN_POINT ( 'NONE',  ( 0.2150000000000001400, -0.5849999999999995200, 1.700437443317630400 ) ) ;
#4455 = CARTESIAN_POINT ( 'NONE',  ( -0.2150000000000000200, -0.4350000000000001600, -1.700000000000000200 ) ) ;
#4456 = AXIS2_PLACEMENT_3D ( 'NONE', #4455, #4453, #4452 ) ;
#4457 = DIRECTION ( 'NONE',  ( -0.0000000000000000000, -0.0000000000000000000, 1.000000000000000000 ) ) ;
#4458 = VECTOR ( 'NONE', #4457, 1000.000000000000000 ) ;
#4459 = CARTESIAN_POINT ( 'NONE',  ( 0.2150000000000001400, -0.5849999999999995200, 2.000000000000000000 ) ) ;
#4460 = PLANE ( 'NONE',  #4456 ) ;
#4462 = DIRECTION ( 'NONE',  ( 0.0000000000000000000, 0.0000000000000000000, -1.000000000000000000 ) ) ;
#4461 = DIRECTION ( 'NONE',  ( 1.121153232653439900E-031, -1.000000000000000000, 1.447713872511910300E-015 ) ) ;
#4463 = CARTESIAN_POINT ( 'NONE',  ( -0.2350000000000001800, -0.5850000000000006300, -1.980000000000000000 ) ) ;
#4464 = DIRECTION ( 'NONE',  ( -0.0000000000000000000, -1.000000000000000000, -0.0000000000000000000 ) ) ;
#4465 = AXIS2_PLACEMENT_3D ( 'NONE', #4463, #4461, #4570 ) ;
#4467 = CARTESIAN_POINT ( 'NONE',  ( 0.2350000000000001800, -0.5849999999999995200, 1.980000000000000000 ) ) ;
#4466 = CIRCLE ( 'NONE', #4465, 0.02000000000000005200 ) ;
#4468 = AXIS2_PLACEMENT_3D ( 'NONE', #4467, #4464, #4462 ) ;
#4469 = CIRCLE ( 'NONE', #4468, 0.02000000000000005200 ) ;
#4470 = LINE ( 'NONE', #4459, #4458 ) ;
#4471 = DIRECTION ( 'NONE',  ( -1.000000000000000000, 0.0000000000000000000, 7.744301232039317900E-017 ) ) ;
#4472 = VECTOR ( 'NONE', #4471, 1000.000000000000000 ) ;
#4474 = CARTESIAN_POINT ( 'NONE',  ( 0.4350000000000001600, -0.5849999999999995200, 2.000000000000000000 ) ) ;
#4473 = CARTESIAN_POINT ( 'NONE',  ( -0.2350000000000000700, -0.4349999999999995500, -1.980000000000000000 ) ) ;
#4475 = LINE ( 'NONE', #4474, #4472 ) ;
#4476 = DIRECTION ( 'NONE',  ( -7.744301232039317900E-017, 2.168404344971009700E-015, -1.000000000000000000 ) ) ;
#4477 = VECTOR ( 'NONE', #4476, 1000.000000000000000 ) ;
#4478 = CARTESIAN_POINT ( 'NONE',  ( -0.2350000000000000700, -0.4350000000000001600, -1.700000000000000200 ) ) ;
#4479 = LINE ( 'NONE', #4478, #4477 ) ;
#4480 = CARTESIAN_POINT ( 'NONE',  ( 0.2350000000000001800, -0.5849999999999995200, 2.000000000000000000 ) ) ;
#4481 = DIRECTION ( 'NONE',  ( -0.0000000000000000000, -1.000000000000000000, -0.0000000000000000000 ) ) ;
#4482 = VECTOR ( 'NONE', #4481, 1000.000000000000000 ) ;
#4484 = CARTESIAN_POINT ( 'NONE',  ( 0.2350000000000001800, -0.5849999999999995200, 2.000000000000000000 ) ) ;
#4483 = CARTESIAN_POINT ( 'NONE',  ( -0.4149999999999999800, -0.4350000000000001600, -1.700000000000000200 ) ) ;
#4485 = LINE ( 'NONE', #4484, #4482 ) ;
#4486 = CARTESIAN_POINT ( 'NONE',  ( -0.2349999999999999600, -0.4350000000000001600, -1.700000000000000200 ) ) ;
#4487 = DIRECTION ( 'NONE',  ( -1.000000000000000000, 0.0000000000000000000, 7.744301232039317900E-017 ) ) ;
#4488 = VECTOR ( 'NONE', #4487, 1000.000000000000000 ) ;
#4489 = CARTESIAN_POINT ( 'NONE',  ( -0.2150000000000000200, -0.4350000000000001600, -1.700000000000000200 ) ) ;
#4490 = CARTESIAN_POINT ( 'NONE',  ( 0.2350000000000001800, -0.4549999999999995200, 2.000000000000000000 ) ) ;
#4491 = DIRECTION ( 'NONE',  ( -1.000000000000000000, 0.0000000000000000000, 7.744301232039317900E-017 ) ) ;
#4492 = VECTOR ( 'NONE', #4491, 1000.000000000000000 ) ;
#4493 = DIRECTION ( 'NONE',  ( 0.0000000000000000000, -2.168404344971009700E-015, 1.000000000000000000 ) ) ;
#4494 = CARTESIAN_POINT ( 'NONE',  ( 0.4350000000000001600, -0.4549999999999995200, 2.000000000000000000 ) ) ;
#4495 = DIRECTION ( 'NONE',  ( 1.679277644031839900E-031, 1.000000000000000000, 2.168404344971009700E-015 ) ) ;
#4496 = LINE ( 'NONE', #4494, #4492 ) ;
#4497 = CARTESIAN_POINT ( 'NONE',  ( -0.2150000000000000200, -0.4350000000000001600, -1.700000000000000200 ) ) ;
#4498 = AXIS2_PLACEMENT_3D ( 'NONE', #4497, #4495, #4493 ) ;
#4499 = LINE ( 'NONE', #4489, #4488 ) ;
#4500 = DIRECTION ( 'NONE',  ( 0.0000000000000000000, 0.0000000000000000000, 1.000000000000000000 ) ) ;
#4501 = DIRECTION ( 'NONE',  ( -1.000000000000000000, 0.0000000000000000000, 7.744301232039317900E-017 ) ) ;
#4502 = AXIS2_PLACEMENT_3D ( 'NONE', #4506, #4501, #4500 ) ;
#4503 = CYLINDRICAL_SURFACE ( 'NONE', #4502, 0.1450000000000001600 ) ;
#4504 = PLANE ( 'NONE',  #4498 ) ;
#4505 =( GEOMETRIC_REPRESENTATION_CONTEXT ( 3 ) GLOBAL_UNCERTAINTY_ASSIGNED_CONTEXT ( ( #4508 ) ) GLOBAL_UNIT_ASSIGNED_CONTEXT ( ( #4391, #4511, #4509 ) ) REPRESENTATION_CONTEXT ( 'NONE', 'WORKASPACE' ) );
#4506 = CARTESIAN_POINT ( 'NONE',  ( 0.4350000000000001600, -0.4399999999999993900, 1.700437443317629500 ) ) ;
#4507 =( GEOMETRIC_REPRESENTATION_CONTEXT ( 3 ) GLOBAL_UNCERTAINTY_ASSIGNED_CONTEXT ( ( #4510 ) ) GLOBAL_UNIT_ASSIGNED_CONTEXT ( ( #4399, #4513, #4512 ) ) REPRESENTATION_CONTEXT ( 'NONE', 'WORKASPACE' ) );
#4508 = UNCERTAINTY_MEASURE_WITH_UNIT (LENGTH_MEASURE( 1.000000000000000100E-005 ), #4391, 'distance_accuracy_value', 'NONE');
#4509 =( NAMED_UNIT ( * ) SI_UNIT ( $, .STERADIAN. ) SOLID_ANGLE_UNIT ( ) );
#4510 = UNCERTAINTY_MEASURE_WITH_UNIT (LENGTH_MEASURE( 1.000000000000000100E-005 ), #4399, 'distance_accuracy_value', 'NONE');
#4511 =( NAMED_UNIT ( * ) PLANE_ANGLE_UNIT ( ) SI_UNIT ( $, .RADIAN. ) );
#4512 =( NAMED_UNIT ( * ) SI_UNIT ( $, .STERADIAN. ) SOLID_ANGLE_UNIT ( ) );
#4513 =( NAMED_UNIT ( * ) PLANE_ANGLE_UNIT ( ) SI_UNIT ( $, .RADIAN. ) );
#4514 = UNCERTAINTY_MEASURE_WITH_UNIT (LENGTH_MEASURE( 1.000000000000000100E-005 ), #4525, 'distance_accuracy_value', 'NONE');
#4515 =( NAMED_UNIT ( * ) SI_UNIT ( $, .STERADIAN. ) SOLID_ANGLE_UNIT ( ) );
#4516 = FILL_AREA_STYLE ('',( #4517 ) ) ;
#4517 = FILL_AREA_STYLE_COLOUR ( '', #4518 ) ;
#4518 = COLOUR_RGB ( '',1.000000000000000000, 1.000000000000000000, 1.000000000000000000 ) ;
#4519 = FACE_OUTER_BOUND ( 'NONE', #459, .T. ) ;
#4520 =( NAMED_UNIT ( * ) PLANE_ANGLE_UNIT ( ) SI_UNIT ( $, .RADIAN. ) );
#4521 = DIRECTION ( 'NONE',  ( 0.0000000000000000000, 0.0000000000000000000, -1.000000000000000000 ) ) ;
#4522 = DIRECTION ( 'NONE',  ( 0.0000000000000000000, -1.000000000000000000, -0.0000000000000000000 ) ) ;
#4523 = CARTESIAN_POINT ( 'NONE',  ( 0.4350000000000001600, -0.5849999999999995200, 2.000000000000000000 ) ) ;
#4524 = AXIS2_PLACEMENT_3D ( 'NONE', #4523, #4522, #4521 ) ;
#4526 = CARTESIAN_POINT ( 'NONE',  ( 0.2150000000000001400, -0.5849999999999995200, 1.980000000000000000 ) ) ;
#4525 =( LENGTH_UNIT ( ) NAMED_UNIT ( * ) SI_UNIT ( .MILLI., .METRE. ) );
#4527 = MECHANICAL_DESIGN_GEOMETRIC_PRESENTATION_REPRESENTATION (  '', ( #4530 ), #4625 ) ;
#4529 = PLANE ( 'NONE',  #4524 ) ;
#4528 = PRESENTATION_LAYER_ASSIGNMENT (  '', '', ( #4530 ) ) ;
#4530 = STYLED_ITEM ( 'NONE', ( #4531 ), #1829 ) ;
#4531 = PRESENTATION_STYLE_ASSIGNMENT (( #4532 ) ) ;
#4532 = SURFACE_STYLE_USAGE ( .BOTH. , #4533 ) ;
#4534 =( GEOMETRIC_REPRESENTATION_CONTEXT ( 3 ) GLOBAL_UNCERTAINTY_ASSIGNED_CONTEXT ( ( #4544 ) ) GLOBAL_UNIT_ASSIGNED_CONTEXT ( ( #4553, #4548, #4546 ) ) REPRESENTATION_CONTEXT ( 'NONE', 'WORKASPACE' ) );
#4533 = SURFACE_SIDE_STYLE ('',( #4535 ) ) ;
#4535 = SURFACE_STYLE_FILL_AREA ( #4536 ) ;
#4536 = FILL_AREA_STYLE ('',( #4545 ) ) ;
#4537 = COLOUR_RGB ( '',1.000000000000000000, 1.000000000000000000, 1.000000000000000000 ) ;
#4538 = FACE_OUTER_BOUND ( 'NONE', #1830, .T. ) ;
#4539 = DIRECTION ( 'NONE',  ( 0.0000000000000000000, 0.0000000000000000000, -1.000000000000000000 ) ) ;
#4540 = DIRECTION ( 'NONE',  ( 1.121153232653439900E-031, -1.000000000000000000, 1.447713872511910300E-015 ) ) ;
#4541 = CARTESIAN_POINT ( 'NONE',  ( -0.4149999999999999800, -0.5850000000000006300, -1.980000000000000000 ) ) ;
#4542 = AXIS2_PLACEMENT_3D ( 'NONE', #4541, #4540, #4539 ) ;
#4543 = CIRCLE ( 'NONE', #4542, 0.02000000000000005200 ) ;
#4544 = UNCERTAINTY_MEASURE_WITH_UNIT (LENGTH_MEASURE( 1.000000000000000100E-005 ), #4553, 'distance_accuracy_value', 'NONE');
#4545 = FILL_AREA_STYLE_COLOUR ( '', #4537 ) ;
#4546 =( NAMED_UNIT ( * ) SI_UNIT ( $, .STERADIAN. ) SOLID_ANGLE_UNIT ( ) );
#4547 = CARTESIAN_POINT ( 'NONE',  ( -0.4350000000000000500, -0.5850000000000006300, -1.980000000000000000 ) ) ;
#4548 =( NAMED_UNIT ( * ) PLANE_ANGLE_UNIT ( ) SI_UNIT ( $, .RADIAN. ) );
#4549 = DIRECTION ( 'NONE',  ( -0.0000000000000000000, 1.447713872511910500E-015, 1.000000000000000000 ) ) ;
#4550 = VECTOR ( 'NONE', #4549, 1000.000000000000000 ) ;
#4551 = CARTESIAN_POINT ( 'NONE',  ( -0.4350000000000000500, -0.5850000000000001900, -1.700437443317630600 ) ) ;
#4552 = LINE ( 'NONE', #4551, #4550 ) ;
#4553 =( LENGTH_UNIT ( ) NAMED_UNIT ( * ) SI_UNIT ( .MILLI., .METRE. ) );
#4554 = DIRECTION ( 'NONE',  ( -0.0000000000000000000, 1.447713872511910500E-015, 1.000000000000000000 ) ) ;
#4555 = MECHANICAL_DESIGN_GEOMETRIC_PRESENTATION_REPRESENTATION (  '', ( #4560 ), #4534 ) ;
#4556 = VECTOR ( 'NONE', #4554, 1000.000000000000000 ) ;
#4557 = CARTESIAN_POINT ( 'NONE',  ( -0.2150000000000000200, -0.5850000000000001900, -1.700437443317630600 ) ) ;
#4558 = PRESENTATION_LAYER_ASSIGNMENT (  '', '', ( #4560 ) ) ;
#4559 = LINE ( 'NONE', #4557, #4556 ) ;
#4560 = STYLED_ITEM ( 'NONE', ( #4561 ), #453 ) ;
#4561 = PRESENTATION_STYLE_ASSIGNMENT (( #4562 ) ) ;
#4562 = SURFACE_STYLE_USAGE ( .BOTH. , #4563 ) ;
#4563 = SURFACE_SIDE_STYLE ('',( #4564 ) ) ;
#4564 = SURFACE_STYLE_FILL_AREA ( #4565 ) ;
#4565 = FILL_AREA_STYLE ('',( #4577 ) ) ;
#4566 = COLOUR_RGB ( '',1.000000000000000000, 1.000000000000000000, 1.000000000000000000 ) ;
#4567 = FACE_OUTER_BOUND ( 'NONE', #454, .T. ) ;
#4568 = CARTESIAN_POINT ( 'NONE',  ( -0.2150000000000000200, -0.5850000000000006300, -1.980000000000000000 ) ) ;
#4569 = DIRECTION ( 'NONE',  ( 0.0000000000000000000, 1.000000000000000000, 0.0000000000000000000 ) ) ;
#4570 = DIRECTION ( 'NONE',  ( 0.0000000000000000000, 0.0000000000000000000, -1.000000000000000000 ) ) ;
#4571 = VECTOR ( 'NONE', #4569, 1000.000000000000000 ) ;
#4572 = SURFACE_STYLE_USAGE ( .BOTH. , #4574 ) ;
#4573 = CARTESIAN_POINT ( 'NONE',  ( 0.4150000000000000900, -0.5849999999999995200, 2.000000000000000000 ) ) ;
#4574 = SURFACE_SIDE_STYLE ('',( #4576 ) ) ;
#4575 = LINE ( 'NONE', #4573, #4571 ) ;
#4576 = SURFACE_STYLE_FILL_AREA ( #4578 ) ;
#4577 = FILL_AREA_STYLE_COLOUR ( '', #4566 ) ;
#4578 = FILL_AREA_STYLE ('',( #4588 ) ) ;
#4579 = COLOUR_RGB ( '',1.000000000000000000, 1.000000000000000000, 1.000000000000000000 ) ;
#4580 = FACE_OUTER_BOUND ( 'NONE', #1847, .T. ) ;
#4581 = DIRECTION ( 'NONE',  ( -0.0000000000000000000, -1.000000000000000000, -0.0000000000000000000 ) ) ;
#4582 = VECTOR ( 'NONE', #4581, 1000.000000000000000 ) ;
#4583 = CARTESIAN_POINT ( 'NONE',  ( 0.4150000000000000900, -0.5849999999999995200, 2.000000000000000000 ) ) ;
#4584 = CARTESIAN_POINT ( 'NONE',  ( -0.2149999999999998000, 1.897353801849632800E-016, 1.980000000000000000 ) ) ;
#4586 = CARTESIAN_POINT ( 'NONE',  ( 0.4150000000000000900, -0.4349999999999995000, 2.000000000000000000 ) ) ;
#4585 = LINE ( 'NONE', #4584, #4582 ) ;
#4587 = LINE ( 'NONE', #4586, #4690 ) ;
#4588 = FILL_AREA_STYLE_COLOUR ( '', #4579 ) ;
#4589 = CARTESIAN_POINT ( 'NONE',  ( -0.2149999999999998000, -0.4549999999999995200, 1.980000000000000000 ) ) ;
#4590 = CARTESIAN_POINT ( 'NONE',  ( 0.4150000000000000900, -0.4349999999999995000, 1.980000000000000000 ) ) ;
#4591 = CARTESIAN_POINT ( 'NONE',  ( -0.2149999999999998000, -0.4549999999999994000, 1.681673376519651700 ) ) ;
#4592 = CARTESIAN_POINT ( 'NONE',  ( 0.2350000000000001800, -0.4349999999999995000, 1.980000000000000000 ) ) ;
#4593 = DIRECTION ( 'NONE',  ( 7.744301232039317900E-017, -3.614007241618349300E-016, 1.000000000000000000 ) ) ;
#4595 = DIRECTION ( 'NONE',  ( 1.000000000000000000, -0.0000000000000000000, -7.744301232039317900E-017 ) ) ;
#4594 = VECTOR ( 'NONE', #4593, 1000.000000000000000 ) ;
#4596 = VECTOR ( 'NONE', #4595, 1000.000000000000000 ) ;
#4597 = CARTESIAN_POINT ( 'NONE',  ( -0.2149999999999998000, -0.4549999999999993500, 1.516388554922439400 ) ) ;
#4598 = LINE ( 'NONE', #4597, #4594 ) ;
#4599 = CARTESIAN_POINT ( 'NONE',  ( 0.4350000000000001600, -0.4349999999999995000, 1.980000000000000000 ) ) ;
#4600 = DIRECTION ( 'NONE',  ( 0.0000000000000000000, 0.0000000000000000000, -1.000000000000000000 ) ) ;
#4601 = DIRECTION ( 'NONE',  ( 0.0000000000000000000, -3.614007241618349300E-016, 1.000000000000000000 ) ) ;
#4602 = DIRECTION ( 'NONE',  ( -1.000000000000000000, 0.0000000000000000000, 7.744301232039317900E-017 ) ) ;
#4603 = DIRECTION ( 'NONE',  ( 2.798796073386400100E-032, 1.000000000000000000, 3.614007241618349300E-016 ) ) ;
#4604 = CARTESIAN_POINT ( 'NONE',  ( -0.4350000000000000500, -0.4400000000000001700, -1.700437443317629700 ) ) ;
#4605 = AXIS2_PLACEMENT_3D ( 'NONE', #4604, #4602, #4600 ) ;
#4606 = CARTESIAN_POINT ( 'NONE',  ( 0.4350000000000001600, -0.4349999999999995000, 2.000000000000000000 ) ) ;
#4608 = AXIS2_PLACEMENT_3D ( 'NONE', #4606, #4603, #4601 ) ;
#4607 = CIRCLE ( 'NONE', #4605, 0.1449999999999999300 ) ;
#4609 = LINE ( 'NONE', #4599, #4596 ) ;
#4610 = PLANE ( 'NONE',  #4608 ) ;
#4611 = CARTESIAN_POINT ( 'NONE',  ( -0.4149999999999999800, -0.4549999999999995700, -2.000000000000000000 ) ) ;
#4612 = DIRECTION ( 'NONE',  ( 1.000000000000000000, -0.0000000000000000000, -7.744301232039317900E-017 ) ) ;
#4613 = VECTOR ( 'NONE', #4612, 1000.000000000000000 ) ;
#4614 =( GEOMETRIC_REPRESENTATION_CONTEXT ( 3 ) GLOBAL_UNCERTAINTY_ASSIGNED_CONTEXT ( ( #4620 ) ) GLOBAL_UNIT_ASSIGNED_CONTEXT ( ( #4626, #4624, #4622 ) ) REPRESENTATION_CONTEXT ( 'NONE', 'WORKASPACE' ) );
#4615 = CARTESIAN_POINT ( 'NONE',  ( -0.2150000000000000200, -0.4549999999999995700, -2.000000000000000000 ) ) ;
#4616 = DIRECTION ( 'NONE',  ( -1.000000000000000000, 0.0000000000000000000, 7.744301232039317900E-017 ) ) ;
#4617 = DIRECTION ( 'NONE',  ( -7.744301232039317900E-017, 0.0000000000000000000, -1.000000000000000000 ) ) ;
#4618 = CARTESIAN_POINT ( 'NONE',  ( -0.2150000000000000200, -0.5850000000000006300, -2.000000000000000000 ) ) ;
#4620 = UNCERTAINTY_MEASURE_WITH_UNIT (LENGTH_MEASURE( 1.000000000000000100E-005 ), #4626, 'distance_accuracy_value', 'NONE');
#4619 = AXIS2_PLACEMENT_3D ( 'NONE', #4618, #4617, #4616 ) ;
#4621 = LINE ( 'NONE', #4615, #4613 ) ;
#4622 =( NAMED_UNIT ( * ) SI_UNIT ( $, .STERADIAN. ) SOLID_ANGLE_UNIT ( ) );
#4623 = PLANE ( 'NONE',  #4619 ) ;
#4624 =( NAMED_UNIT ( * ) PLANE_ANGLE_UNIT ( ) SI_UNIT ( $, .RADIAN. ) );
#4625 =( GEOMETRIC_REPRESENTATION_CONTEXT ( 3 ) GLOBAL_UNCERTAINTY_ASSIGNED_CONTEXT ( ( #4514 ) ) GLOBAL_UNIT_ASSIGNED_CONTEXT ( ( #4525, #4520, #4515 ) ) REPRESENTATION_CONTEXT ( 'NONE', 'WORKASPACE' ) );
#4626 =( LENGTH_UNIT ( ) NAMED_UNIT ( * ) SI_UNIT ( .MILLI., .METRE. ) );
#4627 = CARTESIAN_POINT ( 'NONE',  ( -0.2349999999999998500, 0.1450000000000001800, 1.516388554922438500 ) ) ;
#4628 = MECHANICAL_DESIGN_GEOMETRIC_PRESENTATION_REPRESENTATION (  '', ( #4632 ), #4614 ) ;
#4629 = PRESENTATION_LAYER_ASSIGNMENT (  '', '', ( #4632 ) ) ;
#4630 = DIRECTION ( 'NONE',  ( -1.000000000000000000, 0.0000000000000000000, 7.744301232039317900E-017 ) ) ;
#4632 = STYLED_ITEM ( 'NONE', ( #4634 ), #458 ) ;
#4631 = VECTOR ( 'NONE', #4630, 1000.000000000000000 ) ;
#4634 = PRESENTATION_STYLE_ASSIGNMENT (( #4636 ) ) ;
#4633 = CARTESIAN_POINT ( 'NONE',  ( -0.2149999999999998000, 0.1450000000000001800, 1.516388554922438500 ) ) ;
#4636 = SURFACE_STYLE_USAGE ( .BOTH. , #4637 ) ;
#4635 = LINE ( 'NONE', #4633, #4631 ) ;
#4637 = SURFACE_SIDE_STYLE ('',( #4638 ) ) ;
#4638 = SURFACE_STYLE_FILL_AREA ( #4516 ) ;
#4639 = PLANE ( 'NONE',  #4744 ) ;
#4640 = CARTESIAN_POINT ( 'NONE',  ( -0.4149999999999998100, 0.1450000000000001800, 1.516388554922438500 ) ) ;
#4641 = DIRECTION ( 'NONE',  ( 7.744301232039317900E-017, 6.256159727961946200E-017, 1.000000000000000000 ) ) ;
#4642 =( GEOMETRIC_REPRESENTATION_CONTEXT ( 3 ) GLOBAL_UNCERTAINTY_ASSIGNED_CONTEXT ( ( #4648 ) ) GLOBAL_UNIT_ASSIGNED_CONTEXT ( ( #4655, #4653, #4651 ) ) REPRESENTATION_CONTEXT ( 'NONE', 'WORKASPACE' ) );
#4643 = VECTOR ( 'NONE', #4641, 1000.000000000000000 ) ;
#4644 = CARTESIAN_POINT ( 'NONE',  ( -0.4149999999999998100, 0.1450000000000001800, 1.516388554922438500 ) ) ;
#4645 = DIRECTION ( 'NONE',  ( 0.0000000000000000000, 6.256159727961946200E-017, 1.000000000000000000 ) ) ;
#4646 = DIRECTION ( 'NONE',  ( -4.844958548909047900E-033, 1.000000000000000000, -6.256159727961946200E-017 ) ) ;
#4648 = UNCERTAINTY_MEASURE_WITH_UNIT (LENGTH_MEASURE( 1.000000000000000100E-005 ), #4655, 'distance_accuracy_value', 'NONE');
#4647 = CARTESIAN_POINT ( 'NONE',  ( -0.2150000000000000200, 0.1449999999999999900, -1.516388554922435200 ) ) ;
#4649 = AXIS2_PLACEMENT_3D ( 'NONE', #4647, #4646, #4645 ) ;
#4650 = LINE ( 'NONE', #4644, #4643 ) ;
#4651 =( NAMED_UNIT ( * ) SI_UNIT ( $, .STERADIAN. ) SOLID_ANGLE_UNIT ( ) );
#4652 = PLANE ( 'NONE',  #4649 ) ;
#4653 =( NAMED_UNIT ( * ) PLANE_ANGLE_UNIT ( ) SI_UNIT ( $, .RADIAN. ) );
#4654 =( GEOMETRIC_REPRESENTATION_CONTEXT ( 3 ) GLOBAL_UNCERTAINTY_ASSIGNED_CONTEXT ( ( #4659 ) ) GLOBAL_UNIT_ASSIGNED_CONTEXT ( ( #4674, #4670, #4664 ) ) REPRESENTATION_CONTEXT ( 'NONE', 'WORKASPACE' ) );
#4655 =( LENGTH_UNIT ( ) NAMED_UNIT ( * ) SI_UNIT ( .MILLI., .METRE. ) );
#4656 = MECHANICAL_DESIGN_GEOMETRIC_PRESENTATION_REPRESENTATION (  '', ( #4658 ), #4642 ) ;
#4657 = PRESENTATION_LAYER_ASSIGNMENT (  '', '', ( #4658 ) ) ;
#4658 = STYLED_ITEM ( 'NONE', ( #4660 ), #472 ) ;
#4659 = UNCERTAINTY_MEASURE_WITH_UNIT (LENGTH_MEASURE( 1.000000000000000100E-005 ), #4674, 'distance_accuracy_value', 'NONE');
#4660 = PRESENTATION_STYLE_ASSIGNMENT (( #4661 ) ) ;
#4661 = SURFACE_STYLE_USAGE ( .BOTH. , #4662 ) ;
#4662 = SURFACE_SIDE_STYLE ('',( #4663 ) ) ;
#4663 = SURFACE_STYLE_FILL_AREA ( #4665 ) ;
#4664 =( NAMED_UNIT ( * ) SI_UNIT ( $, .STERADIAN. ) SOLID_ANGLE_UNIT ( ) );
#4665 = FILL_AREA_STYLE ('',( #4673 ) ) ;
#4666 = COLOUR_RGB ( '',1.000000000000000000, 1.000000000000000000, 1.000000000000000000 ) ;
#4667 = FACE_OUTER_BOUND ( 'NONE', #473, .T. ) ;
#4668 = DIRECTION ( 'NONE',  ( 7.149896831956507700E-017, 6.123233995736761100E-017, 1.000000000000000000 ) ) ;
#4669 = VECTOR ( 'NONE', #4668, 1000.000000000000000 ) ;
#4670 =( NAMED_UNIT ( * ) PLANE_ANGLE_UNIT ( ) SI_UNIT ( $, .RADIAN. ) );
#4671 = CARTESIAN_POINT ( 'NONE',  ( 0.4349999999999999400, -7.126743562157366300E-018, -1.516388554922436300 ) ) ;
#4672 = LINE ( 'NONE', #4671, #4669 ) ;
#4673 = FILL_AREA_STYLE_COLOUR ( '', #4666 ) ;
#4674 =( LENGTH_UNIT ( ) NAMED_UNIT ( * ) SI_UNIT ( .MILLI., .METRE. ) );
#4675 = CARTESIAN_POINT ( 'NONE',  ( 0.4349999999999999400, -7.126743562157366300E-018, -1.516388554922436300 ) ) ;
#4676 = MECHANICAL_DESIGN_GEOMETRIC_PRESENTATION_REPRESENTATION (  '', ( #4681 ), #4654 ) ;
#4677 = DIRECTION ( 'NONE',  ( -1.000000000000000000, 0.0000000000000000000, 7.744301232039317900E-017 ) ) ;
#4678 = VECTOR ( 'NONE', #4677, 1000.000000000000000 ) ;
#4679 = PRESENTATION_LAYER_ASSIGNMENT (  '', '', ( #4681 ) ) ;
#4680 = CARTESIAN_POINT ( 'NONE',  ( 0.4349999999999999400, -0.5850000000000006300, -2.000000000000000000 ) ) ;
#4681 = STYLED_ITEM ( 'NONE', ( #4683 ), #1846 ) ;
#4682 = LINE ( 'NONE', #4680, #4678 ) ;
#4683 = PRESENTATION_STYLE_ASSIGNMENT (( #4572 ) ) ;
#4684 = TOROIDAL_SURFACE ( 'NONE', #5245, 0.1249999999999998900, 0.02000000000000000000 ) ;
#4685 = DIRECTION ( 'NONE',  ( 0.0000000000000000000, 0.0000000000000000000, 1.000000000000000000 ) ) ;
#4686 = DIRECTION ( 'NONE',  ( -1.000000000000000000, 0.0000000000000000000, 7.744301232039317900E-017 ) ) ;
#4687 = AXIS2_PLACEMENT_3D ( 'NONE', #4693, #4686, #4685 ) ;
#4688 = DIRECTION ( 'NONE',  ( -7.744301232039317900E-017, 3.614007241618349300E-016, -1.000000000000000000 ) ) ;
#4689 = CYLINDRICAL_SURFACE ( 'NONE', #4687, 0.1449999999999999300 ) ;
#4690 = VECTOR ( 'NONE', #4688, 1000.000000000000000 ) ;
#4691 = UNCERTAINTY_MEASURE_WITH_UNIT (LENGTH_MEASURE( 1.000000000000000100E-005 ), #4696, 'distance_accuracy_value', 'NONE');
#4692 =( NAMED_UNIT ( * ) SI_UNIT ( $, .STERADIAN. ) SOLID_ANGLE_UNIT ( ) );
#4693 = CARTESIAN_POINT ( 'NONE',  ( -0.2149999999999998000, 1.897353801849632800E-016, 1.516388554922439600 ) ) ;
#4694 =( NAMED_UNIT ( * ) PLANE_ANGLE_UNIT ( ) SI_UNIT ( $, .RADIAN. ) );
#4695 =( GEOMETRIC_REPRESENTATION_CONTEXT ( 3 ) GLOBAL_UNCERTAINTY_ASSIGNED_CONTEXT ( ( #4698 ) ) GLOBAL_UNIT_ASSIGNED_CONTEXT ( ( #4715, #4708, #4701 ) ) REPRESENTATION_CONTEXT ( 'NONE', 'WORKASPACE' ) );
#4696 =( LENGTH_UNIT ( ) NAMED_UNIT ( * ) SI_UNIT ( .MILLI., .METRE. ) );
#4697 = MECHANICAL_DESIGN_GEOMETRIC_PRESENTATION_REPRESENTATION (  '', ( #4700 ), #4804 ) ;
#4698 = UNCERTAINTY_MEASURE_WITH_UNIT (LENGTH_MEASURE( 1.000000000000000100E-005 ), #4715, 'distance_accuracy_value', 'NONE');
#4699 = PRESENTATION_LAYER_ASSIGNMENT (  '', '', ( #4700 ) ) ;
#4700 = STYLED_ITEM ( 'NONE', ( #4702 ), #483 ) ;
#4701 =( NAMED_UNIT ( * ) SI_UNIT ( $, .STERADIAN. ) SOLID_ANGLE_UNIT ( ) );
#4702 = PRESENTATION_STYLE_ASSIGNMENT (( #4703 ) ) ;
#4703 = SURFACE_STYLE_USAGE ( .BOTH. , #4704 ) ;
#4704 = SURFACE_SIDE_STYLE ('',( #4705 ) ) ;
#4705 = SURFACE_STYLE_FILL_AREA ( #4706 ) ;
#4706 = FILL_AREA_STYLE ('',( #4714 ) ) ;
#4707 = COLOUR_RGB ( '',1.000000000000000000, 1.000000000000000000, 1.000000000000000000 ) ;
#4708 =( NAMED_UNIT ( * ) PLANE_ANGLE_UNIT ( ) SI_UNIT ( $, .RADIAN. ) );
#4709 = FACE_OUTER_BOUND ( 'NONE', #7789, .T. ) ;
#4710 = DIRECTION ( 'NONE',  ( 0.0000000000000000000, 0.9961946980917452100, 0.08715574274766152400 ) ) ;
#4711 = VECTOR ( 'NONE', #4710, 1000.000000000000100 ) ;
#4712 = CARTESIAN_POINT ( 'NONE',  ( 0.4349999999999999400, -0.4526375826984102600, -1.555989212094326600 ) ) ;
#4713 = LINE ( 'NONE', #4712, #4711 ) ;
#4714 = FILL_AREA_STYLE_COLOUR ( '', #4707 ) ;
#4715 =( LENGTH_UNIT ( ) NAMED_UNIT ( * ) SI_UNIT ( .MILLI., .METRE. ) );
#4716 = MECHANICAL_DESIGN_GEOMETRIC_PRESENTATION_REPRESENTATION (  '', ( #4719 ), #4695 ) ;
#4717 = CARTESIAN_POINT ( 'NONE',  ( 0.4349999999999999400, -0.4526375826984102600, -1.555989212094326600 ) ) ;
#4718 = PRESENTATION_LAYER_ASSIGNMENT (  '', '', ( #4719 ) ) ;
#4720 = DIRECTION ( 'NONE',  ( -1.000000000000000000, 0.0000000000000000000, 7.744301232039317900E-017 ) ) ;
#4719 = STYLED_ITEM ( 'NONE', ( #4722 ), #1857 ) ;
#4721 = VECTOR ( 'NONE', #4720, 1000.000000000000000 ) ;
#4722 = PRESENTATION_STYLE_ASSIGNMENT (( #4723 ) ) ;
#4724 = CARTESIAN_POINT ( 'NONE',  ( 0.4349999999999999400, -0.4526375826984102600, -1.555989212094326600 ) ) ;
#4723 = SURFACE_STYLE_USAGE ( .BOTH. , #4725 ) ;
#4726 = LINE ( 'NONE', #4724, #4721 ) ;
#4725 = SURFACE_SIDE_STYLE ('',( #4727 ) ) ;
#4727 = SURFACE_STYLE_FILL_AREA ( #4728 ) ;
#4728 = FILL_AREA_STYLE ('',( #4739 ) ) ;
#4729 = COLOUR_RGB ( '',1.000000000000000000, 1.000000000000000000, 1.000000000000000000 ) ;
#4731 = CARTESIAN_POINT ( 'NONE',  ( 0.2149999999999999100, -0.4526375826984102600, -1.555989212094326600 ) ) ;
#4730 = FACE_OUTER_BOUND ( 'NONE', #1858, .T. ) ;
#4732 = DIRECTION ( 'NONE',  ( -7.744301232039317900E-017, -6.256159727961946200E-017, -1.000000000000000000 ) ) ;
#4733 = DIRECTION ( 'NONE',  ( 0.0000000000000000000, 0.9961946980917452100, 0.08715574274766152400 ) ) ;
#4734 = VECTOR ( 'NONE', #4732, 1000.000000000000000 ) ;
#4735 = VECTOR ( 'NONE', #4733, 1000.000000000000100 ) ;
#4736 = CARTESIAN_POINT ( 'NONE',  ( -0.2350000000000000700, 0.1449999999999999900, -1.516388554922435200 ) ) ;
#4738 = CARTESIAN_POINT ( 'NONE',  ( 0.2149999999999999100, -0.4526375826984102600, -1.555989212094326600 ) ) ;
#4737 = LINE ( 'NONE', #4736, #4734 ) ;
#4739 = FILL_AREA_STYLE_COLOUR ( '', #4729 ) ;
#4740 = DIRECTION ( 'NONE',  ( 0.0000000000000000000, -0.9961946980917453200, -0.08715574274766153800 ) ) ;
#4741 = DIRECTION ( 'NONE',  ( 7.714831827782940100E-017, -0.08715574274766153800, 0.9961946980917453200 ) ) ;
#4743 = CARTESIAN_POINT ( 'NONE',  ( 0.4349999999999999400, -0.4526375826984102600, -1.555989212094326600 ) ) ;
#4742 = DIRECTION ( 'NONE',  ( -1.000000000000000000, 0.0000000000000000000, 7.744301232039317900E-017 ) ) ;
#4744 = AXIS2_PLACEMENT_3D ( 'NONE', #4743, #4741, #4740 ) ;
#4745 = AXIS2_PLACEMENT_3D ( 'NONE', #4751, #4742, #4857 ) ;
#4746 = LINE ( 'NONE', #4738, #4735 ) ;
#4747 = CYLINDRICAL_SURFACE ( 'NONE', #4745, 0.1450000000000001600 ) ;
#4748 = CIRCLE ( 'NONE', #4854, 0.1450000000000001600 ) ;
#4749 = UNCERTAINTY_MEASURE_WITH_UNIT (LENGTH_MEASURE( 1.000000000000000100E-005 ), #4754, 'distance_accuracy_value', 'NONE');
#4750 =( NAMED_UNIT ( * ) SI_UNIT ( $, .STERADIAN. ) SOLID_ANGLE_UNIT ( ) );
#4751 = CARTESIAN_POINT ( 'NONE',  ( -0.2150000000000000200, 0.0000000000000000000, -1.516388554922436100 ) ) ;
#4752 =( GEOMETRIC_REPRESENTATION_CONTEXT ( 3 ) GLOBAL_UNCERTAINTY_ASSIGNED_CONTEXT ( ( #4755 ) ) GLOBAL_UNIT_ASSIGNED_CONTEXT ( ( #4772, #4765, #4758 ) ) REPRESENTATION_CONTEXT ( 'NONE', 'WORKASPACE' ) );
#4753 =( NAMED_UNIT ( * ) PLANE_ANGLE_UNIT ( ) SI_UNIT ( $, .RADIAN. ) );
#4754 =( LENGTH_UNIT ( ) NAMED_UNIT ( * ) SI_UNIT ( .MILLI., .METRE. ) );
#4756 = MECHANICAL_DESIGN_GEOMETRIC_PRESENTATION_REPRESENTATION (  '', ( #4759 ), #4856 ) ;
#4755 = UNCERTAINTY_MEASURE_WITH_UNIT (LENGTH_MEASURE( 1.000000000000000100E-005 ), #4772, 'distance_accuracy_value', 'NONE');
#4757 = PRESENTATION_LAYER_ASSIGNMENT (  '', '', ( #4759 ) ) ;
#4759 = STYLED_ITEM ( 'NONE', ( #4760 ), #490 ) ;
#4758 =( NAMED_UNIT ( * ) SI_UNIT ( $, .STERADIAN. ) SOLID_ANGLE_UNIT ( ) );
#4760 = PRESENTATION_STYLE_ASSIGNMENT (( #4761 ) ) ;
#4761 = SURFACE_STYLE_USAGE ( .BOTH. , #4762 ) ;
#4762 = SURFACE_SIDE_STYLE ('',( #4763 ) ) ;
#4763 = SURFACE_STYLE_FILL_AREA ( #4764 ) ;
#4764 = FILL_AREA_STYLE ('',( #4773 ) ) ;
#4766 = COLOUR_RGB ( '',1.000000000000000000, 1.000000000000000000, 1.000000000000000000 ) ;
#4765 =( NAMED_UNIT ( * ) PLANE_ANGLE_UNIT ( ) SI_UNIT ( $, .RADIAN. ) );
#4767 = FACE_OUTER_BOUND ( 'NONE', #491, .T. ) ;
#4768 = DIRECTION ( 'NONE',  ( -0.0000000000000000000, -0.9961946980917457700, 0.08715574274765473800 ) ) ;
#4769 = VECTOR ( 'NONE', #4768, 1000.000000000000100 ) ;
#4770 = CARTESIAN_POINT ( 'NONE',  ( 0.4350000000000001600, -0.4526375826984084800, 1.555989212094326400 ) ) ;
#4771 = LINE ( 'NONE', #4770, #4769 ) ;
#4772 =( LENGTH_UNIT ( ) NAMED_UNIT ( * ) SI_UNIT ( .MILLI., .METRE. ) );
#4773 = FILL_AREA_STYLE_COLOUR ( '', #4766 ) ;
#4774 = MECHANICAL_DESIGN_GEOMETRIC_PRESENTATION_REPRESENTATION (  '', ( #4777 ), #4752 ) ;
#4775 = CARTESIAN_POINT ( 'NONE',  ( 0.4350000000000001600, 1.785772954427868700E-016, 1.516388554922439200 ) ) ;
#4776 = PRESENTATION_LAYER_ASSIGNMENT (  '', '', ( #4777 ) ) ;
#4777 = STYLED_ITEM ( 'NONE', ( #4779 ), #1863 ) ;
#4778 = DIRECTION ( 'NONE',  ( -1.000000000000000000, 0.0000000000000000000, 7.744301232039317900E-017 ) ) ;
#4779 = PRESENTATION_STYLE_ASSIGNMENT (( #4781 ) ) ;
#4780 = VECTOR ( 'NONE', #4778, 1000.000000000000000 ) ;
#4781 = SURFACE_STYLE_USAGE ( .BOTH. , #4783 ) ;
#4782 = CARTESIAN_POINT ( 'NONE',  ( 0.4350000000000001600, 1.785772954427868700E-016, 1.516388554922439200 ) ) ;
#4783 = SURFACE_SIDE_STYLE ('',( #4785 ) ) ;
#4784 = LINE ( 'NONE', #4782, #4780 ) ;
#4785 = SURFACE_STYLE_FILL_AREA ( #4786 ) ;
#4786 = FILL_AREA_STYLE ('',( #4794 ) ) ;
#4787 = COLOUR_RGB ( '',1.000000000000000000, 1.000000000000000000, 1.000000000000000000 ) ;
#4788 = FACE_OUTER_BOUND ( 'NONE', #1864, .T. ) ;
#4789 = DIRECTION ( 'NONE',  ( -6.749603259400173900E-018, -0.9961946980917453200, -0.08715574274766159400 ) ) ;
#4790 = VECTOR ( 'NONE', #4789, 999.9999999999998900 ) ;
#4791 = CARTESIAN_POINT ( 'NONE',  ( -0.2350000000000000700, -0.4350000000000001600, -1.700000000000000200 ) ) ;
#4792 = DIRECTION ( 'NONE',  ( 0.0000000000000000000, 0.0000000000000000000, 1.000000000000000000 ) ) ;
#4793 = LINE ( 'NONE', #4791, #4790 ) ;
#4795 = DIRECTION ( 'NONE',  ( -1.000000000000000000, 0.0000000000000000000, 7.744301232039317900E-017 ) ) ;
#4794 = FILL_AREA_STYLE_COLOUR ( '', #4787 ) ;
#4796 = AXIS2_PLACEMENT_3D ( 'NONE', #4800, #4795, #4792 ) ;
#4797 = CYLINDRICAL_SURFACE ( 'NONE', #4796, 0.1449999999999999300 ) ;
#4798 = CARTESIAN_POINT ( 'NONE',  ( 0.2150000000000001400, 1.785772954427868700E-016, 1.516388554922439200 ) ) ;
#4799 = CARTESIAN_POINT ( 'NONE',  ( -0.2350000000000000700, 0.01263758269840999800, -1.660836786145739400 ) ) ;
#4800 = CARTESIAN_POINT ( 'NONE',  ( 0.4349999999999999400, -0.4400000000000001700, -1.700437443317629700 ) ) ;
#4801 = DIRECTION ( 'NONE',  ( -1.000000000000000000, 0.0000000000000000000, 0.0000000000000000000 ) ) ;
#4802 = DIRECTION ( 'NONE',  ( -7.744301232039317900E-017, -6.256159727961946200E-017, -1.000000000000000000 ) ) ;
#4803 = CARTESIAN_POINT ( 'NONE',  ( -0.8850000000000000100, 0.1250000000000000000, -1.516388554922435200 ) ) ;
#4804 =( GEOMETRIC_REPRESENTATION_CONTEXT ( 3 ) GLOBAL_UNCERTAINTY_ASSIGNED_CONTEXT ( ( #4691 ) ) GLOBAL_UNIT_ASSIGNED_CONTEXT ( ( #4696, #4694, #4692 ) ) REPRESENTATION_CONTEXT ( 'NONE', 'WORKASPACE' ) );
#4805 = AXIS2_PLACEMENT_3D ( 'NONE', #4803, #4802, #4801 ) ;
#4806 = DIRECTION ( 'NONE',  ( -1.000000000000000000, 0.0000000000000000000, 7.744301232039317900E-017 ) ) ;
#4807 = VECTOR ( 'NONE', #4806, 1000.000000000000000 ) ;
#4808 = CARTESIAN_POINT ( 'NONE',  ( 0.4350000000000001600, -0.4526375826984085900, 1.555989212094326400 ) ) ;
#4809 = LINE ( 'NONE', #4808, #4807 ) ;
#4810 = CYLINDRICAL_SURFACE ( 'NONE', #4805, 0.02000000000000005200 ) ;
#4811 = FACE_OUTER_BOUND ( 'NONE', #1887, .T. ) ;
#4812 = DIRECTION ( 'NONE',  ( 7.744301232039317900E-017, -2.168404344971009700E-015, 1.000000000000000000 ) ) ;
#4813 = VECTOR ( 'NONE', #4812, 1000.000000000000000 ) ;
#4814 = CARTESIAN_POINT ( 'NONE',  ( -0.4149999999999999800, -0.4350000000000001600, -1.700000000000000000 ) ) ;
#4815 = LINE ( 'NONE', #4814, #4813 ) ;
#4816 = CARTESIAN_POINT ( 'NONE',  ( 0.2150000000000001400, -0.4526375826984085900, 1.555989212094326400 ) ) ;
#4817 = DIRECTION ( 'NONE',  ( 0.0000000000000000000, 0.0000000000000000000, -1.000000000000000000 ) ) ;
#4818 = DIRECTION ( 'NONE',  ( -1.000000000000000000, 0.0000000000000000000, 7.744301232039317900E-017 ) ) ;
#4819 = CARTESIAN_POINT ( 'NONE',  ( 0.2150000000000001400, -0.4399999999999993900, 1.700437443317629500 ) ) ;
#4820 = CARTESIAN_POINT ( 'NONE',  ( -0.4149999999999999800, -0.4349999999999995500, -1.980000000000000000 ) ) ;
#4821 = AXIS2_PLACEMENT_3D ( 'NONE', #4819, #4818, #4817 ) ;
#4822 = CIRCLE ( 'NONE', #4821, 0.1450000000000001600 ) ;
#4823 = DIRECTION ( 'NONE',  ( -1.000000000000000000, 0.0000000000000000000, 7.744301232039317900E-017 ) ) ;
#4824 = VECTOR ( 'NONE', #4823, 1000.000000000000000 ) ;
#4825 = CARTESIAN_POINT ( 'NONE',  ( -0.2150000000000000200, -0.4349999999999995500, -1.980000000000000000 ) ) ;
#4826 = LINE ( 'NONE', #4825, #4824 ) ;
#4827 = DIRECTION ( 'NONE',  ( -1.000000000000000000, 0.0000000000000000000, 7.744301232039317900E-017 ) ) ;
#4828 = VECTOR ( 'NONE', #4827, 1000.000000000000000 ) ;
#4829 = DIRECTION ( 'NONE',  ( 0.0000000000000000000, 0.0000000000000000000, -1.000000000000000000 ) ) ;
#4830 = CARTESIAN_POINT ( 'NONE',  ( 0.4349999999999999400, -7.126743562157366300E-018, -1.516388554922436300 ) ) ;
#4831 = LINE ( 'NONE', #4830, #4828 ) ;
#4832 = DIRECTION ( 'NONE',  ( -1.000000000000000000, 0.0000000000000000000, 7.744301232039317900E-017 ) ) ;
#4833 = CARTESIAN_POINT ( 'NONE',  ( -0.2350000000000000700, 0.0000000000000000000, -1.516388554922436100 ) ) ;
#4834 = AXIS2_PLACEMENT_3D ( 'NONE', #4833, #4832, #4829 ) ;
#4835 = CIRCLE ( 'NONE', #4834, 0.1450000000000001600 ) ;
#4836 = CARTESIAN_POINT ( 'NONE',  ( 0.2149999999999999100, -7.126743562157366300E-018, -1.516388554922436300 ) ) ;
#4837 = DIRECTION ( 'NONE',  ( 7.149896831956507700E-017, 6.123233995736761100E-017, 1.000000000000000000 ) ) ;
#4838 = VECTOR ( 'NONE', #4837, 1000.000000000000000 ) ;
#4840 = CARTESIAN_POINT ( 'NONE',  ( 0.2149999999999999100, -7.126743562157366300E-018, -1.516388554922436300 ) ) ;
#4839 = CARTESIAN_POINT ( 'NONE',  ( -0.2350000000000000700, 0.1450000000000000500, -1.516388554922435200 ) ) ;
#4841 = DIRECTION ( 'NONE',  ( -1.000000000000000000, 0.0000000000000000000, 7.744301232039317900E-017 ) ) ;
#4842 = VECTOR ( 'NONE', #4841, 1000.000000000000000 ) ;
#4843 = CARTESIAN_POINT ( 'NONE',  ( -0.2150000000000000200, 0.1450000000000000500, -1.516388554922435200 ) ) ;
#4844 = LINE ( 'NONE', #4843, #4842 ) ;
#4845 = DIRECTION ( 'NONE',  ( 0.0000000000000000000, -6.123233995736761100E-017, -1.000000000000000000 ) ) ;
#4846 = DIRECTION ( 'NONE',  ( 4.742016857724923500E-033, -1.000000000000000000, 6.123233995736761100E-017 ) ) ;
#4847 = CARTESIAN_POINT ( 'NONE',  ( 0.4349999999999999400, -7.126743562157366300E-018, -1.516388554922436300 ) ) ;
#4848 = AXIS2_PLACEMENT_3D ( 'NONE', #4847, #4846, #4845 ) ;
#4849 = LINE ( 'NONE', #4840, #4838 ) ;
#4850 = CARTESIAN_POINT ( 'NONE',  ( -0.4149999999999999800, 0.1450000000000000500, -1.516388554922435200 ) ) ;
#4851 = DIRECTION ( 'NONE',  ( 0.0000000000000000000, 0.0000000000000000000, -1.000000000000000000 ) ) ;
#4852 = DIRECTION ( 'NONE',  ( 1.000000000000000000, -0.0000000000000000000, -7.744301232039317900E-017 ) ) ;
#4853 = CARTESIAN_POINT ( 'NONE',  ( -0.4149999999999999800, 0.0000000000000000000, -1.516388554922436100 ) ) ;
#4854 = AXIS2_PLACEMENT_3D ( 'NONE', #4853, #4852, #4851 ) ;
#4855 = PLANE ( 'NONE',  #4848 ) ;
#4856 =( GEOMETRIC_REPRESENTATION_CONTEXT ( 3 ) GLOBAL_UNCERTAINTY_ASSIGNED_CONTEXT ( ( #4749 ) ) GLOBAL_UNIT_ASSIGNED_CONTEXT ( ( #4754, #4753, #4750 ) ) REPRESENTATION_CONTEXT ( 'NONE', 'WORKASPACE' ) );
#4857 = DIRECTION ( 'NONE',  ( 0.0000000000000000000, 0.0000000000000000000, 1.000000000000000000 ) ) ;
#4858 = LINE ( 'NONE', #4964, #4963 ) ;
#4859 = CARTESIAN_POINT ( 'NONE',  ( -0.2149999999999998000, 0.01089446784345603200, 1.640912892183907800 ) ) ;
#4860 = DIRECTION ( 'NONE',  ( 0.0000000000000000000, 0.0000000000000000000, -1.000000000000000000 ) ) ;
#4861 = DIRECTION ( 'NONE',  ( 1.000000000000000000, -0.0000000000000000000, -7.744301232039317900E-017 ) ) ;
#4862 = CARTESIAN_POINT ( 'NONE',  ( -0.2149999999999998000, 1.897353801849632800E-016, 1.516388554922439600 ) ) ;
#4863 = AXIS2_PLACEMENT_3D ( 'NONE', #4862, #4861, #4860 ) ;
#4864 = CIRCLE ( 'NONE', #4863, 0.1249999999999998900 ) ;
#4865 = FACE_OUTER_BOUND ( 'NONE', #510, .T. ) ;
#4866 = CARTESIAN_POINT ( 'NONE',  ( 0.8849999999999999000, 0.01263758269840999800, -1.660836786145739200 ) ) ;
#4867 = DIRECTION ( 'NONE',  ( 0.0000000000000000000, 0.9961946980917457700, -0.08715574274765472400 ) ) ;
#4868 = DIRECTION ( 'NONE',  ( -7.714831827782947500E-017, -0.08715574274765473800, -0.9961946980917458800 ) ) ;
#4869 = CARTESIAN_POINT ( 'NONE',  ( 0.4350000000000001600, -0.4526375826984084800, 1.555989212094326400 ) ) ;
#4870 = AXIS2_PLACEMENT_3D ( 'NONE', #4869, #4868, #4867 ) ;
#4871 = CARTESIAN_POINT ( 'NONE',  ( -0.2149999999999998000, 0.1250000000000001900, 1.516388554922438700 ) ) ;
#4872 = FILL_AREA_STYLE_COLOUR ( '', #4975 ) ;
#4873 = DIRECTION ( 'NONE',  ( 7.744301232039317900E-017, 6.256159727961946200E-017, 1.000000000000000000 ) ) ;
#4874 = VECTOR ( 'NONE', #4873, 1000.000000000000000 ) ;
#4875 = CARTESIAN_POINT ( 'NONE',  ( -0.2149999999999998000, 0.1250000000000001900, 1.516388554922439600 ) ) ;
#4876 = LINE ( 'NONE', #4875, #4874 ) ;
#4877 = PLANE ( 'NONE',  #4870 ) ;
#4878 =( GEOMETRIC_REPRESENTATION_CONTEXT ( 3 ) GLOBAL_UNCERTAINTY_ASSIGNED_CONTEXT ( ( #4885 ) ) GLOBAL_UNIT_ASSIGNED_CONTEXT ( ( #4893, #4890, #4886 ) ) REPRESENTATION_CONTEXT ( 'NONE', 'WORKASPACE' ) );
#4879 = CARTESIAN_POINT ( 'NONE',  ( -0.2150000000000000200, 0.1250000000000000600, -1.516388554922435200 ) ) ;
#4880 = DIRECTION ( 'NONE',  ( 0.0000000000000000000, 0.0000000000000000000, -1.000000000000000000 ) ) ;
#4881 = DIRECTION ( 'NONE',  ( 1.000000000000000000, -0.0000000000000000000, -7.744301232039317900E-017 ) ) ;
#4882 = CARTESIAN_POINT ( 'NONE',  ( -0.2150000000000000200, 0.0000000000000000000, -1.516388554922436100 ) ) ;
#4883 = AXIS2_PLACEMENT_3D ( 'NONE', #4882, #4881, #4880 ) ;
#4884 = CIRCLE ( 'NONE', #4883, 0.1250000000000001100 ) ;
#4885 = UNCERTAINTY_MEASURE_WITH_UNIT (LENGTH_MEASURE( 1.000000000000000100E-005 ), #4893, 'distance_accuracy_value', 'NONE');
#4886 =( NAMED_UNIT ( * ) SI_UNIT ( $, .STERADIAN. ) SOLID_ANGLE_UNIT ( ) );
#4887 = CARTESIAN_POINT ( 'NONE',  ( -0.2150000000000000200, 0.01089446784345688900, -1.640912892183904500 ) ) ;
#4888 = DIRECTION ( 'NONE',  ( 6.749603259400174600E-018, 0.9961946980917453200, 0.08715574274766159400 ) ) ;
#4889 = VECTOR ( 'NONE', #4888, 999.9999999999998900 ) ;
#4890 =( NAMED_UNIT ( * ) PLANE_ANGLE_UNIT ( ) SI_UNIT ( $, .RADIAN. ) );
#4891 = CARTESIAN_POINT ( 'NONE',  ( -0.2150000000000000200, 0.2742125770407393100, -1.617875542728060000 ) ) ;
#4892 = LINE ( 'NONE', #4891, #4889 ) ;
#4893 =( LENGTH_UNIT ( ) NAMED_UNIT ( * ) SI_UNIT ( .MILLI., .METRE. ) );
#4894 = DIRECTION ( 'NONE',  ( 7.744301232039317900E-017, -2.168404344971009700E-015, 1.000000000000000000 ) ) ;
#4895 = VECTOR ( 'NONE', #4894, 1000.000000000000000 ) ;
#4896 = MECHANICAL_DESIGN_GEOMETRIC_PRESENTATION_REPRESENTATION (  '', ( #4900 ), #4878 ) ;
#4897 = CARTESIAN_POINT ( 'NONE',  ( -0.2149999999999998000, -0.4550000000000071800, 1.516388554922438500 ) ) ;
#4898 = LINE ( 'NONE', #4897, #4895 ) ;
#4899 = PRESENTATION_LAYER_ASSIGNMENT (  '', '', ( #4900 ) ) ;
#4900 = STYLED_ITEM ( 'NONE', ( #4901 ), #507 ) ;
#4901 = PRESENTATION_STYLE_ASSIGNMENT (( #4902 ) ) ;
#4902 = SURFACE_STYLE_USAGE ( .BOTH. , #4903 ) ;
#4903 = SURFACE_SIDE_STYLE ('',( #4904 ) ) ;
#4904 = SURFACE_STYLE_FILL_AREA ( #4906 ) ;
#4905 = DIRECTION ( 'NONE',  ( -1.000000000000000000, 0.0000000000000000000, 0.0000000000000000000 ) ) ;
#4906 = FILL_AREA_STYLE ('',( #4907 ) ) ;
#4907 = FILL_AREA_STYLE_COLOUR ( '', #4909 ) ;
#4908 = DIRECTION ( 'NONE',  ( 0.0000000000000000000, 0.0000000000000000000, -1.000000000000000000 ) ) ;
#4909 = COLOUR_RGB ( '',1.000000000000000000, 1.000000000000000000, 1.000000000000000000 ) ;
#4910 = CARTESIAN_POINT ( 'NONE',  ( -0.8850000000000000100, -0.4549999999999995700, -1.980000000000000000 ) ) ;
#4912 = DIRECTION ( 'NONE',  ( 0.0000000000000000000, 0.0000000000000000000, -1.000000000000000000 ) ) ;
#4911 = AXIS2_PLACEMENT_3D ( 'NONE', #4910, #4908, #4905 ) ;
#4913 = CIRCLE ( 'NONE', #4911, 0.02000000000000005200 ) ;
#4914 = DIRECTION ( 'NONE',  ( -1.000000000000000000, 0.0000000000000000000, 7.744301232039317900E-017 ) ) ;
#4915 = CARTESIAN_POINT ( 'NONE',  ( 0.4350000000000001600, -0.4399999999999993900, 1.700437443317629500 ) ) ;
#4916 = AXIS2_PLACEMENT_3D ( 'NONE', #4915, #4914, #4912 ) ;
#4917 = CIRCLE ( 'NONE', #4916, 0.1450000000000001600 ) ;
#4918 = FACE_OUTER_BOUND ( 'NONE', #425, .T. ) ;
#4919 = CARTESIAN_POINT ( 'NONE',  ( 0.4350000000000001600, -0.4526375826984085900, 1.555989212094326400 ) ) ;
#4920 = UNCERTAINTY_MEASURE_WITH_UNIT (LENGTH_MEASURE( 1.000000000000000100E-005 ), #4928, 'distance_accuracy_value', 'NONE');
#4921 =( NAMED_UNIT ( * ) SI_UNIT ( $, .STERADIAN. ) SOLID_ANGLE_UNIT ( ) );
#4922 = CARTESIAN_POINT ( 'NONE',  ( 1.064999999999999700, -0.4549999999999995700, -2.000000000000000000 ) ) ;
#4924 = CARTESIAN_POINT ( 'NONE',  ( 0.8849999999999999000, -0.4549999999999995700, -2.000000000000000000 ) ) ;
#4923 =( NAMED_UNIT ( * ) PLANE_ANGLE_UNIT ( ) SI_UNIT ( $, .RADIAN. ) );
#4925 = DIRECTION ( 'NONE',  ( 1.000000000000000000, -0.0000000000000000000, -7.744301232039317900E-017 ) ) ;
#4926 = VECTOR ( 'NONE', #4925, 1000.000000000000000 ) ;
#4927 = CARTESIAN_POINT ( 'NONE',  ( 1.085000000000000000, -0.4549999999999995700, -2.000000000000000000 ) ) ;
#4928 =( LENGTH_UNIT ( ) NAMED_UNIT ( * ) SI_UNIT ( .MILLI., .METRE. ) );
#4930 = DIRECTION ( 'NONE',  ( -1.000000000000000000, 0.0000000000000000000, 7.744301232039317900E-017 ) ) ;
#4929 = MECHANICAL_DESIGN_GEOMETRIC_PRESENTATION_REPRESENTATION (  '', ( #4934 ), #5020 ) ;
#4931 = DIRECTION ( 'NONE',  ( -7.744301232039317900E-017, 0.0000000000000000000, -1.000000000000000000 ) ) ;
#4932 = PRESENTATION_LAYER_ASSIGNMENT (  '', '', ( #4934 ) ) ;
#4933 = CARTESIAN_POINT ( 'NONE',  ( 1.085000000000000000, -0.5850000000000006300, -2.000000000000000000 ) ) ;
#4934 = STYLED_ITEM ( 'NONE', ( #4936 ), #1921 ) ;
#4935 = AXIS2_PLACEMENT_3D ( 'NONE', #4933, #4931, #4930 ) ;
#4936 = PRESENTATION_STYLE_ASSIGNMENT (( #4938 ) ) ;
#4937 = LINE ( 'NONE', #4927, #4926 ) ;
#4938 = SURFACE_STYLE_USAGE ( .BOTH. , #4939 ) ;
#4939 = SURFACE_SIDE_STYLE ('',( #4940 ) ) ;
#4940 = SURFACE_STYLE_FILL_AREA ( #4941 ) ;
#4941 = FILL_AREA_STYLE ('',( #4951 ) ) ;
#4942 = COLOUR_RGB ( '',1.000000000000000000, 1.000000000000000000, 1.000000000000000000 ) ;
#4943 = FACE_OUTER_BOUND ( 'NONE', #1838, .T. ) ;
#4944 = PLANE ( 'NONE',  #4935 ) ;
#4945 = DIRECTION ( 'NONE',  ( 0.0000000000000000000, 0.0000000000000000000, -1.000000000000000000 ) ) ;
#4946 = DIRECTION ( 'NONE',  ( -1.000000000000000000, 0.0000000000000000000, 7.744301232039317900E-017 ) ) ;
#4947 = CARTESIAN_POINT ( 'NONE',  ( -0.2349999999999998500, 1.897353801849632800E-016, 1.516388554922439600 ) ) ;
#4948 = AXIS2_PLACEMENT_3D ( 'NONE', #4947, #4946, #4945 ) ;
#4949 =( GEOMETRIC_REPRESENTATION_CONTEXT ( 3 ) GLOBAL_UNCERTAINTY_ASSIGNED_CONTEXT ( ( #4956 ) ) GLOBAL_UNIT_ASSIGNED_CONTEXT ( ( #4965, #4959, #4958 ) ) REPRESENTATION_CONTEXT ( 'NONE', 'WORKASPACE' ) );
#4950 = CIRCLE ( 'NONE', #4948, 0.1449999999999999300 ) ;
#4951 = FILL_AREA_STYLE_COLOUR ( '', #4942 ) ;
#4952 = DIRECTION ( 'NONE',  ( 0.0000000000000000000, 0.0000000000000000000, -1.000000000000000000 ) ) ;
#4953 = DIRECTION ( 'NONE',  ( 1.000000000000000000, -0.0000000000000000000, -7.744301232039317900E-017 ) ) ;
#4954 = CARTESIAN_POINT ( 'NONE',  ( -0.4149999999999998100, 1.897353801849632800E-016, 1.516388554922439600 ) ) ;
#4955 = AXIS2_PLACEMENT_3D ( 'NONE', #4954, #4953, #4952 ) ;
#4956 = UNCERTAINTY_MEASURE_WITH_UNIT (LENGTH_MEASURE( 1.000000000000000100E-005 ), #4965, 'distance_accuracy_value', 'NONE');
#4957 = CIRCLE ( 'NONE', #4955, 0.1449999999999999300 ) ;
#4958 =( NAMED_UNIT ( * ) SI_UNIT ( $, .STERADIAN. ) SOLID_ANGLE_UNIT ( ) );
#4959 =( NAMED_UNIT ( * ) PLANE_ANGLE_UNIT ( ) SI_UNIT ( $, .RADIAN. ) );
#4960 = CARTESIAN_POINT ( 'NONE',  ( -0.2150000000000000200, -0.4550000000000002400, -1.681673376519651700 ) ) ;
#4961 = CARTESIAN_POINT ( 'NONE',  ( -0.2150000000000000200, -0.4549999999999995700, -1.980000000000000000 ) ) ;
#4962 = DIRECTION ( 'NONE',  ( -0.0000000000000000000, 1.000000000000000000, -0.0000000000000000000 ) ) ;
#4963 = VECTOR ( 'NONE', #4962, 1000.000000000000000 ) ;
#4965 =( LENGTH_UNIT ( ) NAMED_UNIT ( * ) SI_UNIT ( .MILLI., .METRE. ) );
#4964 = CARTESIAN_POINT ( 'NONE',  ( -0.2150000000000000200, 1.897353801849632800E-016, -1.980000000000000000 ) ) ;
#4966 = MECHANICAL_DESIGN_GEOMETRIC_PRESENTATION_REPRESENTATION (  '', ( #4969 ), #4949 ) ;
#4967 = PRESENTATION_LAYER_ASSIGNMENT (  '', '', ( #4969 ) ) ;
#4968 =( NAMED_UNIT ( * ) PLANE_ANGLE_UNIT ( ) SI_UNIT ( $, .RADIAN. ) );
#4969 = STYLED_ITEM ( 'NONE', ( #4970 ), #509 ) ;
#4970 = PRESENTATION_STYLE_ASSIGNMENT (( #4971 ) ) ;
#4971 = SURFACE_STYLE_USAGE ( .BOTH. , #4972 ) ;
#4972 = SURFACE_SIDE_STYLE ('',( #4973 ) ) ;
#4973 = SURFACE_STYLE_FILL_AREA ( #4974 ) ;
#4974 = FILL_AREA_STYLE ('',( #4872 ) ) ;
#4975 = COLOUR_RGB ( '',1.000000000000000000, 1.000000000000000000, 1.000000000000000000 ) ;
#4976 =( LENGTH_UNIT ( ) NAMED_UNIT ( * ) SI_UNIT ( .MILLI., .METRE. ) );
#4977 = DIRECTION ( 'NONE',  ( 1.679277644031839900E-031, 1.000000000000000000, 2.168404344971009700E-015 ) ) ;
#4978 = CARTESIAN_POINT ( 'NONE',  ( 1.085000000000000000, -0.4350000000000001600, -1.700000000000000000 ) ) ;
#4979 = MECHANICAL_DESIGN_GEOMETRIC_PRESENTATION_REPRESENTATION (  '', ( #4983 ), #5071 ) ;
#4980 = AXIS2_PLACEMENT_3D ( 'NONE', #4978, #4977, #5085 ) ;
#4981 = LINE ( 'NONE', #5084, #5082 ) ;
#4982 = PRESENTATION_LAYER_ASSIGNMENT (  '', '', ( #4983 ) ) ;
#4983 = STYLED_ITEM ( 'NONE', ( #4984 ), #7553 ) ;
#4984 = PRESENTATION_STYLE_ASSIGNMENT (( #4985 ) ) ;
#4985 = SURFACE_STYLE_USAGE ( .BOTH. , #4986 ) ;
#4986 = SURFACE_SIDE_STYLE ('',( #4987 ) ) ;
#4987 = SURFACE_STYLE_FILL_AREA ( #4989 ) ;
#4988 = PLANE ( 'NONE',  #4980 ) ;
#4989 = FILL_AREA_STYLE ('',( #4997 ) ) ;
#4990 =( GEOMETRIC_REPRESENTATION_CONTEXT ( 3 ) GLOBAL_UNCERTAINTY_ASSIGNED_CONTEXT ( ( #4995 ) ) GLOBAL_UNIT_ASSIGNED_CONTEXT ( ( #5001, #4999, #4996 ) ) REPRESENTATION_CONTEXT ( 'NONE', 'WORKASPACE' ) );
#4991 = CARTESIAN_POINT ( 'NONE',  ( 0.2349999999999999600, -0.4349999999999993900, 1.700000000000000200 ) ) ;
#4992 = CARTESIAN_POINT ( 'NONE',  ( 0.2232842712474619700, -0.4349999999999993900, 1.700000000000000200 ) ) ;
#4993 = CARTESIAN_POINT ( 'NONE',  ( 0.2150000000000001600, -0.4432842712474613900, 1.692408864001934600 ) ) ;
#4994 = CARTESIAN_POINT ( 'NONE',  ( 0.2150000000000001400, -0.4549999999999994000, 1.681673376519651700 ) ) ;
#4995 = UNCERTAINTY_MEASURE_WITH_UNIT (LENGTH_MEASURE( 1.000000000000000100E-005 ), #5001, 'distance_accuracy_value', 'NONE');
#4996 =( NAMED_UNIT ( * ) SI_UNIT ( $, .STERADIAN. ) SOLID_ANGLE_UNIT ( ) );
#4997 = FILL_AREA_STYLE_COLOUR ( '', #5000 ) ;
#4998 =( BOUNDED_CURVE ( )  B_SPLINE_CURVE ( 3, ( #4994, #4993, #4992, #4991 ),
 .UNSPECIFIED., .F., .T. ) 
 B_SPLINE_CURVE_WITH_KNOTS ( ( 4, 4 ),
 ( 1.570796326794895000, 3.141592653589782500 ),
 .UNSPECIFIED. ) 
 CURVE ( )  GEOMETRIC_REPRESENTATION_ITEM ( )  RATIONAL_B_SPLINE_CURVE ( ( 1.000000000000000000, 0.8047378541243671600, 0.8047378541243671600, 1.000000000000000000 ) ) 
 REPRESENTATION_ITEM ( '' )  );
#4999 =( NAMED_UNIT ( * ) PLANE_ANGLE_UNIT ( ) SI_UNIT ( $, .RADIAN. ) );
#5001 =( LENGTH_UNIT ( ) NAMED_UNIT ( * ) SI_UNIT ( .MILLI., .METRE. ) );
#5000 = COLOUR_RGB ( '',1.000000000000000000, 1.000000000000000000, 1.000000000000000000 ) ;
#5002 = FACE_OUTER_BOUND ( 'NONE', #7549, .T. ) ;
#5003 = MECHANICAL_DESIGN_GEOMETRIC_PRESENTATION_REPRESENTATION (  '', ( #5007 ), #4990 ) ;
#5004 = DIRECTION ( 'NONE',  ( -7.744301232039317900E-017, 0.0000000000000000000, -1.000000000000000000 ) ) ;
#5005 = PRESENTATION_LAYER_ASSIGNMENT (  '', '', ( #5007 ) ) ;
#5006 = DIRECTION ( 'NONE',  ( 1.000000000000000000, 0.0000000000000000000, -7.744301232039317900E-017 ) ) ;
#5007 = STYLED_ITEM ( 'NONE', ( #5009 ), #520 ) ;
#5008 = CARTESIAN_POINT ( 'NONE',  ( -0.2149999999999998000, 1.897353801849632800E-016, 1.516388554922439600 ) ) ;
#5009 = PRESENTATION_STYLE_ASSIGNMENT (( #5011 ) ) ;
#5010 = AXIS2_PLACEMENT_3D ( 'NONE', #5008, #5006, #5004 ) ;
#5011 = SURFACE_STYLE_USAGE ( .BOTH. , #5012 ) ;
#5012 = SURFACE_SIDE_STYLE ('',( #5013 ) ) ;
#5013 = SURFACE_STYLE_FILL_AREA ( #5014 ) ;
#5014 = FILL_AREA_STYLE ('',( #5023 ) ) ;
#5016 = COLOUR_RGB ( '',1.000000000000000000, 1.000000000000000000, 1.000000000000000000 ) ;
#5015 = PLANE ( 'NONE',  #5010 ) ;
#5017 = FACE_OUTER_BOUND ( 'NONE', #521, .T. ) ;
#5018 = DIRECTION ( 'NONE',  ( -0.0000000000000000000, 1.000000000000000000, -0.0000000000000000000 ) ) ;
#5019 = VECTOR ( 'NONE', #5018, 1000.000000000000000 ) ;
#5020 =( GEOMETRIC_REPRESENTATION_CONTEXT ( 3 ) GLOBAL_UNCERTAINTY_ASSIGNED_CONTEXT ( ( #4920 ) ) GLOBAL_UNIT_ASSIGNED_CONTEXT ( ( #4928, #4923, #4921 ) ) REPRESENTATION_CONTEXT ( 'NONE', 'WORKASPACE' ) );
#5021 = CARTESIAN_POINT ( 'NONE',  ( 0.8849999999999999000, -0.4349999999999995000, -2.000000000000000000 ) ) ;
#5022 = LINE ( 'NONE', #5021, #5019 ) ;
#5023 = FILL_AREA_STYLE_COLOUR ( '', #5016 ) ;
#5024 = DIRECTION ( 'NONE',  ( 0.0000000000000000000, -1.000000000000000000, 0.0000000000000000000 ) ) ;
#5025 = VECTOR ( 'NONE', #5024, 1000.000000000000000 ) ;
#5026 =( NAMED_UNIT ( * ) PLANE_ANGLE_UNIT ( ) SI_UNIT ( $, .RADIAN. ) );
#5027 = CARTESIAN_POINT ( 'NONE',  ( 1.064999999999999700, -0.5850000000000006300, -2.000000000000000000 ) ) ;
#5028 = LINE ( 'NONE', #5027, #5025 ) ;
#5029 = DIRECTION ( 'NONE',  ( 1.121153232653439900E-031, -1.000000000000000000, 1.447713872511910300E-015 ) ) ;
#5030 = CARTESIAN_POINT ( 'NONE',  ( 0.8849999999999999000, -0.5850000000000006300, -1.980000000000000000 ) ) ;
#5031 = AXIS2_PLACEMENT_3D ( 'NONE', #5030, #5029, #5137 ) ;
#5032 = CIRCLE ( 'NONE', #5031, 0.02000000000000005200 ) ;
#5033 =( LENGTH_UNIT ( ) NAMED_UNIT ( * ) SI_UNIT ( .MILLI., .METRE. ) );
#5034 = FILL_AREA_STYLE_COLOUR ( '', #5134 ) ;
#5035 = MECHANICAL_DESIGN_GEOMETRIC_PRESENTATION_REPRESENTATION (  '', ( #5037 ), #5120 ) ;
#5036 = PRESENTATION_LAYER_ASSIGNMENT (  '', '', ( #5037 ) ) ;
#5037 = STYLED_ITEM ( 'NONE', ( #5038 ), #7566 ) ;
#5038 = PRESENTATION_STYLE_ASSIGNMENT (( #5039 ) ) ;
#5039 = SURFACE_STYLE_USAGE ( .BOTH. , #5040 ) ;
#5040 = SURFACE_SIDE_STYLE ('',( #5041 ) ) ;
#5041 = SURFACE_STYLE_FILL_AREA ( #5043 ) ;
#5042 = CARTESIAN_POINT ( 'NONE',  ( 0.8649999999999998800, -0.5850000000000006300, -1.980000000000000000 ) ) ;
#5043 = FILL_AREA_STYLE ('',( #5054 ) ) ;
#5044 = COLOUR_RGB ( '',1.000000000000000000, 1.000000000000000000, 1.000000000000000000 ) ;
#5045 = DIRECTION ( 'NONE',  ( -0.0000000000000000000, 1.447713872511910500E-015, 1.000000000000000000 ) ) ;
#5046 = FACE_OUTER_BOUND ( 'NONE', #7562, .T. ) ;
#5047 = VECTOR ( 'NONE', #5045, 1000.000000000000000 ) ;
#5048 = DIRECTION ( 'NONE',  ( 1.000000000000000000, 0.0000000000000000000, -1.084202172485504600E-014 ) ) ;
#5049 = CARTESIAN_POINT ( 'NONE',  ( 0.8649999999999998800, -0.5850000000000001900, -1.700437443317630400 ) ) ;
#5050 = DIRECTION ( 'NONE',  ( 1.084202172485501600E-014, -0.0000000000000000000, 1.000000000000000000 ) ) ;
#5051 = LINE ( 'NONE', #5049, #5047 ) ;
#5052 = CARTESIAN_POINT ( 'NONE',  ( 0.2350000000000001800, 0.1250000000000001900, 1.516388554922438500 ) ) ;
#5053 = AXIS2_PLACEMENT_3D ( 'NONE', #5052, #5050, #5048 ) ;
#5054 = FILL_AREA_STYLE_COLOUR ( '', #5044 ) ;
#5055 = DIRECTION ( 'NONE',  ( -0.0000000000000000000, 1.447713872511910500E-015, 1.000000000000000000 ) ) ;
#5056 = VECTOR ( 'NONE', #5055, 1000.000000000000000 ) ;
#5057 = CARTESIAN_POINT ( 'NONE',  ( 1.085000000000000000, -0.5850000000000001900, -1.700437443317630400 ) ) ;
#5058 = LINE ( 'NONE', #5057, #5056 ) ;
#5059 = DIRECTION ( 'NONE',  ( 0.0000000000000000000, -1.000000000000000000, 0.0000000000000000000 ) ) ;
#5060 = DIRECTION ( 'NONE',  ( 7.744301232039317900E-017, -3.614007241618349300E-016, 1.000000000000000000 ) ) ;
#5061 = AXIS2_PLACEMENT_3D ( 'NONE', #5070, #5060, #5059 ) ;
#5062 = CYLINDRICAL_SURFACE ( 'NONE', #5061, 0.01999999999999999700 ) ;
#5064 = CARTESIAN_POINT ( 'NONE',  ( 1.085000000000000000, -0.5850000000000006300, -1.980000000000000000 ) ) ;
#5063 = CIRCLE ( 'NONE', #5053, 0.01999999999999999700 ) ;
#5065 = DIRECTION ( 'NONE',  ( 0.0000000000000000000, 0.0000000000000000000, -1.000000000000000000 ) ) ;
#5066 = DIRECTION ( 'NONE',  ( 1.121153232653439900E-031, -1.000000000000000000, 1.447713872511910300E-015 ) ) ;
#5067 = CARTESIAN_POINT ( 'NONE',  ( 1.064999999999999700, -0.5850000000000006300, -1.980000000000000000 ) ) ;
#5068 = AXIS2_PLACEMENT_3D ( 'NONE', #5067, #5066, #5065 ) ;
#5069 = CIRCLE ( 'NONE', #5068, 0.02000000000000005200 ) ;
#5070 = CARTESIAN_POINT ( 'NONE',  ( 0.2350000000000001800, -0.4549999999999993500, 1.516388554922439400 ) ) ;
#5071 =( GEOMETRIC_REPRESENTATION_CONTEXT ( 3 ) GLOBAL_UNCERTAINTY_ASSIGNED_CONTEXT ( ( #5078 ) ) GLOBAL_UNIT_ASSIGNED_CONTEXT ( ( #4976, #4968, #5079 ) ) REPRESENTATION_CONTEXT ( 'NONE', 'WORKASPACE' ) );
#5072 = CARTESIAN_POINT ( 'NONE',  ( 0.8849999999999999000, -0.5850000000000006300, -2.000000000000000000 ) ) ;
#5073 = CARTESIAN_POINT ( 'NONE',  ( 1.064999999999999700, -0.5850000000000006300, -2.000000000000000000 ) ) ;
#5074 = DIRECTION ( 'NONE',  ( -1.000000000000000000, 0.0000000000000000000, 7.744301232039317900E-017 ) ) ;
#5075 = VECTOR ( 'NONE', #5074, 1000.000000000000000 ) ;
#5076 = CARTESIAN_POINT ( 'NONE',  ( 1.085000000000000000, -0.5850000000000006300, -2.000000000000000000 ) ) ;
#5077 = LINE ( 'NONE', #5076, #5075 ) ;
#5078 = UNCERTAINTY_MEASURE_WITH_UNIT (LENGTH_MEASURE( 1.000000000000000100E-005 ), #4976, 'distance_accuracy_value', 'NONE');
#5079 =( NAMED_UNIT ( * ) SI_UNIT ( $, .STERADIAN. ) SOLID_ANGLE_UNIT ( ) );
#5080 = CARTESIAN_POINT ( 'NONE',  ( 1.064999999999999900, -0.4350000000000001600, -1.700000000000000000 ) ) ;
#5081 = DIRECTION ( 'NONE',  ( -1.000000000000000000, 0.0000000000000000000, 7.744301232039317900E-017 ) ) ;
#5082 = VECTOR ( 'NONE', #5081, 1000.000000000000000 ) ;
#5083 =( GEOMETRIC_REPRESENTATION_CONTEXT ( 3 ) GLOBAL_UNCERTAINTY_ASSIGNED_CONTEXT ( ( #5088 ) ) GLOBAL_UNIT_ASSIGNED_CONTEXT ( ( #5098, #5093, #5092 ) ) REPRESENTATION_CONTEXT ( 'NONE', 'WORKASPACE' ) );
#5084 = CARTESIAN_POINT ( 'NONE',  ( 1.085000000000000000, -0.4350000000000001600, -1.700000000000000000 ) ) ;
#5085 = DIRECTION ( 'NONE',  ( 0.0000000000000000000, -2.168404344971009700E-015, 1.000000000000000000 ) ) ;
#5086 = CARTESIAN_POINT ( 'NONE',  ( 0.8649999999999998800, -0.5850000000000000800, -1.700437443317630400 ) ) ;
#5087 = DIRECTION ( 'NONE',  ( 0.0000000000000000000, 0.0000000000000000000, -1.000000000000000000 ) ) ;
#5088 = UNCERTAINTY_MEASURE_WITH_UNIT (LENGTH_MEASURE( 1.000000000000000100E-005 ), #5098, 'distance_accuracy_value', 'NONE');
#5089 = DIRECTION ( 'NONE',  ( -1.000000000000000000, 0.0000000000000000000, 7.744301232039317900E-017 ) ) ;
#5090 = CARTESIAN_POINT ( 'NONE',  ( 0.8649999999999998800, -0.4400000000000001700, -1.700437443317629500 ) ) ;
#5091 = AXIS2_PLACEMENT_3D ( 'NONE', #5090, #5089, #5087 ) ;
#5092 =( NAMED_UNIT ( * ) SI_UNIT ( $, .STERADIAN. ) SOLID_ANGLE_UNIT ( ) );
#5093 =( NAMED_UNIT ( * ) PLANE_ANGLE_UNIT ( ) SI_UNIT ( $, .RADIAN. ) );
#5094 = DIRECTION ( 'NONE',  ( 0.0000000000000000000, 0.0000000000000000000, 1.000000000000000000 ) ) ;
#5095 = DIRECTION ( 'NONE',  ( -1.000000000000000000, 0.0000000000000000000, 7.744301232039317900E-017 ) ) ;
#5096 = AXIS2_PLACEMENT_3D ( 'NONE', #5103, #5095, #5094 ) ;
#5097 = CYLINDRICAL_SURFACE ( 'NONE', #5096, 0.1449999999999999300 ) ;
#5099 = CIRCLE ( 'NONE', #5091, 0.1449999999999999300 ) ;
#5098 =( LENGTH_UNIT ( ) NAMED_UNIT ( * ) SI_UNIT ( .MILLI., .METRE. ) );
#5100 = MECHANICAL_DESIGN_GEOMETRIC_PRESENTATION_REPRESENTATION (  '', ( #5102 ), #5083 ) ;
#5101 = PRESENTATION_LAYER_ASSIGNMENT (  '', '', ( #5102 ) ) ;
#5102 = STYLED_ITEM ( 'NONE', ( #5104 ), #7568 ) ;
#5103 = CARTESIAN_POINT ( 'NONE',  ( 1.085000000000000000, -0.4400000000000001700, -1.700437443317629500 ) ) ;
#5104 = PRESENTATION_STYLE_ASSIGNMENT (( #5105 ) ) ;
#5105 = SURFACE_STYLE_USAGE ( .BOTH. , #5106 ) ;
#5106 = SURFACE_SIDE_STYLE ('',( #5107 ) ) ;
#5107 = SURFACE_STYLE_FILL_AREA ( #5109 ) ;
#5108 =( GEOMETRIC_REPRESENTATION_CONTEXT ( 3 ) GLOBAL_UNCERTAINTY_ASSIGNED_CONTEXT ( ( #5117 ) ) GLOBAL_UNIT_ASSIGNED_CONTEXT ( ( #5122, #5121, #5118 ) ) REPRESENTATION_CONTEXT ( 'NONE', 'WORKASPACE' ) );
#5109 = FILL_AREA_STYLE ('',( #5116 ) ) ;
#5110 = COLOUR_RGB ( '',1.000000000000000000, 1.000000000000000000, 1.000000000000000000 ) ;
#5111 = DIRECTION ( 'NONE',  ( 0.0000000000000000000, -0.08715574274765461300, -0.9961946980917457700 ) ) ;
#5112 = DIRECTION ( 'NONE',  ( 6.749603259399640800E-018, -0.9961946980917458800, 0.08715574274765469600 ) ) ;
#5113 = AXIS2_PLACEMENT_3D ( 'NONE', #5119, #5112, #5111 ) ;
#5114 = CYLINDRICAL_SURFACE ( 'NONE', #5113, 0.02000000000000001400 ) ;
#5115 = FACE_OUTER_BOUND ( 'NONE', #7567, .T. ) ;
#5116 = FILL_AREA_STYLE_COLOUR ( '', #5110 ) ;
#5117 = UNCERTAINTY_MEASURE_WITH_UNIT (LENGTH_MEASURE( 1.000000000000000100E-005 ), #5122, 'distance_accuracy_value', 'NONE');
#5118 =( NAMED_UNIT ( * ) SI_UNIT ( $, .STERADIAN. ) SOLID_ANGLE_UNIT ( ) );
#5119 = CARTESIAN_POINT ( 'NONE',  ( 0.2350000000000001800, 0.01089446784345701400, 1.640912892183907800 ) ) ;
#5120 =( GEOMETRIC_REPRESENTATION_CONTEXT ( 3 ) GLOBAL_UNCERTAINTY_ASSIGNED_CONTEXT ( ( #5124 ) ) GLOBAL_UNIT_ASSIGNED_CONTEXT ( ( #5033, #5026, #5127 ) ) REPRESENTATION_CONTEXT ( 'NONE', 'WORKASPACE' ) );
#5121 =( NAMED_UNIT ( * ) PLANE_ANGLE_UNIT ( ) SI_UNIT ( $, .RADIAN. ) );
#5122 =( LENGTH_UNIT ( ) NAMED_UNIT ( * ) SI_UNIT ( .MILLI., .METRE. ) );
#5123 = MECHANICAL_DESIGN_GEOMETRIC_PRESENTATION_REPRESENTATION (  '', ( #5126 ), #5108 ) ;
#5124 = UNCERTAINTY_MEASURE_WITH_UNIT (LENGTH_MEASURE( 1.000000000000000100E-005 ), #5033, 'distance_accuracy_value', 'NONE');
#5125 = PRESENTATION_LAYER_ASSIGNMENT (  '', '', ( #5126 ) ) ;
#5126 = STYLED_ITEM ( 'NONE', ( #5128 ), #539 ) ;
#5127 =( NAMED_UNIT ( * ) SI_UNIT ( $, .STERADIAN. ) SOLID_ANGLE_UNIT ( ) );
#5128 = PRESENTATION_STYLE_ASSIGNMENT (( #5129 ) ) ;
#5129 = SURFACE_STYLE_USAGE ( .BOTH. , #5130 ) ;
#5130 = SURFACE_SIDE_STYLE ('',( #5132 ) ) ;
#5131 = DIRECTION ( 'NONE',  ( 0.0000000000000000000, 0.0000000000000000000, -1.000000000000000000 ) ) ;
#5132 = SURFACE_STYLE_FILL_AREA ( #5133 ) ;
#5133 = FILL_AREA_STYLE ('',( #5034 ) ) ;
#5134 = COLOUR_RGB ( '',1.000000000000000000, 1.000000000000000000, 1.000000000000000000 ) ;
#5136 = FACE_OUTER_BOUND ( 'NONE', #7617, .T. ) ;
#5135 =( GEOMETRIC_REPRESENTATION_CONTEXT ( 3 ) GLOBAL_UNCERTAINTY_ASSIGNED_CONTEXT ( ( #5139 ) ) GLOBAL_UNIT_ASSIGNED_CONTEXT ( ( #5144, #5142, #5141 ) ) REPRESENTATION_CONTEXT ( 'NONE', 'WORKASPACE' ) );
#5137 = DIRECTION ( 'NONE',  ( 0.0000000000000000000, 0.0000000000000000000, -1.000000000000000000 ) ) ;
#5138 =( LENGTH_UNIT ( ) NAMED_UNIT ( * ) SI_UNIT ( .MILLI., .METRE. ) );
#5139 = UNCERTAINTY_MEASURE_WITH_UNIT (LENGTH_MEASURE( 1.000000000000000100E-005 ), #5144, 'distance_accuracy_value', 'NONE');
#5140 =( GEOMETRIC_REPRESENTATION_CONTEXT ( 3 ) GLOBAL_UNCERTAINTY_ASSIGNED_CONTEXT ( ( #5143 ) ) GLOBAL_UNIT_ASSIGNED_CONTEXT ( ( #5156, #5148, #5145 ) ) REPRESENTATION_CONTEXT ( 'NONE', 'WORKASPACE' ) );
#5141 =( NAMED_UNIT ( * ) SI_UNIT ( $, .STERADIAN. ) SOLID_ANGLE_UNIT ( ) );
#5142 =( NAMED_UNIT ( * ) PLANE_ANGLE_UNIT ( ) SI_UNIT ( $, .RADIAN. ) );
#5143 = UNCERTAINTY_MEASURE_WITH_UNIT (LENGTH_MEASURE( 1.000000000000000100E-005 ), #5156, 'distance_accuracy_value', 'NONE');
#5144 =( LENGTH_UNIT ( ) NAMED_UNIT ( * ) SI_UNIT ( .MILLI., .METRE. ) );
#5145 =( NAMED_UNIT ( * ) SI_UNIT ( $, .STERADIAN. ) SOLID_ANGLE_UNIT ( ) );
#5146 = MECHANICAL_DESIGN_GEOMETRIC_PRESENTATION_REPRESENTATION (  '', ( #5149 ), #5135 ) ;
#5147 = PRESENTATION_LAYER_ASSIGNMENT (  '', '', ( #5149 ) ) ;
#5148 =( NAMED_UNIT ( * ) PLANE_ANGLE_UNIT ( ) SI_UNIT ( $, .RADIAN. ) );
#5149 = STYLED_ITEM ( 'NONE', ( #5150 ), #7573 ) ;
#5150 = PRESENTATION_STYLE_ASSIGNMENT (( #5151 ) ) ;
#5151 = SURFACE_STYLE_USAGE ( .BOTH. , #5152 ) ;
#5152 = SURFACE_SIDE_STYLE ('',( #5153 ) ) ;
#5153 = SURFACE_STYLE_FILL_AREA ( #5154 ) ;
#5154 = FILL_AREA_STYLE ('',( #5168 ) ) ;
#5155 = COLOUR_RGB ( '',1.000000000000000000, 1.000000000000000000, 1.000000000000000000 ) ;
#5156 =( LENGTH_UNIT ( ) NAMED_UNIT ( * ) SI_UNIT ( .MILLI., .METRE. ) );
#5157 = FACE_OUTER_BOUND ( 'NONE', #7546, .T. ) ;
#5158 = DIRECTION ( 'NONE',  ( 0.0000000000000000000, -0.08715574274764789600, -0.9961946980917464300 ) ) ;
#5159 = DIRECTION ( 'NONE',  ( 6.480581177925193900E-015, -0.9961946980917464300, 0.08715574274764789600 ) ) ;
#5160 = MECHANICAL_DESIGN_GEOMETRIC_PRESENTATION_REPRESENTATION (  '', ( #5164 ), #5140 ) ;
#5161 = CARTESIAN_POINT ( 'NONE',  ( 0.2350000000000001800, 0.01089446784345618000, 1.640912892183908000 ) ) ;
#5162 = PRESENTATION_LAYER_ASSIGNMENT (  '', '', ( #5164 ) ) ;
#5163 = AXIS2_PLACEMENT_3D ( 'NONE', #5161, #5159, #5158 ) ;
#5164 = STYLED_ITEM ( 'NONE', ( #5166 ), #549 ) ;
#5165 = CIRCLE ( 'NONE', #5163, 0.02000000000000000000 ) ;
#5166 = PRESENTATION_STYLE_ASSIGNMENT (( #5167 ) ) ;
#5167 = SURFACE_STYLE_USAGE ( .BOTH. , #5169 ) ;
#5168 = FILL_AREA_STYLE_COLOUR ( '', #5155 ) ;
#5169 = SURFACE_SIDE_STYLE ('',( #5170 ) ) ;
#5170 = SURFACE_STYLE_FILL_AREA ( #5171 ) ;
#5171 = FILL_AREA_STYLE ('',( #5184 ) ) ;
#5172 = COLOUR_RGB ( '',1.000000000000000000, 1.000000000000000000, 1.000000000000000000 ) ;
#5173 = FACE_OUTER_BOUND ( 'NONE', #7693, .T. ) ;
#5174 = DIRECTION ( 'NONE',  ( 0.0000000000000000000, 0.9961946980917457700, -0.08715574274765472400 ) ) ;
#5175 = DIRECTION ( 'NONE',  ( 0.0000000000000000000, 0.0000000000000000000, -1.000000000000000000 ) ) ;
#5176 = DIRECTION ( 'NONE',  ( -7.714831827782947500E-017, -0.08715574274765473800, -0.9961946980917458800 ) ) ;
#5177 = DIRECTION ( 'NONE',  ( -1.000000000000000000, 0.0000000000000000000, 7.744301232039317900E-017 ) ) ;
#5178 = CARTESIAN_POINT ( 'NONE',  ( 1.085000000000000000, -0.4400000000000001700, -1.700437443317629500 ) ) ;
#5179 = CARTESIAN_POINT ( 'NONE',  ( 1.085000000000000000, -0.4526375826984084800, 1.555989212094326600 ) ) ;
#5180 = AXIS2_PLACEMENT_3D ( 'NONE', #5178, #5177, #5175 ) ;
#5181 = AXIS2_PLACEMENT_3D ( 'NONE', #5179, #5176, #5174 ) ;
#5182 = CIRCLE ( 'NONE', #5180, 0.1449999999999999300 ) ;
#5183 = CARTESIAN_POINT ( 'NONE',  ( 1.065000000000000200, -0.4349999999999993900, 1.700000000000000400 ) ) ;
#5184 = FILL_AREA_STYLE_COLOUR ( '', #5172 ) ;
#5185 = PLANE ( 'NONE',  #5181 ) ;
#5186 = CARTESIAN_POINT ( 'NONE',  ( 1.085000000000000000, -0.5850000000000000800, -1.700437443317630400 ) ) ;
#5187 = DIRECTION ( 'NONE',  ( -1.000000000000000000, 0.0000000000000000000, 7.744301232039317900E-017 ) ) ;
#5188 = VECTOR ( 'NONE', #5187, 1000.000000000000000 ) ;
#5189 = CARTESIAN_POINT ( 'NONE',  ( 1.085000000000000000, 0.01263758269840914300, 1.660836786145743100 ) ) ;
#5190 = CARTESIAN_POINT ( 'NONE',  ( 1.085000000000000000, -0.5850000000000000800, -1.700437443317630400 ) ) ;
#5191 = LINE ( 'NONE', #5189, #5311 ) ;
#5192 = LINE ( 'NONE', #5190, #5188 ) ;
#5193 = DIRECTION ( 'NONE',  ( -1.000000000000000000, 0.0000000000000000000, 7.744301232039317900E-017 ) ) ;
#5195 = CARTESIAN_POINT ( 'NONE',  ( 1.085000000000000000, 0.1449999999999999900, -1.516388554922435000 ) ) ;
#5194 = VECTOR ( 'NONE', #5193, 1000.000000000000000 ) ;
#5196 = AXIS2_PLACEMENT_3D ( 'NONE', #5195, #5315, #5314 ) ;
#5197 = CARTESIAN_POINT ( 'NONE',  ( 1.085000000000000000, -0.4349999999999993900, 1.700000000000000400 ) ) ;
#5198 = LINE ( 'NONE', #5312, #5310 ) ;
#5199 = LINE ( 'NONE', #5197, #5194 ) ;
#5201 = PLANE ( 'NONE',  #5196 ) ;
#5200 = CARTESIAN_POINT ( 'NONE',  ( 0.8650000000000001000, -0.4526375826984085900, 1.555989212094326600 ) ) ;
#5202 = DIRECTION ( 'NONE',  ( 0.0000000000000000000, 0.0000000000000000000, -1.000000000000000000 ) ) ;
#5203 = DIRECTION ( 'NONE',  ( -1.000000000000000000, 0.0000000000000000000, 7.744301232039317900E-017 ) ) ;
#5204 =( GEOMETRIC_REPRESENTATION_CONTEXT ( 3 ) GLOBAL_UNCERTAINTY_ASSIGNED_CONTEXT ( ( #5210 ) ) GLOBAL_UNIT_ASSIGNED_CONTEXT ( ( #5219, #5214, #5213 ) ) REPRESENTATION_CONTEXT ( 'NONE', 'WORKASPACE' ) );
#5205 = CARTESIAN_POINT ( 'NONE',  ( 0.8650000000000001000, -0.4399999999999993900, 1.700437443317629700 ) ) ;
#5206 = AXIS2_PLACEMENT_3D ( 'NONE', #5205, #5203, #5202 ) ;
#5207 = CIRCLE ( 'NONE', #5206, 0.1449999999999999300 ) ;
#5208 = DIRECTION ( 'NONE',  ( -1.000000000000000000, 0.0000000000000000000, 7.744301232039317900E-017 ) ) ;
#5209 = VECTOR ( 'NONE', #5208, 1000.000000000000000 ) ;
#5210 = UNCERTAINTY_MEASURE_WITH_UNIT (LENGTH_MEASURE( 1.000000000000000100E-005 ), #5219, 'distance_accuracy_value', 'NONE');
#5211 = CARTESIAN_POINT ( 'NONE',  ( 1.085000000000000000, -0.4526375826984085900, 1.555989212094326600 ) ) ;
#5212 = LINE ( 'NONE', #5211, #5209 ) ;
#5213 =( NAMED_UNIT ( * ) SI_UNIT ( $, .STERADIAN. ) SOLID_ANGLE_UNIT ( ) );
#5214 =( NAMED_UNIT ( * ) PLANE_ANGLE_UNIT ( ) SI_UNIT ( $, .RADIAN. ) );
#5215 = CARTESIAN_POINT ( 'NONE',  ( 1.085000000000000000, -0.4526375826984085900, 1.555989212094326600 ) ) ;
#5216 = DIRECTION ( 'NONE',  ( 0.0000000000000000000, 0.0000000000000000000, -1.000000000000000000 ) ) ;
#5217 = DIRECTION ( 'NONE',  ( -1.000000000000000000, 0.0000000000000000000, 7.744301232039317900E-017 ) ) ;
#5218 = CARTESIAN_POINT ( 'NONE',  ( 1.085000000000000000, -0.4399999999999993900, 1.700437443317629700 ) ) ;
#5219 =( LENGTH_UNIT ( ) NAMED_UNIT ( * ) SI_UNIT ( .MILLI., .METRE. ) );
#5220 = AXIS2_PLACEMENT_3D ( 'NONE', #5218, #5217, #5216 ) ;
#5221 = CIRCLE ( 'NONE', #5220, 0.1449999999999999300 ) ;
#5222 = MECHANICAL_DESIGN_GEOMETRIC_PRESENTATION_REPRESENTATION (  '', ( #5224 ), #5204 ) ;
#5223 = PRESENTATION_LAYER_ASSIGNMENT (  '', '', ( #5224 ) ) ;
#5224 = STYLED_ITEM ( 'NONE', ( #5225 ), #551 ) ;
#5225 = PRESENTATION_STYLE_ASSIGNMENT (( #5226 ) ) ;
#5226 = SURFACE_STYLE_USAGE ( .BOTH. , #5228 ) ;
#5227 = CARTESIAN_POINT ( 'NONE',  ( 0.8849999999999999000, -0.4349999999999993900, 1.700000000000000400 ) ) ;
#5228 = SURFACE_SIDE_STYLE ('',( #5229 ) ) ;
#5229 = SURFACE_STYLE_FILL_AREA ( #5231 ) ;
#5230 = DIRECTION ( 'NONE',  ( -6.749603259399640800E-018, 0.9961946980917457700, -0.08715574274765468300 ) ) ;
#5231 = FILL_AREA_STYLE ('',( #5241 ) ) ;
#5232 = VECTOR ( 'NONE', #5230, 1000.000000000000100 ) ;
#5233 = COLOUR_RGB ( '',1.000000000000000000, 1.000000000000000000, 1.000000000000000000 ) ;
#5235 = FACE_OUTER_BOUND ( 'NONE', #552, .T. ) ;
#5234 = CARTESIAN_POINT ( 'NONE',  ( 1.064999999999999900, -0.4349999999999993900, 1.700000000000000400 ) ) ;
#5236 = DIRECTION ( 'NONE',  ( 0.0000000000000000000, 0.0000000000000000000, -1.000000000000000000 ) ) ;
#5237 = LINE ( 'NONE', #5234, #5232 ) ;
#5238 = DIRECTION ( 'NONE',  ( -1.000000000000000000, 0.0000000000000000000, 7.744301232039317900E-017 ) ) ;
#5239 = AXIS2_PLACEMENT_3D ( 'NONE', #5255, #5238, #5236 ) ;
#5240 = CIRCLE ( 'NONE', #5239, 0.1449999999999999300 ) ;
#5241 = FILL_AREA_STYLE_COLOUR ( '', #5233 ) ;
#5242 = DIRECTION ( 'NONE',  ( -7.744301232039317900E-017, 0.0000000000000000000, -1.000000000000000000 ) ) ;
#5243 = DIRECTION ( 'NONE',  ( 1.000000000000000000, -0.0000000000000000000, -7.744301232039317900E-017 ) ) ;
#5244 = CARTESIAN_POINT ( 'NONE',  ( 0.2350000000000001800, 1.897353801849632800E-016, 1.516388554922439600 ) ) ;
#5245 = AXIS2_PLACEMENT_3D ( 'NONE', #5244, #5243, #5242 ) ;
#5246 = DIRECTION ( 'NONE',  ( 0.0000000000000000000, -1.447713872511910300E-015, -1.000000000000000000 ) ) ;
#5247 = DIRECTION ( 'NONE',  ( 0.0000000000000000000, -0.9961946980917457700, 0.08715574274765468300 ) ) ;
#5248 = DIRECTION ( 'NONE',  ( 1.121153232653439900E-031, -1.000000000000000000, 1.447713872511910300E-015 ) ) ;
#5249 = DIRECTION ( 'NONE',  ( 7.714831827782947500E-017, 0.08715574274765469600, 0.9961946980917458800 ) ) ;
#5250 = CARTESIAN_POINT ( 'NONE',  ( 1.085000000000000000, -0.5850000000000001900, -1.700437443317630400 ) ) ;
#5251 = CARTESIAN_POINT ( 'NONE',  ( 1.085000000000000000, -0.4349999999999993900, 1.700000000000000400 ) ) ;
#5252 = AXIS2_PLACEMENT_3D ( 'NONE', #5250, #5248, #5246 ) ;
#5253 = AXIS2_PLACEMENT_3D ( 'NONE', #5251, #5249, #5247 ) ;
#5254 = PLANE ( 'NONE',  #5252 ) ;
#5255 = CARTESIAN_POINT ( 'NONE',  ( 1.064999999999999900, 0.0000000000000000000, -1.516388554922435800 ) ) ;
#5256 = SURFACE_SIDE_STYLE ('',( #5257 ) ) ;
#5257 = SURFACE_STYLE_FILL_AREA ( #5258 ) ;
#5258 = FILL_AREA_STYLE ('',( #5267 ) ) ;
#5259 = COLOUR_RGB ( '',1.000000000000000000, 1.000000000000000000, 1.000000000000000000 ) ;
#5260 = PLANE ( 'NONE',  #5253 ) ;
#5261 = FACE_OUTER_BOUND ( 'NONE', #571, .T. ) ;
#5262 = DIRECTION ( 'NONE',  ( -6.749603259400173900E-018, -0.9961946980917453200, -0.08715574274766159400 ) ) ;
#5263 = VECTOR ( 'NONE', #5262, 999.9999999999998900 ) ;
#5264 =( GEOMETRIC_REPRESENTATION_CONTEXT ( 3 ) GLOBAL_UNCERTAINTY_ASSIGNED_CONTEXT ( ( #5268 ) ) GLOBAL_UNIT_ASSIGNED_CONTEXT ( ( #5280, #5275, #5272 ) ) REPRESENTATION_CONTEXT ( 'NONE', 'WORKASPACE' ) );
#5265 = CARTESIAN_POINT ( 'NONE',  ( 1.064999999999999900, -0.4350000000000001600, -1.700000000000000000 ) ) ;
#5266 = LINE ( 'NONE', #5265, #5263 ) ;
#5267 = FILL_AREA_STYLE_COLOUR ( '', #5259 ) ;
#5269 = CARTESIAN_POINT ( 'NONE',  ( 1.064999999999999900, 0.01263758269840999800, -1.660836786145739200 ) ) ;
#5268 = UNCERTAINTY_MEASURE_WITH_UNIT (LENGTH_MEASURE( 1.000000000000000100E-005 ), #5280, 'distance_accuracy_value', 'NONE');
#5270 = DIRECTION ( 'NONE',  ( -1.000000000000000000, 0.0000000000000000000, 7.744301232039317900E-017 ) ) ;
#5271 = VECTOR ( 'NONE', #5270, 1000.000000000000000 ) ;
#5272 =( NAMED_UNIT ( * ) SI_UNIT ( $, .STERADIAN. ) SOLID_ANGLE_UNIT ( ) );
#5273 = CARTESIAN_POINT ( 'NONE',  ( 1.085000000000000000, 0.01263758269840999800, -1.660836786145739200 ) ) ;
#5274 = LINE ( 'NONE', #5273, #5271 ) ;
#5275 =( NAMED_UNIT ( * ) PLANE_ANGLE_UNIT ( ) SI_UNIT ( $, .RADIAN. ) );
#5276 = DIRECTION ( 'NONE',  ( 6.749603259400173900E-018, 0.9961946980917453200, 0.08715574274766159400 ) ) ;
#5277 = VECTOR ( 'NONE', #5276, 999.9999999999998900 ) ;
#5278 = CARTESIAN_POINT ( 'NONE',  ( 0.8849999999999999000, 0.01263758269841003100, -1.660836786145739200 ) ) ;
#5279 = LINE ( 'NONE', #5278, #5277 ) ;
#5280 =( LENGTH_UNIT ( ) NAMED_UNIT ( * ) SI_UNIT ( .MILLI., .METRE. ) );
#5281 = MECHANICAL_DESIGN_GEOMETRIC_PRESENTATION_REPRESENTATION (  '', ( #5285 ), #5264 ) ;
#5282 = DIRECTION ( 'NONE',  ( -7.744301232039317900E-017, -6.256159727961946200E-017, -1.000000000000000000 ) ) ;
#5284 = VECTOR ( 'NONE', #5282, 1000.000000000000000 ) ;
#5283 = PRESENTATION_LAYER_ASSIGNMENT (  '', '', ( #5285 ) ) ;
#5286 = CARTESIAN_POINT ( 'NONE',  ( 1.064999999999999900, 0.1449999999999999900, -1.516388554922435000 ) ) ;
#5285 = STYLED_ITEM ( 'NONE', ( #5288 ), #7595 ) ;
#5287 = LINE ( 'NONE', #5286, #5284 ) ;
#5288 = PRESENTATION_STYLE_ASSIGNMENT (( #5289 ) ) ;
#5289 = SURFACE_STYLE_USAGE ( .BOTH. , #5290 ) ;
#5290 = SURFACE_SIDE_STYLE ('',( #5291 ) ) ;
#5291 = SURFACE_STYLE_FILL_AREA ( #5292 ) ;
#5292 = FILL_AREA_STYLE ('',( #5303 ) ) ;
#5293 = COLOUR_RGB ( '',1.000000000000000000, 1.000000000000000000, 1.000000000000000000 ) ;
#5294 = FACE_OUTER_BOUND ( 'NONE', #7576, .T. ) ;
#5295 = CARTESIAN_POINT ( 'NONE',  ( 1.064999999999999900, 0.1450000000000001800, 1.516388554922438700 ) ) ;
#5296 = DIRECTION ( 'NONE',  ( 6.749603259399640800E-018, -0.9961946980917457700, 0.08715574274765468300 ) ) ;
#5297 = VECTOR ( 'NONE', #5296, 1000.000000000000100 ) ;
#5298 = DIRECTION ( 'NONE',  ( -1.000000000000000000, 0.0000000000000000000, 7.744301232039317900E-017 ) ) ;
#5300 = VECTOR ( 'NONE', #5298, 1000.000000000000000 ) ;
#5299 = CARTESIAN_POINT ( 'NONE',  ( 0.8850000000000001200, -0.4349999999999994400, 1.700000000000000400 ) ) ;
#5301 = LINE ( 'NONE', #5299, #5297 ) ;
#5302 = CARTESIAN_POINT ( 'NONE',  ( 1.085000000000000000, 0.1450000000000001800, 1.516388554922438700 ) ) ;
#5304 = LINE ( 'NONE', #5302, #5300 ) ;
#5303 = FILL_AREA_STYLE_COLOUR ( '', #5293 ) ;
#5305 = CARTESIAN_POINT ( 'NONE',  ( 0.8850000000000001200, 0.01263758269840914300, 1.660836786145743100 ) ) ;
#5306 = CARTESIAN_POINT ( 'NONE',  ( 0.8850000000000001200, 0.1450000000000001800, 1.516388554922438700 ) ) ;
#5307 = CARTESIAN_POINT ( 'NONE',  ( 1.064999999999999900, 0.01263758269840914300, 1.660836786145743100 ) ) ;
#5308 = DIRECTION ( 'NONE',  ( 7.744301232039317900E-017, 6.256159727961946200E-017, 1.000000000000000000 ) ) ;
#5309 = DIRECTION ( 'NONE',  ( -1.000000000000000000, 0.0000000000000000000, 7.744301232039317900E-017 ) ) ;
#5310 = VECTOR ( 'NONE', #5308, 1000.000000000000000 ) ;
#5311 = VECTOR ( 'NONE', #5309, 1000.000000000000000 ) ;
#5312 = CARTESIAN_POINT ( 'NONE',  ( 0.8850000000000001200, 0.1450000000000001800, 1.516388554922438700 ) ) ;
#5313 = PLANE ( 'NONE',  #5424 ) ;
#5314 = DIRECTION ( 'NONE',  ( 0.0000000000000000000, 6.256159727961946200E-017, 1.000000000000000000 ) ) ;
#5315 = DIRECTION ( 'NONE',  ( -4.844958548909047900E-033, 1.000000000000000000, -6.256159727961946200E-017 ) ) ;
#5317 = DIRECTION ( 'NONE',  ( -1.000000000000000000, 0.0000000000000000000, 7.744301232039317900E-017 ) ) ;
#5316 =( GEOMETRIC_REPRESENTATION_CONTEXT ( 3 ) GLOBAL_UNCERTAINTY_ASSIGNED_CONTEXT ( ( #5322 ) ) GLOBAL_UNIT_ASSIGNED_CONTEXT ( ( #5333, #5327, #5326 ) ) REPRESENTATION_CONTEXT ( 'NONE', 'WORKASPACE' ) );
#5318 = CARTESIAN_POINT ( 'NONE',  ( 1.085000000000000000, 0.1450000000000000500, -1.516388554922435000 ) ) ;
#5319 = LINE ( 'NONE', #5318, #5434 ) ;
#5320 = CARTESIAN_POINT ( 'NONE',  ( 0.8849999999999999000, 0.1450000000000000500, -1.516388554922435000 ) ) ;
#5321 = DIRECTION ( 'NONE',  ( 0.0000000000000000000, 0.0000000000000000000, -1.000000000000000000 ) ) ;
#5323 = DIRECTION ( 'NONE',  ( 1.000000000000000000, -0.0000000000000000000, -7.744301232039317900E-017 ) ) ;
#5322 = UNCERTAINTY_MEASURE_WITH_UNIT (LENGTH_MEASURE( 1.000000000000000100E-005 ), #5333, 'distance_accuracy_value', 'NONE');
#5324 = CARTESIAN_POINT ( 'NONE',  ( 0.8849999999999999000, 0.0000000000000000000, -1.516388554922435800 ) ) ;
#5325 = AXIS2_PLACEMENT_3D ( 'NONE', #5324, #5323, #5321 ) ;
#5326 =( NAMED_UNIT ( * ) SI_UNIT ( $, .STERADIAN. ) SOLID_ANGLE_UNIT ( ) );
#5327 =( NAMED_UNIT ( * ) PLANE_ANGLE_UNIT ( ) SI_UNIT ( $, .RADIAN. ) );
#5328 = DIRECTION ( 'NONE',  ( 0.0000000000000000000, 0.0000000000000000000, 1.000000000000000000 ) ) ;
#5329 = DIRECTION ( 'NONE',  ( -1.000000000000000000, 0.0000000000000000000, 7.744301232039317900E-017 ) ) ;
#5330 = AXIS2_PLACEMENT_3D ( 'NONE', #5336, #5329, #5328 ) ;
#5331 = CYLINDRICAL_SURFACE ( 'NONE', #5330, 0.1449999999999999300 ) ;
#5332 = CIRCLE ( 'NONE', #5325, 0.1449999999999999300 ) ;
#5333 =( LENGTH_UNIT ( ) NAMED_UNIT ( * ) SI_UNIT ( .MILLI., .METRE. ) );
#5334 = MECHANICAL_DESIGN_GEOMETRIC_PRESENTATION_REPRESENTATION (  '', ( #5337 ), #5316 ) ;
#5335 = PRESENTATION_LAYER_ASSIGNMENT (  '', '', ( #5337 ) ) ;
#5336 = CARTESIAN_POINT ( 'NONE',  ( 1.085000000000000000, 0.0000000000000000000, -1.516388554922435800 ) ) ;
#5337 = STYLED_ITEM ( 'NONE', ( #5338 ), #7603 ) ;
#5338 = PRESENTATION_STYLE_ASSIGNMENT (( #5339 ) ) ;
#5339 = SURFACE_STYLE_USAGE ( .BOTH. , #5340 ) ;
#5340 = SURFACE_SIDE_STYLE ('',( #5341 ) ) ;
#5342 =( GEOMETRIC_REPRESENTATION_CONTEXT ( 3 ) GLOBAL_UNCERTAINTY_ASSIGNED_CONTEXT ( ( #5351 ) ) GLOBAL_UNIT_ASSIGNED_CONTEXT ( ( #5360, #5358, #5353 ) ) REPRESENTATION_CONTEXT ( 'NONE', 'WORKASPACE' ) );
#5341 = SURFACE_STYLE_FILL_AREA ( #5343 ) ;
#5343 = FILL_AREA_STYLE ('',( #5350 ) ) ;
#5344 = COLOUR_RGB ( '',1.000000000000000000, 1.000000000000000000, 1.000000000000000000 ) ;
#5345 = FACE_OUTER_BOUND ( 'NONE', #7604, .T. ) ;
#5346 = DIRECTION ( 'NONE',  ( 7.149896831956507700E-017, 6.123233995736761100E-017, 1.000000000000000000 ) ) ;
#5347 = VECTOR ( 'NONE', #5346, 1000.000000000000000 ) ;
#5348 = CARTESIAN_POINT ( 'NONE',  ( 0.8649999999999998800, -7.126743562157366300E-018, -1.516388554922436100 ) ) ;
#5349 = LINE ( 'NONE', #5348, #5347 ) ;
#5350 = FILL_AREA_STYLE_COLOUR ( '', #5344 ) ;
#5351 = UNCERTAINTY_MEASURE_WITH_UNIT (LENGTH_MEASURE( 1.000000000000000100E-005 ), #5360, 'distance_accuracy_value', 'NONE');
#5352 = CARTESIAN_POINT ( 'NONE',  ( 0.8649999999999998800, -7.126743562157366300E-018, -1.516388554922436100 ) ) ;
#5353 =( NAMED_UNIT ( * ) SI_UNIT ( $, .STERADIAN. ) SOLID_ANGLE_UNIT ( ) );
#5354 = DIRECTION ( 'NONE',  ( -1.000000000000000000, 0.0000000000000000000, 7.744301232039317900E-017 ) ) ;
#5355 = VECTOR ( 'NONE', #5354, 1000.000000000000000 ) ;
#5356 = CARTESIAN_POINT ( 'NONE',  ( 1.085000000000000000, -7.126743562157366300E-018, -1.516388554922436100 ) ) ;
#5357 = LINE ( 'NONE', #5356, #5355 ) ;
#5358 =( NAMED_UNIT ( * ) PLANE_ANGLE_UNIT ( ) SI_UNIT ( $, .RADIAN. ) );
#5359 = CARTESIAN_POINT ( 'NONE',  ( 1.085000000000000000, -7.126743562157366300E-018, -1.516388554922436100 ) ) ;
#5360 =( LENGTH_UNIT ( ) NAMED_UNIT ( * ) SI_UNIT ( .MILLI., .METRE. ) );
#5361 = LINE ( 'NONE', #5489, #5488 ) ;
#5362 = FILL_AREA_STYLE_COLOUR ( '', #5484 ) ;
#5363 = MECHANICAL_DESIGN_GEOMETRIC_PRESENTATION_REPRESENTATION (  '', ( #5365 ), #5342 ) ;
#5364 = PRESENTATION_LAYER_ASSIGNMENT (  '', '', ( #5365 ) ) ;
#5365 = STYLED_ITEM ( 'NONE', ( #5366 ), #570 ) ;
#5366 = PRESENTATION_STYLE_ASSIGNMENT (( #5368 ) ) ;
#5368 = SURFACE_STYLE_USAGE ( .BOTH. , #5256 ) ;
#5367 = CARTESIAN_POINT ( 'NONE',  ( 0.8850000000000001200, -0.4349999999999995000, 1.980000000000000000 ) ) ;
#5369 = DIRECTION ( 'NONE',  ( 0.0000000000000000000, 0.9961946980917452100, 0.08715574274766152400 ) ) ;
#5370 = VECTOR ( 'NONE', #5369, 1000.000000000000100 ) ;
#5371 = CARTESIAN_POINT ( 'NONE',  ( 1.085000000000000000, -0.4526375826984102600, -1.555989212094326600 ) ) ;
#5372 = UNCERTAINTY_MEASURE_WITH_UNIT (LENGTH_MEASURE( 1.000000000000000100E-005 ), #5380, 'distance_accuracy_value', 'NONE');
#5373 = LINE ( 'NONE', #5371, #5370 ) ;
#5374 =( NAMED_UNIT ( * ) SI_UNIT ( $, .STERADIAN. ) SOLID_ANGLE_UNIT ( ) );
#5375 = DIRECTION ( 'NONE',  ( -0.0000000000000000000, -0.9961946980917457700, 0.08715574274765473800 ) ) ;
#5376 = VECTOR ( 'NONE', #5375, 1000.000000000000100 ) ;
#5377 = CARTESIAN_POINT ( 'NONE',  ( 0.8650000000000001000, -0.4526375826984084800, 1.555989212094326600 ) ) ;
#5379 =( NAMED_UNIT ( * ) PLANE_ANGLE_UNIT ( ) SI_UNIT ( $, .RADIAN. ) );
#5378 = LINE ( 'NONE', #5377, #5376 ) ;
#5380 =( LENGTH_UNIT ( ) NAMED_UNIT ( * ) SI_UNIT ( .MILLI., .METRE. ) );
#5381 = DIRECTION ( 'NONE',  ( 0.0000000000000000000, 0.0000000000000000000, -1.000000000000000000 ) ) ;
#5382 = DIRECTION ( 'NONE',  ( -0.0000000000000000000, -1.000000000000000000, -0.0000000000000000000 ) ) ;
#5383 = MECHANICAL_DESIGN_GEOMETRIC_PRESENTATION_REPRESENTATION (  '', ( #5388 ), #5490 ) ;
#5384 = CARTESIAN_POINT ( 'NONE',  ( 0.8850000000000001200, -0.5849999999999995200, 1.980000000000000000 ) ) ;
#5385 = AXIS2_PLACEMENT_3D ( 'NONE', #5384, #5382, #5381 ) ;
#5387 = PRESENTATION_LAYER_ASSIGNMENT (  '', '', ( #5388 ) ) ;
#5386 = CIRCLE ( 'NONE', #5385, 0.02000000000000005200 ) ;
#5388 = STYLED_ITEM ( 'NONE', ( #5389 ), #588 ) ;
#5389 = PRESENTATION_STYLE_ASSIGNMENT (( #5390 ) ) ;
#5390 = SURFACE_STYLE_USAGE ( .BOTH. , #5391 ) ;
#5391 = SURFACE_SIDE_STYLE ('',( #5392 ) ) ;
#5392 = SURFACE_STYLE_FILL_AREA ( #5393 ) ;
#5393 = FILL_AREA_STYLE ('',( #5404 ) ) ;
#5394 = COLOUR_RGB ( '',1.000000000000000000, 1.000000000000000000, 1.000000000000000000 ) ;
#5395 = FACE_OUTER_BOUND ( 'NONE', #589, .T. ) ;
#5396 = CARTESIAN_POINT ( 'NONE',  ( 0.8650000000000001000, 1.785772954427868700E-016, 1.516388554922439400 ) ) ;
#5397 = DIRECTION ( 'NONE',  ( 7.744301232039317900E-017, -2.168404344971009700E-015, 1.000000000000000000 ) ) ;
#5398 = CARTESIAN_POINT ( 'NONE',  ( 1.085000000000000000, -0.4526375826984102600, -1.555989212094326600 ) ) ;
#5399 = VECTOR ( 'NONE', #5397, 1000.000000000000000 ) ;
#5400 = CARTESIAN_POINT ( 'NONE',  ( 0.8849999999999999000, -0.4350000000000001600, -1.699999999999999700 ) ) ;
#5401 = DIRECTION ( 'NONE',  ( -1.000000000000000000, 0.0000000000000000000, 7.744301232039317900E-017 ) ) ;
#5402 = LINE ( 'NONE', #5400, #5399 ) ;
#5403 = VECTOR ( 'NONE', #5401, 1000.000000000000000 ) ;
#5404 = FILL_AREA_STYLE_COLOUR ( '', #5394 ) ;
#5405 = CARTESIAN_POINT ( 'NONE',  ( 1.085000000000000000, 1.785772954427868700E-016, 1.516388554922439400 ) ) ;
#5406 = LINE ( 'NONE', #5405, #5403 ) ;
#5407 = CARTESIAN_POINT ( 'NONE',  ( 0.8849999999999999000, -0.4349999999999995500, -1.980000000000000000 ) ) ;
#5408 = DIRECTION ( 'NONE',  ( -1.000000000000000000, 0.0000000000000000000, 7.744301232039317900E-017 ) ) ;
#5410 = VECTOR ( 'NONE', #5408, 1000.000000000000000 ) ;
#5409 = CARTESIAN_POINT ( 'NONE',  ( 1.085000000000000000, 1.785772954427868700E-016, 1.516388554922439400 ) ) ;
#5411 = CARTESIAN_POINT ( 'NONE',  ( 1.085000000000000000, -0.4349999999999995500, -1.980000000000000000 ) ) ;
#5413 = LINE ( 'NONE', #5411, #5410 ) ;
#5412 = DIRECTION ( 'NONE',  ( -0.0000000000000000000, -0.9961946980917457700, 0.08715574274765473800 ) ) ;
#5414 = VECTOR ( 'NONE', #5412, 1000.000000000000100 ) ;
#5415 = CARTESIAN_POINT ( 'NONE',  ( 1.085000000000000000, -0.4526375826984084800, 1.555989212094326600 ) ) ;
#5416 = CARTESIAN_POINT ( 'NONE',  ( 1.064999999999999900, -0.4349999999999995500, -1.980000000000000000 ) ) ;
#5417 = DIRECTION ( 'NONE',  ( 0.0000000000000000000, -6.123233995736761100E-017, -1.000000000000000000 ) ) ;
#5418 = DIRECTION ( 'NONE',  ( -7.744301232039317900E-017, 2.168404344971009700E-015, -1.000000000000000000 ) ) ;
#5419 = VECTOR ( 'NONE', #5418, 1000.000000000000000 ) ;
#5420 = DIRECTION ( 'NONE',  ( 4.742016857724923500E-033, -1.000000000000000000, 6.123233995736761100E-017 ) ) ;
#5421 = CARTESIAN_POINT ( 'NONE',  ( 1.064999999999999900, -0.4350000000000001600, -1.700000000000000000 ) ) ;
#5422 = CARTESIAN_POINT ( 'NONE',  ( 1.085000000000000000, -7.126743562157366300E-018, -1.516388554922436100 ) ) ;
#5423 = LINE ( 'NONE', #5421, #5419 ) ;
#5424 = AXIS2_PLACEMENT_3D ( 'NONE', #5422, #5420, #5417 ) ;
#5425 = LINE ( 'NONE', #5415, #5414 ) ;
#5426 = STYLED_ITEM ( 'NONE', ( #5427 ), #7629 ) ;
#5427 = PRESENTATION_STYLE_ASSIGNMENT (( #5428 ) ) ;
#5428 = SURFACE_STYLE_USAGE ( .BOTH. , #5430 ) ;
#5429 = CARTESIAN_POINT ( 'NONE',  ( 0.8849999999999999000, -0.4350000000000001600, -1.700000000000000000 ) ) ;
#5430 = SURFACE_SIDE_STYLE ('',( #5431 ) ) ;
#5431 = SURFACE_STYLE_FILL_AREA ( #5433 ) ;
#5432 = CARTESIAN_POINT ( 'NONE',  ( 1.064999999999999900, 0.1450000000000000500, -1.516388554922435000 ) ) ;
#5433 = FILL_AREA_STYLE ('',( #5448 ) ) ;
#5434 = VECTOR ( 'NONE', #5317, 1000.000000000000000 ) ;
#5435 = CARTESIAN_POINT ( 'NONE',  ( 1.085000000000000000, 0.0000000000000000000, -1.516388554922435800 ) ) ;
#5436 = COLOUR_RGB ( '',1.000000000000000000, 1.000000000000000000, 1.000000000000000000 ) ;
#5437 = FACE_OUTER_BOUND ( 'NONE', #7628, .T. ) ;
#5438 = CARTESIAN_POINT ( 'NONE',  ( 1.085000000000000000, 0.01089446784345688900, -1.640912892183904200 ) ) ;
#5439 = CARTESIAN_POINT ( 'NONE',  ( 0.8650000000000001000, -0.5849999999999995200, 1.980000000000000000 ) ) ;
#5440 = DIRECTION ( 'NONE',  ( 6.749603259400174600E-018, 0.9961946980917453200, 0.08715574274766159400 ) ) ;
#5442 = VECTOR ( 'NONE', #5440, 999.9999999999998900 ) ;
#5441 = DIRECTION ( 'NONE',  ( 0.0000000000000000000, -3.614007241618349300E-016, 1.000000000000000000 ) ) ;
#5443 = CARTESIAN_POINT ( 'NONE',  ( 1.085000000000000000, 0.2742125770407393100, -1.617875542728059800 ) ) ;
#5444 = DIRECTION ( 'NONE',  ( 2.798796073386400100E-032, 1.000000000000000000, 3.614007241618349300E-016 ) ) ;
#5445 = LINE ( 'NONE', #5443, #5442 ) ;
#5446 = CARTESIAN_POINT ( 'NONE',  ( 1.085000000000000000, -0.4349999999999995000, 2.000000000000000000 ) ) ;
#5447 = AXIS2_PLACEMENT_3D ( 'NONE', #5446, #5444, #5441 ) ;
#5448 = FILL_AREA_STYLE_COLOUR ( '', #5436 ) ;
#5449 = CARTESIAN_POINT ( 'NONE',  ( 1.085000000000000000, -0.4550000000000002400, -1.681673376519651400 ) ) ;
#5450 = DIRECTION ( 'NONE',  ( 7.744301232039317900E-017, -2.168404344971009700E-015, 1.000000000000000000 ) ) ;
#5451 = PLANE ( 'NONE',  #5447 ) ;
#5452 = VECTOR ( 'NONE', #5450, 1000.000000000000000 ) ;
#5453 = CARTESIAN_POINT ( 'NONE',  ( 1.085000000000000000, -0.4550000000000071800, 1.516388554922438700 ) ) ;
#5454 = LINE ( 'NONE', #5453, #5452 ) ;
#5455 =( GEOMETRIC_REPRESENTATION_CONTEXT ( 3 ) GLOBAL_UNCERTAINTY_ASSIGNED_CONTEXT ( ( #5460 ) ) GLOBAL_UNIT_ASSIGNED_CONTEXT ( ( #5470, #5465, #5463 ) ) REPRESENTATION_CONTEXT ( 'NONE', 'WORKASPACE' ) );
#5456 = CARTESIAN_POINT ( 'NONE',  ( 1.085000000000000000, -0.4549999999999995700, -1.980000000000000000 ) ) ;
#5457 = CARTESIAN_POINT ( 'NONE',  ( 0.8650000000000001000, 0.01089446784345603000, 1.640912892183908000 ) ) ;
#5458 = DIRECTION ( 'NONE',  ( -6.749603259399640000E-018, 0.9961946980917457700, -0.08715574274765468300 ) ) ;
#5459 = VECTOR ( 'NONE', #5458, 1000.000000000000100 ) ;
#5461 = CARTESIAN_POINT ( 'NONE',  ( 0.8650000000000001000, 0.01089446784345603700, 1.640912892183908000 ) ) ;
#5460 = UNCERTAINTY_MEASURE_WITH_UNIT (LENGTH_MEASURE( 1.000000000000000100E-005 ), #5470, 'distance_accuracy_value', 'NONE');
#5462 = LINE ( 'NONE', #5461, #5459 ) ;
#5463 =( NAMED_UNIT ( * ) SI_UNIT ( $, .STERADIAN. ) SOLID_ANGLE_UNIT ( ) );
#5464 = CARTESIAN_POINT ( 'NONE',  ( 0.8650000000000001000, -0.4549999999999994000, 1.681673376519651900 ) ) ;
#5465 =( NAMED_UNIT ( * ) PLANE_ANGLE_UNIT ( ) SI_UNIT ( $, .RADIAN. ) );
#5466 = DIRECTION ( 'NONE',  ( -7.744301232039317900E-017, 3.614007241618349300E-016, -1.000000000000000000 ) ) ;
#5467 = VECTOR ( 'NONE', #5466, 1000.000000000000000 ) ;
#5468 = CARTESIAN_POINT ( 'NONE',  ( 0.8650000000000001000, -0.4549999999999994000, 1.700000000000000400 ) ) ;
#5469 = LINE ( 'NONE', #5468, #5467 ) ;
#5470 =( LENGTH_UNIT ( ) NAMED_UNIT ( * ) SI_UNIT ( .MILLI., .METRE. ) );
#5471 = CARTESIAN_POINT ( 'NONE',  ( 0.8650000000000001000, -0.4549999999999995200, 1.980000000000000000 ) ) ;
#5472 = MECHANICAL_DESIGN_GEOMETRIC_PRESENTATION_REPRESENTATION (  '', ( #5476 ), #5455 ) ;
#5473 = DIRECTION ( 'NONE',  ( 0.0000000000000000000, 0.9961946980917453200, 0.08715574274766159400 ) ) ;
#5475 = DIRECTION ( 'NONE',  ( -7.714831827782940100E-017, 0.08715574274766159400, -0.9961946980917453200 ) ) ;
#5474 = PRESENTATION_LAYER_ASSIGNMENT (  '', '', ( #5476 ) ) ;
#5476 = STYLED_ITEM ( 'NONE', ( #5478 ), #7625 ) ;
#5477 = CARTESIAN_POINT ( 'NONE',  ( 1.085000000000000000, -0.4350000000000001600, -1.700000000000000000 ) ) ;
#5479 = AXIS2_PLACEMENT_3D ( 'NONE', #5477, #5475, #5473 ) ;
#5478 = PRESENTATION_STYLE_ASSIGNMENT (( #5480 ) ) ;
#5480 = SURFACE_STYLE_USAGE ( .BOTH. , #5481 ) ;
#5481 = SURFACE_SIDE_STYLE ('',( #5482 ) ) ;
#5482 = SURFACE_STYLE_FILL_AREA ( #5483 ) ;
#5483 = FILL_AREA_STYLE ('',( #5362 ) ) ;
#5484 = COLOUR_RGB ( '',1.000000000000000000, 1.000000000000000000, 1.000000000000000000 ) ;
#5485 = FACE_OUTER_BOUND ( 'NONE', #7623, .T. ) ;
#5486 = DIRECTION ( 'NONE',  ( 1.000000000000000000, -0.0000000000000000000, -7.744301232039317900E-017 ) ) ;
#5487 = PLANE ( 'NONE',  #5479 ) ;
#5488 = VECTOR ( 'NONE', #5486, 1000.000000000000000 ) ;
#5489 = CARTESIAN_POINT ( 'NONE',  ( 1.085000000000000000, -0.4349999999999995000, 1.980000000000000000 ) ) ;
#5490 =( GEOMETRIC_REPRESENTATION_CONTEXT ( 3 ) GLOBAL_UNCERTAINTY_ASSIGNED_CONTEXT ( ( #5372 ) ) GLOBAL_UNIT_ASSIGNED_CONTEXT ( ( #5380, #5379, #5374 ) ) REPRESENTATION_CONTEXT ( 'NONE', 'WORKASPACE' ) );
#5491 =( LENGTH_UNIT ( ) NAMED_UNIT ( * ) SI_UNIT ( .MILLI., .METRE. ) );
#5492 = MECHANICAL_DESIGN_GEOMETRIC_PRESENTATION_REPRESENTATION (  '', ( #5495 ), #5588 ) ;
#5493 = PRESENTATION_LAYER_ASSIGNMENT (  '', '', ( #5495 ) ) ;
#5494 =( NAMED_UNIT ( * ) SI_UNIT ( $, .STERADIAN. ) SOLID_ANGLE_UNIT ( ) );
#5495 = STYLED_ITEM ( 'NONE', ( #5496 ), #7640 ) ;
#5496 = PRESENTATION_STYLE_ASSIGNMENT (( #5497 ) ) ;
#5497 = SURFACE_STYLE_USAGE ( .BOTH. , #5498 ) ;
#5498 = SURFACE_SIDE_STYLE ('',( #5499 ) ) ;
#5499 = SURFACE_STYLE_FILL_AREA ( #5500 ) ;
#5500 = FILL_AREA_STYLE ('',( #5502 ) ) ;
#5501 =( NAMED_UNIT ( * ) PLANE_ANGLE_UNIT ( ) SI_UNIT ( $, .RADIAN. ) );
#5502 = FILL_AREA_STYLE_COLOUR ( '', #5503 ) ;
#5503 = COLOUR_RGB ( '',0.7529411764705882200, 0.7529411764705882200, 0.7529411764705882200 ) ;
#5504 = CARTESIAN_POINT ( 'NONE',  ( 0.8650000000000001000, -0.5849999999999995200, 1.700437443317630600 ) ) ;
#5505 = CARTESIAN_POINT ( 'NONE',  ( 1.085000000000000000, -0.5849999999999995200, 1.980000000000000000 ) ) ;
#5506 =( LENGTH_UNIT ( ) NAMED_UNIT ( * ) SI_UNIT ( .MILLI., .METRE. ) );
#5507 = CARTESIAN_POINT ( 'NONE',  ( 0.8850000000000001200, -0.4549999999999995200, 2.000000000000000000 ) ) ;
#5508 = CARTESIAN_POINT ( 'NONE',  ( 1.064999999999999900, -0.5849999999999995200, 2.000000000000000000 ) ) ;
#5510 = MECHANICAL_DESIGN_GEOMETRIC_PRESENTATION_REPRESENTATION (  '', ( #5514 ), #5597 ) ;
#5509 = DIRECTION ( 'NONE',  ( 0.0000000000000000000, 0.0000000000000000000, -1.000000000000000000 ) ) ;
#5511 = DIRECTION ( 'NONE',  ( 0.0000000000000000000, -1.000000000000000000, -0.0000000000000000000 ) ) ;
#5512 = PRESENTATION_LAYER_ASSIGNMENT (  '', '', ( #5514 ) ) ;
#5513 = CARTESIAN_POINT ( 'NONE',  ( 1.085000000000000000, -0.5849999999999995200, 2.000000000000000000 ) ) ;
#5514 = STYLED_ITEM ( 'NONE', ( #5516 ), #622 ) ;
#5515 = AXIS2_PLACEMENT_3D ( 'NONE', #5513, #5511, #5509 ) ;
#5516 = PRESENTATION_STYLE_ASSIGNMENT (( #5517 ) ) ;
#5517 = SURFACE_STYLE_USAGE ( .BOTH. , #5518 ) ;
#5518 = SURFACE_SIDE_STYLE ('',( #5519 ) ) ;
#5519 = SURFACE_STYLE_FILL_AREA ( #5520 ) ;
#5520 = FILL_AREA_STYLE ('',( #5529 ) ) ;
#5521 = COLOUR_RGB ( '',1.000000000000000000, 1.000000000000000000, 1.000000000000000000 ) ;
#5522 = FACE_OUTER_BOUND ( 'NONE', #562, .T. ) ;
#5523 = PLANE ( 'NONE',  #5515 ) ;
#5524 = DIRECTION ( 'NONE',  ( -0.0000000000000000000, 1.000000000000000000, -0.0000000000000000000 ) ) ;
#5525 = VECTOR ( 'NONE', #5524, 1000.000000000000000 ) ;
#5526 = CARTESIAN_POINT ( 'NONE',  ( 1.085000000000000000, 1.897353801849632800E-016, -1.980000000000000000 ) ) ;
#5527 =( GEOMETRIC_REPRESENTATION_CONTEXT ( 3 ) GLOBAL_UNCERTAINTY_ASSIGNED_CONTEXT ( ( #5534 ) ) GLOBAL_UNIT_ASSIGNED_CONTEXT ( ( #5542, #5539, #5535 ) ) REPRESENTATION_CONTEXT ( 'NONE', 'WORKASPACE' ) );
#5528 = LINE ( 'NONE', #5526, #5525 ) ;
#5529 = FILL_AREA_STYLE_COLOUR ( '', #5521 ) ;
#5530 = DIRECTION ( 'NONE',  ( -0.0000000000000000000, -1.000000000000000000, -0.0000000000000000000 ) ) ;
#5531 = VECTOR ( 'NONE', #5530, 1000.000000000000000 ) ;
#5532 = CARTESIAN_POINT ( 'NONE',  ( 1.085000000000000000, 1.897353801849632800E-016, 1.980000000000000000 ) ) ;
#5533 = LINE ( 'NONE', #5532, #5531 ) ;
#5534 = UNCERTAINTY_MEASURE_WITH_UNIT (LENGTH_MEASURE( 1.000000000000000100E-005 ), #5542, 'distance_accuracy_value', 'NONE');
#5535 =( NAMED_UNIT ( * ) SI_UNIT ( $, .STERADIAN. ) SOLID_ANGLE_UNIT ( ) );
#5536 = CARTESIAN_POINT ( 'NONE',  ( 1.085000000000000000, 0.1250000000000001900, 1.516388554922439000 ) ) ;
#5537 = DIRECTION ( 'NONE',  ( 7.744301232039317900E-017, 6.256159727961946200E-017, 1.000000000000000000 ) ) ;
#5538 = VECTOR ( 'NONE', #5537, 1000.000000000000000 ) ;
#5539 =( NAMED_UNIT ( * ) PLANE_ANGLE_UNIT ( ) SI_UNIT ( $, .RADIAN. ) );
#5540 = CARTESIAN_POINT ( 'NONE',  ( 1.085000000000000000, 0.1250000000000001900, 1.516388554922439800 ) ) ;
#5541 = LINE ( 'NONE', #5540, #5538 ) ;
#5542 =( LENGTH_UNIT ( ) NAMED_UNIT ( * ) SI_UNIT ( .MILLI., .METRE. ) );
#5543 = CARTESIAN_POINT ( 'NONE',  ( 1.085000000000000000, 0.1250000000000000600, -1.516388554922435000 ) ) ;
#5544 = DIRECTION ( 'NONE',  ( 0.0000000000000000000, 0.0000000000000000000, -1.000000000000000000 ) ) ;
#5545 = DIRECTION ( 'NONE',  ( 1.000000000000000000, -0.0000000000000000000, -7.744301232039317900E-017 ) ) ;
#5546 = MECHANICAL_DESIGN_GEOMETRIC_PRESENTATION_REPRESENTATION (  '', ( #5426 ), #5527 ) ;
#5547 = AXIS2_PLACEMENT_3D ( 'NONE', #5435, #5545, #5544 ) ;
#5549 = CIRCLE ( 'NONE', #5547, 0.1250000000000001100 ) ;
#5548 = PRESENTATION_LAYER_ASSIGNMENT (  '', '', ( #5426 ) ) ;
#5550 = PLANE ( 'NONE',  #5657 ) ;
#5551 =( GEOMETRIC_REPRESENTATION_CONTEXT ( 3 ) GLOBAL_UNCERTAINTY_ASSIGNED_CONTEXT ( ( #5553 ) ) GLOBAL_UNIT_ASSIGNED_CONTEXT ( ( #5569, #5563, #5556 ) ) REPRESENTATION_CONTEXT ( 'NONE', 'WORKASPACE' ) );
#5552 =( LENGTH_UNIT ( ) NAMED_UNIT ( * ) SI_UNIT ( .MILLI., .METRE. ) );
#5553 = UNCERTAINTY_MEASURE_WITH_UNIT (LENGTH_MEASURE( 1.000000000000000100E-005 ), #5569, 'distance_accuracy_value', 'NONE');
#5554 = MECHANICAL_DESIGN_GEOMETRIC_PRESENTATION_REPRESENTATION (  '', ( #5557 ), #5653 ) ;
#5555 = PRESENTATION_LAYER_ASSIGNMENT (  '', '', ( #5557 ) ) ;
#5556 =( NAMED_UNIT ( * ) SI_UNIT ( $, .STERADIAN. ) SOLID_ANGLE_UNIT ( ) );
#5557 = STYLED_ITEM ( 'NONE', ( #5558 ), #629 ) ;
#5558 = PRESENTATION_STYLE_ASSIGNMENT (( #5559 ) ) ;
#5559 = SURFACE_STYLE_USAGE ( .BOTH. , #5560 ) ;
#5560 = SURFACE_SIDE_STYLE ('',( #5561 ) ) ;
#5561 = SURFACE_STYLE_FILL_AREA ( #5562 ) ;
#5562 = FILL_AREA_STYLE ('',( #5572 ) ) ;
#5563 =( NAMED_UNIT ( * ) PLANE_ANGLE_UNIT ( ) SI_UNIT ( $, .RADIAN. ) );
#5564 = COLOUR_RGB ( '',1.000000000000000000, 1.000000000000000000, 1.000000000000000000 ) ;
#5565 = FACE_OUTER_BOUND ( 'NONE', #630, .T. ) ;
#5566 = DIRECTION ( 'NONE',  ( 0.0000000000000000000, 0.0000000000000000000, -1.000000000000000000 ) ) ;
#5567 = DIRECTION ( 'NONE',  ( -1.000000000000000000, 0.0000000000000000000, 7.744301232039317900E-017 ) ) ;
#5568 = CARTESIAN_POINT ( 'NONE',  ( 1.064999999999999900, 1.897353801849632800E-016, 1.516388554922439800 ) ) ;
#5570 = AXIS2_PLACEMENT_3D ( 'NONE', #5568, #5567, #5566 ) ;
#5569 =( LENGTH_UNIT ( ) NAMED_UNIT ( * ) SI_UNIT ( .MILLI., .METRE. ) );
#5571 = CIRCLE ( 'NONE', #5570, 0.1449999999999999300 ) ;
#5572 = FILL_AREA_STYLE_COLOUR ( '', #5564 ) ;
#5573 = MECHANICAL_DESIGN_GEOMETRIC_PRESENTATION_REPRESENTATION (  '', ( #5575 ), #5551 ) ;
#5574 = PRESENTATION_LAYER_ASSIGNMENT (  '', '', ( #5575 ) ) ;
#5575 = STYLED_ITEM ( 'NONE', ( #5576 ), #7642 ) ;
#5577 = DIRECTION ( 'NONE',  ( 0.0000000000000000000, 0.0000000000000000000, -1.000000000000000000 ) ) ;
#5576 = PRESENTATION_STYLE_ASSIGNMENT (( #5578 ) ) ;
#5578 = SURFACE_STYLE_USAGE ( .BOTH. , #5580 ) ;
#5579 = DIRECTION ( 'NONE',  ( 1.000000000000000000, -0.0000000000000000000, -7.744301232039317900E-017 ) ) ;
#5580 = SURFACE_SIDE_STYLE ('',( #5581 ) ) ;
#5581 = SURFACE_STYLE_FILL_AREA ( #5583 ) ;
#5582 = CARTESIAN_POINT ( 'NONE',  ( 0.8850000000000001200, 1.897353801849632800E-016, 1.516388554922439800 ) ) ;
#5583 = FILL_AREA_STYLE ('',( #5585 ) ) ;
#5584 = AXIS2_PLACEMENT_3D ( 'NONE', #5582, #5579, #5577 ) ;
#5585 = FILL_AREA_STYLE_COLOUR ( '', #5586 ) ;
#5586 = COLOUR_RGB ( '',1.000000000000000000, 1.000000000000000000, 1.000000000000000000 ) ;
#5587 = FACE_OUTER_BOUND ( 'NONE', #7649, .T. ) ;
#5588 =( GEOMETRIC_REPRESENTATION_CONTEXT ( 3 ) GLOBAL_UNCERTAINTY_ASSIGNED_CONTEXT ( ( #5594 ) ) GLOBAL_UNIT_ASSIGNED_CONTEXT ( ( #5491, #5598, #5596 ) ) REPRESENTATION_CONTEXT ( 'NONE', 'WORKASPACE' ) );
#5589 = DIRECTION ( 'NONE',  ( 0.0000000000000000000, 0.0000000000000000000, 1.000000000000000000 ) ) ;
#5590 = DIRECTION ( 'NONE',  ( -1.000000000000000000, 0.0000000000000000000, 7.744301232039317900E-017 ) ) ;
#5591 = AXIS2_PLACEMENT_3D ( 'NONE', #5595, #5590, #5589 ) ;
#5592 = CYLINDRICAL_SURFACE ( 'NONE', #5591, 0.1449999999999999300 ) ;
#5593 = CIRCLE ( 'NONE', #5584, 0.1449999999999999300 ) ;
#5594 = UNCERTAINTY_MEASURE_WITH_UNIT (LENGTH_MEASURE( 1.000000000000000100E-005 ), #5491, 'distance_accuracy_value', 'NONE');
#5595 = CARTESIAN_POINT ( 'NONE',  ( 1.085000000000000000, 1.897353801849632800E-016, 1.516388554922439800 ) ) ;
#5596 =( NAMED_UNIT ( * ) SI_UNIT ( $, .STERADIAN. ) SOLID_ANGLE_UNIT ( ) );
#5597 =( GEOMETRIC_REPRESENTATION_CONTEXT ( 3 ) GLOBAL_UNCERTAINTY_ASSIGNED_CONTEXT ( ( #5603 ) ) GLOBAL_UNIT_ASSIGNED_CONTEXT ( ( #5506, #5501, #5494 ) ) REPRESENTATION_CONTEXT ( 'NONE', 'WORKASPACE' ) );
#5598 =( NAMED_UNIT ( * ) PLANE_ANGLE_UNIT ( ) SI_UNIT ( $, .RADIAN. ) );
#5599 = DIRECTION ( 'NONE',  ( -1.000000000000000000, 0.0000000000000000000, 7.744301232039317900E-017 ) ) ;
#5600 = CARTESIAN_POINT ( 'NONE',  ( 0.4349999999999999400, -0.4400000000000001700, -1.700437443317629700 ) ) ;
#5601 = AXIS2_PLACEMENT_3D ( 'NONE', #5600, #5599, #5131 ) ;
#5602 = CIRCLE ( 'NONE', #5601, 0.1449999999999999300 ) ;
#5603 = UNCERTAINTY_MEASURE_WITH_UNIT (LENGTH_MEASURE( 1.000000000000000100E-005 ), #5506, 'distance_accuracy_value', 'NONE');
#5604 = MECHANICAL_DESIGN_GEOMETRIC_PRESENTATION_REPRESENTATION (  '', ( #5608 ), #5694 ) ;
#5605 = PRESENTATION_LAYER_ASSIGNMENT (  '', '', ( #5608 ) ) ;
#5606 = DIRECTION ( 'NONE',  ( -0.0000000000000000000, -1.000000000000000000, -0.0000000000000000000 ) ) ;
#5608 = STYLED_ITEM ( 'NONE', ( #5610 ), #638 ) ;
#5607 = VECTOR ( 'NONE', #5606, 1000.000000000000000 ) ;
#5610 = PRESENTATION_STYLE_ASSIGNMENT (( #5612 ) ) ;
#5609 = CARTESIAN_POINT ( 'NONE',  ( 0.8850000000000001200, -0.5849999999999995200, 2.000000000000000000 ) ) ;
#5612 = SURFACE_STYLE_USAGE ( .BOTH. , #5613 ) ;
#5611 = LINE ( 'NONE', #5609, #5607 ) ;
#5613 = SURFACE_SIDE_STYLE ('',( #5614 ) ) ;
#5614 = SURFACE_STYLE_FILL_AREA ( #5615 ) ;
#5615 = FILL_AREA_STYLE ('',( #5628 ) ) ;
#5616 = COLOUR_RGB ( '',1.000000000000000000, 1.000000000000000000, 1.000000000000000000 ) ;
#5617 = FACE_OUTER_BOUND ( 'NONE', #639, .T. ) ;
#5618 = DIRECTION ( 'NONE',  ( 0.0000000000000000000, -0.08715574274765504300, 0.9961946980917457700 ) ) ;
#5619 = CARTESIAN_POINT ( 'NONE',  ( 0.8850000000000001200, -0.5849999999999995200, 2.000000000000000000 ) ) ;
#5620 = DIRECTION ( 'NONE',  ( -0.0000000000000000000, 0.9961946980917457700, 0.08715574274765512700 ) ) ;
#5621 = CARTESIAN_POINT ( 'NONE',  ( 1.064999999999999900, 0.01089446784345688900, -1.640912892183904200 ) ) ;
#5622 = DIRECTION ( 'NONE',  ( -1.000000000000000000, 0.0000000000000000000, 7.744301232039317900E-017 ) ) ;
#5623 = AXIS2_PLACEMENT_3D ( 'NONE', #5621, #5620, #5618 ) ;
#5624 = VECTOR ( 'NONE', #5622, 1000.000000000000000 ) ;
#5625 = CIRCLE ( 'NONE', #5623, 0.02000000000000001400 ) ;
#5626 = CARTESIAN_POINT ( 'NONE',  ( 1.085000000000000000, -0.5849999999999995200, 2.000000000000000000 ) ) ;
#5627 = LINE ( 'NONE', #5626, #5624 ) ;
#5628 = FILL_AREA_STYLE_COLOUR ( '', #5616 ) ;
#5629 = DIRECTION ( 'NONE',  ( 0.0000000000000000000, 1.000000000000000000, 0.0000000000000000000 ) ) ;
#5631 = CARTESIAN_POINT ( 'NONE',  ( 1.085000000000000000, -0.4549999999999995200, 1.980000000000000000 ) ) ;
#5630 = VECTOR ( 'NONE', #5629, 1000.000000000000000 ) ;
#5632 = CARTESIAN_POINT ( 'NONE',  ( 1.064999999999999900, -0.5849999999999995200, 2.000000000000000000 ) ) ;
#5634 = CARTESIAN_POINT ( 'NONE',  ( 1.085000000000000000, -0.4549999999999994000, 1.681673376519651900 ) ) ;
#5633 = LINE ( 'NONE', #5632, #5630 ) ;
#5635 = DIRECTION ( 'NONE',  ( 7.744301232039317900E-017, -3.614007241618349300E-016, 1.000000000000000000 ) ) ;
#5636 = VECTOR ( 'NONE', #5635, 1000.000000000000000 ) ;
#5637 = CARTESIAN_POINT ( 'NONE',  ( 1.085000000000000000, -0.4549999999999993500, 1.516388554922439600 ) ) ;
#5638 = CARTESIAN_POINT ( 'NONE',  ( 1.064999999999999900, -0.4349999999999995000, 1.980000000000000000 ) ) ;
#5639 = DIRECTION ( 'NONE',  ( -7.744301232039317900E-017, 3.614007241618349300E-016, -1.000000000000000000 ) ) ;
#5640 = VECTOR ( 'NONE', #5639, 1000.000000000000000 ) ;
#5641 = DIRECTION ( 'NONE',  ( -7.744301232039317900E-017, 0.0000000000000000000, -1.000000000000000000 ) ) ;
#5642 = CARTESIAN_POINT ( 'NONE',  ( 1.064999999999999900, -0.4349999999999995000, 2.000000000000000000 ) ) ;
#5643 = LINE ( 'NONE', #5642, #5640 ) ;
#5644 = DIRECTION ( 'NONE',  ( 1.000000000000000000, 0.0000000000000000000, -7.744301232039317900E-017 ) ) ;
#5645 = CARTESIAN_POINT ( 'NONE',  ( 1.085000000000000000, 1.897353801849632800E-016, 1.516388554922439800 ) ) ;
#5646 = AXIS2_PLACEMENT_3D ( 'NONE', #5645, #5644, #5641 ) ;
#5647 = LINE ( 'NONE', #5637, #5636 ) ;
#5648 = CARTESIAN_POINT ( 'NONE',  ( 1.064999999999999900, -0.4549999999999995200, 2.000000000000000000 ) ) ;
#5649 = DIRECTION ( 'NONE',  ( 7.744301232039317900E-017, -3.614007241618349300E-016, 1.000000000000000000 ) ) ;
#5650 = VECTOR ( 'NONE', #5649, 1000.000000000000000 ) ;
#5651 = PLANE ( 'NONE',  #5646 ) ;
#5652 = CARTESIAN_POINT ( 'NONE',  ( 0.8850000000000001200, -0.4349999999999995000, 2.000000000000000000 ) ) ;
#5653 =( GEOMETRIC_REPRESENTATION_CONTEXT ( 3 ) GLOBAL_UNCERTAINTY_ASSIGNED_CONTEXT ( ( #5659 ) ) GLOBAL_UNIT_ASSIGNED_CONTEXT ( ( #5552, #5663, #5660 ) ) REPRESENTATION_CONTEXT ( 'NONE', 'WORKASPACE' ) );
#5654 = DIRECTION ( 'NONE',  ( 1.000000000000000000, 0.0000000000000000000, -7.744301232039317900E-017 ) ) ;
#5655 = DIRECTION ( 'NONE',  ( 7.744301232039317900E-017, -0.0000000000000000000, 1.000000000000000000 ) ) ;
#5656 = CARTESIAN_POINT ( 'NONE',  ( 1.085000000000000000, -0.5849999999999995200, 2.000000000000000000 ) ) ;
#5657 = AXIS2_PLACEMENT_3D ( 'NONE', #5656, #5655, #5654 ) ;
#5658 = LINE ( 'NONE', #5652, #5650 ) ;
#5659 = UNCERTAINTY_MEASURE_WITH_UNIT (LENGTH_MEASURE( 1.000000000000000100E-005 ), #5552, 'distance_accuracy_value', 'NONE');
#5660 =( NAMED_UNIT ( * ) SI_UNIT ( $, .STERADIAN. ) SOLID_ANGLE_UNIT ( ) );
#5661 = DIRECTION ( 'NONE',  ( 0.0000000000000000000, 0.0000000000000000000, 1.000000000000000000 ) ) ;
#5662 = DIRECTION ( 'NONE',  ( -1.000000000000000000, 0.0000000000000000000, 7.744301232039317900E-017 ) ) ;
#5663 =( NAMED_UNIT ( * ) PLANE_ANGLE_UNIT ( ) SI_UNIT ( $, .RADIAN. ) );
#5664 = AXIS2_PLACEMENT_3D ( 'NONE', #5671, #5662, #5661 ) ;
#5665 = DIRECTION ( 'NONE',  ( 0.0000000000000000000, -1.000000000000000000, 0.0000000000000000000 ) ) ;
#5666 = CYLINDRICAL_SURFACE ( 'NONE', #5664, 0.1449999999999999300 ) ;
#5668 = CARTESIAN_POINT ( 'NONE',  ( 0.8649999999999998800, -0.5850000000000006300, -1.980000000000000000 ) ) ;
#5667 = CARTESIAN_POINT ( 'NONE',  ( 0.4349999999999999400, -0.5850000000000000800, -1.700437443317630600 ) ) ;
#5669 = LINE ( 'NONE', #5668, #5770 ) ;
#5670 = FILL_AREA_STYLE_COLOUR ( '', #5767 ) ;
#5671 = CARTESIAN_POINT ( 'NONE',  ( 1.085000000000000000, -0.4399999999999993900, 1.700437443317629700 ) ) ;
#5672 = DIRECTION ( 'NONE',  ( -7.744301232039317900E-017, 2.168404344971009700E-015, -1.000000000000000000 ) ) ;
#5673 = VECTOR ( 'NONE', #5672, 1000.000000000000000 ) ;
#5674 =( GEOMETRIC_REPRESENTATION_CONTEXT ( 3 ) GLOBAL_UNCERTAINTY_ASSIGNED_CONTEXT ( ( #5681 ) ) GLOBAL_UNIT_ASSIGNED_CONTEXT ( ( #5689, #5685, #5682 ) ) REPRESENTATION_CONTEXT ( 'NONE', 'WORKASPACE' ) );
#5675 = CARTESIAN_POINT ( 'NONE',  ( 0.8649999999999998800, -0.4549999999999995200, -2.000000000000000000 ) ) ;
#5676 = LINE ( 'NONE', #5675, #5673 ) ;
#5677 = DIRECTION ( 'NONE',  ( 1.000000000000000000, 0.0000000000000000000, 0.0000000000000000000 ) ) ;
#5678 = DIRECTION ( 'NONE',  ( 0.0000000000000000000, 0.0000000000000000000, 1.000000000000000000 ) ) ;
#5679 = CARTESIAN_POINT ( 'NONE',  ( 1.064999999999999900, 0.1250000000000000600, -1.516388554922435000 ) ) ;
#5680 = AXIS2_PLACEMENT_3D ( 'NONE', #5679, #5678, #5677 ) ;
#5681 = UNCERTAINTY_MEASURE_WITH_UNIT (LENGTH_MEASURE( 1.000000000000000100E-005 ), #5689, 'distance_accuracy_value', 'NONE');
#5682 =( NAMED_UNIT ( * ) SI_UNIT ( $, .STERADIAN. ) SOLID_ANGLE_UNIT ( ) );
#5683 = DIRECTION ( 'NONE',  ( -7.744301232039317900E-017, 0.0000000000000000000, -1.000000000000000000 ) ) ;
#5684 = DIRECTION ( 'NONE',  ( 1.000000000000000000, -0.0000000000000000000, -7.744301232039317900E-017 ) ) ;
#5685 =( NAMED_UNIT ( * ) PLANE_ANGLE_UNIT ( ) SI_UNIT ( $, .RADIAN. ) );
#5686 = AXIS2_PLACEMENT_3D ( 'NONE', #5690, #5684, #5683 ) ;
#5687 = TOROIDAL_SURFACE ( 'NONE', #5686, 0.1250000000000000600, 0.02000000000000000000 ) ;
#5688 = CIRCLE ( 'NONE', #5680, 0.02000000000000005200 ) ;
#5689 =( LENGTH_UNIT ( ) NAMED_UNIT ( * ) SI_UNIT ( .MILLI., .METRE. ) );
#5690 = CARTESIAN_POINT ( 'NONE',  ( 1.064999999999999900, 0.0000000000000000000, -1.516388554922435800 ) ) ;
#5691 = MECHANICAL_DESIGN_GEOMETRIC_PRESENTATION_REPRESENTATION (  '', ( #5693 ), #5674 ) ;
#5692 = PRESENTATION_LAYER_ASSIGNMENT (  '', '', ( #5693 ) ) ;
#5693 = STYLED_ITEM ( 'NONE', ( #5695 ), #7658 ) ;
#5694 =( GEOMETRIC_REPRESENTATION_CONTEXT ( 3 ) GLOBAL_UNCERTAINTY_ASSIGNED_CONTEXT ( ( #5705 ) ) GLOBAL_UNIT_ASSIGNED_CONTEXT ( ( #5138, #5709, #5708 ) ) REPRESENTATION_CONTEXT ( 'NONE', 'WORKASPACE' ) );
#5695 = PRESENTATION_STYLE_ASSIGNMENT (( #5696 ) ) ;
#5696 = SURFACE_STYLE_USAGE ( .BOTH. , #5697 ) ;
#5697 = SURFACE_SIDE_STYLE ('',( #5698 ) ) ;
#5698 = SURFACE_STYLE_FILL_AREA ( #5699 ) ;
#5699 = FILL_AREA_STYLE ('',( #5707 ) ) ;
#5700 = COLOUR_RGB ( '',1.000000000000000000, 1.000000000000000000, 1.000000000000000000 ) ;
#5701 = FACE_OUTER_BOUND ( 'NONE', #7594, .T. ) ;
#5702 = DIRECTION ( 'NONE',  ( -1.000000000000000000, 0.0000000000000000000, 7.744301232039317900E-017 ) ) ;
#5703 = VECTOR ( 'NONE', #5702, 1000.000000000000000 ) ;
#5705 = UNCERTAINTY_MEASURE_WITH_UNIT (LENGTH_MEASURE( 1.000000000000000100E-005 ), #5138, 'distance_accuracy_value', 'NONE');
#5704 = CARTESIAN_POINT ( 'NONE',  ( 1.085000000000000000, -0.4549999999999995200, 2.000000000000000000 ) ) ;
#5706 = LINE ( 'NONE', #5704, #5703 ) ;
#5707 = FILL_AREA_STYLE_COLOUR ( '', #5700 ) ;
#5708 =( NAMED_UNIT ( * ) SI_UNIT ( $, .STERADIAN. ) SOLID_ANGLE_UNIT ( ) );
#5709 =( NAMED_UNIT ( * ) PLANE_ANGLE_UNIT ( ) SI_UNIT ( $, .RADIAN. ) );
#5710 = DIRECTION ( 'NONE',  ( -1.000000000000000000, 0.0000000000000000000, 7.744301232039317900E-017 ) ) ;
#5711 = VECTOR ( 'NONE', #5710, 1000.000000000000000 ) ;
#5712 = CARTESIAN_POINT ( 'NONE',  ( 1.085000000000000000, -0.4526375826984102600, -1.555989212094326600 ) ) ;
#5713 = LINE ( 'NONE', #5712, #5711 ) ;
#5714 = CARTESIAN_POINT ( 'NONE',  ( 0.8650000000000001000, 0.1250000000000001900, 1.516388554922439000 ) ) ;
#5715 = DIRECTION ( 'NONE',  ( 0.0000000000000000000, 0.0000000000000000000, -1.000000000000000000 ) ) ;
#5716 = DIRECTION ( 'NONE',  ( -1.000000000000000000, 0.0000000000000000000, 7.744301232039317900E-017 ) ) ;
#5717 = CARTESIAN_POINT ( 'NONE',  ( 0.8649999999999998800, -0.4526375826984102600, -1.555989212094326600 ) ) ;
#5718 = CARTESIAN_POINT ( 'NONE',  ( 0.8650000000000001000, 1.897353801849632800E-016, 1.516388554922439800 ) ) ;
#5719 = AXIS2_PLACEMENT_3D ( 'NONE', #5718, #5716, #5715 ) ;
#5720 = DIRECTION ( 'NONE',  ( -0.0000000000000000000, -0.0000000000000000000, 1.000000000000000000 ) ) ;
#5721 = VECTOR ( 'NONE', #5720, 1000.000000000000000 ) ;
#5722 = CARTESIAN_POINT ( 'NONE',  ( 0.8650000000000001000, -0.5849999999999995200, 2.000000000000000000 ) ) ;
#5723 = LINE ( 'NONE', #5722, #5721 ) ;
#5724 = DIRECTION ( 'NONE',  ( 0.0000000000000000000, 0.08715574274766252300, -0.9961946980917452100 ) ) ;
#5725 = DIRECTION ( 'NONE',  ( -6.749603259400173900E-018, -0.9961946980917452100, -0.08715574274766158000 ) ) ;
#5727 = AXIS2_PLACEMENT_3D ( 'NONE', #5734, #5725, #5724 ) ;
#5726 = CARTESIAN_POINT ( 'NONE',  ( -1.085000000000000000, -0.5850000000000000800, -1.700437443317630600 ) ) ;
#5728 = CYLINDRICAL_SURFACE ( 'NONE', #5727, 0.02000000000000002500 ) ;
#5729 = DIRECTION ( 'NONE',  ( -0.0000000000000000000, -0.0000000000000000000, 1.000000000000000000 ) ) ;
#5730 = CIRCLE ( 'NONE', #5719, 0.1249999999999998900 ) ;
#5731 = VECTOR ( 'NONE', #5729, 1000.000000000000000 ) ;
#5732 = CARTESIAN_POINT ( 'NONE',  ( 1.085000000000000000, -0.5849999999999995200, 2.000000000000000000 ) ) ;
#5733 = LINE ( 'NONE', #5732, #5731 ) ;
#5734 = CARTESIAN_POINT ( 'NONE',  ( 1.064999999999999900, -0.4367431148549534300, -1.680076106038165000 ) ) ;
#5735 = CARTESIAN_POINT ( 'NONE',  ( -1.084999999999999700, -0.4526375826984085900, 1.555989212094326400 ) ) ;
#5737 =( GEOMETRIC_REPRESENTATION_CONTEXT ( 3 ) GLOBAL_UNCERTAINTY_ASSIGNED_CONTEXT ( ( #5743 ) ) GLOBAL_UNIT_ASSIGNED_CONTEXT ( ( #5752, #5749, #5747 ) ) REPRESENTATION_CONTEXT ( 'NONE', 'WORKASPACE' ) );
#5736 = DIRECTION ( 'NONE',  ( -1.000000000000000000, 0.0000000000000000000, 7.744301232039317900E-017 ) ) ;
#5738 = VECTOR ( 'NONE', #5736, 1000.000000000000000 ) ;
#5739 = CARTESIAN_POINT ( 'NONE',  ( 1.085000000000000000, -0.5849999999999995200, 1.700437443317630600 ) ) ;
#5740 = LINE ( 'NONE', #5739, #5738 ) ;
#5741 = CARTESIAN_POINT ( 'NONE',  ( 1.085000000000000000, -0.5849999999999995200, 1.700437443317630600 ) ) ;
#5742 = DIRECTION ( 'NONE',  ( 0.0000000000000000000, 0.0000000000000000000, -1.000000000000000000 ) ) ;
#5743 = UNCERTAINTY_MEASURE_WITH_UNIT (LENGTH_MEASURE( 1.000000000000000100E-005 ), #5752, 'distance_accuracy_value', 'NONE');
#5744 = DIRECTION ( 'NONE',  ( -0.0000000000000000000, -1.000000000000000000, -0.0000000000000000000 ) ) ;
#5745 = CARTESIAN_POINT ( 'NONE',  ( 1.064999999999999900, -0.5849999999999995200, 1.980000000000000000 ) ) ;
#5746 = AXIS2_PLACEMENT_3D ( 'NONE', #5745, #5744, #5742 ) ;
#5747 =( NAMED_UNIT ( * ) SI_UNIT ( $, .STERADIAN. ) SOLID_ANGLE_UNIT ( ) );
#5748 = CIRCLE ( 'NONE', #5746, 0.02000000000000005200 ) ;
#5749 =( NAMED_UNIT ( * ) PLANE_ANGLE_UNIT ( ) SI_UNIT ( $, .RADIAN. ) );
#5750 = CARTESIAN_POINT ( 'NONE',  ( -1.409811401123124200, -0.4593577871373829000, -1.310001666218537000 ) ) ;
#5751 = CARTESIAN_POINT ( 'NONE',  ( 0.2149999999999999100, -0.5850000000000000800, -1.700437443317630600 ) ) ;
#5752 =( LENGTH_UNIT ( ) NAMED_UNIT ( * ) SI_UNIT ( .MILLI., .METRE. ) );
#5753 = DIRECTION ( 'NONE',  ( -1.000000000000000000, 0.0000000000000000000, 7.744301232039317900E-017 ) ) ;
#5754 = VECTOR ( 'NONE', #5753, 1000.000000000000000 ) ;
#5755 = CARTESIAN_POINT ( 'NONE',  ( 0.4349999999999999400, -0.5850000000000000800, -1.700437443317630600 ) ) ;
#5756 = LINE ( 'NONE', #5755, #5754 ) ;
#5757 = MECHANICAL_DESIGN_GEOMETRIC_PRESENTATION_REPRESENTATION (  '', ( #5759 ), #5737 ) ;
#5758 = PRESENTATION_LAYER_ASSIGNMENT (  '', '', ( #5759 ) ) ;
#5759 = STYLED_ITEM ( 'NONE', ( #5760 ), #654 ) ;
#5760 = PRESENTATION_STYLE_ASSIGNMENT (( #5761 ) ) ;
#5761 = SURFACE_STYLE_USAGE ( .BOTH. , #5762 ) ;
#5762 = SURFACE_SIDE_STYLE ('',( #5764 ) ) ;
#5763 = DIRECTION ( 'NONE',  ( 7.149896831956507700E-017, 6.123233995736761100E-017, 1.000000000000000000 ) ) ;
#5764 = SURFACE_STYLE_FILL_AREA ( #5766 ) ;
#5765 = VECTOR ( 'NONE', #5763, 1000.000000000000000 ) ;
#5766 = FILL_AREA_STYLE ('',( #5670 ) ) ;
#5767 = COLOUR_RGB ( '',1.000000000000000000, 1.000000000000000000, 1.000000000000000000 ) ;
#5768 = CARTESIAN_POINT ( 'NONE',  ( 1.085000000000000000, -7.126743562157366300E-018, -1.516388554922436100 ) ) ;
#5769 = FACE_OUTER_BOUND ( 'NONE', #655, .T. ) ;
#5770 = VECTOR ( 'NONE', #5665, 1000.000000000000000 ) ;
#5771 = STYLED_ITEM ( 'NONE', ( #5773 ), #673 ) ;
#5773 = PRESENTATION_STYLE_ASSIGNMENT (( #5774 ) ) ;
#5772 = DIRECTION ( 'NONE',  ( 0.0000000000000000000, -0.9961946980917453200, -0.08715574274766153800 ) ) ;
#5774 = SURFACE_STYLE_USAGE ( .BOTH. , #5776 ) ;
#5775 = DIRECTION ( 'NONE',  ( 7.714831827782940100E-017, -0.08715574274766153800, 0.9961946980917453200 ) ) ;
#5776 = SURFACE_SIDE_STYLE ('',( #5780 ) ) ;
#5777 = CARTESIAN_POINT ( 'NONE',  ( 1.085000000000000000, -0.4526375826984102600, -1.555989212094326600 ) ) ;
#5778 = AXIS2_PLACEMENT_3D ( 'NONE', #5777, #5775, #5772 ) ;
#5779 = LINE ( 'NONE', #5768, #5765 ) ;
#5780 = SURFACE_STYLE_FILL_AREA ( #5781 ) ;
#5781 = FILL_AREA_STYLE ('',( #5790 ) ) ;
#5782 = COLOUR_RGB ( '',1.000000000000000000, 1.000000000000000000, 1.000000000000000000 ) ;
#5783 = FACE_OUTER_BOUND ( 'NONE', #674, .T. ) ;
#5784 = DIRECTION ( 'NONE',  ( 6.749603259399640000E-018, -0.9961946980917457700, 0.08715574274765468300 ) ) ;
#5785 = PLANE ( 'NONE',  #5778 ) ;
#5786 = VECTOR ( 'NONE', #5784, 1000.000000000000100 ) ;
#5787 = CARTESIAN_POINT ( 'NONE',  ( 1.085000000000000000, 0.01089446784345701100, 1.640912892183908000 ) ) ;
#5788 = LINE ( 'NONE', #5787, #5786 ) ;
#5790 = FILL_AREA_STYLE_COLOUR ( '', #5782 ) ;
#5789 =( GEOMETRIC_REPRESENTATION_CONTEXT ( 3 ) GLOBAL_UNCERTAINTY_ASSIGNED_CONTEXT ( ( #5797 ) ) GLOBAL_UNIT_ASSIGNED_CONTEXT ( ( #5806, #5800, #5798 ) ) REPRESENTATION_CONTEXT ( 'NONE', 'WORKASPACE' ) );
#5791 = CARTESIAN_POINT ( 'NONE',  ( 1.085000000000000000, 0.01089446784345603200, 1.640912892183908000 ) ) ;
#5792 = DIRECTION ( 'NONE',  ( 0.0000000000000000000, 0.0000000000000000000, -1.000000000000000000 ) ) ;
#5793 = DIRECTION ( 'NONE',  ( 1.000000000000000000, -0.0000000000000000000, -7.744301232039317900E-017 ) ) ;
#5794 = CARTESIAN_POINT ( 'NONE',  ( 1.085000000000000000, 1.897353801849632800E-016, 1.516388554922439800 ) ) ;
#5795 = AXIS2_PLACEMENT_3D ( 'NONE', #5794, #5793, #5792 ) ;
#5796 = CIRCLE ( 'NONE', #5795, 0.1249999999999998900 ) ;
#5797 = UNCERTAINTY_MEASURE_WITH_UNIT (LENGTH_MEASURE( 1.000000000000000100E-005 ), #5806, 'distance_accuracy_value', 'NONE');
#5798 =( NAMED_UNIT ( * ) SI_UNIT ( $, .STERADIAN. ) SOLID_ANGLE_UNIT ( ) );
#5799 = CARTESIAN_POINT ( 'NONE',  ( 0.8649999999999998800, -0.4549999999999995700, -1.980000000000000000 ) ) ;
#5800 =( NAMED_UNIT ( * ) PLANE_ANGLE_UNIT ( ) SI_UNIT ( $, .RADIAN. ) );
#5801 = CARTESIAN_POINT ( 'NONE',  ( 0.8649999999999998800, -0.4550000000000002400, -1.681673376519651400 ) ) ;
#5802 = DIRECTION ( 'NONE',  ( -6.749603259400174600E-018, -0.9961946980917453200, -0.08715574274766159400 ) ) ;
#5803 = VECTOR ( 'NONE', #5802, 999.9999999999998900 ) ;
#5804 = CARTESIAN_POINT ( 'NONE',  ( 0.8649999999999998800, -0.4367431148549533200, -1.680076106038165000 ) ) ;
#5805 = LINE ( 'NONE', #5804, #5803 ) ;
#5806 =( LENGTH_UNIT ( ) NAMED_UNIT ( * ) SI_UNIT ( .MILLI., .METRE. ) );
#5807 = MECHANICAL_DESIGN_GEOMETRIC_PRESENTATION_REPRESENTATION (  '', ( #5811 ), #5789 ) ;
#5808 = CARTESIAN_POINT ( 'NONE',  ( 0.8649999999999998800, 0.01089446784345689600, -1.640912892183904200 ) ) ;
#5809 = PRESENTATION_LAYER_ASSIGNMENT (  '', '', ( #5811 ) ) ;
#5810 = DIRECTION ( 'NONE',  ( 0.0000000000000000000, 8.881784197001248400E-016, -1.000000000000000000 ) ) ;
#5811 = STYLED_ITEM ( 'NONE', ( #5812 ), #7690 ) ;
#5813 = DIRECTION ( 'NONE',  ( -1.000000000000000000, 0.0000000000000000000, 7.744301232039317900E-017 ) ) ;
#5812 = PRESENTATION_STYLE_ASSIGNMENT (( #5814 ) ) ;
#5815 = CARTESIAN_POINT ( 'NONE',  ( 0.8649999999999998800, 0.0000000000000000000, -1.516388554922435800 ) ) ;
#5814 = SURFACE_STYLE_USAGE ( .BOTH. , #5816 ) ;
#5817 = AXIS2_PLACEMENT_3D ( 'NONE', #5815, #5813, #5810 ) ;
#5816 = SURFACE_SIDE_STYLE ('',( #5818 ) ) ;
#5819 = CIRCLE ( 'NONE', #5817, 0.1250000000000001100 ) ;
#5818 = SURFACE_STYLE_FILL_AREA ( #5820 ) ;
#5820 = FILL_AREA_STYLE ('',( #5828 ) ) ;
#5821 = COLOUR_RGB ( '',1.000000000000000000, 1.000000000000000000, 1.000000000000000000 ) ;
#5822 = FACE_OUTER_BOUND ( 'NONE', #7685, .T. ) ;
#5823 = DIRECTION ( 'NONE',  ( 0.0000000000000000000, 0.9961946980917452100, 0.08715574274766152400 ) ) ;
#5824 = VECTOR ( 'NONE', #5823, 1000.000000000000100 ) ;
#5825 = CARTESIAN_POINT ( 'NONE',  ( 0.8649999999999998800, -0.4526375826984102600, -1.555989212094326600 ) ) ;
#5826 = LINE ( 'NONE', #5825, #5824 ) ;
#5827 = CARTESIAN_POINT ( 'NONE',  ( 0.8649999999999998800, 0.1250000000000000600, -1.516388554922435000 ) ) ;
#5828 = FILL_AREA_STYLE_COLOUR ( '', #5821 ) ;
#5829 = DIRECTION ( 'NONE',  ( -7.744301232039317900E-017, -6.256159727961946200E-017, -1.000000000000000000 ) ) ;
#5831 = VECTOR ( 'NONE', #5829, 1000.000000000000000 ) ;
#5830 = VECTOR ( 'NONE', #5944, 999.9999999999998900 ) ;
#5832 = CARTESIAN_POINT ( 'NONE',  ( 0.4349999999999999400, 0.2742125770407393100, -1.617875542728060000 ) ) ;
#5833 = CARTESIAN_POINT ( 'NONE',  ( 0.8649999999999998800, 0.1250000000000000000, -1.516388554922435000 ) ) ;
#5834 = LINE ( 'NONE', #5832, #5830 ) ;
#5835 = LINE ( 'NONE', #5833, #5831 ) ;
#5836 = DIRECTION ( 'NONE',  ( 0.0000000000000000000, 0.0000000000000000000, -1.000000000000000000 ) ) ;
#5837 =( LENGTH_UNIT ( ) NAMED_UNIT ( * ) SI_UNIT ( .MILLI., .METRE. ) );
#5838 = DIRECTION ( 'NONE',  ( 1.000000000000000000, -0.0000000000000000000, -7.744301232039317900E-017 ) ) ;
#5839 = CARTESIAN_POINT ( 'NONE',  ( 0.4349999999999999400, 0.0000000000000000000, -1.516388554922436100 ) ) ;
#5840 = AXIS2_PLACEMENT_3D ( 'NONE', #5839, #5838, #5836 ) ;
#5841 = CIRCLE ( 'NONE', #5840, 0.1250000000000001100 ) ;
#5842 = MECHANICAL_DESIGN_GEOMETRIC_PRESENTATION_REPRESENTATION (  '', ( #5844 ), #5935 ) ;
#5843 = PRESENTATION_LAYER_ASSIGNMENT (  '', '', ( #5844 ) ) ;
#5844 = STYLED_ITEM ( 'NONE', ( #5845 ), #678 ) ;
#5845 = PRESENTATION_STYLE_ASSIGNMENT (( #5846 ) ) ;
#5846 = SURFACE_STYLE_USAGE ( .BOTH. , #5847 ) ;
#5847 = SURFACE_SIDE_STYLE ('',( #5849 ) ) ;
#5849 = SURFACE_STYLE_FILL_AREA ( #5850 ) ;
#5848 = CARTESIAN_POINT ( 'NONE',  ( 0.2150000000000001400, 0.01089446784345603000, 1.640912892183907800 ) ) ;
#5850 = FILL_AREA_STYLE ('',( #5860 ) ) ;
#5851 = COLOUR_RGB ( '',1.000000000000000000, 1.000000000000000000, 1.000000000000000000 ) ;
#5852 = DIRECTION ( 'NONE',  ( 7.744301232039317900E-017, -2.168404344971009700E-015, 1.000000000000000000 ) ) ;
#5854 = FACE_OUTER_BOUND ( 'NONE', #679, .T. ) ;
#5853 = VECTOR ( 'NONE', #5852, 1000.000000000000000 ) ;
#5855 = CARTESIAN_POINT ( 'NONE',  ( 0.4350000000000001600, -0.4550000000000071800, 1.516388554922438500 ) ) ;
#5856 = DIRECTION ( 'NONE',  ( 0.0000000000000000000, 1.000000000000000000, 0.0000000000000000000 ) ) ;
#5857 = LINE ( 'NONE', #5855, #5853 ) ;
#5858 = VECTOR ( 'NONE', #5856, 1000.000000000000000 ) ;
#5859 = CARTESIAN_POINT ( 'NONE',  ( 0.8650000000000001000, -0.4349999999999995000, 1.980000000000000000 ) ) ;
#5860 = FILL_AREA_STYLE_COLOUR ( '', #5851 ) ;
#5861 = CARTESIAN_POINT ( 'NONE',  ( 0.4349999999999999400, 0.01089446784345688900, -1.640912892183904500 ) ) ;
#5862 = DIRECTION ( 'NONE',  ( -7.744301232039317900E-017, 0.0000000000000000000, -1.000000000000000000 ) ) ;
#5863 = CARTESIAN_POINT ( 'NONE',  ( 0.2150000000000001400, -0.4549999999999994000, 1.681673376519651700 ) ) ;
#5864 = DIRECTION ( 'NONE',  ( 1.000000000000000000, 0.0000000000000000000, -7.744301232039317900E-017 ) ) ;
#5865 = CARTESIAN_POINT ( 'NONE',  ( 0.4349999999999999400, 0.1250000000000000600, -1.516388554922435200 ) ) ;
#5866 = CARTESIAN_POINT ( 'NONE',  ( 0.8650000000000001000, 1.897353801849632800E-016, 1.516388554922439800 ) ) ;
#5867 = AXIS2_PLACEMENT_3D ( 'NONE', #5866, #5864, #5862 ) ;
#5868 = DIRECTION ( 'NONE',  ( 7.744301232039317900E-017, 6.256159727961946200E-017, 1.000000000000000000 ) ) ;
#5869 = LINE ( 'NONE', #5859, #5858 ) ;
#5870 = VECTOR ( 'NONE', #5868, 1000.000000000000000 ) ;
#5871 = CARTESIAN_POINT ( 'NONE',  ( 0.4350000000000001600, 0.1250000000000001900, 1.516388554922439600 ) ) ;
#5872 = LINE ( 'NONE', #5871, #5870 ) ;
#5873 = PLANE ( 'NONE',  #5867 ) ;
#5874 =( GEOMETRIC_REPRESENTATION_CONTEXT ( 3 ) GLOBAL_UNCERTAINTY_ASSIGNED_CONTEXT ( ( #5880 ) ) GLOBAL_UNIT_ASSIGNED_CONTEXT ( ( #5890, #5888, #5882 ) ) REPRESENTATION_CONTEXT ( 'NONE', 'WORKASPACE' ) );
#5875 = DIRECTION ( 'NONE',  ( 0.0000000000000000000, 0.0000000000000000000, -1.000000000000000000 ) ) ;
#5876 = DIRECTION ( 'NONE',  ( 1.000000000000000000, -0.0000000000000000000, -7.744301232039317900E-017 ) ) ;
#5877 = CARTESIAN_POINT ( 'NONE',  ( 0.4350000000000001600, 1.897353801849632800E-016, 1.516388554922439600 ) ) ;
#5878 = AXIS2_PLACEMENT_3D ( 'NONE', #5877, #5876, #5875 ) ;
#5879 = CIRCLE ( 'NONE', #5878, 0.1249999999999998900 ) ;
#5880 = UNCERTAINTY_MEASURE_WITH_UNIT (LENGTH_MEASURE( 1.000000000000000100E-005 ), #5890, 'distance_accuracy_value', 'NONE');
#5881 = CARTESIAN_POINT ( 'NONE',  ( 0.4350000000000001600, 0.01089446784345603200, 1.640912892183907800 ) ) ;
#5882 =( NAMED_UNIT ( * ) SI_UNIT ( $, .STERADIAN. ) SOLID_ANGLE_UNIT ( ) );
#5883 = CARTESIAN_POINT ( 'NONE',  ( 0.4350000000000001600, 0.1250000000000001900, 1.516388554922438700 ) ) ;
#5884 = DIRECTION ( 'NONE',  ( -0.0000000000000000000, 1.000000000000000000, -0.0000000000000000000 ) ) ;
#5885 = VECTOR ( 'NONE', #5884, 1000.000000000000000 ) ;
#5886 = CARTESIAN_POINT ( 'NONE',  ( 0.4349999999999999400, 1.897353801849632800E-016, -1.980000000000000000 ) ) ;
#5888 =( NAMED_UNIT ( * ) PLANE_ANGLE_UNIT ( ) SI_UNIT ( $, .RADIAN. ) );
#5887 = LINE ( 'NONE', #5886, #5885 ) ;
#5889 = AXIS2_PLACEMENT_3D ( 'NONE', #6002, #6001, #6000 ) ;
#5890 =( LENGTH_UNIT ( ) NAMED_UNIT ( * ) SI_UNIT ( .MILLI., .METRE. ) );
#5891 = MECHANICAL_DESIGN_GEOMETRIC_PRESENTATION_REPRESENTATION (  '', ( #5771 ), #5874 ) ;
#5892 = PLANE ( 'NONE',  #5889 ) ;
#5893 = PRESENTATION_LAYER_ASSIGNMENT (  '', '', ( #5771 ) ) ;
#5894 =( GEOMETRIC_REPRESENTATION_CONTEXT ( 3 ) GLOBAL_UNCERTAINTY_ASSIGNED_CONTEXT ( ( #5898 ) ) GLOBAL_UNIT_ASSIGNED_CONTEXT ( ( #5914, #5909, #5903 ) ) REPRESENTATION_CONTEXT ( 'NONE', 'WORKASPACE' ) );
#5895 =( LENGTH_UNIT ( ) NAMED_UNIT ( * ) SI_UNIT ( .MILLI., .METRE. ) );
#5896 = MECHANICAL_DESIGN_GEOMETRIC_PRESENTATION_REPRESENTATION (  '', ( #5899 ), #5998 ) ;
#5897 = PRESENTATION_LAYER_ASSIGNMENT (  '', '', ( #5899 ) ) ;
#5898 = UNCERTAINTY_MEASURE_WITH_UNIT (LENGTH_MEASURE( 1.000000000000000100E-005 ), #5914, 'distance_accuracy_value', 'NONE');
#5899 = STYLED_ITEM ( 'NONE', ( #5900 ), #685 ) ;
#5900 = PRESENTATION_STYLE_ASSIGNMENT (( #5901 ) ) ;
#5901 = SURFACE_STYLE_USAGE ( .BOTH. , #5902 ) ;
#5902 = SURFACE_SIDE_STYLE ('',( #5904 ) ) ;
#5903 =( NAMED_UNIT ( * ) SI_UNIT ( $, .STERADIAN. ) SOLID_ANGLE_UNIT ( ) );
#5904 = SURFACE_STYLE_FILL_AREA ( #5905 ) ;
#5905 = FILL_AREA_STYLE ('',( #5913 ) ) ;
#5906 = COLOUR_RGB ( '',1.000000000000000000, 1.000000000000000000, 1.000000000000000000 ) ;
#5907 = FACE_OUTER_BOUND ( 'NONE', #686, .T. ) ;
#5908 = DIRECTION ( 'NONE',  ( 0.0000000000000000000, -0.08715574274765453000, -0.9961946980917457700 ) ) ;
#5909 =( NAMED_UNIT ( * ) PLANE_ANGLE_UNIT ( ) SI_UNIT ( $, .RADIAN. ) );
#5910 = DIRECTION ( 'NONE',  ( 0.0000000000000000000, -0.9961946980917459900, 0.08715574274765462700 ) ) ;
#5911 = CARTESIAN_POINT ( 'NONE',  ( 1.064999999999999900, 0.01089446784345603200, 1.640912892183908000 ) ) ;
#5912 = AXIS2_PLACEMENT_3D ( 'NONE', #5911, #5910, #5908 ) ;
#5913 = FILL_AREA_STYLE_COLOUR ( '', #5906 ) ;
#5914 =( LENGTH_UNIT ( ) NAMED_UNIT ( * ) SI_UNIT ( .MILLI., .METRE. ) );
#5915 = MECHANICAL_DESIGN_GEOMETRIC_PRESENTATION_REPRESENTATION (  '', ( #5919 ), #5894 ) ;
#5916 = DIRECTION ( 'NONE',  ( -7.744301232039317900E-017, 0.0000000000000000000, -1.000000000000000000 ) ) ;
#5917 = PRESENTATION_LAYER_ASSIGNMENT (  '', '', ( #5919 ) ) ;
#5918 = DIRECTION ( 'NONE',  ( 1.000000000000000000, -0.0000000000000000000, -7.744301232039317900E-017 ) ) ;
#5919 = STYLED_ITEM ( 'NONE', ( #5921 ), #7728 ) ;
#5920 = AXIS2_PLACEMENT_3D ( 'NONE', #5932, #5918, #5916 ) ;
#5921 = PRESENTATION_STYLE_ASSIGNMENT (( #5923 ) ) ;
#5922 = TOROIDAL_SURFACE ( 'NONE', #5920, 0.1249999999999998900, 0.02000000000000000000 ) ;
#5923 = SURFACE_STYLE_USAGE ( .BOTH. , #5924 ) ;
#5925 = CIRCLE ( 'NONE', #5912, 0.02000000000000001400 ) ;
#5924 = SURFACE_SIDE_STYLE ('',( #5926 ) ) ;
#5926 = SURFACE_STYLE_FILL_AREA ( #5927 ) ;
#5927 = FILL_AREA_STYLE ('',( #5929 ) ) ;
#5928 = COLOUR_RGB ( '',1.000000000000000000, 1.000000000000000000, 1.000000000000000000 ) ;
#5929 = FILL_AREA_STYLE_COLOUR ( '', #5928 ) ;
#5930 = FACE_OUTER_BOUND ( 'NONE', #7723, .T. ) ;
#5931 = CARTESIAN_POINT ( 'NONE',  ( 0.2150000000000001400, -0.4549999999999995200, 1.980000000000000000 ) ) ;
#5932 = CARTESIAN_POINT ( 'NONE',  ( 1.064999999999999900, 1.897353801849632800E-016, 1.516388554922439800 ) ) ;
#5933 = DIRECTION ( 'NONE',  ( 0.0000000000000000000, 1.000000000000000000, 0.0000000000000000000 ) ) ;
#5934 = VECTOR ( 'NONE', #5933, 1000.000000000000000 ) ;
#5935 =( GEOMETRIC_REPRESENTATION_CONTEXT ( 3 ) GLOBAL_UNCERTAINTY_ASSIGNED_CONTEXT ( ( #5941 ) ) GLOBAL_UNIT_ASSIGNED_CONTEXT ( ( #5837, #5945, #5943 ) ) REPRESENTATION_CONTEXT ( 'NONE', 'WORKASPACE' ) );
#5936 = CARTESIAN_POINT ( 'NONE',  ( 0.2150000000000001400, -0.4349999999999995000, 1.980000000000000000 ) ) ;
#5937 = LINE ( 'NONE', #5936, #5934 ) ;
#5938 = DIRECTION ( 'NONE',  ( -6.749603259399640000E-018, 0.9961946980917457700, -0.08715574274765468300 ) ) ;
#5939 = VECTOR ( 'NONE', #5938, 1000.000000000000100 ) ;
#5940 = CARTESIAN_POINT ( 'NONE',  ( 0.2150000000000001400, 0.01089446784345603700, 1.640912892183907800 ) ) ;
#5941 = UNCERTAINTY_MEASURE_WITH_UNIT (LENGTH_MEASURE( 1.000000000000000100E-005 ), #5837, 'distance_accuracy_value', 'NONE');
#5942 = LINE ( 'NONE', #5940, #5939 ) ;
#5943 =( NAMED_UNIT ( * ) SI_UNIT ( $, .STERADIAN. ) SOLID_ANGLE_UNIT ( ) );
#5944 = DIRECTION ( 'NONE',  ( 6.749603259400174600E-018, 0.9961946980917453200, 0.08715574274766159400 ) ) ;
#5945 =( NAMED_UNIT ( * ) PLANE_ANGLE_UNIT ( ) SI_UNIT ( $, .RADIAN. ) );
#5946 =( NAMED_UNIT ( * ) PLANE_ANGLE_UNIT ( ) SI_UNIT ( $, .RADIAN. ) );
#5948 =( NAMED_UNIT ( * ) PLANE_ANGLE_UNIT ( ) SI_UNIT ( $, .RADIAN. ) );
#5947 =( LENGTH_UNIT ( ) NAMED_UNIT ( * ) SI_UNIT ( .MILLI., .METRE. ) );
#5949 = MECHANICAL_DESIGN_GEOMETRIC_PRESENTATION_REPRESENTATION (  '', ( #5952 ), #6044 ) ;
#5950 = PRESENTATION_LAYER_ASSIGNMENT (  '', '', ( #5952 ) ) ;
#5951 =( LENGTH_UNIT ( ) NAMED_UNIT ( * ) SI_UNIT ( .MILLI., .METRE. ) );
#5952 = STYLED_ITEM ( 'NONE', ( #5953 ), #7740 ) ;
#5953 = PRESENTATION_STYLE_ASSIGNMENT (( #5954 ) ) ;
#5954 = SURFACE_STYLE_USAGE ( .BOTH. , #5955 ) ;
#5955 = SURFACE_SIDE_STYLE ('',( #5957 ) ) ;
#5956 = MECHANICAL_DESIGN_GEOMETRIC_PRESENTATION_REPRESENTATION (  '', ( #5961 ), #6046 ) ;
#5957 = SURFACE_STYLE_FILL_AREA ( #5958 ) ;
#5959 = PRESENTATION_LAYER_ASSIGNMENT (  '', '', ( #5961 ) ) ;
#5958 = FILL_AREA_STYLE ('',( #5974 ) ) ;
#5960 = COLOUR_RGB ( '',1.000000000000000000, 1.000000000000000000, 1.000000000000000000 ) ;
#5961 = STYLED_ITEM ( 'NONE', ( #5963 ), #690 ) ;
#5962 = FACE_OUTER_BOUND ( 'NONE', #7752, .T. ) ;
#5963 = PRESENTATION_STYLE_ASSIGNMENT (( #5964 ) ) ;
#5964 = SURFACE_STYLE_USAGE ( .BOTH. , #5966 ) ;
#5965 = DIRECTION ( 'NONE',  ( -7.744301232039317900E-017, 2.168404344971009700E-015, -1.000000000000000000 ) ) ;
#5966 = SURFACE_SIDE_STYLE ('',( #5968 ) ) ;
#5967 = VECTOR ( 'NONE', #5965, 1000.000000000000000 ) ;
#5968 = SURFACE_STYLE_FILL_AREA ( #5969 ) ;
#5969 = FILL_AREA_STYLE ('',( #5983 ) ) ;
#5970 = CARTESIAN_POINT ( 'NONE',  ( 0.2149999999999999100, -0.4549999999999995200, -2.000000000000000000 ) ) ;
#5971 = COLOUR_RGB ( '',1.000000000000000000, 1.000000000000000000, 1.000000000000000000 ) ;
#5972 = LINE ( 'NONE', #5970, #5967 ) ;
#5973 = FACE_OUTER_BOUND ( 'NONE', #691, .T. ) ;
#5974 = FILL_AREA_STYLE_COLOUR ( '', #5960 ) ;
#5975 = DIRECTION ( 'NONE',  ( -1.000000000000000000, 0.0000000000000000000, 0.0000000000000000000 ) ) ;
#5976 = DIRECTION ( 'NONE',  ( 0.0000000000000000000, 0.0000000000000000000, -1.000000000000000000 ) ) ;
#5978 = CARTESIAN_POINT ( 'NONE',  ( 1.064999999999999900, -0.4549999999999995700, -1.980000000000000000 ) ) ;
#5977 = DIRECTION ( 'NONE',  ( -6.749603259400174600E-018, -0.9961946980917453200, -0.08715574274766159400 ) ) ;
#5980 = AXIS2_PLACEMENT_3D ( 'NONE', #5978, #5976, #5975 ) ;
#5979 = VECTOR ( 'NONE', #5977, 999.9999999999998900 ) ;
#5981 = CARTESIAN_POINT ( 'NONE',  ( 0.2149999999999999100, -0.4367431148549533200, -1.680076106038165300 ) ) ;
#5983 = FILL_AREA_STYLE_COLOUR ( '', #5971 ) ;
#5982 = LINE ( 'NONE', #5981, #5979 ) ;
#5984 = DIRECTION ( 'NONE',  ( 0.0000000000000000000, 0.0000000000000000000, 1.000000000000000000 ) ) ;
#5985 = DIRECTION ( 'NONE',  ( 0.0000000000000000000, 1.000000000000000000, 0.0000000000000000000 ) ) ;
#5986 = CARTESIAN_POINT ( 'NONE',  ( 0.2149999999999999100, -0.4549999999999995700, -1.980000000000000000 ) ) ;
#5987 = AXIS2_PLACEMENT_3D ( 'NONE', #5995, #5985, #5984 ) ;
#5988 = CYLINDRICAL_SURFACE ( 'NONE', #5987, 0.02000000000000005200 ) ;
#5989 = CARTESIAN_POINT ( 'NONE',  ( 0.2149999999999999100, -0.4550000000000002400, -1.681673376519651700 ) ) ;
#5990 = CIRCLE ( 'NONE', #5980, 0.02000000000000005200 ) ;
#5991 = DIRECTION ( 'NONE',  ( 6.749603259399640000E-018, -0.9961946980917457700, 0.08715574274765468300 ) ) ;
#5992 = VECTOR ( 'NONE', #5991, 1000.000000000000100 ) ;
#5993 = CARTESIAN_POINT ( 'NONE',  ( 0.4350000000000001600, 0.01089446784345701100, 1.640912892183907800 ) ) ;
#5994 = LINE ( 'NONE', #5993, #5992 ) ;
#5995 = CARTESIAN_POINT ( 'NONE',  ( 0.8849999999999999000, 1.897353801849632800E-016, -1.980000000000000000 ) ) ;
#5996 = DIRECTION ( 'NONE',  ( -7.744301232039317900E-017, 3.614007241618349300E-016, -1.000000000000000000 ) ) ;
#5997 = VECTOR ( 'NONE', #5996, 1000.000000000000000 ) ;
#5998 =( GEOMETRIC_REPRESENTATION_CONTEXT ( 3 ) GLOBAL_UNCERTAINTY_ASSIGNED_CONTEXT ( ( #6004 ) ) GLOBAL_UNIT_ASSIGNED_CONTEXT ( ( #5895, #6010, #6006 ) ) REPRESENTATION_CONTEXT ( 'NONE', 'WORKASPACE' ) );
#5999 = CARTESIAN_POINT ( 'NONE',  ( 0.2150000000000001400, -0.4549999999999994000, 1.700000000000000200 ) ) ;
#6000 = DIRECTION ( 'NONE',  ( -7.744301232039317900E-017, 0.0000000000000000000, -1.000000000000000000 ) ) ;
#6001 = DIRECTION ( 'NONE',  ( 1.000000000000000000, 0.0000000000000000000, -7.744301232039317900E-017 ) ) ;
#6002 = CARTESIAN_POINT ( 'NONE',  ( 0.2150000000000001400, 1.897353801849632800E-016, 1.516388554922439600 ) ) ;
#6003 = LINE ( 'NONE', #5999, #5997 ) ;
#6004 = UNCERTAINTY_MEASURE_WITH_UNIT (LENGTH_MEASURE( 1.000000000000000100E-005 ), #5895, 'distance_accuracy_value', 'NONE');
#6005 = CARTESIAN_POINT ( 'NONE',  ( 0.4349999999999999400, -0.4550000000000002400, -1.681673376519651700 ) ) ;
#6006 =( NAMED_UNIT ( * ) SI_UNIT ( $, .STERADIAN. ) SOLID_ANGLE_UNIT ( ) );
#6007 = CARTESIAN_POINT ( 'NONE',  ( 0.4349999999999998900, -0.4432842712474621700, -1.692408864001934400 ) ) ;
#6008 = CARTESIAN_POINT ( 'NONE',  ( 0.4267157287525379900, -0.4350000000000002200, -1.700000000000000200 ) ) ;
#6009 = CARTESIAN_POINT ( 'NONE',  ( 0.4149999999999999800, -0.4350000000000001600, -1.700000000000000200 ) ) ;
#6010 =( NAMED_UNIT ( * ) PLANE_ANGLE_UNIT ( ) SI_UNIT ( $, .RADIAN. ) );
#6011 =( NAMED_UNIT ( * ) PLANE_ANGLE_UNIT ( ) SI_UNIT ( $, .RADIAN. ) );
#6012 =( LENGTH_UNIT ( ) NAMED_UNIT ( * ) SI_UNIT ( .MILLI., .METRE. ) );
#6013 = MECHANICAL_DESIGN_GEOMETRIC_PRESENTATION_REPRESENTATION (  '', ( #6016 ), #6097 ) ;
#6014 =( BOUNDED_CURVE ( )  B_SPLINE_CURVE ( 3, ( #6009, #6008, #6007, #6005 ),
 .UNSPECIFIED., .F., .T. ) 
 B_SPLINE_CURVE_WITH_KNOTS ( ( 4, 4 ),
 ( 5.491974308826505500E-015, 1.570796326794896600 ),
 .UNSPECIFIED. ) 
 CURVE ( )  GEOMETRIC_REPRESENTATION_ITEM ( )  RATIONAL_B_SPLINE_CURVE ( ( 1.000000000000000000, 0.8047378541243662700, 0.8047378541243662700, 1.000000000000000000 ) ) 
 REPRESENTATION_ITEM ( '' )  );
#6015 = PRESENTATION_LAYER_ASSIGNMENT (  '', '', ( #6016 ) ) ;
#6016 = STYLED_ITEM ( 'NONE', ( #6017 ), #697 ) ;
#6017 = PRESENTATION_STYLE_ASSIGNMENT (( #6018 ) ) ;
#6018 = SURFACE_STYLE_USAGE ( .BOTH. , #6020 ) ;
#6019 = DIRECTION ( 'NONE',  ( -7.744301232039317900E-017, -6.256159727961946200E-017, -1.000000000000000000 ) ) ;
#6020 = SURFACE_SIDE_STYLE ('',( #6022 ) ) ;
#6021 = VECTOR ( 'NONE', #6019, 1000.000000000000000 ) ;
#6022 = SURFACE_STYLE_FILL_AREA ( #6024 ) ;
#6024 = FILL_AREA_STYLE ('',( #6032 ) ) ;
#6023 = CARTESIAN_POINT ( 'NONE',  ( 0.2149999999999999100, 0.1250000000000000000, -1.516388554922435200 ) ) ;
#6026 = COLOUR_RGB ( '',1.000000000000000000, 1.000000000000000000, 1.000000000000000000 ) ;
#6025 = LINE ( 'NONE', #6023, #6021 ) ;
#6027 = FACE_OUTER_BOUND ( 'NONE', #698, .T. ) ;
#6028 = DIRECTION ( 'NONE',  ( 0.0000000000000000000, -1.000000000000000000, 1.084202172485504600E-014 ) ) ;
#6029 = DIRECTION ( 'NONE',  ( -0.0000000000000000000, 1.084202172485504600E-014, 1.000000000000000000 ) ) ;
#6030 = CARTESIAN_POINT ( 'NONE',  ( 1.064999999999999900, 0.1250000000000001900, 1.516388554922439000 ) ) ;
#6031 = AXIS2_PLACEMENT_3D ( 'NONE', #6030, #6029, #6028 ) ;
#6032 = FILL_AREA_STYLE_COLOUR ( '', #6026 ) ;
#6033 = DIRECTION ( 'NONE',  ( 0.0000000000000000000, 0.08715574274766252300, -0.9961946980917452100 ) ) ;
#6034 = DIRECTION ( 'NONE',  ( -6.749603259400173900E-018, -0.9961946980917452100, -0.08715574274766158000 ) ) ;
#6035 = AXIS2_PLACEMENT_3D ( 'NONE', #6043, #6034, #6033 ) ;
#6036 = CYLINDRICAL_SURFACE ( 'NONE', #6035, 0.02000000000000002500 ) ;
#6037 = CARTESIAN_POINT ( 'NONE',  ( 0.2149999999999999100, 0.1250000000000000600, -1.516388554922435200 ) ) ;
#6038 = DIRECTION ( 'NONE',  ( -1.000000000000000000, 0.0000000000000000000, 0.0000000000000000000 ) ) ;
#6039 = DIRECTION ( 'NONE',  ( -7.744301232039317900E-017, -6.256159727961946200E-017, -1.000000000000000000 ) ) ;
#6040 = AXIS2_PLACEMENT_3D ( 'NONE', #6045, #6039, #6038 ) ;
#6041 = CYLINDRICAL_SURFACE ( 'NONE', #6040, 0.02000000000000005200 ) ;
#6042 = CIRCLE ( 'NONE', #6031, 0.01999999999999999700 ) ;
#6043 = CARTESIAN_POINT ( 'NONE',  ( 0.4149999999999998700, -0.4367431148549534300, -1.680076106038165300 ) ) ;
#6044 =( GEOMETRIC_REPRESENTATION_CONTEXT ( 3 ) GLOBAL_UNCERTAINTY_ASSIGNED_CONTEXT ( ( #6047 ) ) GLOBAL_UNIT_ASSIGNED_CONTEXT ( ( #5947, #5946, #6048 ) ) REPRESENTATION_CONTEXT ( 'NONE', 'WORKASPACE' ) );
#6045 = CARTESIAN_POINT ( 'NONE',  ( 1.064999999999999900, 0.1250000000000000000, -1.516388554922435000 ) ) ;
#6046 =( GEOMETRIC_REPRESENTATION_CONTEXT ( 3 ) GLOBAL_UNCERTAINTY_ASSIGNED_CONTEXT ( ( #6049 ) ) GLOBAL_UNIT_ASSIGNED_CONTEXT ( ( #5951, #5948, #6050 ) ) REPRESENTATION_CONTEXT ( 'NONE', 'WORKASPACE' ) );
#6047 = UNCERTAINTY_MEASURE_WITH_UNIT (LENGTH_MEASURE( 1.000000000000000100E-005 ), #5947, 'distance_accuracy_value', 'NONE');
#6048 =( NAMED_UNIT ( * ) SI_UNIT ( $, .STERADIAN. ) SOLID_ANGLE_UNIT ( ) );
#6049 = UNCERTAINTY_MEASURE_WITH_UNIT (LENGTH_MEASURE( 1.000000000000000100E-005 ), #5951, 'distance_accuracy_value', 'NONE');
#6050 =( NAMED_UNIT ( * ) SI_UNIT ( $, .STERADIAN. ) SOLID_ANGLE_UNIT ( ) );
#6051 =( GEOMETRIC_REPRESENTATION_CONTEXT ( 3 ) GLOBAL_UNCERTAINTY_ASSIGNED_CONTEXT ( ( #6053 ) ) GLOBAL_UNIT_ASSIGNED_CONTEXT ( ( #6059, #6057, #6055 ) ) REPRESENTATION_CONTEXT ( 'NONE', 'WORKASPACE' ) );
#6052 =( GEOMETRIC_REPRESENTATION_CONTEXT ( 3 ) GLOBAL_UNCERTAINTY_ASSIGNED_CONTEXT ( ( #6054 ) ) GLOBAL_UNIT_ASSIGNED_CONTEXT ( ( #6060, #6058, #6056 ) ) REPRESENTATION_CONTEXT ( 'NONE', 'WORKASPACE' ) );
#6053 = UNCERTAINTY_MEASURE_WITH_UNIT (LENGTH_MEASURE( 1.000000000000000100E-005 ), #6059, 'distance_accuracy_value', 'NONE');
#6054 = UNCERTAINTY_MEASURE_WITH_UNIT (LENGTH_MEASURE( 1.000000000000000100E-005 ), #6060, 'distance_accuracy_value', 'NONE');
#6055 =( NAMED_UNIT ( * ) SI_UNIT ( $, .STERADIAN. ) SOLID_ANGLE_UNIT ( ) );
#6056 =( NAMED_UNIT ( * ) SI_UNIT ( $, .STERADIAN. ) SOLID_ANGLE_UNIT ( ) );
#6057 =( NAMED_UNIT ( * ) PLANE_ANGLE_UNIT ( ) SI_UNIT ( $, .RADIAN. ) );
#6058 =( NAMED_UNIT ( * ) PLANE_ANGLE_UNIT ( ) SI_UNIT ( $, .RADIAN. ) );
#6059 =( LENGTH_UNIT ( ) NAMED_UNIT ( * ) SI_UNIT ( .MILLI., .METRE. ) );
#6060 =( LENGTH_UNIT ( ) NAMED_UNIT ( * ) SI_UNIT ( .MILLI., .METRE. ) );
#6061 = MECHANICAL_DESIGN_GEOMETRIC_PRESENTATION_REPRESENTATION (  '', ( #6064 ), #6051 ) ;
#6062 = PRESENTATION_LAYER_ASSIGNMENT (  '', '', ( #6064 ) ) ;
#6063 = MECHANICAL_DESIGN_GEOMETRIC_PRESENTATION_REPRESENTATION (  '', ( #6068 ), #6052 ) ;
#6064 = STYLED_ITEM ( 'NONE', ( #6065 ), #7751 ) ;
#6065 = PRESENTATION_STYLE_ASSIGNMENT (( #6067 ) ) ;
#6066 = PRESENTATION_LAYER_ASSIGNMENT (  '', '', ( #6068 ) ) ;
#6067 = SURFACE_STYLE_USAGE ( .BOTH. , #6069 ) ;
#6068 = STYLED_ITEM ( 'NONE', ( #6071 ), #701 ) ;
#6069 = SURFACE_SIDE_STYLE ('',( #6070 ) ) ;
#6071 = PRESENTATION_STYLE_ASSIGNMENT (( #6073 ) ) ;
#6070 = SURFACE_STYLE_FILL_AREA ( #6072 ) ;
#6073 = SURFACE_STYLE_USAGE ( .BOTH. , #6075 ) ;
#6072 = FILL_AREA_STYLE ('',( #6090 ) ) ;
#6075 = SURFACE_SIDE_STYLE ('',( #6076 ) ) ;
#6074 = COLOUR_RGB ( '',1.000000000000000000, 1.000000000000000000, 1.000000000000000000 ) ;
#6076 = SURFACE_STYLE_FILL_AREA ( #6078 ) ;
#6077 = FACE_OUTER_BOUND ( 'NONE', #7774, .T. ) ;
#6078 = FILL_AREA_STYLE ('',( #6091 ) ) ;
#6079 = COLOUR_RGB ( '',1.000000000000000000, 1.000000000000000000, 1.000000000000000000 ) ;
#6080 = DIRECTION ( 'NONE',  ( 0.0000000000000000000, 0.0000000000000000000, -1.000000000000000000 ) ) ;
#6082 = DIRECTION ( 'NONE',  ( 1.000000000000000000, 0.0000000000000000000, 0.0000000000000000000 ) ) ;
#6081 = DIRECTION ( 'NONE',  ( -1.000000000000000000, 0.0000000000000000000, 7.744301232039317900E-017 ) ) ;
#6084 = DIRECTION ( 'NONE',  ( 0.0000000000000000000, 1.000000000000000000, 0.0000000000000000000 ) ) ;
#6083 = CARTESIAN_POINT ( 'NONE',  ( 0.2150000000000001400, 1.897353801849632800E-016, 1.516388554922439600 ) ) ;
#6085 = AXIS2_PLACEMENT_3D ( 'NONE', #6083, #6081, #6080 ) ;
#6086 = AXIS2_PLACEMENT_3D ( 'NONE', #6094, #6084, #6082 ) ;
#6087 = CIRCLE ( 'NONE', #6085, 0.1249999999999998900 ) ;
#6088 = SPHERICAL_SURFACE ( 'NONE', #6086, 0.02000000000000000000 ) ;
#6089 = FACE_OUTER_BOUND ( 'NONE', #702, .T. ) ;
#6090 = FILL_AREA_STYLE_COLOUR ( '', #6074 ) ;
#6091 = FILL_AREA_STYLE_COLOUR ( '', #6079 ) ;
#6092 = DIRECTION ( 'NONE',  ( 0.0000000000000000000, -1.000000000000000000, 0.0000000000000000000 ) ) ;
#6093 = VECTOR ( 'NONE', #6092, 1000.000000000000000 ) ;
#6094 = CARTESIAN_POINT ( 'NONE',  ( 1.064999999999999900, -0.4549999999999995700, -1.980000000000000000 ) ) ;
#6095 = CARTESIAN_POINT ( 'NONE',  ( 0.2149999999999999100, -0.5850000000000006300, -1.980000000000000000 ) ) ;
#6096 = LINE ( 'NONE', #6095, #6093 ) ;
#6097 =( GEOMETRIC_REPRESENTATION_CONTEXT ( 3 ) GLOBAL_UNCERTAINTY_ASSIGNED_CONTEXT ( ( #6098 ) ) GLOBAL_UNIT_ASSIGNED_CONTEXT ( ( #6012, #6011, #6100 ) ) REPRESENTATION_CONTEXT ( 'NONE', 'WORKASPACE' ) );
#6098 = UNCERTAINTY_MEASURE_WITH_UNIT (LENGTH_MEASURE( 1.000000000000000100E-005 ), #6012, 'distance_accuracy_value', 'NONE');
#6099 = UNCERTAINTY_MEASURE_WITH_UNIT (LENGTH_MEASURE( 1.000000000000000100E-005 ), #6105, 'distance_accuracy_value', 'NONE');
#6100 =( NAMED_UNIT ( * ) SI_UNIT ( $, .STERADIAN. ) SOLID_ANGLE_UNIT ( ) );
#6101 =( NAMED_UNIT ( * ) SI_UNIT ( $, .STERADIAN. ) SOLID_ANGLE_UNIT ( ) );
#6102 = CYLINDRICAL_SURFACE ( 'NONE', #6217, 0.01999999999999999700 ) ;
#6103 =( NAMED_UNIT ( * ) PLANE_ANGLE_UNIT ( ) SI_UNIT ( $, .RADIAN. ) );
#6104 =( GEOMETRIC_REPRESENTATION_CONTEXT ( 3 ) GLOBAL_UNCERTAINTY_ASSIGNED_CONTEXT ( ( #6108 ) ) GLOBAL_UNIT_ASSIGNED_CONTEXT ( ( #6124, #6118, #6112 ) ) REPRESENTATION_CONTEXT ( 'NONE', 'WORKASPACE' ) );
#6105 =( LENGTH_UNIT ( ) NAMED_UNIT ( * ) SI_UNIT ( .MILLI., .METRE. ) );
#6106 = MECHANICAL_DESIGN_GEOMETRIC_PRESENTATION_REPRESENTATION (  '', ( #6109 ), #6213 ) ;
#6108 = UNCERTAINTY_MEASURE_WITH_UNIT (LENGTH_MEASURE( 1.000000000000000100E-005 ), #6124, 'distance_accuracy_value', 'NONE');
#6107 = PRESENTATION_LAYER_ASSIGNMENT (  '', '', ( #6109 ) ) ;
#6109 = STYLED_ITEM ( 'NONE', ( #6110 ), #7768 ) ;
#6110 = PRESENTATION_STYLE_ASSIGNMENT (( #6111 ) ) ;
#6111 = SURFACE_STYLE_USAGE ( .BOTH. , #6113 ) ;
#6112 =( NAMED_UNIT ( * ) SI_UNIT ( $, .STERADIAN. ) SOLID_ANGLE_UNIT ( ) );
#6113 = SURFACE_SIDE_STYLE ('',( #6114 ) ) ;
#6114 = SURFACE_STYLE_FILL_AREA ( #6115 ) ;
#6115 = FILL_AREA_STYLE ('',( #6125 ) ) ;
#6116 = COLOUR_RGB ( '',1.000000000000000000, 1.000000000000000000, 1.000000000000000000 ) ;
#6117 = FACE_OUTER_BOUND ( 'NONE', #7765, .T. ) ;
#6118 =( NAMED_UNIT ( * ) PLANE_ANGLE_UNIT ( ) SI_UNIT ( $, .RADIAN. ) );
#6119 = DIRECTION ( 'NONE',  ( -1.000000000000000000, 0.0000000000000000000, 0.0000000000000000000 ) ) ;
#6120 = DIRECTION ( 'NONE',  ( 0.0000000000000000000, 0.0000000000000000000, -1.000000000000000000 ) ) ;
#6121 = CARTESIAN_POINT ( 'NONE',  ( 0.4149999999999998700, -0.4549999999999995700, -1.980000000000000000 ) ) ;
#6122 = AXIS2_PLACEMENT_3D ( 'NONE', #6121, #6120, #6119 ) ;
#6123 = CIRCLE ( 'NONE', #6122, 0.01999999999999999700 ) ;
#6124 =( LENGTH_UNIT ( ) NAMED_UNIT ( * ) SI_UNIT ( .MILLI., .METRE. ) );
#6125 = FILL_AREA_STYLE_COLOUR ( '', #6116 ) ;
#6126 = MECHANICAL_DESIGN_GEOMETRIC_PRESENTATION_REPRESENTATION (  '', ( #6129 ), #6104 ) ;
#6128 = PRESENTATION_LAYER_ASSIGNMENT (  '', '', ( #6129 ) ) ;
#6127 = DIRECTION ( 'NONE',  ( 0.0000000000000000000, 8.881784197001248400E-016, -1.000000000000000000 ) ) ;
#6129 = STYLED_ITEM ( 'NONE', ( #6132 ), #708 ) ;
#6130 = DIRECTION ( 'NONE',  ( -1.000000000000000000, 0.0000000000000000000, 7.744301232039317900E-017 ) ) ;
#6132 = PRESENTATION_STYLE_ASSIGNMENT (( #6134 ) ) ;
#6131 = CARTESIAN_POINT ( 'NONE',  ( 0.2149999999999999100, 0.0000000000000000000, -1.516388554922436100 ) ) ;
#6134 = SURFACE_STYLE_USAGE ( .BOTH. , #6135 ) ;
#6133 = AXIS2_PLACEMENT_3D ( 'NONE', #6131, #6130, #6127 ) ;
#6135 = SURFACE_SIDE_STYLE ('',( #6137 ) ) ;
#6136 = CIRCLE ( 'NONE', #6133, 0.1250000000000001100 ) ;
#6137 = SURFACE_STYLE_FILL_AREA ( #6138 ) ;
#6138 = FILL_AREA_STYLE ('',( #6147 ) ) ;
#6139 = COLOUR_RGB ( '',1.000000000000000000, 1.000000000000000000, 1.000000000000000000 ) ;
#6140 = FACE_OUTER_BOUND ( 'NONE', #709, .T. ) ;
#6141 = DIRECTION ( 'NONE',  ( 0.0000000000000000000, 0.0000000000000000000, 1.000000000000000000 ) ) ;
#6142 = DIRECTION ( 'NONE',  ( -0.0000000000000000000, 1.000000000000000000, 0.0000000000000000000 ) ) ;
#6144 = CARTESIAN_POINT ( 'NONE',  ( 1.064999999999999900, -0.4549999999999995700, -1.980000000000000000 ) ) ;
#6143 = CARTESIAN_POINT ( 'NONE',  ( 0.2150000000000001400, 0.1250000000000001900, 1.516388554922438700 ) ) ;
#6145 = AXIS2_PLACEMENT_3D ( 'NONE', #6144, #6142, #6141 ) ;
#6146 = DIRECTION ( 'NONE',  ( 0.0000000000000000000, 0.0000000000000000000, -1.000000000000000000 ) ) ;
#6147 = FILL_AREA_STYLE_COLOUR ( '', #6139 ) ;
#6148 = DIRECTION ( 'NONE',  ( 0.0000000000000000000, -1.000000000000000000, 0.0000000000000000000 ) ) ;
#6149 = CARTESIAN_POINT ( 'NONE',  ( 0.4149999999999998100, -0.5850000000000006300, -1.980000000000000000 ) ) ;
#6150 = AXIS2_PLACEMENT_3D ( 'NONE', #6149, #6148, #6146 ) ;
#6151 = CYLINDRICAL_SURFACE ( 'NONE', #6150, 0.02000000000000005200 ) ;
#6152 = DIRECTION ( 'NONE',  ( 0.0000000000000000000, 0.0000000000000000000, -1.000000000000000000 ) ) ;
#6153 = CARTESIAN_POINT ( 'NONE',  ( 0.2149999999999999100, 0.01089446784345689600, -1.640912892183904500 ) ) ;
#6154 = DIRECTION ( 'NONE',  ( 0.0000000000000000000, -1.000000000000000000, 0.0000000000000000000 ) ) ;
#6155 = AXIS2_PLACEMENT_3D ( 'NONE', #6160, #6154, #6152 ) ;
#6156 = CYLINDRICAL_SURFACE ( 'NONE', #6155, 0.02000000000000005200 ) ;
#6157 = CIRCLE ( 'NONE', #6145, 0.02000000000000005200 ) ;
#6158 =( LENGTH_UNIT ( ) NAMED_UNIT ( * ) SI_UNIT ( .MILLI., .METRE. ) );
#6159 = MECHANICAL_DESIGN_GEOMETRIC_PRESENTATION_REPRESENTATION (  '', ( #6162 ), #6257 ) ;
#6160 = CARTESIAN_POINT ( 'NONE',  ( 1.064999999999999700, -0.5850000000000006300, -1.980000000000000000 ) ) ;
#6161 = PRESENTATION_LAYER_ASSIGNMENT (  '', '', ( #6162 ) ) ;
#6162 = STYLED_ITEM ( 'NONE', ( #6163 ), #7779 ) ;
#6163 = PRESENTATION_STYLE_ASSIGNMENT (( #6164 ) ) ;
#6164 = SURFACE_STYLE_USAGE ( .BOTH. , #6165 ) ;
#6165 = SURFACE_SIDE_STYLE ('',( #6166 ) ) ;
#6166 = SURFACE_STYLE_FILL_AREA ( #6167 ) ;
#6167 = FILL_AREA_STYLE ('',( #6180 ) ) ;
#6168 = COLOUR_RGB ( '',1.000000000000000000, 1.000000000000000000, 1.000000000000000000 ) ;
#6169 =( LENGTH_UNIT ( ) NAMED_UNIT ( * ) SI_UNIT ( .MILLI., .METRE. ) );
#6170 = FACE_OUTER_BOUND ( 'NONE', #7760, .T. ) ;
#6171 = DIRECTION ( 'NONE',  ( 0.0000000000000000000, 0.0000000000000000000, 1.000000000000000000 ) ) ;
#6173 = MECHANICAL_DESIGN_GEOMETRIC_PRESENTATION_REPRESENTATION (  '', ( #6178 ), #6262 ) ;
#6172 = DIRECTION ( 'NONE',  ( -0.0000000000000000000, 1.000000000000000000, 0.0000000000000000000 ) ) ;
#6174 = CARTESIAN_POINT ( 'NONE',  ( 0.4149999999999998700, -0.4549999999999995700, -1.980000000000000000 ) ) ;
#6176 = PRESENTATION_LAYER_ASSIGNMENT (  '', '', ( #6178 ) ) ;
#6175 = AXIS2_PLACEMENT_3D ( 'NONE', #6174, #6172, #6171 ) ;
#6178 = STYLED_ITEM ( 'NONE', ( #6179 ), #720 ) ;
#6177 = CIRCLE ( 'NONE', #6175, 0.02000000000000005200 ) ;
#6179 = PRESENTATION_STYLE_ASSIGNMENT (( #6181 ) ) ;
#6181 = SURFACE_STYLE_USAGE ( .BOTH. , #6182 ) ;
#6180 = FILL_AREA_STYLE_COLOUR ( '', #6168 ) ;
#6182 = SURFACE_SIDE_STYLE ('',( #6183 ) ) ;
#6183 = SURFACE_STYLE_FILL_AREA ( #6184 ) ;
#6184 = FILL_AREA_STYLE ('',( #6197 ) ) ;
#6185 = COLOUR_RGB ( '',1.000000000000000000, 1.000000000000000000, 1.000000000000000000 ) ;
#6186 = FACE_OUTER_BOUND ( 'NONE', #721, .T. ) ;
#6187 = DIRECTION ( 'NONE',  ( 1.000000000000000000, 0.0000000000000000000, 0.0000000000000000000 ) ) ;
#6188 = DIRECTION ( 'NONE',  ( 1.000000000000000000, 0.0000000000000000000, 0.0000000000000000000 ) ) ;
#6189 = DIRECTION ( 'NONE',  ( 0.0000000000000000000, 0.0000000000000000000, 1.000000000000000000 ) ) ;
#6190 = DIRECTION ( 'NONE',  ( 0.0000000000000000000, 0.0000000000000000000, 1.000000000000000000 ) ) ;
#6191 = CARTESIAN_POINT ( 'NONE',  ( 0.4149999999999998700, 0.1250000000000000600, -1.516388554922435200 ) ) ;
#6192 = AXIS2_PLACEMENT_3D ( 'NONE', #6191, #6189, #6187 ) ;
#6193 = CARTESIAN_POINT ( 'NONE',  ( 1.064999999999999900, -0.4549999999999995200, 1.980000000000000000 ) ) ;
#6195 = AXIS2_PLACEMENT_3D ( 'NONE', #6193, #6190, #6188 ) ;
#6194 = CIRCLE ( 'NONE', #6192, 0.01999999999999999700 ) ;
#6196 = CIRCLE ( 'NONE', #6195, 0.02000000000000005200 ) ;
#6197 = FILL_AREA_STYLE_COLOUR ( '', #6185 ) ;
#6198 = DIRECTION ( 'NONE',  ( 0.0000000000000000000, -0.08715574274765504300, 0.9961946980917457700 ) ) ;
#6199 = DIRECTION ( 'NONE',  ( -0.0000000000000000000, 0.9961946980917457700, 0.08715574274765512700 ) ) ;
#6200 = CARTESIAN_POINT ( 'NONE',  ( 0.4149999999999998700, 0.01089446784345688900, -1.640912892183904500 ) ) ;
#6201 = AXIS2_PLACEMENT_3D ( 'NONE', #6200, #6199, #6198 ) ;
#6202 = CARTESIAN_POINT ( 'NONE',  ( 1.085000000000000000, -0.4550000000000002400, -1.681673376519651400 ) ) ;
#6203 = CARTESIAN_POINT ( 'NONE',  ( 1.085000000000000000, -0.4432842712474621700, -1.692408864001933900 ) ) ;
#6204 = CARTESIAN_POINT ( 'NONE',  ( 1.076715728752538200, -0.4350000000000002200, -1.699999999999999700 ) ) ;
#6205 = CARTESIAN_POINT ( 'NONE',  ( 1.064999999999999900, -0.4350000000000001600, -1.700000000000000000 ) ) ;
#6206 = DIRECTION ( 'NONE',  ( -7.744301232039317900E-017, 0.0000000000000000000, -1.000000000000000000 ) ) ;
#6207 = DIRECTION ( 'NONE',  ( 1.000000000000000000, -0.0000000000000000000, -7.744301232039317900E-017 ) ) ;
#6208 = AXIS2_PLACEMENT_3D ( 'NONE', #6212, #6207, #6206 ) ;
#6209 = TOROIDAL_SURFACE ( 'NONE', #6208, 0.1250000000000000600, 0.02000000000000000000 ) ;
#6210 = CIRCLE ( 'NONE', #6201, 0.02000000000000001400 ) ;
#6211 =( BOUNDED_CURVE ( )  B_SPLINE_CURVE ( 3, ( #6205, #6204, #6203, #6202 ),
 .UNSPECIFIED., .F., .T. ) 
 B_SPLINE_CURVE_WITH_KNOTS ( ( 4, 4 ),
 ( 7.096344639899147500E-017, 1.570796326794896600 ),
 .UNSPECIFIED. ) 
 CURVE ( )  GEOMETRIC_REPRESENTATION_ITEM ( )  RATIONAL_B_SPLINE_CURVE ( ( 1.000000000000000000, 0.8047378541243649400, 0.8047378541243649400, 1.000000000000000000 ) ) 
 REPRESENTATION_ITEM ( '' )  );
#6212 = CARTESIAN_POINT ( 'NONE',  ( 0.4149999999999998700, 0.0000000000000000000, -1.516388554922436100 ) ) ;
#6213 =( GEOMETRIC_REPRESENTATION_CONTEXT ( 3 ) GLOBAL_UNCERTAINTY_ASSIGNED_CONTEXT ( ( #6099 ) ) GLOBAL_UNIT_ASSIGNED_CONTEXT ( ( #6105, #6103, #6101 ) ) REPRESENTATION_CONTEXT ( 'NONE', 'WORKASPACE' ) );
#6214 = DIRECTION ( 'NONE',  ( 0.0000000000000000000, 1.000000000000000000, 0.0000000000000000000 ) ) ;
#6215 = DIRECTION ( 'NONE',  ( -7.744301232039317900E-017, 2.168404344971009700E-015, -1.000000000000000000 ) ) ;
#6216 = CARTESIAN_POINT ( 'NONE',  ( 1.064999999999999900, -0.4550000000000001800, -1.700000000000000000 ) ) ;
#6217 = AXIS2_PLACEMENT_3D ( 'NONE', #6216, #6215, #6214 ) ;
#6218 =( NAMED_UNIT ( * ) SI_UNIT ( $, .STERADIAN. ) SOLID_ANGLE_UNIT ( ) );
#6219 =( NAMED_UNIT ( * ) PLANE_ANGLE_UNIT ( ) SI_UNIT ( $, .RADIAN. ) );
#6220 =( NAMED_UNIT ( * ) PLANE_ANGLE_UNIT ( ) SI_UNIT ( $, .RADIAN. ) );
#6221 =( LENGTH_UNIT ( ) NAMED_UNIT ( * ) SI_UNIT ( .MILLI., .METRE. ) );
#6222 = MECHANICAL_DESIGN_GEOMETRIC_PRESENTATION_REPRESENTATION (  '', ( #6225 ), #6303 ) ;
#6223 =( LENGTH_UNIT ( ) NAMED_UNIT ( * ) SI_UNIT ( .MILLI., .METRE. ) );
#6224 = PRESENTATION_LAYER_ASSIGNMENT (  '', '', ( #6225 ) ) ;
#6225 = STYLED_ITEM ( 'NONE', ( #6226 ), #7784 ) ;
#6227 = MECHANICAL_DESIGN_GEOMETRIC_PRESENTATION_REPRESENTATION (  '', ( #6232 ), #6305 ) ;
#6226 = PRESENTATION_STYLE_ASSIGNMENT (( #6228 ) ) ;
#6228 = SURFACE_STYLE_USAGE ( .BOTH. , #6229 ) ;
#6230 = PRESENTATION_LAYER_ASSIGNMENT (  '', '', ( #6232 ) ) ;
#6229 = SURFACE_SIDE_STYLE ('',( #6231 ) ) ;
#6231 = SURFACE_STYLE_FILL_AREA ( #6233 ) ;
#6232 = STYLED_ITEM ( 'NONE', ( #6234 ), #726 ) ;
#6233 = FILL_AREA_STYLE ('',( #6251 ) ) ;
#6234 = PRESENTATION_STYLE_ASSIGNMENT (( #6235 ) ) ;
#6235 = SURFACE_STYLE_USAGE ( .BOTH. , #6236 ) ;
#6236 = SURFACE_SIDE_STYLE ('',( #6237 ) ) ;
#6237 = SURFACE_STYLE_FILL_AREA ( #6239 ) ;
#6239 = FILL_AREA_STYLE ('',( #6252 ) ) ;
#6238 = COLOUR_RGB ( '',1.000000000000000000, 1.000000000000000000, 1.000000000000000000 ) ;
#6240 = COLOUR_RGB ( '',1.000000000000000000, 1.000000000000000000, 1.000000000000000000 ) ;
#6241 = DIRECTION ( 'NONE',  ( 0.0000000000000000000, 1.000000000000000000, 0.0000000000000000000 ) ) ;
#6242 = FACE_OUTER_BOUND ( 'NONE', #727, .T. ) ;
#6243 = DIRECTION ( 'NONE',  ( -7.744301232039317900E-017, 2.168404344971009700E-015, -1.000000000000000000 ) ) ;
#6244 = DIRECTION ( 'NONE',  ( 0.0000000000000000000, 0.0000000000000000000, 1.000000000000000000 ) ) ;
#6245 = AXIS2_PLACEMENT_3D ( 'NONE', #6253, #6243, #6241 ) ;
#6246 = DIRECTION ( 'NONE',  ( 0.0000000000000000000, 1.000000000000000000, 0.0000000000000000000 ) ) ;
#6247 = CYLINDRICAL_SURFACE ( 'NONE', #6245, 0.01999999999999999700 ) ;
#6248 = CARTESIAN_POINT ( 'NONE',  ( 1.064999999999999900, -0.4549999999999995200, 1.980000000000000000 ) ) ;
#6249 = FACE_OUTER_BOUND ( 'NONE', #7780, .T. ) ;
#6250 = AXIS2_PLACEMENT_3D ( 'NONE', #6248, #6246, #6244 ) ;
#6251 = FILL_AREA_STYLE_COLOUR ( '', #6238 ) ;
#6252 = FILL_AREA_STYLE_COLOUR ( '', #6240 ) ;
#6253 = CARTESIAN_POINT ( 'NONE',  ( 0.4149999999999998700, -0.4550000000000001800, -1.700000000000000200 ) ) ;
#6254 = DIRECTION ( 'NONE',  ( 0.0000000000000000000, 0.0000000000000000000, 1.000000000000000000 ) ) ;
#6255 = DIRECTION ( 'NONE',  ( 0.0000000000000000000, 1.000000000000000000, 0.0000000000000000000 ) ) ;
#6256 = AXIS2_PLACEMENT_3D ( 'NONE', #6260, #6255, #6254 ) ;
#6257 =( GEOMETRIC_REPRESENTATION_CONTEXT ( 3 ) GLOBAL_UNCERTAINTY_ASSIGNED_CONTEXT ( ( #6261 ) ) GLOBAL_UNIT_ASSIGNED_CONTEXT ( ( #6158, #6264, #6263 ) ) REPRESENTATION_CONTEXT ( 'NONE', 'WORKASPACE' ) );
#6258 = CYLINDRICAL_SURFACE ( 'NONE', #6256, 0.02000000000000005200 ) ;
#6259 = CIRCLE ( 'NONE', #6250, 0.02000000000000005200 ) ;
#6260 = CARTESIAN_POINT ( 'NONE',  ( 1.064999999999999900, -0.5849999999999995200, 1.980000000000000000 ) ) ;
#6261 = UNCERTAINTY_MEASURE_WITH_UNIT (LENGTH_MEASURE( 1.000000000000000100E-005 ), #6158, 'distance_accuracy_value', 'NONE');
#6262 =( GEOMETRIC_REPRESENTATION_CONTEXT ( 3 ) GLOBAL_UNCERTAINTY_ASSIGNED_CONTEXT ( ( #6265 ) ) GLOBAL_UNIT_ASSIGNED_CONTEXT ( ( #6169, #6268, #6267 ) ) REPRESENTATION_CONTEXT ( 'NONE', 'WORKASPACE' ) );
#6263 =( NAMED_UNIT ( * ) SI_UNIT ( $, .STERADIAN. ) SOLID_ANGLE_UNIT ( ) );
#6264 =( NAMED_UNIT ( * ) PLANE_ANGLE_UNIT ( ) SI_UNIT ( $, .RADIAN. ) );
#6265 = UNCERTAINTY_MEASURE_WITH_UNIT (LENGTH_MEASURE( 1.000000000000000100E-005 ), #6169, 'distance_accuracy_value', 'NONE');
#6266 =( GEOMETRIC_REPRESENTATION_CONTEXT ( 3 ) GLOBAL_UNCERTAINTY_ASSIGNED_CONTEXT ( ( #6272 ) ) GLOBAL_UNIT_ASSIGNED_CONTEXT ( ( #6283, #6278, #6277 ) ) REPRESENTATION_CONTEXT ( 'NONE', 'WORKASPACE' ) );
#6267 =( NAMED_UNIT ( * ) SI_UNIT ( $, .STERADIAN. ) SOLID_ANGLE_UNIT ( ) );
#6268 =( NAMED_UNIT ( * ) PLANE_ANGLE_UNIT ( ) SI_UNIT ( $, .RADIAN. ) );
#6269 = PRESENTATION_LAYER_ASSIGNMENT (  '', '', ( #6270 ) ) ;
#6270 = STYLED_ITEM ( 'NONE', ( #6271 ), #733 ) ;
#6271 = PRESENTATION_STYLE_ASSIGNMENT (( #6273 ) ) ;
#6273 = SURFACE_STYLE_USAGE ( .BOTH. , #6274 ) ;
#6272 = UNCERTAINTY_MEASURE_WITH_UNIT (LENGTH_MEASURE( 1.000000000000000100E-005 ), #6283, 'distance_accuracy_value', 'NONE');
#6274 = SURFACE_SIDE_STYLE ('',( #6275 ) ) ;
#6275 = SURFACE_STYLE_FILL_AREA ( #6276 ) ;
#6276 = FILL_AREA_STYLE ('',( #6287 ) ) ;
#6277 =( NAMED_UNIT ( * ) SI_UNIT ( $, .STERADIAN. ) SOLID_ANGLE_UNIT ( ) );
#6278 =( NAMED_UNIT ( * ) PLANE_ANGLE_UNIT ( ) SI_UNIT ( $, .RADIAN. ) );
#6279 = CARTESIAN_POINT ( 'NONE',  ( 1.065000000000000200, -0.4349999999999993900, 1.700000000000000400 ) ) ;
#6280 = CARTESIAN_POINT ( 'NONE',  ( 1.076715728752538200, -0.4349999999999995000, 1.700000000000000400 ) ) ;
#6281 = CARTESIAN_POINT ( 'NONE',  ( 1.085000000000000000, -0.4432842712474614500, 1.692408864001935000 ) ) ;
#6282 = CARTESIAN_POINT ( 'NONE',  ( 1.085000000000000000, -0.4549999999999994000, 1.681673376519651900 ) ) ;
#6283 =( LENGTH_UNIT ( ) NAMED_UNIT ( * ) SI_UNIT ( .MILLI., .METRE. ) );
#6284 = AXIS2_PLACEMENT_3D ( 'NONE', #6330, #6329, #6327 ) ;
#6285 = DIRECTION ( 'NONE',  ( 0.0000000000000000000, 0.0000000000000000000, -1.000000000000000000 ) ) ;
#6286 = DIRECTION ( 'NONE',  ( -1.000000000000000000, 0.0000000000000000000, 7.744301232039317900E-017 ) ) ;
#6287 = FILL_AREA_STYLE_COLOUR ( '', #6291 ) ;
#6288 = CARTESIAN_POINT ( 'NONE',  ( 0.2149999999999999100, -0.4400000000000001700, -1.700437443317629700 ) ) ;
#6289 =( BOUNDED_CURVE ( )  B_SPLINE_CURVE ( 3, ( #6282, #6281, #6280, #6279 ),
 .UNSPECIFIED., .F., .T. ) 
 B_SPLINE_CURVE_WITH_KNOTS ( ( 4, 4 ),
 ( 4.712388980384689700, 6.283185307179575600 ),
 .UNSPECIFIED. ) 
 CURVE ( )  GEOMETRIC_REPRESENTATION_ITEM ( )  RATIONAL_B_SPLINE_CURVE ( ( 1.000000000000000000, 0.8047378541243676000, 0.8047378541243676000, 1.000000000000000000 ) ) 
 REPRESENTATION_ITEM ( '' )  );
#6290 = AXIS2_PLACEMENT_3D ( 'NONE', #6288, #6286, #6285 ) ;
#6291 = COLOUR_RGB ( '',1.000000000000000000, 1.000000000000000000, 1.000000000000000000 ) ;
#6293 = FACE_OUTER_BOUND ( 'NONE', #734, .T. ) ;
#6292 = DIRECTION ( 'NONE',  ( 1.000000000000000000, 0.0000000000000000000, 0.0000000000000000000 ) ) ;
#6294 = DIRECTION ( 'NONE',  ( 0.0000000000000000000, 1.000000000000000000, 0.0000000000000000000 ) ) ;
#6295 = AXIS2_PLACEMENT_3D ( 'NONE', #6302, #6294, #6292 ) ;
#6296 = DIRECTION ( 'NONE',  ( 0.0000000000000000000, 0.08715574274765444700, 0.9961946980917457700 ) ) ;
#6297 = SPHERICAL_SURFACE ( 'NONE', #6295, 0.02000000000000000000 ) ;
#6299 = DIRECTION ( 'NONE',  ( -6.749603259399640800E-018, 0.9961946980917458800, -0.08715574274765469600 ) ) ;
#6298 = CIRCLE ( 'NONE', #6290, 0.1449999999999999300 ) ;
#6300 = AXIS2_PLACEMENT_3D ( 'NONE', #6304, #6299, #6296 ) ;
#6301 = CYLINDRICAL_SURFACE ( 'NONE', #6300, 0.02000000000000001400 ) ;
#6302 = CARTESIAN_POINT ( 'NONE',  ( 0.4149999999999998700, -0.4549999999999995700, -1.980000000000000000 ) ) ;
#6303 =( GEOMETRIC_REPRESENTATION_CONTEXT ( 3 ) GLOBAL_UNCERTAINTY_ASSIGNED_CONTEXT ( ( #6306 ) ) GLOBAL_UNIT_ASSIGNED_CONTEXT ( ( #6221, #6219, #6218 ) ) REPRESENTATION_CONTEXT ( 'NONE', 'WORKASPACE' ) );
#6304 = CARTESIAN_POINT ( 'NONE',  ( 1.064999999999999900, -0.4367431148549524900, 1.680076106038165500 ) ) ;
#6305 =( GEOMETRIC_REPRESENTATION_CONTEXT ( 3 ) GLOBAL_UNCERTAINTY_ASSIGNED_CONTEXT ( ( #6307 ) ) GLOBAL_UNIT_ASSIGNED_CONTEXT ( ( #6223, #6220, #6308 ) ) REPRESENTATION_CONTEXT ( 'NONE', 'WORKASPACE' ) );
#6306 = UNCERTAINTY_MEASURE_WITH_UNIT (LENGTH_MEASURE( 1.000000000000000100E-005 ), #6221, 'distance_accuracy_value', 'NONE');
#6307 = UNCERTAINTY_MEASURE_WITH_UNIT (LENGTH_MEASURE( 1.000000000000000100E-005 ), #6223, 'distance_accuracy_value', 'NONE');
#6308 =( NAMED_UNIT ( * ) SI_UNIT ( $, .STERADIAN. ) SOLID_ANGLE_UNIT ( ) );
#6309 = FILL_AREA_STYLE_COLOUR ( '', #6371 ) ;
#6310 = DIRECTION ( 'NONE',  ( 0.0000000000000000000, 0.0000000000000000000, 1.000000000000000000 ) ) ;
#6311 = DIRECTION ( 'NONE',  ( 0.0000000000000000000, 1.000000000000000000, 0.0000000000000000000 ) ) ;
#6312 = CARTESIAN_POINT ( 'NONE',  ( 0.8849999999999999000, -0.4549999999999995700, -1.980000000000000000 ) ) ;
#6313 = AXIS2_PLACEMENT_3D ( 'NONE', #6312, #6311, #6310 ) ;
#6314 = CIRCLE ( 'NONE', #6313, 0.02000000000000005200 ) ;
#6315 = FACE_OUTER_BOUND ( 'NONE', #746, .T. ) ;
#6316 = DIRECTION ( 'NONE',  ( -1.000000000000000000, 0.0000000000000000000, 0.0000000000000000000 ) ) ;
#6317 = DIRECTION ( 'NONE',  ( -0.0000000000000000000, -0.0000000000000000000, 1.000000000000000000 ) ) ;
#6318 = CARTESIAN_POINT ( 'NONE',  ( 0.8849999999999999000, -0.4549999999999995700, -1.980000000000000000 ) ) ;
#6319 = AXIS2_PLACEMENT_3D ( 'NONE', #6318, #6317, #6316 ) ;
#6320 = DIRECTION ( 'NONE',  ( 1.000000000000000000, 0.0000000000000000000, 0.0000000000000000000 ) ) ;
#6321 = DIRECTION ( 'NONE',  ( 0.0000000000000000000, 1.000000000000000000, 0.0000000000000000000 ) ) ;
#6322 = AXIS2_PLACEMENT_3D ( 'NONE', #6325, #6321, #6320 ) ;
#6323 = SPHERICAL_SURFACE ( 'NONE', #6322, 0.02000000000000000000 ) ;
#6324 = CIRCLE ( 'NONE', #6319, 0.02000000000000005200 ) ;
#6325 = CARTESIAN_POINT ( 'NONE',  ( 0.8849999999999999000, -0.4549999999999995700, -1.980000000000000000 ) ) ;
#6326 = APPLICATION_CONTEXT ( 'automotive_design' ) ;
#6327 = DIRECTION ( 'NONE',  ( -1.000000000000000000, 0.0000000000000000000, 0.0000000000000000000 ) ) ;
#6328 =( GEOMETRIC_REPRESENTATION_CONTEXT ( 3 ) GLOBAL_UNCERTAINTY_ASSIGNED_CONTEXT ( ( #6331 ) ) GLOBAL_UNIT_ASSIGNED_CONTEXT ( ( #6335, #6333, #6332 ) ) REPRESENTATION_CONTEXT ( 'NONE', 'WORKASPACE' ) );
#6329 = DIRECTION ( 'NONE',  ( 0.0000000000000000000, 1.000000000000000000, -0.0000000000000000000 ) ) ;
#6330 = CARTESIAN_POINT ( 'NONE',  ( 0.0000000000000000000, 0.0000000000000000000, 0.0000000000000000000 ) ) ;
#6331 = UNCERTAINTY_MEASURE_WITH_UNIT (LENGTH_MEASURE( 1.000000000000000100E-005 ), #6335, 'distance_accuracy_value', 'NONE');
#6332 =( NAMED_UNIT ( * ) SI_UNIT ( $, .STERADIAN. ) SOLID_ANGLE_UNIT ( ) );
#6333 =( NAMED_UNIT ( * ) PLANE_ANGLE_UNIT ( ) SI_UNIT ( $, .RADIAN. ) );
#6334 = ADVANCED_BREP_SHAPE_REPRESENTATION ( 'MSOP8', ( #1085, #1392, #1688, #392, #7640, #6284 ), #6266 ) ;
#6335 =( LENGTH_UNIT ( ) NAMED_UNIT ( * ) SI_UNIT ( .MILLI., .METRE. ) );
#6336 = MECHANICAL_DESIGN_GEOMETRIC_PRESENTATION_REPRESENTATION (  '', ( #6270 ), #6328 ) ;
#6337 = DIRECTION ( 'NONE',  ( 0.0000000000000000000, 0.0000000000000000000, 1.000000000000000000 ) ) ;
#6338 = DIRECTION ( 'NONE',  ( -1.000000000000000000, 0.0000000000000000000, 0.0000000000000000000 ) ) ;
#6339 = CARTESIAN_POINT ( 'NONE',  ( 0.8849999999999999000, -0.4549999999999995700, -1.980000000000000000 ) ) ;
#6340 = AXIS2_PLACEMENT_3D ( 'NONE', #6339, #6338, #6337 ) ;
#6341 = DIRECTION ( 'NONE',  ( 0.0000000000000000000, 0.0000000000000000000, 1.000000000000000000 ) ) ;
#6342 = DIRECTION ( 'NONE',  ( -1.000000000000000000, 0.0000000000000000000, 7.744301232039317900E-017 ) ) ;
#6343 = PRODUCT_DEFINITION_SHAPE ( 'NONE', 'NONE',  #6349 ) ;
#6344 = AXIS2_PLACEMENT_3D ( 'NONE', #6351, #6342, #6341 ) ;
#6345 = CYLINDRICAL_SURFACE ( 'NONE', #6344, 0.02000000000000005200 ) ;
#6346 = CIRCLE ( 'NONE', #6340, 0.02000000000000005200 ) ;
#6347 = PRODUCT_RELATED_PRODUCT_CATEGORY ( 'part', '', ( #6356 ) ) ;
#6348 = PRODUCT_DEFINITION_FORMATION_WITH_SPECIFIED_SOURCE ( 'ANY', '', #6356, .NOT_KNOWN. ) ;
#6349 = PRODUCT_DEFINITION ( 'UNKNOWN', '', #6348, #6350 ) ;
#6351 = CARTESIAN_POINT ( 'NONE',  ( 1.085000000000000000, -0.4549999999999995700, -1.980000000000000000 ) ) ;
#6350 = PRODUCT_DEFINITION_CONTEXT ( 'detailed design', #6353, 'design' ) ;
#6352 = APPLICATION_PROTOCOL_DEFINITION ( 'draft international standard', 'automotive_design', 1998, #6353 ) ;
#6353 = APPLICATION_CONTEXT ( 'automotive_design' ) ;
#6354 = SHAPE_DEFINITION_REPRESENTATION ( #6343, #6334 ) ;
#6355 =( GEOMETRIC_REPRESENTATION_CONTEXT ( 3 ) GLOBAL_UNCERTAINTY_ASSIGNED_CONTEXT ( ( #6359 ) ) GLOBAL_UNIT_ASSIGNED_CONTEXT ( ( #6362, #6361, #6360 ) ) REPRESENTATION_CONTEXT ( 'NONE', 'WORKASPACE' ) );
#6356 = PRODUCT ( 'MSOP8', 'MSOP8', '', ( #6357 ) ) ;
#6357 = PRODUCT_CONTEXT ( 'NONE', #6326, 'mechanical' ) ;
#6358 = APPLICATION_PROTOCOL_DEFINITION ( 'draft international standard', 'automotive_design', 1998, #6326 ) ;
#6359 = UNCERTAINTY_MEASURE_WITH_UNIT (LENGTH_MEASURE( 1.000000000000000100E-005 ), #6362, 'distance_accuracy_value', 'NONE');
#6360 =( NAMED_UNIT ( * ) SI_UNIT ( $, .STERADIAN. ) SOLID_ANGLE_UNIT ( ) );
#6361 =( NAMED_UNIT ( * ) PLANE_ANGLE_UNIT ( ) SI_UNIT ( $, .RADIAN. ) );
#6362 =( LENGTH_UNIT ( ) NAMED_UNIT ( * ) SI_UNIT ( .MILLI., .METRE. ) );
#6363 = MECHANICAL_DESIGN_GEOMETRIC_PRESENTATION_REPRESENTATION (  '', ( #6365 ), #6355 ) ;
#6364 = PRESENTATION_LAYER_ASSIGNMENT (  '', '', ( #6365 ) ) ;
#6365 = STYLED_ITEM ( 'NONE', ( #6366 ), #745 ) ;
#6366 = PRESENTATION_STYLE_ASSIGNMENT (( #6367 ) ) ;
#6367 = SURFACE_STYLE_USAGE ( .BOTH. , #6368 ) ;
#6368 = SURFACE_SIDE_STYLE ('',( #6369 ) ) ;
#6369 = SURFACE_STYLE_FILL_AREA ( #6370 ) ;
#6370 = FILL_AREA_STYLE ('',( #6309 ) ) ;
#6371 = COLOUR_RGB ( '',1.000000000000000000, 1.000000000000000000, 1.000000000000000000 ) ;
#6372 = CARTESIAN_POINT ( 'NONE',  ( 0.8850000000000001200, 1.897353801849632800E-016, 1.980000000000000000 ) ) ;
#6373 =( GEOMETRIC_REPRESENTATION_CONTEXT ( 3 ) GLOBAL_UNCERTAINTY_ASSIGNED_CONTEXT ( ( #6374 ) ) GLOBAL_UNIT_ASSIGNED_CONTEXT ( ( #6377, #6376, #6375 ) ) REPRESENTATION_CONTEXT ( 'NONE', 'WORKASPACE' ) );
#6374 = UNCERTAINTY_MEASURE_WITH_UNIT (LENGTH_MEASURE( 1.000000000000000100E-005 ), #6377, 'distance_accuracy_value', 'NONE');
#6375 =( NAMED_UNIT ( * ) SI_UNIT ( $, .STERADIAN. ) SOLID_ANGLE_UNIT ( ) );
#6376 =( NAMED_UNIT ( * ) PLANE_ANGLE_UNIT ( ) SI_UNIT ( $, .RADIAN. ) );
#6377 =( LENGTH_UNIT ( ) NAMED_UNIT ( * ) SI_UNIT ( .MILLI., .METRE. ) );
#6378 = MECHANICAL_DESIGN_GEOMETRIC_PRESENTATION_REPRESENTATION (  '', ( #6380 ), #6373 ) ;
#6379 = PRESENTATION_LAYER_ASSIGNMENT (  '', '', ( #6380 ) ) ;
#6380 = STYLED_ITEM ( 'NONE', ( #6381 ), #757 ) ;
#6381 = PRESENTATION_STYLE_ASSIGNMENT (( #6382 ) ) ;
#6382 = SURFACE_STYLE_USAGE ( .BOTH. , #6383 ) ;
#6383 = SURFACE_SIDE_STYLE ('',( #6384 ) ) ;
#6384 = SURFACE_STYLE_FILL_AREA ( #6385 ) ;
#6385 = FILL_AREA_STYLE ('',( #6393 ) ) ;
#6386 = COLOUR_RGB ( '',1.000000000000000000, 1.000000000000000000, 1.000000000000000000 ) ;
#6387 = FACE_OUTER_BOUND ( 'NONE', #758, .T. ) ;
#6388 = DIRECTION ( 'NONE',  ( 0.0000000000000000000, 0.0000000000000000000, 1.000000000000000000 ) ) ;
#6389 = DIRECTION ( 'NONE',  ( -1.000000000000000000, 0.0000000000000000000, 0.0000000000000000000 ) ) ;
#6390 = CARTESIAN_POINT ( 'NONE',  ( 0.8850000000000001200, -0.4549999999999995200, 1.980000000000000000 ) ) ;
#6391 = AXIS2_PLACEMENT_3D ( 'NONE', #6390, #6389, #6388 ) ;
#6392 = CIRCLE ( 'NONE', #6391, 0.02000000000000005200 ) ;
#6393 = FILL_AREA_STYLE_COLOUR ( '', #6386 ) ;
#6394 = DIRECTION ( 'NONE',  ( 1.084202172485504600E-014, 1.000000000000000000, 0.0000000000000000000 ) ) ;
#6395 = DIRECTION ( 'NONE',  ( -1.000000000000000000, 5.421010862427523000E-015, -0.0000000000000000000 ) ) ;
#6396 = CARTESIAN_POINT ( 'NONE',  ( 1.064999999999999700, -0.4549999999999995700, -1.980000000000000000 ) ) ;
#6397 = AXIS2_PLACEMENT_3D ( 'NONE', #6396, #6395, #6394 ) ;
#6398 = CIRCLE ( 'NONE', #6397, 0.01999999999999999700 ) ;
#6399 = TOROIDAL_SURFACE ( 'NONE', #6454, 0.1250000000000000600, 0.02000000000000000000 ) ;
#6400 = MECHANICAL_DESIGN_GEOMETRIC_PRESENTATION_REPRESENTATION (  '', ( #6608 ), #6660 ) ;
#6401 = PRESENTATION_LAYER_ASSIGNMENT (  '', '', ( #6608 ) ) ;
#6402 =( GEOMETRIC_REPRESENTATION_CONTEXT ( 3 ) GLOBAL_UNCERTAINTY_ASSIGNED_CONTEXT ( ( #6403 ) ) GLOBAL_UNIT_ASSIGNED_CONTEXT ( ( #6406, #6405, #6404 ) ) REPRESENTATION_CONTEXT ( 'NONE', 'WORKASPACE' ) );
#6403 = UNCERTAINTY_MEASURE_WITH_UNIT (LENGTH_MEASURE( 1.000000000000000100E-005 ), #6406, 'distance_accuracy_value', 'NONE');
#6404 =( NAMED_UNIT ( * ) SI_UNIT ( $, .STERADIAN. ) SOLID_ANGLE_UNIT ( ) );
#6405 =( NAMED_UNIT ( * ) PLANE_ANGLE_UNIT ( ) SI_UNIT ( $, .RADIAN. ) );
#6406 =( LENGTH_UNIT ( ) NAMED_UNIT ( * ) SI_UNIT ( .MILLI., .METRE. ) );
#6407 = MECHANICAL_DESIGN_GEOMETRIC_PRESENTATION_REPRESENTATION (  '', ( #6409 ), #6402 ) ;
#6408 = PRESENTATION_LAYER_ASSIGNMENT (  '', '', ( #6409 ) ) ;
#6409 = STYLED_ITEM ( 'NONE', ( #6410 ), #764 ) ;
#6410 = PRESENTATION_STYLE_ASSIGNMENT (( #6411 ) ) ;
#6411 = SURFACE_STYLE_USAGE ( .BOTH. , #6412 ) ;
#6412 = SURFACE_SIDE_STYLE ('',( #6413 ) ) ;
#6413 = SURFACE_STYLE_FILL_AREA ( #6414 ) ;
#6414 = FILL_AREA_STYLE ('',( #6421 ) ) ;
#6415 = COLOUR_RGB ( '',1.000000000000000000, 1.000000000000000000, 1.000000000000000000 ) ;
#6416 = FACE_OUTER_BOUND ( 'NONE', #816, .T. ) ;
#6417 = DIRECTION ( 'NONE',  ( 0.0000000000000000000, 0.0000000000000000000, 1.000000000000000000 ) ) ;
#6418 = DIRECTION ( 'NONE',  ( 0.0000000000000000000, 1.000000000000000000, -0.0000000000000000000 ) ) ;
#6419 = CARTESIAN_POINT ( 'NONE',  ( 0.8850000000000001200, -0.4549999999999995200, 1.980000000000000000 ) ) ;
#6420 = AXIS2_PLACEMENT_3D ( 'NONE', #6419, #6418, #6417 ) ;
#6421 = FILL_AREA_STYLE_COLOUR ( '', #6415 ) ;
#6422 = DIRECTION ( 'NONE',  ( 0.0000000000000000000, 0.0000000000000000000, -1.000000000000000000 ) ) ;
#6423 = DIRECTION ( 'NONE',  ( -0.0000000000000000000, -1.000000000000000000, 0.0000000000000000000 ) ) ;
#6424 = AXIS2_PLACEMENT_3D ( 'NONE', #6372, #6423, #6422 ) ;
#6425 = CYLINDRICAL_SURFACE ( 'NONE', #6424, 0.02000000000000005200 ) ;
#6426 = CIRCLE ( 'NONE', #6420, 0.02000000000000005200 ) ;
#6427 = CYLINDRICAL_SURFACE ( 'NONE', #6484, 0.02000000000000002500 ) ;
#6428 = CIRCLE ( 'NONE', #6480, 0.02000000000000002500 ) ;
#6429 = CARTESIAN_POINT ( 'NONE',  ( 0.8849999999999999000, 0.2742125770407393100, -1.617875542728059800 ) ) ;
#6430 =( GEOMETRIC_REPRESENTATION_CONTEXT ( 3 ) GLOBAL_UNCERTAINTY_ASSIGNED_CONTEXT ( ( #6431 ) ) GLOBAL_UNIT_ASSIGNED_CONTEXT ( ( #6434, #6433, #6432 ) ) REPRESENTATION_CONTEXT ( 'NONE', 'WORKASPACE' ) );
#6431 = UNCERTAINTY_MEASURE_WITH_UNIT (LENGTH_MEASURE( 1.000000000000000100E-005 ), #6434, 'distance_accuracy_value', 'NONE');
#6432 =( NAMED_UNIT ( * ) SI_UNIT ( $, .STERADIAN. ) SOLID_ANGLE_UNIT ( ) );
#6433 =( NAMED_UNIT ( * ) PLANE_ANGLE_UNIT ( ) SI_UNIT ( $, .RADIAN. ) );
#6434 =( LENGTH_UNIT ( ) NAMED_UNIT ( * ) SI_UNIT ( .MILLI., .METRE. ) );
#6435 = MECHANICAL_DESIGN_GEOMETRIC_PRESENTATION_REPRESENTATION (  '', ( #6437 ), #6430 ) ;
#6436 = PRESENTATION_LAYER_ASSIGNMENT (  '', '', ( #6437 ) ) ;
#6437 = STYLED_ITEM ( 'NONE', ( #6438 ), #767 ) ;
#6438 = PRESENTATION_STYLE_ASSIGNMENT (( #6439 ) ) ;
#6439 = SURFACE_STYLE_USAGE ( .BOTH. , #6440 ) ;
#6440 = SURFACE_SIDE_STYLE ('',( #6441 ) ) ;
#6441 = SURFACE_STYLE_FILL_AREA ( #6442 ) ;
#6442 = FILL_AREA_STYLE ('',( #6450 ) ) ;
#6443 = COLOUR_RGB ( '',1.000000000000000000, 1.000000000000000000, 1.000000000000000000 ) ;
#6444 = FACE_OUTER_BOUND ( 'NONE', #768, .T. ) ;
#6445 = DIRECTION ( 'NONE',  ( 0.0000000000000000000, 0.0000000000000000000, -1.000000000000000000 ) ) ;
#6446 = DIRECTION ( 'NONE',  ( -1.000000000000000000, -0.0000000000000000000, -0.0000000000000000000 ) ) ;
#6447 = CARTESIAN_POINT ( 'NONE',  ( 1.064999999999999900, -0.4549999999999995200, 1.980000000000000000 ) ) ;
#6448 = AXIS2_PLACEMENT_3D ( 'NONE', #6447, #6446, #6445 ) ;
#6449 = CIRCLE ( 'NONE', #6448, 0.02000000000000005200 ) ;
#6450 = FILL_AREA_STYLE_COLOUR ( '', #6443 ) ;
#6451 = DIRECTION ( 'NONE',  ( -7.744301232039317900E-017, 0.0000000000000000000, -1.000000000000000000 ) ) ;
#6452 = DIRECTION ( 'NONE',  ( 1.000000000000000000, -0.0000000000000000000, -7.744301232039317900E-017 ) ) ;
#6453 = CARTESIAN_POINT ( 'NONE',  ( 0.8849999999999999000, 0.0000000000000000000, -1.516388554922435800 ) ) ;
#6454 = AXIS2_PLACEMENT_3D ( 'NONE', #6453, #6452, #6451 ) ;
#6455 = DIRECTION ( 'NONE',  ( 0.0000000000000000000, 0.0000000000000000000, 1.000000000000000000 ) ) ;
#6456 = DIRECTION ( 'NONE',  ( -1.000000000000000000, 0.0000000000000000000, 7.744301232039317900E-017 ) ) ;
#6457 = AXIS2_PLACEMENT_3D ( 'NONE', #6461, #6456, #6455 ) ;
#6458 = CYLINDRICAL_SURFACE ( 'NONE', #6457, 0.02000000000000005200 ) ;
#6459 = FACE_OUTER_BOUND ( 'NONE', #779, .T. ) ;
#6460 = FILL_AREA_STYLE_COLOUR ( '', #6507 ) ;
#6461 = CARTESIAN_POINT ( 'NONE',  ( 1.085000000000000000, -0.4549999999999995200, 1.980000000000000000 ) ) ;
#6462 =( GEOMETRIC_REPRESENTATION_CONTEXT ( 3 ) GLOBAL_UNCERTAINTY_ASSIGNED_CONTEXT ( ( #6463 ) ) GLOBAL_UNIT_ASSIGNED_CONTEXT ( ( #6466, #6465, #6464 ) ) REPRESENTATION_CONTEXT ( 'NONE', 'WORKASPACE' ) );
#6463 = UNCERTAINTY_MEASURE_WITH_UNIT (LENGTH_MEASURE( 1.000000000000000100E-005 ), #6466, 'distance_accuracy_value', 'NONE');
#6464 =( NAMED_UNIT ( * ) SI_UNIT ( $, .STERADIAN. ) SOLID_ANGLE_UNIT ( ) );
#6465 =( NAMED_UNIT ( * ) PLANE_ANGLE_UNIT ( ) SI_UNIT ( $, .RADIAN. ) );
#6466 =( LENGTH_UNIT ( ) NAMED_UNIT ( * ) SI_UNIT ( .MILLI., .METRE. ) );
#6467 = MECHANICAL_DESIGN_GEOMETRIC_PRESENTATION_REPRESENTATION (  '', ( #6469 ), #6462 ) ;
#6468 = PRESENTATION_LAYER_ASSIGNMENT (  '', '', ( #6469 ) ) ;
#6469 = STYLED_ITEM ( 'NONE', ( #6470 ), #774 ) ;
#6470 = PRESENTATION_STYLE_ASSIGNMENT (( #6471 ) ) ;
#6471 = SURFACE_STYLE_USAGE ( .BOTH. , #6472 ) ;
#6472 = SURFACE_SIDE_STYLE ('',( #6473 ) ) ;
#6473 = SURFACE_STYLE_FILL_AREA ( #6474 ) ;
#6474 = FILL_AREA_STYLE ('',( #6481 ) ) ;
#6475 = COLOUR_RGB ( '',1.000000000000000000, 1.000000000000000000, 1.000000000000000000 ) ;
#6476 = FACE_OUTER_BOUND ( 'NONE', #775, .T. ) ;
#6477 = DIRECTION ( 'NONE',  ( 0.0000000000000000000, -0.08715574274766142700, 0.9961946980917452100 ) ) ;
#6478 = DIRECTION ( 'NONE',  ( 6.497334929960927000E-015, 0.9961946980917453200, 0.08715574274766151000 ) ) ;
#6479 = CARTESIAN_POINT ( 'NONE',  ( 0.8849999999999999000, 0.01089446784345676600, -1.640912892183904200 ) ) ;
#6480 = AXIS2_PLACEMENT_3D ( 'NONE', #6479, #6478, #6477 ) ;
#6481 = FILL_AREA_STYLE_COLOUR ( '', #6475 ) ;
#6482 = DIRECTION ( 'NONE',  ( 0.0000000000000000000, -0.08715574274766252300, 0.9961946980917452100 ) ) ;
#6483 = DIRECTION ( 'NONE',  ( 6.749603259400173900E-018, 0.9961946980917452100, 0.08715574274766158000 ) ) ;
#6484 = AXIS2_PLACEMENT_3D ( 'NONE', #6429, #6483, #6482 ) ;
#6485 = FILL_AREA_STYLE_COLOUR ( '', #6487 ) ;
#6486 =( BOUNDED_CURVE ( )  B_SPLINE_CURVE ( 3, ( #6532, #6531, #6530, #6529 ),
 .UNSPECIFIED., .F., .T. ) 
 B_SPLINE_CURVE_WITH_KNOTS ( ( 4, 4 ),
 ( 3.141592653589793100, 4.712388980384689700 ),
 .UNSPECIFIED. ) 
 CURVE ( )  GEOMETRIC_REPRESENTATION_ITEM ( )  RATIONAL_B_SPLINE_CURVE ( ( 1.000000000000000000, 0.8047378541243649400, 0.8047378541243649400, 1.000000000000000000 ) ) 
 REPRESENTATION_ITEM ( '' )  );
#6487 = COLOUR_RGB ( '',1.000000000000000000, 1.000000000000000000, 1.000000000000000000 ) ;
#6488 = FACE_OUTER_BOUND ( 'NONE', #786, .T. ) ;
#6489 = DIRECTION ( 'NONE',  ( 0.0000000000000000000, -1.000000000000000000, 0.0000000000000000000 ) ) ;
#6490 = DIRECTION ( 'NONE',  ( 7.744301232039317900E-017, -2.168404344971009700E-015, 1.000000000000000000 ) ) ;
#6491 = AXIS2_PLACEMENT_3D ( 'NONE', #6493, #6490, #6489 ) ;
#6492 = CYLINDRICAL_SURFACE ( 'NONE', #6491, 0.01999999999999999700 ) ;
#6493 = CARTESIAN_POINT ( 'NONE',  ( 0.8850000000000001200, -0.4550000000000071800, 1.516388554922438700 ) ) ;
#6494 =( GEOMETRIC_REPRESENTATION_CONTEXT ( 3 ) GLOBAL_UNCERTAINTY_ASSIGNED_CONTEXT ( ( #6495 ) ) GLOBAL_UNIT_ASSIGNED_CONTEXT ( ( #6498, #6497, #6496 ) ) REPRESENTATION_CONTEXT ( 'NONE', 'WORKASPACE' ) );
#6495 = UNCERTAINTY_MEASURE_WITH_UNIT (LENGTH_MEASURE( 1.000000000000000100E-005 ), #6498, 'distance_accuracy_value', 'NONE');
#6496 =( NAMED_UNIT ( * ) SI_UNIT ( $, .STERADIAN. ) SOLID_ANGLE_UNIT ( ) );
#6497 =( NAMED_UNIT ( * ) PLANE_ANGLE_UNIT ( ) SI_UNIT ( $, .RADIAN. ) );
#6498 =( LENGTH_UNIT ( ) NAMED_UNIT ( * ) SI_UNIT ( .MILLI., .METRE. ) );
#6499 = MECHANICAL_DESIGN_GEOMETRIC_PRESENTATION_REPRESENTATION (  '', ( #6501 ), #6494 ) ;
#6500 = PRESENTATION_LAYER_ASSIGNMENT (  '', '', ( #6501 ) ) ;
#6501 = STYLED_ITEM ( 'NONE', ( #6502 ), #778 ) ;
#6502 = PRESENTATION_STYLE_ASSIGNMENT (( #6503 ) ) ;
#6503 = SURFACE_STYLE_USAGE ( .BOTH. , #6504 ) ;
#6504 = SURFACE_SIDE_STYLE ('',( #6505 ) ) ;
#6505 = SURFACE_STYLE_FILL_AREA ( #6506 ) ;
#6506 = FILL_AREA_STYLE ('',( #6460 ) ) ;
#6507 = COLOUR_RGB ( '',1.000000000000000000, 1.000000000000000000, 1.000000000000000000 ) ;
#6508 = FILL_AREA_STYLE_COLOUR ( '', #6513 ) ;
#6509 = DIRECTION ( 'NONE',  ( 1.000000000000000000, 0.0000000000000000000, 0.0000000000000000000 ) ) ;
#6510 = DIRECTION ( 'NONE',  ( 0.0000000000000000000, 1.000000000000000000, 0.0000000000000000000 ) ) ;
#6511 = AXIS2_PLACEMENT_3D ( 'NONE', #6515, #6510, #6509 ) ;
#6512 = SPHERICAL_SURFACE ( 'NONE', #6511, 0.02000000000000000000 ) ;
#6513 = COLOUR_RGB ( '',1.000000000000000000, 1.000000000000000000, 1.000000000000000000 ) ;
#6514 = FACE_OUTER_BOUND ( 'NONE', #739, .T. ) ;
#6515 = CARTESIAN_POINT ( 'NONE',  ( 1.065000000000000200, -0.4549999999999995200, 1.980000000000000000 ) ) ;
#6516 =( GEOMETRIC_REPRESENTATION_CONTEXT ( 3 ) GLOBAL_UNCERTAINTY_ASSIGNED_CONTEXT ( ( #6517 ) ) GLOBAL_UNIT_ASSIGNED_CONTEXT ( ( #6520, #6519, #6518 ) ) REPRESENTATION_CONTEXT ( 'NONE', 'WORKASPACE' ) );
#6517 = UNCERTAINTY_MEASURE_WITH_UNIT (LENGTH_MEASURE( 1.000000000000000100E-005 ), #6520, 'distance_accuracy_value', 'NONE');
#6518 =( NAMED_UNIT ( * ) SI_UNIT ( $, .STERADIAN. ) SOLID_ANGLE_UNIT ( ) );
#6519 =( NAMED_UNIT ( * ) PLANE_ANGLE_UNIT ( ) SI_UNIT ( $, .RADIAN. ) );
#6520 =( LENGTH_UNIT ( ) NAMED_UNIT ( * ) SI_UNIT ( .MILLI., .METRE. ) );
#6521 = MECHANICAL_DESIGN_GEOMETRIC_PRESENTATION_REPRESENTATION (  '', ( #6523 ), #6516 ) ;
#6522 = PRESENTATION_LAYER_ASSIGNMENT (  '', '', ( #6523 ) ) ;
#6523 = STYLED_ITEM ( 'NONE', ( #6524 ), #785 ) ;
#6524 = PRESENTATION_STYLE_ASSIGNMENT (( #6525 ) ) ;
#6525 = SURFACE_STYLE_USAGE ( .BOTH. , #6526 ) ;
#6526 = SURFACE_SIDE_STYLE ('',( #6527 ) ) ;
#6527 = SURFACE_STYLE_FILL_AREA ( #6528 ) ;
#6528 = FILL_AREA_STYLE ('',( #6485 ) ) ;
#6529 = CARTESIAN_POINT ( 'NONE',  ( 0.8649999999999998800, -0.4550000000000002400, -1.681673376519651400 ) ) ;
#6530 = CARTESIAN_POINT ( 'NONE',  ( 0.8649999999999997700, -0.4432842712474621700, -1.692408864001933900 ) ) ;
#6531 = CARTESIAN_POINT ( 'NONE',  ( 0.8732842712474616600, -0.4350000000000002200, -1.699999999999999700 ) ) ;
#6532 = CARTESIAN_POINT ( 'NONE',  ( 0.8849999999999999000, -0.4350000000000001600, -1.700000000000000000 ) ) ;
#6533 = FILL_AREA_STYLE_COLOUR ( '', #6535 ) ;
#6534 =( BOUNDED_CURVE ( )  B_SPLINE_CURVE ( 3, ( #6576, #6575, #6574, #6573 ),
 .UNSPECIFIED., .F., .T. ) 
 B_SPLINE_CURVE_WITH_KNOTS ( ( 4, 4 ),
 ( 1.570796326794895000, 3.141592653589782500 ),
 .UNSPECIFIED. ) 
 CURVE ( )  GEOMETRIC_REPRESENTATION_ITEM ( )  RATIONAL_B_SPLINE_CURVE ( ( 1.000000000000000000, 0.8047378541243671600, 0.8047378541243671600, 1.000000000000000000 ) ) 
 REPRESENTATION_ITEM ( '' )  );
#6535 = COLOUR_RGB ( '',1.000000000000000000, 1.000000000000000000, 1.000000000000000000 ) ;
#6536 = FACE_OUTER_BOUND ( 'NONE', #794, .T. ) ;
#6537 = DIRECTION ( 'NONE',  ( 0.0000000000000000000, 1.000000000000000000, 0.0000000000000000000 ) ) ;
#6538 = DIRECTION ( 'NONE',  ( -7.744301232039317900E-017, 3.614007241618349300E-016, -1.000000000000000000 ) ) ;
#6539 = AXIS2_PLACEMENT_3D ( 'NONE', #6541, #6538, #6537 ) ;
#6540 = CYLINDRICAL_SURFACE ( 'NONE', #6539, 0.01999999999999999700 ) ;
#6541 = CARTESIAN_POINT ( 'NONE',  ( 1.064999999999999900, -0.4549999999999995200, 2.000000000000000000 ) ) ;
#6542 =( GEOMETRIC_REPRESENTATION_CONTEXT ( 3 ) GLOBAL_UNCERTAINTY_ASSIGNED_CONTEXT ( ( #6543 ) ) GLOBAL_UNIT_ASSIGNED_CONTEXT ( ( #6546, #6545, #6544 ) ) REPRESENTATION_CONTEXT ( 'NONE', 'WORKASPACE' ) );
#6543 = UNCERTAINTY_MEASURE_WITH_UNIT (LENGTH_MEASURE( 1.000000000000000100E-005 ), #6546, 'distance_accuracy_value', 'NONE');
#6544 =( NAMED_UNIT ( * ) SI_UNIT ( $, .STERADIAN. ) SOLID_ANGLE_UNIT ( ) );
#6545 =( NAMED_UNIT ( * ) PLANE_ANGLE_UNIT ( ) SI_UNIT ( $, .RADIAN. ) );
#6546 =( LENGTH_UNIT ( ) NAMED_UNIT ( * ) SI_UNIT ( .MILLI., .METRE. ) );
#6547 = MECHANICAL_DESIGN_GEOMETRIC_PRESENTATION_REPRESENTATION (  '', ( #6549 ), #6542 ) ;
#6548 = PRESENTATION_LAYER_ASSIGNMENT (  '', '', ( #6549 ) ) ;
#6549 = STYLED_ITEM ( 'NONE', ( #6550 ), #789 ) ;
#6550 = PRESENTATION_STYLE_ASSIGNMENT (( #6551 ) ) ;
#6551 = SURFACE_STYLE_USAGE ( .BOTH. , #6552 ) ;
#6552 = SURFACE_SIDE_STYLE ('',( #6553 ) ) ;
#6553 = SURFACE_STYLE_FILL_AREA ( #6554 ) ;
#6554 = FILL_AREA_STYLE ('',( #6508 ) ) ;
#6555 = DIRECTION ( 'NONE',  ( -7.744301232039317900E-017, 0.0000000000000000000, -1.000000000000000000 ) ) ;
#6556 = DIRECTION ( 'NONE',  ( 1.000000000000000000, -0.0000000000000000000, -7.744301232039317900E-017 ) ) ;
#6557 = AXIS2_PLACEMENT_3D ( 'NONE', #6559, #6556, #6555 ) ;
#6558 = TOROIDAL_SURFACE ( 'NONE', #6557, 0.1249999999999998900, 0.02000000000000000000 ) ;
#6559 = CARTESIAN_POINT ( 'NONE',  ( 0.8850000000000001200, 1.897353801849632800E-016, 1.516388554922439800 ) ) ;
#6560 =( GEOMETRIC_REPRESENTATION_CONTEXT ( 3 ) GLOBAL_UNCERTAINTY_ASSIGNED_CONTEXT ( ( #6561 ) ) GLOBAL_UNIT_ASSIGNED_CONTEXT ( ( #6564, #6563, #6562 ) ) REPRESENTATION_CONTEXT ( 'NONE', 'WORKASPACE' ) );
#6561 = UNCERTAINTY_MEASURE_WITH_UNIT (LENGTH_MEASURE( 1.000000000000000100E-005 ), #6564, 'distance_accuracy_value', 'NONE');
#6562 =( NAMED_UNIT ( * ) SI_UNIT ( $, .STERADIAN. ) SOLID_ANGLE_UNIT ( ) );
#6563 =( NAMED_UNIT ( * ) PLANE_ANGLE_UNIT ( ) SI_UNIT ( $, .RADIAN. ) );
#6564 =( LENGTH_UNIT ( ) NAMED_UNIT ( * ) SI_UNIT ( .MILLI., .METRE. ) );
#6565 = MECHANICAL_DESIGN_GEOMETRIC_PRESENTATION_REPRESENTATION (  '', ( #6567 ), #6560 ) ;
#6566 = PRESENTATION_LAYER_ASSIGNMENT (  '', '', ( #6567 ) ) ;
#6567 = STYLED_ITEM ( 'NONE', ( #6568 ), #793 ) ;
#6568 = PRESENTATION_STYLE_ASSIGNMENT (( #6569 ) ) ;
#6569 = SURFACE_STYLE_USAGE ( .BOTH. , #6570 ) ;
#6570 = SURFACE_SIDE_STYLE ('',( #6571 ) ) ;
#6571 = SURFACE_STYLE_FILL_AREA ( #6572 ) ;
#6572 = FILL_AREA_STYLE ('',( #6533 ) ) ;
#6573 = CARTESIAN_POINT ( 'NONE',  ( 0.8849999999999999000, -0.4349999999999993900, 1.700000000000000400 ) ) ;
#6574 = CARTESIAN_POINT ( 'NONE',  ( 0.8732842712474618900, -0.4349999999999993900, 1.700000000000000200 ) ) ;
#6575 = CARTESIAN_POINT ( 'NONE',  ( 0.8650000000000004400, -0.4432842712474613900, 1.692408864001934800 ) ) ;
#6576 = CARTESIAN_POINT ( 'NONE',  ( 0.8650000000000001000, -0.4549999999999994000, 1.681673376519651900 ) ) ;
#6577 = FACE_OUTER_BOUND ( 'NONE', #805, .T. ) ;
#6578 = FILL_AREA_STYLE_COLOUR ( '', #6585 ) ;
#6579 = DIRECTION ( 'NONE',  ( 0.0000000000000000000, -0.08715574274765461300, -0.9961946980917457700 ) ) ;
#6580 = DIRECTION ( 'NONE',  ( 6.749603259399640800E-018, -0.9961946980917458800, 0.08715574274765469600 ) ) ;
#6581 = AXIS2_PLACEMENT_3D ( 'NONE', #6586, #6580, #6579 ) ;
#6582 = CYLINDRICAL_SURFACE ( 'NONE', #6581, 0.02000000000000001400 ) ;
#6583 = SURFACE_STYLE_FILL_AREA ( #6584 ) ;
#6584 = FILL_AREA_STYLE ('',( #6578 ) ) ;
#6585 = COLOUR_RGB ( '',1.000000000000000000, 1.000000000000000000, 1.000000000000000000 ) ;
#6586 = CARTESIAN_POINT ( 'NONE',  ( 0.8850000000000001200, 0.01089446784345701400, 1.640912892183908000 ) ) ;
#6587 =( GEOMETRIC_REPRESENTATION_CONTEXT ( 3 ) GLOBAL_UNCERTAINTY_ASSIGNED_CONTEXT ( ( #6588 ) ) GLOBAL_UNIT_ASSIGNED_CONTEXT ( ( #6591, #6590, #6589 ) ) REPRESENTATION_CONTEXT ( 'NONE', 'WORKASPACE' ) );
#6588 = UNCERTAINTY_MEASURE_WITH_UNIT (LENGTH_MEASURE( 1.000000000000000100E-005 ), #6591, 'distance_accuracy_value', 'NONE');
#6589 =( NAMED_UNIT ( * ) SI_UNIT ( $, .STERADIAN. ) SOLID_ANGLE_UNIT ( ) );
#6590 =( NAMED_UNIT ( * ) PLANE_ANGLE_UNIT ( ) SI_UNIT ( $, .RADIAN. ) );
#6591 =( LENGTH_UNIT ( ) NAMED_UNIT ( * ) SI_UNIT ( .MILLI., .METRE. ) );
#6592 = MECHANICAL_DESIGN_GEOMETRIC_PRESENTATION_REPRESENTATION (  '', ( #6594 ), #6587 ) ;
#6593 = PRESENTATION_LAYER_ASSIGNMENT (  '', '', ( #6594 ) ) ;
#6594 = STYLED_ITEM ( 'NONE', ( #6595 ), #800 ) ;
#6595 = PRESENTATION_STYLE_ASSIGNMENT (( #6596 ) ) ;
#6596 = SURFACE_STYLE_USAGE ( .BOTH. , #6597 ) ;
#6597 = SURFACE_SIDE_STYLE ('',( #6598 ) ) ;
#6598 = SURFACE_STYLE_FILL_AREA ( #6599 ) ;
#6599 = FILL_AREA_STYLE ('',( #6607 ) ) ;
#6600 = COLOUR_RGB ( '',1.000000000000000000, 1.000000000000000000, 1.000000000000000000 ) ;
#6601 = FACE_OUTER_BOUND ( 'NONE', #801, .T. ) ;
#6602 = DIRECTION ( 'NONE',  ( 0.0000000000000000000, -0.08715574274764789600, -0.9961946980917464300 ) ) ;
#6603 = DIRECTION ( 'NONE',  ( 6.480581177925193900E-015, -0.9961946980917464300, 0.08715574274764789600 ) ) ;
#6604 = CARTESIAN_POINT ( 'NONE',  ( 0.8850000000000001200, 0.01089446784345618000, 1.640912892183908200 ) ) ;
#6605 = AXIS2_PLACEMENT_3D ( 'NONE', #6604, #6603, #6602 ) ;
#6606 = CIRCLE ( 'NONE', #6605, 0.02000000000000000000 ) ;
#6607 = FILL_AREA_STYLE_COLOUR ( '', #6600 ) ;
#6608 = STYLED_ITEM ( 'NONE', ( #6609 ), #811 ) ;
#6609 = PRESENTATION_STYLE_ASSIGNMENT (( #6610 ) ) ;
#6610 = SURFACE_STYLE_USAGE ( .BOTH. , #6611 ) ;
#6611 = SURFACE_SIDE_STYLE ('',( #6612 ) ) ;
#6612 = SURFACE_STYLE_FILL_AREA ( #6613 ) ;
#6613 = FILL_AREA_STYLE ('',( #6620 ) ) ;
#6614 = COLOUR_RGB ( '',1.000000000000000000, 1.000000000000000000, 1.000000000000000000 ) ;
#6615 = FACE_OUTER_BOUND ( 'NONE', #812, .T. ) ;
#6616 = DIRECTION ( 'NONE',  ( 1.000000000000000000, 0.0000000000000000000, -1.084202172485501600E-014 ) ) ;
#6617 = DIRECTION ( 'NONE',  ( 1.084202172485501600E-014, -0.0000000000000000000, 1.000000000000000000 ) ) ;
#6618 = CARTESIAN_POINT ( 'NONE',  ( 0.8850000000000001200, 0.1250000000000001900, 1.516388554922438700 ) ) ;
#6619 = AXIS2_PLACEMENT_3D ( 'NONE', #6618, #6617, #6616 ) ;
#6620 = FILL_AREA_STYLE_COLOUR ( '', #6614 ) ;
#6621 = DIRECTION ( 'NONE',  ( 1.000000000000000000, 0.0000000000000000000, 0.0000000000000000000 ) ) ;
#6622 = DIRECTION ( 'NONE',  ( 7.744301232039317900E-017, 6.256159727961946200E-017, 1.000000000000000000 ) ) ;
#6623 = AXIS2_PLACEMENT_3D ( 'NONE', #6626, #6622, #6621 ) ;
#6624 = CYLINDRICAL_SURFACE ( 'NONE', #6623, 0.02000000000000005200 ) ;
#6625 = CIRCLE ( 'NONE', #6619, 0.02000000000000005200 ) ;
#6626 = CARTESIAN_POINT ( 'NONE',  ( 0.8850000000000001200, 0.1250000000000001900, 1.516388554922439800 ) ) ;
#6627 =( GEOMETRIC_REPRESENTATION_CONTEXT ( 3 ) GLOBAL_UNCERTAINTY_ASSIGNED_CONTEXT ( ( #6628 ) ) GLOBAL_UNIT_ASSIGNED_CONTEXT ( ( #6631, #6630, #6629 ) ) REPRESENTATION_CONTEXT ( 'NONE', 'WORKASPACE' ) );
#6628 = UNCERTAINTY_MEASURE_WITH_UNIT (LENGTH_MEASURE( 1.000000000000000100E-005 ), #6631, 'distance_accuracy_value', 'NONE');
#6629 =( NAMED_UNIT ( * ) SI_UNIT ( $, .STERADIAN. ) SOLID_ANGLE_UNIT ( ) );
#6630 =( NAMED_UNIT ( * ) PLANE_ANGLE_UNIT ( ) SI_UNIT ( $, .RADIAN. ) );
#6631 =( LENGTH_UNIT ( ) NAMED_UNIT ( * ) SI_UNIT ( .MILLI., .METRE. ) );
#6632 = MECHANICAL_DESIGN_GEOMETRIC_PRESENTATION_REPRESENTATION (  '', ( #6634 ), #6627 ) ;
#6633 = PRESENTATION_LAYER_ASSIGNMENT (  '', '', ( #6634 ) ) ;
#6634 = STYLED_ITEM ( 'NONE', ( #6635 ), #804 ) ;
#6635 = PRESENTATION_STYLE_ASSIGNMENT (( #6636 ) ) ;
#6636 = SURFACE_STYLE_USAGE ( .BOTH. , #6637 ) ;
#6637 = SURFACE_SIDE_STYLE ('',( #6583 ) ) ;
#6638 =( LENGTH_UNIT ( ) NAMED_UNIT ( * ) SI_UNIT ( .MILLI., .METRE. ) );
#6639 = MECHANICAL_DESIGN_GEOMETRIC_PRESENTATION_REPRESENTATION (  '', ( #6641 ), #6684 ) ;
#6640 = PRESENTATION_LAYER_ASSIGNMENT (  '', '', ( #6641 ) ) ;
#6641 = STYLED_ITEM ( 'NONE', ( #6642 ), #822 ) ;
#6642 = PRESENTATION_STYLE_ASSIGNMENT (( #6643 ) ) ;
#6643 = SURFACE_STYLE_USAGE ( .BOTH. , #6644 ) ;
#6644 = SURFACE_SIDE_STYLE ('',( #6645 ) ) ;
#6645 = SURFACE_STYLE_FILL_AREA ( #6646 ) ;
#6646 = FILL_AREA_STYLE ('',( #6653 ) ) ;
#6647 = COLOUR_RGB ( '',1.000000000000000000, 1.000000000000000000, 1.000000000000000000 ) ;
#6648 = FACE_OUTER_BOUND ( 'NONE', #823, .T. ) ;
#6649 = DIRECTION ( 'NONE',  ( 0.0000000000000000000, -1.000000000000000000, -1.084202172485504600E-014 ) ) ;
#6650 = DIRECTION ( 'NONE',  ( 1.084202172485501600E-014, -1.084202172485504600E-014, 1.000000000000000000 ) ) ;
#6651 = CARTESIAN_POINT ( 'NONE',  ( 0.8849999999999999000, 0.1250000000000000600, -1.516388554922435200 ) ) ;
#6652 = AXIS2_PLACEMENT_3D ( 'NONE', #6651, #6650, #6649 ) ;
#6653 = FILL_AREA_STYLE_COLOUR ( '', #6647 ) ;
#6654 = DIRECTION ( 'NONE',  ( 0.0000000000000000000, -1.000000000000000000, 0.0000000000000000000 ) ) ;
#6655 = DIRECTION ( 'NONE',  ( 7.744301232039317900E-017, -3.614007241618349300E-016, 1.000000000000000000 ) ) ;
#6656 = AXIS2_PLACEMENT_3D ( 'NONE', #6659, #6655, #6654 ) ;
#6657 = CYLINDRICAL_SURFACE ( 'NONE', #6656, 0.01999999999999999700 ) ;
#6658 = CIRCLE ( 'NONE', #6652, 0.01999999999999999700 ) ;
#6659 = CARTESIAN_POINT ( 'NONE',  ( 0.8850000000000001200, -0.4549999999999993500, 1.516388554922439600 ) ) ;
#6660 =( GEOMETRIC_REPRESENTATION_CONTEXT ( 3 ) GLOBAL_UNCERTAINTY_ASSIGNED_CONTEXT ( ( #6661 ) ) GLOBAL_UNIT_ASSIGNED_CONTEXT ( ( #7674, #6663, #6662 ) ) REPRESENTATION_CONTEXT ( 'NONE', 'WORKASPACE' ) );
#6661 = UNCERTAINTY_MEASURE_WITH_UNIT (LENGTH_MEASURE( 1.000000000000000100E-005 ), #7674, 'distance_accuracy_value', 'NONE');
#6662 =( NAMED_UNIT ( * ) SI_UNIT ( $, .STERADIAN. ) SOLID_ANGLE_UNIT ( ) );
#6663 =( NAMED_UNIT ( * ) PLANE_ANGLE_UNIT ( ) SI_UNIT ( $, .RADIAN. ) );
#6664 = CARTESIAN_POINT ( 'NONE',  ( -1.064999999999999700, 1.897353801849632800E-016, 1.980000000000000000 ) ) ;
#6665 = AXIS2_PLACEMENT_3D ( 'NONE', #6664, #6708, #6707 ) ;
#6666 = CYLINDRICAL_SURFACE ( 'NONE', #6665, 0.02000000000000005200 ) ;
#6667 = DIRECTION ( 'NONE',  ( -7.744301232039317900E-017, 0.0000000000000000000, -1.000000000000000000 ) ) ;
#6668 = DIRECTION ( 'NONE',  ( 1.000000000000000000, -0.0000000000000000000, -7.744301232039317900E-017 ) ) ;
#6669 = CARTESIAN_POINT ( 'NONE',  ( -1.064999999999999900, 0.0000000000000000000, -1.516388554922436100 ) ) ;
#6670 = AXIS2_PLACEMENT_3D ( 'NONE', #6669, #6668, #6667 ) ;
#6671 = FACE_OUTER_BOUND ( 'NONE', #901, .T. ) ;
#6672 = TOROIDAL_SURFACE ( 'NONE', #6670, 0.1250000000000000600, 0.02000000000000000000 ) ;
#6673 = FACE_OUTER_BOUND ( 'NONE', #832, .T. ) ;
#6674 = DIRECTION ( 'NONE',  ( 1.000000000000000000, 0.0000000000000000000, 0.0000000000000000000 ) ) ;
#6675 = DIRECTION ( 'NONE',  ( -0.0000000000000000000, 0.0000000000000000000, -1.000000000000000000 ) ) ;
#6676 = CARTESIAN_POINT ( 'NONE',  ( 0.8850000000000001200, -0.4549999999999995200, 1.980000000000000000 ) ) ;
#6677 = AXIS2_PLACEMENT_3D ( 'NONE', #6676, #6675, #6674 ) ;
#6678 = DIRECTION ( 'NONE',  ( 1.000000000000000000, 0.0000000000000000000, 0.0000000000000000000 ) ) ;
#6679 = DIRECTION ( 'NONE',  ( 0.0000000000000000000, 1.000000000000000000, 0.0000000000000000000 ) ) ;
#6680 = AXIS2_PLACEMENT_3D ( 'NONE', #6683, #6679, #6678 ) ;
#6681 = SPHERICAL_SURFACE ( 'NONE', #6680, 0.02000000000000000000 ) ;
#6682 = CIRCLE ( 'NONE', #6677, 0.02000000000000005200 ) ;
#6683 = CARTESIAN_POINT ( 'NONE',  ( 0.8850000000000001200, -0.4549999999999995200, 1.980000000000000000 ) ) ;
#6684 =( GEOMETRIC_REPRESENTATION_CONTEXT ( 3 ) GLOBAL_UNCERTAINTY_ASSIGNED_CONTEXT ( ( #6685 ) ) GLOBAL_UNIT_ASSIGNED_CONTEXT ( ( #6638, #6687, #6686 ) ) REPRESENTATION_CONTEXT ( 'NONE', 'WORKASPACE' ) );
#6685 = UNCERTAINTY_MEASURE_WITH_UNIT (LENGTH_MEASURE( 1.000000000000000100E-005 ), #6638, 'distance_accuracy_value', 'NONE');
#6686 =( NAMED_UNIT ( * ) SI_UNIT ( $, .STERADIAN. ) SOLID_ANGLE_UNIT ( ) );
#6687 =( NAMED_UNIT ( * ) PLANE_ANGLE_UNIT ( ) SI_UNIT ( $, .RADIAN. ) );
#6688 = AXIS2_PLACEMENT_3D ( 'NONE', #6734, #6733, #6732 ) ;
#6689 = CARTESIAN_POINT ( 'NONE',  ( -1.085000000000000000, -0.4550000000000002400, -1.681673376519651700 ) ) ;
#6690 = CARTESIAN_POINT ( 'NONE',  ( -1.085000000000000000, -0.4432842712474621700, -1.692408864001934400 ) ) ;
#6691 = CARTESIAN_POINT ( 'NONE',  ( -1.076715728752538200, -0.4350000000000002200, -1.700000000000000200 ) ) ;
#6692 = CARTESIAN_POINT ( 'NONE',  ( -1.064999999999999900, -0.4350000000000001600, -1.700000000000000200 ) ) ;
#6693 =( BOUNDED_CURVE ( )  B_SPLINE_CURVE ( 3, ( #6692, #6691, #6690, #6689 ),
 .UNSPECIFIED., .F., .T. ) 
 B_SPLINE_CURVE_WITH_KNOTS ( ( 4, 4 ),
 ( 3.141592653589793100, 4.712388980384689700 ),
 .UNSPECIFIED. ) 
 CURVE ( )  GEOMETRIC_REPRESENTATION_ITEM ( )  RATIONAL_B_SPLINE_CURVE ( ( 1.000000000000000000, 0.8047378541243649400, 0.8047378541243649400, 1.000000000000000000 ) ) 
 REPRESENTATION_ITEM ( '' )  );
#6694 = CYLINDRICAL_SURFACE ( 'NONE', #6688, 0.02000000000000005200 ) ;
#6695 = FACE_OUTER_BOUND ( 'NONE', #850, .T. ) ;
#6696 = DIRECTION ( 'NONE',  ( 0.0000000000000000000, -1.000000000000000000, 0.0000000000000000000 ) ) ;
#6697 = DIRECTION ( 'NONE',  ( 7.744301232039317900E-017, -2.168404344971009700E-015, 1.000000000000000000 ) ) ;
#6698 = CARTESIAN_POINT ( 'NONE',  ( -1.064999999999999700, -0.4550000000000071800, 1.516388554922438500 ) ) ;
#6699 = AXIS2_PLACEMENT_3D ( 'NONE', #6698, #6697, #6696 ) ;
#6700 = CYLINDRICAL_SURFACE ( 'NONE', #6699, 0.01999999999999999700 ) ;
#6701 = FACE_OUTER_BOUND ( 'NONE', #835, .T. ) ;
#6702 = DIRECTION ( 'NONE',  ( 0.0000000000000000000, 0.0000000000000000000, 1.000000000000000000 ) ) ;
#6703 = DIRECTION ( 'NONE',  ( 0.0000000000000000000, 1.000000000000000000, -0.0000000000000000000 ) ) ;
#6704 = CARTESIAN_POINT ( 'NONE',  ( -1.064999999999999700, -0.4549999999999995200, 1.980000000000000000 ) ) ;
#6705 = AXIS2_PLACEMENT_3D ( 'NONE', #6704, #6703, #6702 ) ;
#6706 = CIRCLE ( 'NONE', #6705, 0.02000000000000005200 ) ;
#6707 = DIRECTION ( 'NONE',  ( 0.0000000000000000000, 0.0000000000000000000, -1.000000000000000000 ) ) ;
#6708 = DIRECTION ( 'NONE',  ( -0.0000000000000000000, -1.000000000000000000, 0.0000000000000000000 ) ) ;
#6709 = CARTESIAN_POINT ( 'NONE',  ( -1.064999999999999900, -0.4349999999999993900, 1.700000000000000200 ) ) ;
#6710 = CARTESIAN_POINT ( 'NONE',  ( -1.076715728752538000, -0.4349999999999993900, 1.700000000000000200 ) ) ;
#6711 = CARTESIAN_POINT ( 'NONE',  ( -1.084999999999999700, -0.4432842712474613900, 1.692408864001934600 ) ) ;
#6712 = CARTESIAN_POINT ( 'NONE',  ( -1.084999999999999700, -0.4549999999999994000, 1.681673376519651700 ) ) ;
#6713 =( BOUNDED_CURVE ( )  B_SPLINE_CURVE ( 3, ( #6712, #6711, #6710, #6709 ),
 .UNSPECIFIED., .F., .T. ) 
 B_SPLINE_CURVE_WITH_KNOTS ( ( 4, 4 ),
 ( 1.570796326794895000, 3.141592653589782500 ),
 .UNSPECIFIED. ) 
 CURVE ( )  GEOMETRIC_REPRESENTATION_ITEM ( )  RATIONAL_B_SPLINE_CURVE ( ( 1.000000000000000000, 0.8047378541243671600, 0.8047378541243671600, 1.000000000000000000 ) ) 
 REPRESENTATION_ITEM ( '' )  );
#6714 = CYLINDRICAL_SURFACE ( 'NONE', #6761, 0.01999999999999999700 ) ;
#6715 = FACE_OUTER_BOUND ( 'NONE', #876, .T. ) ;
#6716 = DIRECTION ( 'NONE',  ( 0.0000000000000000000, 0.0000000000000000000, 1.000000000000000000 ) ) ;
#6717 = DIRECTION ( 'NONE',  ( 0.0000000000000000000, 1.000000000000000000, 0.0000000000000000000 ) ) ;
#6718 = CARTESIAN_POINT ( 'NONE',  ( -0.8849999999999997900, -0.5849999999999995200, 1.980000000000000000 ) ) ;
#6719 = AXIS2_PLACEMENT_3D ( 'NONE', #6718, #6717, #6716 ) ;
#6720 = CYLINDRICAL_SURFACE ( 'NONE', #6719, 0.02000000000000005200 ) ;
#6721 = FACE_OUTER_BOUND ( 'NONE', #859, .T. ) ;
#6722 = DIRECTION ( 'NONE',  ( 1.000000000000000000, 0.0000000000000000000, 0.0000000000000000000 ) ) ;
#6723 = DIRECTION ( 'NONE',  ( 0.0000000000000000000, 0.0000000000000000000, 1.000000000000000000 ) ) ;
#6724 = CARTESIAN_POINT ( 'NONE',  ( -0.8849999999999997900, -0.4549999999999995200, 1.980000000000000000 ) ) ;
#6725 = AXIS2_PLACEMENT_3D ( 'NONE', #6724, #6723, #6722 ) ;
#6726 = CIRCLE ( 'NONE', #6725, 0.02000000000000005200 ) ;
#6727 = DIRECTION ( 'NONE',  ( 0.0000000000000000000, 0.0000000000000000000, 1.000000000000000000 ) ) ;
#6728 = DIRECTION ( 'NONE',  ( 0.0000000000000000000, 1.000000000000000000, 0.0000000000000000000 ) ) ;
#6729 = CARTESIAN_POINT ( 'NONE',  ( -0.8849999999999997900, -0.4549999999999995200, 1.980000000000000000 ) ) ;
#6730 = AXIS2_PLACEMENT_3D ( 'NONE', #6729, #6728, #6727 ) ;
#6731 = CIRCLE ( 'NONE', #6730, 0.02000000000000005200 ) ;
#6732 = DIRECTION ( 'NONE',  ( 0.0000000000000000000, 0.0000000000000000000, 1.000000000000000000 ) ) ;
#6733 = DIRECTION ( 'NONE',  ( -1.000000000000000000, 0.0000000000000000000, 7.744301232039317900E-017 ) ) ;
#6734 = CARTESIAN_POINT ( 'NONE',  ( -0.8649999999999997700, -0.4549999999999995200, 1.980000000000000000 ) ) ;
#6735 = CIRCLE ( 'NONE', #6794, 0.01999999999999999700 ) ;
#6736 = DIRECTION ( 'NONE',  ( 1.000000000000000000, 0.0000000000000000000, 0.0000000000000000000 ) ) ;
#6737 = DIRECTION ( 'NONE',  ( 0.0000000000000000000, 1.000000000000000000, 0.0000000000000000000 ) ) ;
#6738 = CARTESIAN_POINT ( 'NONE',  ( -1.064999999999999700, -0.4549999999999995200, 1.980000000000000000 ) ) ;
#6739 = AXIS2_PLACEMENT_3D ( 'NONE', #6738, #6737, #6736 ) ;
#6740 = SPHERICAL_SURFACE ( 'NONE', #6739, 0.02000000000000000000 ) ;
#6741 = DIRECTION ( 'NONE',  ( 1.000000000000000000, 0.0000000000000000000, 0.0000000000000000000 ) ) ;
#6742 = DIRECTION ( 'NONE',  ( 7.744301232039317900E-017, 6.256159727961946200E-017, 1.000000000000000000 ) ) ;
#6743 = CARTESIAN_POINT ( 'NONE',  ( -1.064999999999999700, 0.1250000000000001900, 1.516388554922439600 ) ) ;
#6744 = AXIS2_PLACEMENT_3D ( 'NONE', #6743, #6742, #6741 ) ;
#6745 = FACE_OUTER_BOUND ( 'NONE', #883, .T. ) ;
#6746 = CYLINDRICAL_SURFACE ( 'NONE', #6744, 0.02000000000000005200 ) ;
#6747 = FACE_OUTER_BOUND ( 'NONE', #880, .T. ) ;
#6748 = DIRECTION ( 'NONE',  ( 1.000000000000000000, 0.0000000000000000000, 0.0000000000000000000 ) ) ;
#6749 = DIRECTION ( 'NONE',  ( -0.0000000000000000000, 0.0000000000000000000, -1.000000000000000000 ) ) ;
#6750 = CARTESIAN_POINT ( 'NONE',  ( -1.064999999999999700, -0.4549999999999995200, 1.980000000000000000 ) ) ;
#6751 = AXIS2_PLACEMENT_3D ( 'NONE', #6750, #6749, #6748 ) ;
#6752 = CIRCLE ( 'NONE', #6751, 0.02000000000000005200 ) ;
#6753 = DIRECTION ( 'NONE',  ( 1.000000000000000000, 0.0000000000000000000, -1.084202172485501600E-014 ) ) ;
#6754 = DIRECTION ( 'NONE',  ( 1.084202172485501600E-014, -0.0000000000000000000, 1.000000000000000000 ) ) ;
#6755 = CARTESIAN_POINT ( 'NONE',  ( -1.064999999999999700, 0.1250000000000001900, 1.516388554922438500 ) ) ;
#6756 = AXIS2_PLACEMENT_3D ( 'NONE', #6755, #6754, #6753 ) ;
#6757 = DIRECTION ( 'NONE',  ( 0.0000000000000000000, -1.000000000000000000, 0.0000000000000000000 ) ) ;
#6758 = DIRECTION ( 'NONE',  ( 7.744301232039317900E-017, -3.614007241618349300E-016, 1.000000000000000000 ) ) ;
#6759 = CARTESIAN_POINT ( 'NONE',  ( -1.064999999999999700, -0.4549999999999993500, 1.516388554922439400 ) ) ;
#6760 = CIRCLE ( 'NONE', #6756, 0.02000000000000005200 ) ;
#6761 = AXIS2_PLACEMENT_3D ( 'NONE', #6759, #6758, #6757 ) ;
#6762 = AXIS2_PLACEMENT_3D ( 'NONE', #6823, #6822, #6821 ) ;
#6763 = SPHERICAL_SURFACE ( 'NONE', #6762, 0.02000000000000000000 ) ;
#6764 = FACE_OUTER_BOUND ( 'NONE', #851, .T. ) ;
#6765 = DIRECTION ( 'NONE',  ( 0.0000000000000000000, -0.08715574274766142700, 0.9961946980917452100 ) ) ;
#6766 = DIRECTION ( 'NONE',  ( 6.497334929960927000E-015, 0.9961946980917453200, 0.08715574274766151000 ) ) ;
#6767 = CARTESIAN_POINT ( 'NONE',  ( -1.064999999999999900, 0.01089446784345676600, -1.640912892183904500 ) ) ;
#6768 = AXIS2_PLACEMENT_3D ( 'NONE', #6767, #6766, #6765 ) ;
#6769 = CIRCLE ( 'NONE', #6768, 0.02000000000000002500 ) ;
#6770 = DIRECTION ( 'NONE',  ( 0.0000000000000000000, 0.0000000000000000000, 1.000000000000000000 ) ) ;
#6771 = DIRECTION ( 'NONE',  ( -1.000000000000000000, 0.0000000000000000000, 0.0000000000000000000 ) ) ;
#6772 = CARTESIAN_POINT ( 'NONE',  ( -1.064999999999999700, -0.4549999999999995200, 1.980000000000000000 ) ) ;
#6773 = AXIS2_PLACEMENT_3D ( 'NONE', #6772, #6771, #6770 ) ;
#6774 = CIRCLE ( 'NONE', #6773, 0.02000000000000005200 ) ;
#6775 = DIRECTION ( 'NONE',  ( 0.0000000000000000000, 0.0000000000000000000, -1.000000000000000000 ) ) ;
#6776 = DIRECTION ( 'NONE',  ( -1.000000000000000000, -0.0000000000000000000, -0.0000000000000000000 ) ) ;
#6777 = CARTESIAN_POINT ( 'NONE',  ( -0.8849999999999997900, -0.4549999999999995200, 1.980000000000000000 ) ) ;
#6778 = AXIS2_PLACEMENT_3D ( 'NONE', #6777, #6776, #6775 ) ;
#6779 = CIRCLE ( 'NONE', #6778, 0.02000000000000005200 ) ;
#6780 = DIRECTION ( 'NONE',  ( 0.0000000000000000000, -0.08715574274766252300, 0.9961946980917452100 ) ) ;
#6781 = DIRECTION ( 'NONE',  ( 6.749603259400173900E-018, 0.9961946980917452100, 0.08715574274766158000 ) ) ;
#6782 = CARTESIAN_POINT ( 'NONE',  ( -1.064999999999999900, 0.2742125770407393100, -1.617875542728060000 ) ) ;
#6783 = AXIS2_PLACEMENT_3D ( 'NONE', #6782, #6781, #6780 ) ;
#6784 = CYLINDRICAL_SURFACE ( 'NONE', #6783, 0.02000000000000002500 ) ;
#6785 = FACE_OUTER_BOUND ( 'NONE', #898, .T. ) ;
#6786 = DIRECTION ( 'NONE',  ( 0.0000000000000000000, -1.000000000000000000, 1.084202172485504600E-014 ) ) ;
#6787 = DIRECTION ( 'NONE',  ( -0.0000000000000000000, 1.084202172485504600E-014, 1.000000000000000000 ) ) ;
#6788 = CARTESIAN_POINT ( 'NONE',  ( -0.8849999999999997900, 0.1250000000000001900, 1.516388554922438700 ) ) ;
#6789 = AXIS2_PLACEMENT_3D ( 'NONE', #6788, #6787, #6786 ) ;
#6790 = CIRCLE ( 'NONE', #6789, 0.01999999999999999700 ) ;
#6791 = DIRECTION ( 'NONE',  ( 0.0000000000000000000, -1.000000000000000000, -1.084202172485504600E-014 ) ) ;
#6792 = DIRECTION ( 'NONE',  ( 1.084202172485501600E-014, -1.084202172485504600E-014, 1.000000000000000000 ) ) ;
#6793 = CARTESIAN_POINT ( 'NONE',  ( -1.064999999999999900, 0.1250000000000000600, -1.516388554922435400 ) ) ;
#6794 = AXIS2_PLACEMENT_3D ( 'NONE', #6793, #6792, #6791 ) ;
#6795 = SPHERICAL_SURFACE ( 'NONE', #6796, 0.02000000000000000000 ) ;
#6796 = AXIS2_PLACEMENT_3D ( 'NONE', #6856, #6855, #6854 ) ;
#6797 = DIRECTION ( 'NONE',  ( -7.744301232039317900E-017, 0.0000000000000000000, -1.000000000000000000 ) ) ;
#6798 = DIRECTION ( 'NONE',  ( 1.000000000000000000, -0.0000000000000000000, -7.744301232039317900E-017 ) ) ;
#6799 = CARTESIAN_POINT ( 'NONE',  ( -0.8849999999999997900, 1.897353801849632800E-016, 1.516388554922439600 ) ) ;
#6800 = AXIS2_PLACEMENT_3D ( 'NONE', #6799, #6798, #6797 ) ;
#6801 = FACE_OUTER_BOUND ( 'NONE', #929, .T. ) ;
#6802 = TOROIDAL_SURFACE ( 'NONE', #6800, 0.1249999999999998900, 0.02000000000000000000 ) ;
#6803 = FACE_OUTER_BOUND ( 'NONE', #920, .T. ) ;
#6804 = CARTESIAN_POINT ( 'NONE',  ( -0.2350000000000001800, -0.5850000000000006300, -2.000000000000000000 ) ) ;
#6805 = DIRECTION ( 'NONE',  ( 0.0000000000000000000, -0.08715574274765453000, -0.9961946980917457700 ) ) ;
#6806 = DIRECTION ( 'NONE',  ( 0.0000000000000000000, -0.9961946980917459900, 0.08715574274765462700 ) ) ;
#6807 = CARTESIAN_POINT ( 'NONE',  ( -0.8849999999999997900, 0.01089446784345603200, 1.640912892183907800 ) ) ;
#6808 = AXIS2_PLACEMENT_3D ( 'NONE', #6807, #6806, #6805 ) ;
#6809 = DIRECTION ( 'NONE',  ( 0.0000000000000000000, 0.0000000000000000000, 1.000000000000000000 ) ) ;
#6810 = DIRECTION ( 'NONE',  ( 0.0000000000000000000, 1.000000000000000000, 0.0000000000000000000 ) ) ;
#6811 = CARTESIAN_POINT ( 'NONE',  ( -1.064999999999999900, 1.897353801849632800E-016, -1.980000000000000000 ) ) ;
#6812 = AXIS2_PLACEMENT_3D ( 'NONE', #6811, #6810, #6809 ) ;
#6813 = CIRCLE ( 'NONE', #6808, 0.02000000000000001400 ) ;
#6814 = CYLINDRICAL_SURFACE ( 'NONE', #6812, 0.02000000000000005200 ) ;
#6815 = DIRECTION ( 'NONE',  ( 0.0000000000000000000, 0.0000000000000000000, 1.000000000000000000 ) ) ;
#6816 = DIRECTION ( 'NONE',  ( -1.000000000000000000, 0.0000000000000000000, 7.744301232039317900E-017 ) ) ;
#6817 = CARTESIAN_POINT ( 'NONE',  ( -0.8649999999999999900, -0.4549999999999995700, -1.980000000000000000 ) ) ;
#6818 = AXIS2_PLACEMENT_3D ( 'NONE', #6817, #6816, #6815 ) ;
#6819 = FACE_OUTER_BOUND ( 'NONE', #912, .T. ) ;
#6820 = CYLINDRICAL_SURFACE ( 'NONE', #6818, 0.02000000000000005200 ) ;
#6821 = DIRECTION ( 'NONE',  ( 1.000000000000000000, 0.0000000000000000000, 0.0000000000000000000 ) ) ;
#6822 = DIRECTION ( 'NONE',  ( 0.0000000000000000000, 1.000000000000000000, 0.0000000000000000000 ) ) ;
#6823 = CARTESIAN_POINT ( 'NONE',  ( -0.8849999999999996800, -0.4549999999999995200, 1.980000000000000000 ) ) ;
#6824 = FACE_OUTER_BOUND ( 'NONE', #960, .T. ) ;
#6825 = VECTOR ( 'NONE', #7670, 1000.000000000000100 ) ;
#6826 = CARTESIAN_POINT ( 'NONE',  ( -1.378703087118098100, 0.3905995681194390200, -1.378512822022686100 ) ) ;
#6827 = DIRECTION ( 'NONE',  ( 4.353374594594206700E-015, 0.0000000000000000000, -1.000000000000000000 ) ) ;
#6828 = LINE ( 'NONE', #6826, #6825 ) ;
#6829 = DIRECTION ( 'NONE',  ( 7.744301232039317900E-017, 0.0000000000000000000, 1.000000000000000000 ) ) ;
#6830 = VECTOR ( 'NONE', #6829, 1000.000000000000000 ) ;
#6831 = CARTESIAN_POINT ( 'NONE',  ( -1.450000000000000000, 0.1449999999999999900, -1.399999999999999900 ) ) ;
#6832 = LINE ( 'NONE', #6831, #6830 ) ;
#6833 = DIRECTION ( 'NONE',  ( -7.744301232039317900E-017, 0.0000000000000000000, -1.000000000000000000 ) ) ;
#6834 = DIRECTION ( 'NONE',  ( 1.000000000000000000, -0.0000000000000000000, -7.744301232039317900E-017 ) ) ;
#6835 = CARTESIAN_POINT ( 'NONE',  ( -1.064999999999999700, 1.897353801849632800E-016, 1.516388554922439600 ) ) ;
#6836 = AXIS2_PLACEMENT_3D ( 'NONE', #6835, #6834, #6833 ) ;
#6837 = TOROIDAL_SURFACE ( 'NONE', #6836, 0.1249999999999998900, 0.02000000000000000000 ) ;
#6838 = FACE_OUTER_BOUND ( 'NONE', #942, .T. ) ;
#6839 = DIRECTION ( 'NONE',  ( 0.0000000000000000000, -0.08715574274764789600, -0.9961946980917464300 ) ) ;
#6840 = DIRECTION ( 'NONE',  ( 6.480581177925193900E-015, -0.9961946980917464300, 0.08715574274764789600 ) ) ;
#6841 = CARTESIAN_POINT ( 'NONE',  ( -1.064999999999999700, 0.01089446784345618000, 1.640912892183908000 ) ) ;
#6842 = AXIS2_PLACEMENT_3D ( 'NONE', #6841, #6840, #6839 ) ;
#6843 = DIRECTION ( 'NONE',  ( 0.0000000000000000000, -0.08715574274765461300, -0.9961946980917457700 ) ) ;
#6844 = DIRECTION ( 'NONE',  ( 6.749603259399640800E-018, -0.9961946980917458800, 0.08715574274765469600 ) ) ;
#6845 = CARTESIAN_POINT ( 'NONE',  ( -1.064999999999999700, 0.01089446784345701400, 1.640912892183907800 ) ) ;
#6846 = AXIS2_PLACEMENT_3D ( 'NONE', #6845, #6844, #6843 ) ;
#6847 = CIRCLE ( 'NONE', #6842, 0.02000000000000000000 ) ;
#6848 = CYLINDRICAL_SURFACE ( 'NONE', #6846, 0.02000000000000001400 ) ;
#6849 = FACE_OUTER_BOUND ( 'NONE', #937, .T. ) ;
#6850 = DIRECTION ( 'NONE',  ( 5.421010862427523000E-015, 1.000000000000000000, 0.0000000000000000000 ) ) ;
#6851 = DIRECTION ( 'NONE',  ( -1.000000000000000000, 5.421010862427523000E-015, -0.0000000000000000000 ) ) ;
#6852 = CARTESIAN_POINT ( 'NONE',  ( -0.8850000000000001200, -0.4549999999999995700, -1.980000000000000000 ) ) ;
#6853 = AXIS2_PLACEMENT_3D ( 'NONE', #6852, #6851, #6850 ) ;
#6854 = DIRECTION ( 'NONE',  ( 1.000000000000000000, 0.0000000000000000000, 0.0000000000000000000 ) ) ;
#6855 = DIRECTION ( 'NONE',  ( 0.0000000000000000000, 1.000000000000000000, 0.0000000000000000000 ) ) ;
#6856 = CARTESIAN_POINT ( 'NONE',  ( -0.8850000000000000100, -0.4549999999999995700, -1.980000000000000000 ) ) ;
#6857 = CIRCLE ( 'NONE', #6853, 0.01999999999999999700 ) ;
#6858 = CARTESIAN_POINT ( 'NONE',  ( -0.8849999999999997900, -0.4549999999999995200, 2.000000000000000000 ) ) ;
#6859 = DIRECTION ( 'NONE',  ( 1.000000000000000000, 0.0000000000000000000, 0.0000000000000000000 ) ) ;
#6860 = DIRECTION ( 'NONE',  ( 0.0000000000000000000, 1.000000000000000000, 0.0000000000000000000 ) ) ;
#6861 = CARTESIAN_POINT ( 'NONE',  ( -1.064999999999999900, -0.4549999999999995700, -1.980000000000000000 ) ) ;
#6862 = AXIS2_PLACEMENT_3D ( 'NONE', #6861, #6860, #6859 ) ;
#6863 = CYLINDRICAL_SURFACE ( 'NONE', #6910, 0.01999999999999999700 ) ;
#6864 = FACE_OUTER_BOUND ( 'NONE', #979, .T. ) ;
#6865 = SPHERICAL_SURFACE ( 'NONE', #6862, 0.02000000000000000000 ) ;
#6866 = FACE_OUTER_BOUND ( 'NONE', #965, .T. ) ;
#6867 = DIRECTION ( 'NONE',  ( 0.0000000000000000000, 0.0000000000000000000, 1.000000000000000000 ) ) ;
#6868 = DIRECTION ( 'NONE',  ( 0.0000000000000000000, 1.000000000000000000, 0.0000000000000000000 ) ) ;
#6869 = CARTESIAN_POINT ( 'NONE',  ( -1.064999999999999900, -0.4549999999999995700, -1.980000000000000000 ) ) ;
#6870 = AXIS2_PLACEMENT_3D ( 'NONE', #6869, #6868, #6867 ) ;
#6871 = CIRCLE ( 'NONE', #6870, 0.02000000000000005200 ) ;
#6872 = DIRECTION ( 'NONE',  ( 0.0000000000000000000, 0.0000000000000000000, 1.000000000000000000 ) ) ;
#6873 = DIRECTION ( 'NONE',  ( -1.000000000000000000, 0.0000000000000000000, 0.0000000000000000000 ) ) ;
#6874 = CARTESIAN_POINT ( 'NONE',  ( -1.064999999999999900, -0.4549999999999995700, -1.980000000000000000 ) ) ;
#6875 = AXIS2_PLACEMENT_3D ( 'NONE', #6874, #6873, #6872 ) ;
#6876 = DIRECTION ( 'NONE',  ( 0.0000000000000000000, 1.000000000000000000, 0.0000000000000000000 ) ) ;
#6877 = DIRECTION ( 'NONE',  ( -7.744301232039317900E-017, 2.168404344971009700E-015, -1.000000000000000000 ) ) ;
#6878 = CARTESIAN_POINT ( 'NONE',  ( -0.8850000000000000100, -0.4550000000000001800, -1.700000000000000200 ) ) ;
#6879 = AXIS2_PLACEMENT_3D ( 'NONE', #6878, #6877, #6876 ) ;
#6880 = CIRCLE ( 'NONE', #6875, 0.02000000000000005200 ) ;
#6881 = CYLINDRICAL_SURFACE ( 'NONE', #6879, 0.01999999999999999700 ) ;
#6882 = FACE_OUTER_BOUND ( 'NONE', #957, .T. ) ;
#6883 = DIRECTION ( 'NONE',  ( 6.749603259399640000E-018, -0.9961946980917457700, 0.08715574274765468300 ) ) ;
#6884 = VECTOR ( 'NONE', #6883, 1000.000000000000100 ) ;
#6885 = CARTESIAN_POINT ( 'NONE',  ( -0.2149999999999998000, 0.01089446784345701100, 1.640912892183907800 ) ) ;
#6886 = LINE ( 'NONE', #6885, #6884 ) ;
#6887 = CARTESIAN_POINT ( 'NONE',  ( -1.064999999999999900, -0.4549999999999995700, -2.000000000000000000 ) ) ;
#6888 = CARTESIAN_POINT ( 'NONE',  ( -1.449999999999999700, 0.1449999999999999900, 1.350190265095413200 ) ) ;
#6889 = CARTESIAN_POINT ( 'NONE',  ( -1.432121010322234800, 0.3493577871373829100, 1.332311275417647600 ) ) ;
#6890 = CARTESIAN_POINT ( 'NONE',  ( -1.432121010322235000, 0.3493577871373829100, -1.332311275417647800 ) ) ;
#6891 = DIRECTION ( 'NONE',  ( -1.000000000000000000, 0.0000000000000000000, 0.0000000000000000000 ) ) ;
#6892 = DIRECTION ( 'NONE',  ( -0.0000000000000000000, -0.0000000000000000000, 1.000000000000000000 ) ) ;
#6893 = CARTESIAN_POINT ( 'NONE',  ( -1.064999999999999900, -0.4549999999999995700, -1.980000000000000000 ) ) ;
#6894 = AXIS2_PLACEMENT_3D ( 'NONE', #6893, #6892, #6891 ) ;
#6895 = CIRCLE ( 'NONE', #6894, 0.02000000000000005200 ) ;
#6896 = FACE_OUTER_BOUND ( 'NONE', #996, .T. ) ;
#6897 = CARTESIAN_POINT ( 'NONE',  ( -0.8849999999999996800, -0.4349999999999993900, 1.700000000000000200 ) ) ;
#6898 = CARTESIAN_POINT ( 'NONE',  ( -0.8732842712474616600, -0.4349999999999995000, 1.700000000000000200 ) ) ;
#6899 = CARTESIAN_POINT ( 'NONE',  ( -0.8649999999999997700, -0.4432842712474613400, 1.692408864001934400 ) ) ;
#6900 = CARTESIAN_POINT ( 'NONE',  ( -0.8649999999999997700, -0.4549999999999994000, 1.681673376519651700 ) ) ;
#6901 =( BOUNDED_CURVE ( )  B_SPLINE_CURVE ( 3, ( #6900, #6899, #6898, #6897 ),
 .UNSPECIFIED., .F., .T. ) 
 B_SPLINE_CURVE_WITH_KNOTS ( ( 4, 4 ),
 ( 4.712388980384689700, 6.283185307179580900 ),
 .UNSPECIFIED. ) 
 CURVE ( )  GEOMETRIC_REPRESENTATION_ITEM ( )  RATIONAL_B_SPLINE_CURVE ( ( 1.000000000000000000, 0.8047378541243662700, 0.8047378541243662700, 1.000000000000000000 ) ) 
 REPRESENTATION_ITEM ( '' )  );
#6902 = DIRECTION ( 'NONE',  ( 0.0000000000000000000, 0.08715574274765444700, 0.9961946980917457700 ) ) ;
#6903 = DIRECTION ( 'NONE',  ( -6.749603259399640800E-018, 0.9961946980917458800, -0.08715574274765469600 ) ) ;
#6904 = CARTESIAN_POINT ( 'NONE',  ( -0.8849999999999997900, -0.4367431148549524900, 1.680076106038165300 ) ) ;
#6905 = AXIS2_PLACEMENT_3D ( 'NONE', #6904, #6903, #6902 ) ;
#6906 = CYLINDRICAL_SURFACE ( 'NONE', #6905, 0.02000000000000001400 ) ;
#6907 = DIRECTION ( 'NONE',  ( 0.0000000000000000000, 1.000000000000000000, 0.0000000000000000000 ) ) ;
#6908 = DIRECTION ( 'NONE',  ( -7.744301232039317900E-017, 3.614007241618349300E-016, -1.000000000000000000 ) ) ;
#6909 = FACE_OUTER_BOUND ( 'NONE', #973, .T. ) ;
#6910 = AXIS2_PLACEMENT_3D ( 'NONE', #6858, #6908, #6907 ) ;
#6911 = DIRECTION ( 'NONE',  ( -0.08682659386424762500, 0.9924325091389669700, -0.08682659386424761100 ) ) ;
#6912 = VECTOR ( 'NONE', #6911, 1000.000000000000100 ) ;
#6913 = CARTESIAN_POINT ( 'NONE',  ( 1.378703087118099200, 0.3905995681194391300, 1.378512822022686300 ) ) ;
#6914 = LINE ( 'NONE', #6913, #6912 ) ;
#6915 = CARTESIAN_POINT ( 'NONE',  ( 1.400190265095413700, 0.1449999999999999900, 1.400000000000000100 ) ) ;
#6916 = DIRECTION ( 'NONE',  ( 1.000000000000000000, 0.0000000000000000000, 7.477256361968995200E-017 ) ) ;
#6917 = VECTOR ( 'NONE', #6916, 1000.000000000000000 ) ;
#6918 = CARTESIAN_POINT ( 'NONE',  ( -1.449999999999999700, 0.1449999999999999900, 1.399999999999999900 ) ) ;
#6919 = LINE ( 'NONE', #6918, #6917 ) ;
#6920 = DIRECTION ( 'NONE',  ( -0.08682659386424762500, -0.9924325091389669700, 0.08682659386424761100 ) ) ;
#6921 = VECTOR ( 'NONE', #6920, 1000.000000000000100 ) ;
#6922 = CARTESIAN_POINT ( 'NONE',  ( -1.400565773584092600, 0.1407079183342516700, 1.400375508488680400 ) ) ;
#6923 = LINE ( 'NONE', #6922, #6921 ) ;
#6924 = CARTESIAN_POINT ( 'NONE',  ( 1.432121010322235700, 0.3493577871373828600, 1.332311275417648000 ) ) ;
#6925 = CARTESIAN_POINT ( 'NONE',  ( 1.432121010322235000, 0.3493577871373828600, -1.332311275417647400 ) ) ;
#6926 = DIRECTION ( 'NONE',  ( 2.323290369611795500E-016, -0.0000000000000000000, 1.000000000000000000 ) ) ;
#6927 = VECTOR ( 'NONE', #6926, 1000.000000000000000 ) ;
#6928 = CARTESIAN_POINT ( 'NONE',  ( 1.432121010322235700, 0.3493577871373828600, 1.378127834118519200 ) ) ;
#6929 = LINE ( 'NONE', #6928, #6927 ) ;
#6930 = DIRECTION ( 'NONE',  ( -2.323290369611795500E-016, -0.0000000000000000000, -1.000000000000000000 ) ) ;
#6931 = VECTOR ( 'NONE', #6930, 1000.000000000000000 ) ;
#6932 = CARTESIAN_POINT ( 'NONE',  ( 1.450000000000000000, 0.1449999999999999900, -1.399999999999999700 ) ) ;
#6933 = LINE ( 'NONE', #6932, #6931 ) ;
#6934 = DIRECTION ( 'NONE',  ( -2.323290369611795500E-016, -0.0000000000000000000, -1.000000000000000000 ) ) ;
#6935 = VECTOR ( 'NONE', #6934, 1000.000000000000000 ) ;
#6936 = CARTESIAN_POINT ( 'NONE',  ( 1.450000000000000000, 0.1449999999999999900, -1.399999999999999700 ) ) ;
#6937 = LINE ( 'NONE', #6936, #6935 ) ;
#6938 = DIRECTION ( 'NONE',  ( -0.08715574274765820800, 0.9961946980917455500, 0.0000000000000000000 ) ) ;
#6939 = DIRECTION ( 'NONE',  ( 0.9961946980917455500, 0.08715574274765820800, -2.314449548334882900E-016 ) ) ;
#6940 = AXIS2_PLACEMENT_3D ( 'NONE', #6941, #6939, #6938 ) ;
#6941 = CARTESIAN_POINT ( 'NONE',  ( 1.450000000000000600, 0.1449999999999999900, 1.400000000000000100 ) ) ;
#6942 = PLANE ( 'NONE',  #6940 ) ;
#6943 = AXIS2_PLACEMENT_3D ( 'NONE', #7004, #7003, #7002 ) ;
#6944 = PLANE ( 'NONE',  #6943 ) ;
#6945 = FACE_OUTER_BOUND ( 'NONE', #947, .T. ) ;
#6946 = CARTESIAN_POINT ( 'NONE',  ( -1.400190265095412300, 0.1449999999999999900, 1.399999999999999900 ) ) ;
#6947 = DIRECTION ( 'NONE',  ( 1.000000000000000000, 0.0000000000000000000, 7.477256361968995200E-017 ) ) ;
#6948 = VECTOR ( 'NONE', #6947, 1000.000000000000000 ) ;
#6949 = CARTESIAN_POINT ( 'NONE',  ( -1.449999999999999700, 0.1449999999999999900, 1.399999999999999900 ) ) ;
#6950 = LINE ( 'NONE', #6949, #6948 ) ;
#6951 = CARTESIAN_POINT ( 'NONE',  ( -1.382311275417647400, 0.3493577871373829100, 1.382121010322235000 ) ) ;
#6952 = DIRECTION ( 'NONE',  ( -1.000000000000000000, -2.909229936512856900E-036, -7.477256361968995200E-017 ) ) ;
#6953 = VECTOR ( 'NONE', #6952, 1000.000000000000000 ) ;
#6954 = CARTESIAN_POINT ( 'NONE',  ( -1.428127834118518600, 0.3493577871373829100, 1.382121010322235000 ) ) ;
#6955 = LINE ( 'NONE', #6954, #6953 ) ;
#6956 = CARTESIAN_POINT ( 'NONE',  ( 1.382311275417648800, 0.3950000000000000200, 1.332311275417648000 ) ) ;
#6957 = DIRECTION ( 'NONE',  ( 1.000000000000000000, -0.0000000000000000000, 7.477256361968995200E-017 ) ) ;
#6958 = VECTOR ( 'NONE', #6957, 1000.000000000000000 ) ;
#6959 = CARTESIAN_POINT ( 'NONE',  ( 1.428127834118519300, 0.3950000000000000200, 1.332311275417648000 ) ) ;
#6960 = LINE ( 'NONE', #6959, #6958 ) ;
#6961 = CARTESIAN_POINT ( 'NONE',  ( -1.382311275417647400, 0.3950000000000000200, 1.332311275417647800 ) ) ;
#6962 = CARTESIAN_POINT ( 'NONE',  ( -1.382311275417647600, 0.3950000000000000200, -1.332311275417647800 ) ) ;
#6963 = DIRECTION ( 'NONE',  ( 7.744301232039317900E-017, -0.0000000000000000000, 1.000000000000000000 ) ) ;
#6964 = VECTOR ( 'NONE', #6963, 1000.000000000000000 ) ;
#6965 = CARTESIAN_POINT ( 'NONE',  ( -1.382311275417647400, 0.3950000000000000200, 1.378127834118519000 ) ) ;
#6966 = LINE ( 'NONE', #6965, #6964 ) ;
#6967 = CARTESIAN_POINT ( 'NONE',  ( 1.450000000000000600, 0.1449999999999999900, 1.350190265095413400 ) ) ;
#6968 = DIRECTION ( 'NONE',  ( 0.08682659386424762500, -0.9924325091389669700, 0.08682659386424761100 ) ) ;
#6969 = VECTOR ( 'NONE', #6968, 1000.000000000000100 ) ;
#6970 = CARTESIAN_POINT ( 'NONE',  ( 1.450375508488680900, 0.1407079183342516700, 1.350565773584093200 ) ) ;
#6971 = LINE ( 'NONE', #6970, #6969 ) ;
#6972 = CARTESIAN_POINT ( 'NONE',  ( -1.450000000000000000, 0.1449999999999999900, -1.399999999999999900 ) ) ;
#6973 = LINE ( 'NONE', #6972, #7035 ) ;
#6974 = DIRECTION ( 'NONE',  ( -0.0000000000000000000, 1.000000000000000000, -0.0000000000000000000 ) ) ;
#6975 = VECTOR ( 'NONE', #6974, 1000.000000000000000 ) ;
#6976 = CARTESIAN_POINT ( 'NONE',  ( -1.449999999999999700, 0.1449999999999999900, 1.349999999999999900 ) ) ;
#6977 = LINE ( 'NONE', #6976, #6975 ) ;
#6978 = CARTESIAN_POINT ( 'NONE',  ( 1.450000000000000600, 0.0000000000000000000, 1.350000000000000100 ) ) ;
#6979 = DIRECTION ( 'NONE',  ( 0.0000000000000000000, -0.9961946980917455500, 0.08715574274765820800 ) ) ;
#6980 = DIRECTION ( 'NONE',  ( -7.448803144066287400E-017, 0.08715574274765820800, 0.9961946980917455500 ) ) ;
#6981 = AXIS2_PLACEMENT_3D ( 'NONE', #6982, #6980, #6979 ) ;
#6982 = CARTESIAN_POINT ( 'NONE',  ( -1.449999999999999700, 0.1449999999999999900, 1.399999999999999900 ) ) ;
#6983 = PLANE ( 'NONE',  #6981 ) ;
#6984 = FACE_OUTER_BOUND ( 'NONE', #949, .T. ) ;
#6985 = DIRECTION ( 'NONE',  ( 0.08682659386424761100, 0.9924325091389669700, -0.08682659386424762500 ) ) ;
#6986 = VECTOR ( 'NONE', #6985, 1000.000000000000100 ) ;
#6987 = CARTESIAN_POINT ( 'NONE',  ( -1.429266707762892700, 0.3819826146785706400, 1.329456972858305400 ) ) ;
#6988 = LINE ( 'NONE', #6987, #6986 ) ;
#6989 = CARTESIAN_POINT ( 'NONE',  ( -1.450000000000000000, 0.1449999999999999900, -1.350190265095413000 ) ) ;
#6990 = DIRECTION ( 'NONE',  ( 7.744301232039317900E-017, 0.0000000000000000000, 1.000000000000000000 ) ) ;
#6991 = VECTOR ( 'NONE', #6990, 1000.000000000000000 ) ;
#6992 = CARTESIAN_POINT ( 'NONE',  ( -1.450000000000000000, 0.1449999999999999900, -1.399999999999999900 ) ) ;
#6993 = LINE ( 'NONE', #6992, #6991 ) ;
#6994 = DIRECTION ( 'NONE',  ( -0.08682659386424761100, -0.9924325091389669700, -0.08682659386424761100 ) ) ;
#6995 = VECTOR ( 'NONE', #6994, 1000.000000000000100 ) ;
#6996 = CARTESIAN_POINT ( 'NONE',  ( -1.450375508488680200, 0.1407079183342516700, -1.350565773584093000 ) ) ;
#6997 = LINE ( 'NONE', #6996, #6995 ) ;
#6998 = DIRECTION ( 'NONE',  ( -7.744301232039317900E-017, 4.489443436668730200E-034, -1.000000000000000000 ) ) ;
#6999 = VECTOR ( 'NONE', #6998, 1000.000000000000000 ) ;
#7000 = CARTESIAN_POINT ( 'NONE',  ( -1.432121010322235000, 0.3493577871373829100, -1.378127834118518800 ) ) ;
#7001 = LINE ( 'NONE', #7000, #6999 ) ;
#7002 = DIRECTION ( 'NONE',  ( -0.08715574274765820800, -0.9961946980917455500, 0.0000000000000000000 ) ) ;
#7003 = DIRECTION ( 'NONE',  ( -0.9961946980917455500, 0.08715574274765820800, 7.714831827782941400E-017 ) ) ;
#7004 = CARTESIAN_POINT ( 'NONE',  ( -1.450000000000000000, 0.1449999999999999900, -1.399999999999999900 ) ) ;
#7005 = LINE ( 'NONE', #7069, #7068 ) ;
#7006 = CARTESIAN_POINT ( 'NONE',  ( 1.382311275417648100, 0.3950000000000000200, -1.332311275417647600 ) ) ;
#7007 = CARTESIAN_POINT ( 'NONE',  ( 1.360001666218537700, -0.4593577871373829000, 1.359811401123124600 ) ) ;
#7008 = CARTESIAN_POINT ( 'NONE',  ( -1.400190265095412800, 0.1449999999999999900, -1.399999999999999900 ) ) ;
#7009 = DIRECTION ( 'NONE',  ( -1.000000000000000000, -0.0000000000000000000, -7.477256361968996500E-017 ) ) ;
#7010 = VECTOR ( 'NONE', #7009, 1000.000000000000000 ) ;
#7011 = CARTESIAN_POINT ( 'NONE',  ( -1.450000000000000000, 0.1449999999999999900, -1.399999999999999900 ) ) ;
#7012 = LINE ( 'NONE', #7011, #7010 ) ;
#7013 = DIRECTION ( 'NONE',  ( -1.000000000000000000, -0.0000000000000000000, -7.477256361968996500E-017 ) ) ;
#7014 = VECTOR ( 'NONE', #7013, 1000.000000000000000 ) ;
#7015 = CARTESIAN_POINT ( 'NONE',  ( -1.450000000000000000, 0.1449999999999999900, -1.399999999999999900 ) ) ;
#7016 = LINE ( 'NONE', #7015, #7014 ) ;
#7017 = CARTESIAN_POINT ( 'NONE',  ( 1.400000000000000400, 0.0000000000000000000, 1.400000000000000100 ) ) ;
#7018 = CARTESIAN_POINT ( 'NONE',  ( -1.399999999999999700, 0.0000000000000000000, 1.399999999999999900 ) ) ;
#7019 = DIRECTION ( 'NONE',  ( 1.000000000000000000, 0.0000000000000000000, 7.477256361968995200E-017 ) ) ;
#7020 = VECTOR ( 'NONE', #7019, 1000.000000000000000 ) ;
#7021 = CARTESIAN_POINT ( 'NONE',  ( -1.449999999999999700, 0.0000000000000000000, 1.399999999999999900 ) ) ;
#7022 = DIRECTION ( 'NONE',  ( -1.000000000000000000, 0.0000000000000000000, -7.477256361968995200E-017 ) ) ;
#7023 = DIRECTION ( 'NONE',  ( 7.477256361968995200E-017, 0.0000000000000000000, -1.000000000000000000 ) ) ;
#7024 = AXIS2_PLACEMENT_3D ( 'NONE', #7026, #7023, #7022 ) ;
#7025 = LINE ( 'NONE', #7021, #7020 ) ;
#7026 = CARTESIAN_POINT ( 'NONE',  ( -1.449999999999999700, 0.1449999999999999900, 1.399999999999999900 ) ) ;
#7027 = PLANE ( 'NONE',  #7024 ) ;
#7028 = FACE_OUTER_BOUND ( 'NONE', #1035, .T. ) ;
#7029 = DIRECTION ( 'NONE',  ( 0.0000000000000000000, -1.000000000000000000, 0.0000000000000000000 ) ) ;
#7030 = VECTOR ( 'NONE', #7029, 1000.000000000000000 ) ;
#7031 = CARTESIAN_POINT ( 'NONE',  ( -1.450000000000000000, 0.1449999999999999900, -1.350000000000000100 ) ) ;
#7032 = LINE ( 'NONE', #7031, #7030 ) ;
#7033 = CARTESIAN_POINT ( 'NONE',  ( -1.450000000000000000, 0.1449999999999999900, -1.350000000000000100 ) ) ;
#7034 = DIRECTION ( 'NONE',  ( 7.744301232039317900E-017, 0.0000000000000000000, 1.000000000000000000 ) ) ;
#7035 = VECTOR ( 'NONE', #7034, 1000.000000000000000 ) ;
#7036 = PLANE ( 'NONE',  #7101 ) ;
#7037 = FACE_OUTER_BOUND ( 'NONE', #1064, .T. ) ;
#7038 = DIRECTION ( 'NONE',  ( -0.08682659386424759800, 0.9924325091389669700, 0.08682659386424762500 ) ) ;
#7039 = VECTOR ( 'NONE', #7038, 1000.000000000000100 ) ;
#7040 = CARTESIAN_POINT ( 'NONE',  ( 1.429266707762892900, 0.3819826146785705300, -1.329456972858305200 ) ) ;
#7041 = LINE ( 'NONE', #7040, #7039 ) ;
#7042 = CARTESIAN_POINT ( 'NONE',  ( 1.450000000000000000, 0.1449999999999999900, -1.350189904458369600 ) ) ;
#7043 = CARTESIAN_POINT ( 'NONE',  ( -1.360001666218536800, -0.4593577871373829000, 1.359811401123124600 ) ) ;
#7044 = DIRECTION ( 'NONE',  ( 1.000000000000000000, -2.909229936512856900E-036, 7.477256361968995200E-017 ) ) ;
#7045 = VECTOR ( 'NONE', #7044, 1000.000000000000000 ) ;
#7046 = CARTESIAN_POINT ( 'NONE',  ( 1.405818224919408900, -0.4593577871373829000, 1.359811401123124600 ) ) ;
#7047 = DIRECTION ( 'NONE',  ( 0.0000000000000000000, -0.9961946980917455500, -0.08715574274765820800 ) ) ;
#7048 = DIRECTION ( 'NONE',  ( -7.448803144066287400E-017, -0.08715574274765820800, 0.9961946980917455500 ) ) ;
#7049 = CARTESIAN_POINT ( 'NONE',  ( 1.450000000000000600, 0.0000000000000000000, 1.400000000000000100 ) ) ;
#7050 = AXIS2_PLACEMENT_3D ( 'NONE', #7049, #7048, #7047 ) ;
#7051 = PLANE ( 'NONE',  #7050 ) ;
#7052 = LINE ( 'NONE', #7046, #7045 ) ;
#7053 = FACE_OUTER_BOUND ( 'NONE', #1046, .T. ) ;
#7054 = DIRECTION ( 'NONE',  ( -1.000000000000000000, -0.0000000000000000000, -7.477256361968996500E-017 ) ) ;
#7055 = VECTOR ( 'NONE', #7054, 1000.000000000000000 ) ;
#7056 = CARTESIAN_POINT ( 'NONE',  ( -1.428127834118518800, 0.3950000000000000200, -1.332311275417647800 ) ) ;
#7057 = LINE ( 'NONE', #7056, #7055 ) ;
#7058 = DIRECTION ( 'NONE',  ( 1.000000000000000000, 0.0000000000000000000, 7.477256361968995200E-017 ) ) ;
#7059 = VECTOR ( 'NONE', #7058, 1000.000000000000000 ) ;
#7060 = CARTESIAN_POINT ( 'NONE',  ( -1.449999999999999700, 0.0000000000000000000, 1.399999999999999900 ) ) ;
#7061 = LINE ( 'NONE', #7060, #7059 ) ;
#7062 = CARTESIAN_POINT ( 'NONE',  ( 1.400189904458370100, 0.0000000000000000000, 1.400000000000000100 ) ) ;
#7063 = DIRECTION ( 'NONE',  ( 0.08682659386424762500, 0.9924325091389669700, 0.08682659386424761100 ) ) ;
#7064 = VECTOR ( 'NONE', #7063, 1000.000000000000100 ) ;
#7065 = CARTESIAN_POINT ( 'NONE',  ( 1.400565773584093500, 0.004292081665748338900, 1.400375508488680600 ) ) ;
#7066 = LINE ( 'NONE', #7065, #7064 ) ;
#7067 = DIRECTION ( 'NONE',  ( -2.323290369611795500E-016, -0.0000000000000000000, -1.000000000000000000 ) ) ;
#7068 = VECTOR ( 'NONE', #7067, 1000.000000000000000 ) ;
#7069 = CARTESIAN_POINT ( 'NONE',  ( 1.382311275417648100, 0.3950000000000000200, -1.378127834118518600 ) ) ;
#7070 = LINE ( 'NONE', #7320, #2883 ) ;
#7071 = VECTOR ( 'NONE', #7679, 1000.000000000000000 ) ;
#7072 = DIRECTION ( 'NONE',  ( 1.000000000000000000, -0.0000000000000000000, 7.477256361968996500E-017 ) ) ;
#7073 = VECTOR ( 'NONE', #7072, 1000.000000000000000 ) ;
#7074 = CARTESIAN_POINT ( 'NONE',  ( 1.428127834118519100, 0.3493577871373829100, -1.382121010322234800 ) ) ;
#7075 = DIRECTION ( 'NONE',  ( -1.000000000000000000, 0.0000000000000000000, -4.336808689942025600E-015 ) ) ;
#7076 = DIRECTION ( 'NONE',  ( 0.0000000000000000000, 0.9961946980917455500, 0.08715574274765820800 ) ) ;
#7077 = DIRECTION ( 'NONE',  ( 7.448803144066288600E-017, 0.08715574274765820800, -0.9961946980917455500 ) ) ;
#7078 = AXIS2_PLACEMENT_3D ( 'NONE', #7080, #7077, #7076 ) ;
#7079 = LINE ( 'NONE', #7074, #7073 ) ;
#7080 = CARTESIAN_POINT ( 'NONE',  ( 1.450000000000000000, 0.1449999999999999900, -1.399999999999999700 ) ) ;
#7081 = PLANE ( 'NONE',  #7078 ) ;
#7082 = FACE_OUTER_BOUND ( 'NONE', #1076, .T. ) ;
#7083 = DIRECTION ( 'NONE',  ( -0.0000000000000000000, 1.000000000000000000, -0.0000000000000000000 ) ) ;
#7084 = VECTOR ( 'NONE', #7083, 1000.000000000000000 ) ;
#7085 = CARTESIAN_POINT ( 'NONE',  ( -1.399999999999999900, 0.1449999999999999900, -1.399999999999999900 ) ) ;
#7086 = LINE ( 'NONE', #7085, #7084 ) ;
#7087 = CARTESIAN_POINT ( 'NONE',  ( -1.399999999999999900, 0.0000000000000000000, -1.399999999999999900 ) ) ;
#7088 = DIRECTION ( 'NONE',  ( -1.000000000000000000, -0.0000000000000000000, -7.477256361968996500E-017 ) ) ;
#7089 = VECTOR ( 'NONE', #7088, 1000.000000000000000 ) ;
#7090 = CARTESIAN_POINT ( 'NONE',  ( -1.450000000000000000, 0.0000000000000000000, -1.399999999999999900 ) ) ;
#7091 = LINE ( 'NONE', #7090, #7089 ) ;
#7092 = CARTESIAN_POINT ( 'NONE',  ( 1.400000000000000100, 0.0000000000000000000, -1.399999999999999700 ) ) ;
#7093 = DIRECTION ( 'NONE',  ( 0.0000000000000000000, -1.000000000000000000, 0.0000000000000000000 ) ) ;
#7094 = VECTOR ( 'NONE', #7093, 1000.000000000000000 ) ;
#7095 = CARTESIAN_POINT ( 'NONE',  ( 1.400000000000000100, 0.1449999999999999900, -1.399999999999999700 ) ) ;
#7096 = LINE ( 'NONE', #7095, #7094 ) ;
#7097 = CARTESIAN_POINT ( 'NONE',  ( 1.382311275417648100, 0.3493577871373829100, 1.382121010322235200 ) ) ;
#7098 = DIRECTION ( 'NONE',  ( 0.0000000000000000000, 0.0000000000000000000, 1.000000000000000000 ) ) ;
#7099 = DIRECTION ( 'NONE',  ( 0.0000000000000000000, 1.000000000000000000, -0.0000000000000000000 ) ) ;
#7100 = CARTESIAN_POINT ( 'NONE',  ( -1.450000000000000000, 0.3950000000000000200, -1.399999999999999900 ) ) ;
#7101 = AXIS2_PLACEMENT_3D ( 'NONE', #7100, #7099, #7098 ) ;
#7102 = DIRECTION ( 'NONE',  ( 1.000000000000000000, 0.0000000000000000000, -7.744301232039317900E-017 ) ) ;
#7103 = CARTESIAN_POINT ( 'NONE',  ( -1.450000000000000000, 0.1449999999999999900, -1.399999999999999900 ) ) ;
#7104 = AXIS2_PLACEMENT_3D ( 'NONE', #7103, #7102, #7161 ) ;
#7105 = LINE ( 'NONE', #7160, #7159 ) ;
#7106 = PLANE ( 'NONE',  #7104 ) ;
#7107 = FACE_OUTER_BOUND ( 'NONE', #1087, .T. ) ;
#7108 =( GEOMETRIC_REPRESENTATION_CONTEXT ( 3 ) GLOBAL_UNCERTAINTY_ASSIGNED_CONTEXT ( ( #7109 ) ) GLOBAL_UNIT_ASSIGNED_CONTEXT ( ( #7112, #7111, #7110 ) ) REPRESENTATION_CONTEXT ( 'NONE', 'WORKASPACE' ) );
#7109 = UNCERTAINTY_MEASURE_WITH_UNIT (LENGTH_MEASURE( 1.000000000000000100E-005 ), #7112, 'distance_accuracy_value', 'NONE');
#7110 =( NAMED_UNIT ( * ) SI_UNIT ( $, .STERADIAN. ) SOLID_ANGLE_UNIT ( ) );
#7111 =( NAMED_UNIT ( * ) PLANE_ANGLE_UNIT ( ) SI_UNIT ( $, .RADIAN. ) );
#7112 =( LENGTH_UNIT ( ) NAMED_UNIT ( * ) SI_UNIT ( .MILLI., .METRE. ) );
#7113 = MECHANICAL_DESIGN_GEOMETRIC_PRESENTATION_REPRESENTATION (  '', ( #7115 ), #7108 ) ;
#7114 = PRESENTATION_LAYER_ASSIGNMENT (  '', '', ( #7115 ) ) ;
#7115 = STYLED_ITEM ( 'NONE', ( #7116 ), #1085 ) ;
#7116 = PRESENTATION_STYLE_ASSIGNMENT (( #7117 ) ) ;
#7117 = SURFACE_STYLE_USAGE ( .BOTH. , #7118 ) ;
#7118 = SURFACE_SIDE_STYLE ('',( #7119 ) ) ;
#7119 = SURFACE_STYLE_FILL_AREA ( #7120 ) ;
#7120 = FILL_AREA_STYLE ('',( #7121 ) ) ;
#7121 = FILL_AREA_STYLE_COLOUR ( '', #7122 ) ;
#7122 = COLOUR_RGB ( '',0.7529411764705882200, 0.7529411764705882200, 0.7529411764705882200 ) ;
#7123 = CARTESIAN_POINT ( 'NONE',  ( 1.400189904458369900, 0.1449999999999999900, -1.399999999999999700 ) ) ;
#7124 = DIRECTION ( 'NONE',  ( 0.08682659386424761100, -0.9924325091389669700, -0.08682659386424761100 ) ) ;
#7125 = VECTOR ( 'NONE', #7124, 1000.000000000000100 ) ;
#7126 = CARTESIAN_POINT ( 'NONE',  ( 1.400565773584092800, 0.1407079183342516700, -1.400375508488680200 ) ) ;
#7127 = LINE ( 'NONE', #7126, #7125 ) ;
#7128 = CARTESIAN_POINT ( 'NONE',  ( 1.382311275417647600, 0.3493577871373829100, -1.382121010322234800 ) ) ;
#7129 = CARTESIAN_POINT ( 'NONE',  ( -1.382311275417647400, 0.3493577871373829100, -1.382121010322235000 ) ) ;
#7130 = CARTESIAN_POINT ( 'NONE',  ( 1.450000000000000600, 0.1449999999999999900, 1.350000000000000100 ) ) ;
#7131 = DIRECTION ( 'NONE',  ( -2.323290369611795500E-016, -0.0000000000000000000, -1.000000000000000000 ) ) ;
#7132 = VECTOR ( 'NONE', #7131, 1000.000000000000000 ) ;
#7133 = CARTESIAN_POINT ( 'NONE',  ( 1.450000000000000000, 0.1449999999999999900, -1.399999999999999700 ) ) ;
#7134 = DIRECTION ( 'NONE',  ( 2.323290369611795500E-016, 0.0000000000000000000, 1.000000000000000000 ) ) ;
#7135 = DIRECTION ( 'NONE',  ( -1.000000000000000000, 0.0000000000000000000, 2.323290369611795500E-016 ) ) ;
#7136 = AXIS2_PLACEMENT_3D ( 'NONE', #7138, #7135, #7134 ) ;
#7137 = LINE ( 'NONE', #7133, #7132 ) ;
#7138 = CARTESIAN_POINT ( 'NONE',  ( 1.450000000000000000, 0.1449999999999999900, -1.399999999999999700 ) ) ;
#7139 = PLANE ( 'NONE',  #7136 ) ;
#7140 = FACE_OUTER_BOUND ( 'NONE', #1103, .T. ) ;
#7141 = DIRECTION ( 'NONE',  ( 0.0000000000000000000, -1.000000000000000000, 0.0000000000000000000 ) ) ;
#7142 = VECTOR ( 'NONE', #7141, 1000.000000000000000 ) ;
#7143 = CARTESIAN_POINT ( 'NONE',  ( -1.399999999999999700, 0.1449999999999999900, 1.399999999999999900 ) ) ;
#7144 = LINE ( 'NONE', #7143, #7142 ) ;
#7145 = CARTESIAN_POINT ( 'NONE',  ( -1.399999999999999500, 0.1449999999999999900, 1.399999999999999900 ) ) ;
#7146 = DIRECTION ( 'NONE',  ( 1.000000000000000000, 0.0000000000000000000, 7.477256361968995200E-017 ) ) ;
#7147 = VECTOR ( 'NONE', #7146, 1000.000000000000000 ) ;
#7148 = CARTESIAN_POINT ( 'NONE',  ( -1.449999999999999700, 0.1449999999999999900, 1.399999999999999900 ) ) ;
#7149 = LINE ( 'NONE', #7148, #7147 ) ;
#7150 = CARTESIAN_POINT ( 'NONE',  ( 1.400000000000000400, 0.1449999999999999900, 1.400000000000000100 ) ) ;
#7151 = DIRECTION ( 'NONE',  ( -0.0000000000000000000, 1.000000000000000000, -0.0000000000000000000 ) ) ;
#7152 = VECTOR ( 'NONE', #7151, 1000.000000000000000 ) ;
#7153 = CARTESIAN_POINT ( 'NONE',  ( 1.400000000000000400, 0.1449999999999999900, 1.400000000000000100 ) ) ;
#7154 = LINE ( 'NONE', #7153, #7152 ) ;
#7155 = CARTESIAN_POINT ( 'NONE',  ( -1.449999999999999700, 0.1449999999999999900, 1.349999999999999900 ) ) ;
#7156 = CARTESIAN_POINT ( 'NONE',  ( -1.449999999999999700, 0.0000000000000000000, 1.349999999999999900 ) ) ;
#7157 = CARTESIAN_POINT ( 'NONE',  ( -1.450000000000000000, 0.0000000000000000000, -1.349999999999999900 ) ) ;
#7158 = DIRECTION ( 'NONE',  ( 7.744301232039317900E-017, 0.0000000000000000000, 1.000000000000000000 ) ) ;
#7159 = VECTOR ( 'NONE', #7158, 1000.000000000000000 ) ;
#7160 = CARTESIAN_POINT ( 'NONE',  ( -1.450000000000000000, 0.0000000000000000000, -1.399999999999999900 ) ) ;
#7161 = DIRECTION ( 'NONE',  ( -7.744301232039317900E-017, 0.0000000000000000000, -1.000000000000000000 ) ) ;
#7162 = DIRECTION ( 'NONE',  ( -1.000000000000000000, -0.0000000000000000000, -7.477256361968995200E-017 ) ) ;
#7163 = VECTOR ( 'NONE', #7162, 1000.000000000000000 ) ;
#7164 = CARTESIAN_POINT ( 'NONE',  ( -1.405818224919408000, -0.5050000000000000000, 1.310001666218537200 ) ) ;
#7165 = LINE ( 'NONE', #7164, #7163 ) ;
#7166 = DIRECTION ( 'NONE',  ( 0.0000000000000000000, -1.084202172485506400E-015, 1.000000000000000000 ) ) ;
#7167 = DIRECTION ( 'NONE',  ( 1.000000000000000000, -0.0000000000000000000, -0.0000000000000000000 ) ) ;
#7168 = CARTESIAN_POINT ( 'NONE',  ( -1.382311275417647400, 0.3449999999999999700, 1.332311275417647800 ) ) ;
#7169 = AXIS2_PLACEMENT_3D ( 'NONE', #7168, #7167, #7166 ) ;
#7170 = DIRECTION ( 'NONE',  ( 1.000000000000000000, 0.0000000000000000000, 0.0000000000000000000 ) ) ;
#7171 = DIRECTION ( 'NONE',  ( 0.0000000000000000000, 1.000000000000000000, 0.0000000000000000000 ) ) ;
#7172 = CARTESIAN_POINT ( 'NONE',  ( -1.382311275417647200, 0.3449999999999999700, 1.332311275417647600 ) ) ;
#7173 = AXIS2_PLACEMENT_3D ( 'NONE', #7172, #7171, #7170 ) ;
#7174 = CIRCLE ( 'NONE', #7169, 0.04999999999999991300 ) ;
#7175 = SPHERICAL_SURFACE ( 'NONE', #7173, 0.05000000000000000300 ) ;
#7176 = FACE_OUTER_BOUND ( 'NONE', #1118, .T. ) ;
#7177 = DIRECTION ( 'NONE',  ( -4.336808689942025600E-015, 0.0000000000000000000, 1.000000000000000000 ) ) ;
#7178 = DIRECTION ( 'NONE',  ( 1.000000000000000000, -0.0000000000000000000, 4.353374594594169700E-015 ) ) ;
#7179 = CARTESIAN_POINT ( 'NONE',  ( -1.382311275417647600, 0.3449999999999999700, -1.332311275417647800 ) ) ;
#7180 = AXIS2_PLACEMENT_3D ( 'NONE', #7179, #7178, #7177 ) ;
#7181 = CIRCLE ( 'NONE', #7180, 0.04999999999999991300 ) ;
#7182 = DIRECTION ( 'NONE',  ( 0.0000000000000000000, -0.08715574274765820800, 0.9961946980917454300 ) ) ;
#7183 = DIRECTION ( 'NONE',  ( -0.08682659386424726500, -0.9924325091389670800, -0.08682659386424762500 ) ) ;
#7184 = CARTESIAN_POINT ( 'NONE',  ( -1.382311275417647400, 0.3449999999999999700, -1.332311275417647800 ) ) ;
#7185 = AXIS2_PLACEMENT_3D ( 'NONE', #7184, #7183, #7182 ) ;
#7186 = CIRCLE ( 'NONE', #7185, 0.05000000000000005100 ) ;
#7187 = DIRECTION ( 'NONE',  ( 7.744301232039317900E-017, 0.0000000000000000000, 1.000000000000000000 ) ) ;
#7188 = VECTOR ( 'NONE', #7187, 1000.000000000000000 ) ;
#7189 = CARTESIAN_POINT ( 'NONE',  ( -1.450000000000000000, 0.0000000000000000000, -1.399999999999999900 ) ) ;
#7190 = LINE ( 'NONE', #7189, #7188 ) ;
#7191 = CARTESIAN_POINT ( 'NONE',  ( -1.409811401123124200, -0.4593577871373829000, 1.310001666218537000 ) ) ;
#7192 = CARTESIAN_POINT ( 'NONE',  ( 1.450000000000000000, 0.1449999999999999900, -1.349999999999999900 ) ) ;
#7193 = DIRECTION ( 'NONE',  ( 0.0000000000000000000, -1.000000000000000000, 0.0000000000000000000 ) ) ;
#7194 = VECTOR ( 'NONE', #7193, 1000.000000000000000 ) ;
#7195 = CARTESIAN_POINT ( 'NONE',  ( 1.450000000000000600, 0.1449999999999999900, 1.350000000000000100 ) ) ;
#7196 = LINE ( 'NONE', #7195, #7194 ) ;
#7197 = DIRECTION ( 'NONE',  ( 1.000000000000000000, 0.0000000000000000000, 0.0000000000000000000 ) ) ;
#7198 = DIRECTION ( 'NONE',  ( 0.0000000000000000000, 1.000000000000000000, 0.0000000000000000000 ) ) ;
#7199 = CARTESIAN_POINT ( 'NONE',  ( -1.382311275417647600, 0.3449999999999999200, -1.332311275417647600 ) ) ;
#7200 = AXIS2_PLACEMENT_3D ( 'NONE', #7199, #7198, #7197 ) ;
#7201 = SPHERICAL_SURFACE ( 'NONE', #7200, 0.05000000000000000300 ) ;
#7202 = FACE_OUTER_BOUND ( 'NONE', #1133, .T. ) ;
#7203 = DIRECTION ( 'NONE',  ( 1.000000000000000000, 0.0000000000000000000, 4.336808689942025600E-015 ) ) ;
#7204 = DIRECTION ( 'NONE',  ( -4.353374594594169700E-015, 0.0000000000000000000, 1.000000000000000000 ) ) ;
#7205 = CARTESIAN_POINT ( 'NONE',  ( -1.382311275417647400, 0.3449999999999999700, 1.332311275417647800 ) ) ;
#7206 = AXIS2_PLACEMENT_3D ( 'NONE', #7205, #7204, #7203 ) ;
#7207 = CIRCLE ( 'NONE', #7206, 0.04999999999999991300 ) ;
#7208 = DIRECTION ( 'NONE',  ( -1.000000000000000000, 0.0000000000000000000, 0.0000000000000000000 ) ) ;
#7209 = DIRECTION ( 'NONE',  ( 0.0000000000000000000, 0.0000000000000000000, -1.000000000000000000 ) ) ;
#7210 = CARTESIAN_POINT ( 'NONE',  ( -1.382311275417647600, 0.3449999999999999700, -1.332311275417647800 ) ) ;
#7211 = AXIS2_PLACEMENT_3D ( 'NONE', #7210, #7209, #7208 ) ;
#7212 = DIRECTION ( 'NONE',  ( 1.000000000000000000, 0.0000000000000000000, 0.0000000000000000000 ) ) ;
#7213 = DIRECTION ( 'NONE',  ( 7.744301232039317900E-017, 0.0000000000000000000, 1.000000000000000000 ) ) ;
#7214 = CARTESIAN_POINT ( 'NONE',  ( -1.382311275417647600, 0.3449999999999999700, -1.399999999999999900 ) ) ;
#7215 = AXIS2_PLACEMENT_3D ( 'NONE', #7214, #7213, #7212 ) ;
#7216 = CYLINDRICAL_SURFACE ( 'NONE', #7215, 0.04999999999999991300 ) ;
#7217 = CIRCLE ( 'NONE', #7211, 0.04999999999999991300 ) ;
#7218 = FACE_OUTER_BOUND ( 'NONE', #1125, .T. ) ;
#7219 = DIRECTION ( 'NONE',  ( -7.744301232039317900E-017, -0.0000000000000000000, -1.000000000000000000 ) ) ;
#7220 = VECTOR ( 'NONE', #7219, 1000.000000000000000 ) ;
#7221 = CARTESIAN_POINT ( 'NONE',  ( -1.360001666218537200, -0.5050000000000000000, -1.355818224919408400 ) ) ;
#7222 = LINE ( 'NONE', #7221, #7220 ) ;
#7223 = DIRECTION ( 'NONE',  ( -0.08682659386424761100, -0.9924325091389669700, 0.08682659386424761100 ) ) ;
#7224 = VECTOR ( 'NONE', #7223, 1000.000000000000100 ) ;
#7225 = CARTESIAN_POINT ( 'NONE',  ( 1.378703087118098500, -0.2455995681194390600, -1.378512822022685900 ) ) ;
#7226 = LINE ( 'NONE', #7225, #7224 ) ;
#7227 = CARTESIAN_POINT ( 'NONE',  ( 1.400190265095413000, 0.0000000000000000000, -1.399999999999999700 ) ) ;
#7228 = CARTESIAN_POINT ( 'NONE',  ( -1.360001666218537000, -0.5050000000000000000, 1.310001666218537200 ) ) ;
#7229 = CARTESIAN_POINT ( 'NONE',  ( 1.360001666218538100, -0.5050000000000000000, 1.310001666218537400 ) ) ;
#7230 = DIRECTION ( 'NONE',  ( 2.323290369611795500E-016, -0.0000000000000000000, 1.000000000000000000 ) ) ;
#7231 = VECTOR ( 'NONE', #7230, 1000.000000000000000 ) ;
#7232 = CARTESIAN_POINT ( 'NONE',  ( 1.360001666218538100, -0.5050000000000000000, 1.355818224919408600 ) ) ;
#7233 = LINE ( 'NONE', #7232, #7231 ) ;
#7234 = CARTESIAN_POINT ( 'NONE',  ( 1.360001666218537500, -0.5050000000000000000, -1.310001666218536800 ) ) ;
#7235 = CARTESIAN_POINT ( 'NONE',  ( -1.399999999999999900, 0.1449999999999999900, -1.399999999999999900 ) ) ;
#7236 = CARTESIAN_POINT ( 'NONE',  ( 1.400000000000000100, 0.1449999999999999900, -1.399999999999999700 ) ) ;
#7237 = DIRECTION ( 'NONE',  ( -1.000000000000000000, -0.0000000000000000000, -7.477256361968996500E-017 ) ) ;
#7238 = VECTOR ( 'NONE', #7237, 1000.000000000000000 ) ;
#7239 = CARTESIAN_POINT ( 'NONE',  ( -1.450000000000000000, 0.1449999999999999900, -1.399999999999999900 ) ) ;
#7240 = DIRECTION ( 'NONE',  ( 1.000000000000000000, 0.0000000000000000000, 7.477256361968996500E-017 ) ) ;
#7241 = DIRECTION ( 'NONE',  ( -7.477256361968996500E-017, 0.0000000000000000000, 1.000000000000000000 ) ) ;
#7242 = AXIS2_PLACEMENT_3D ( 'NONE', #7244, #7241, #7240 ) ;
#7243 = LINE ( 'NONE', #7239, #7238 ) ;
#7244 = CARTESIAN_POINT ( 'NONE',  ( -1.450000000000000000, 0.1449999999999999900, -1.399999999999999900 ) ) ;
#7245 = PLANE ( 'NONE',  #7242 ) ;
#7246 = FACE_OUTER_BOUND ( 'NONE', #1142, .T. ) ;
#7247 = DIRECTION ( 'NONE',  ( -0.0000000000000000000, 1.000000000000000000, -0.0000000000000000000 ) ) ;
#7248 = VECTOR ( 'NONE', #7247, 1000.000000000000000 ) ;
#7249 = CARTESIAN_POINT ( 'NONE',  ( 1.450000000000000000, 0.1449999999999999900, -1.349999999999999900 ) ) ;
#7250 = LINE ( 'NONE', #7249, #7248 ) ;
#7251 = CARTESIAN_POINT ( 'NONE',  ( 1.450000000000000000, 0.0000000000000000000, -1.349999999999999600 ) ) ;
#7252 = DIRECTION ( 'NONE',  ( -2.323290369611795500E-016, -0.0000000000000000000, -1.000000000000000000 ) ) ;
#7253 = VECTOR ( 'NONE', #7252, 1000.000000000000000 ) ;
#7254 = CARTESIAN_POINT ( 'NONE',  ( 1.450000000000000000, 0.0000000000000000000, -1.399999999999999700 ) ) ;
#7255 = LINE ( 'NONE', #7254, #7253 ) ;
#7256 = CARTESIAN_POINT ( 'NONE',  ( 1.409811401123124900, -0.4593577871373828400, 1.310001666218537200 ) ) ;
#7257 = DIRECTION ( 'NONE',  ( -0.08682659386424762500, -0.9924325091389669700, -0.08682659386424761100 ) ) ;
#7258 = VECTOR ( 'NONE', #7257, 1000.000000000000100 ) ;
#7259 = CARTESIAN_POINT ( 'NONE',  ( 1.429266707762893300, -0.2369826146785706000, 1.329456972858305700 ) ) ;
#7260 = LINE ( 'NONE', #7259, #7258 ) ;
#7261 = CARTESIAN_POINT ( 'NONE',  ( 1.450000000000000600, 0.0000000000000000000, 1.350189904458369600 ) ) ;
#7262 = DIRECTION ( 'NONE',  ( -2.323290369611795500E-016, -0.0000000000000000000, -1.000000000000000000 ) ) ;
#7263 = VECTOR ( 'NONE', #7262, 1000.000000000000000 ) ;
#7264 = CARTESIAN_POINT ( 'NONE',  ( 1.450000000000000000, 0.0000000000000000000, -1.399999999999999700 ) ) ;
#7265 = DIRECTION ( 'NONE',  ( 0.08715574274765820800, 0.9961946980917455500, 0.0000000000000000000 ) ) ;
#7266 = DIRECTION ( 'NONE',  ( 0.9961946980917455500, -0.08715574274765820800, -2.314449548334882900E-016 ) ) ;
#7267 = AXIS2_PLACEMENT_3D ( 'NONE', #7269, #7266, #7265 ) ;
#7268 = LINE ( 'NONE', #7264, #7263 ) ;
#7269 = CARTESIAN_POINT ( 'NONE',  ( 1.450000000000000000, 0.0000000000000000000, -1.399999999999999700 ) ) ;
#7270 = PLANE ( 'NONE',  #7267 ) ;
#7271 = FACE_OUTER_BOUND ( 'NONE', #1167, .T. ) ;
#7272 = DIRECTION ( 'NONE',  ( -1.000000000000000000, -0.0000000000000000000, -7.477256361968996500E-017 ) ) ;
#7273 = VECTOR ( 'NONE', #7272, 1000.000000000000000 ) ;
#7274 = CARTESIAN_POINT ( 'NONE',  ( -1.450000000000000000, 0.0000000000000000000, -1.399999999999999900 ) ) ;
#7275 = LINE ( 'NONE', #7274, #7273 ) ;
#7276 = CARTESIAN_POINT ( 'NONE',  ( -1.400189904458369700, 0.0000000000000000000, -1.399999999999999900 ) ) ;
#7277 = DIRECTION ( 'NONE',  ( -0.08682659386424761100, 0.9924325091389669700, -0.08682659386424761100 ) ) ;
#7278 = VECTOR ( 'NONE', #7277, 1000.000000000000100 ) ;
#7279 = CARTESIAN_POINT ( 'NONE',  ( -1.400565773584092800, 0.004292081665748338100, -1.400375508488680400 ) ) ;
#7280 = LINE ( 'NONE', #7279, #7278 ) ;
#7281 = CARTESIAN_POINT ( 'NONE',  ( -1.360001666218537000, -0.4593577871373829000, -1.359811401123124400 ) ) ;
#7282 = DIRECTION ( 'NONE',  ( -1.000000000000000000, -0.0000000000000000000, -7.477256361968996500E-017 ) ) ;
#7283 = VECTOR ( 'NONE', #7282, 1000.000000000000000 ) ;
#7284 = CARTESIAN_POINT ( 'NONE',  ( -1.405818224919408200, -0.4593577871373829000, -1.359811401123124600 ) ) ;
#7285 = LINE ( 'NONE', #7284, #7283 ) ;
#7286 = CARTESIAN_POINT ( 'NONE',  ( 1.360001666218537000, -0.4593577871373829000, -1.359811401123124400 ) ) ;
#7287 = LINE ( 'NONE', #7341, #7340 ) ;
#7288 = DIRECTION ( 'NONE',  ( 0.08682659386424762500, -0.9924325091389669700, -0.08682659386424761100 ) ) ;
#7289 = VECTOR ( 'NONE', #7288, 1000.000000000000100 ) ;
#7290 = CARTESIAN_POINT ( 'NONE',  ( -1.378703087118098300, -0.2455995681194391200, 1.378512822022686100 ) ) ;
#7291 = LINE ( 'NONE', #7290, #7289 ) ;
#7292 = DIRECTION ( 'NONE',  ( -1.000000000000000000, -0.0000000000000000000, -7.477256361968996500E-017 ) ) ;
#7293 = VECTOR ( 'NONE', #7292, 1000.000000000000000 ) ;
#7294 = CARTESIAN_POINT ( 'NONE',  ( -1.450000000000000000, 0.0000000000000000000, -1.399999999999999900 ) ) ;
#7295 = LINE ( 'NONE', #7294, #7293 ) ;
#7296 = DIRECTION ( 'NONE',  ( 0.0000000000000000000, 0.9961946980917455500, -0.08715574274765820800 ) ) ;
#7297 = DIRECTION ( 'NONE',  ( 7.448803144066288600E-017, -0.08715574274765820800, -0.9961946980917455500 ) ) ;
#7298 = AXIS2_PLACEMENT_3D ( 'NONE', #7299, #7297, #7296 ) ;
#7299 = CARTESIAN_POINT ( 'NONE',  ( -1.450000000000000000, 0.0000000000000000000, -1.399999999999999900 ) ) ;
#7300 = PLANE ( 'NONE',  #7298 ) ;
#7301 = DIRECTION ( 'NONE',  ( 0.08715574274765820800, -0.9961946980917455500, 0.0000000000000000000 ) ) ;
#7302 = DIRECTION ( 'NONE',  ( -0.9961946980917455500, -0.08715574274765820800, 7.714831827782941400E-017 ) ) ;
#7303 = CARTESIAN_POINT ( 'NONE',  ( -1.449999999999999700, 0.0000000000000000000, 1.399999999999999900 ) ) ;
#7304 = AXIS2_PLACEMENT_3D ( 'NONE', #7303, #7302, #7301 ) ;
#7305 = FACE_OUTER_BOUND ( 'NONE', #1183, .T. ) ;
#7306 = PLANE ( 'NONE',  #7304 ) ;
#7307 = FACE_OUTER_BOUND ( 'NONE', #1187, .T. ) ;
#7308 = CARTESIAN_POINT ( 'NONE',  ( 1.450000000000000000, 0.0000000000000000000, -1.350190265095412700 ) ) ;
#7309 = DIRECTION ( 'NONE',  ( 0.08682659386424759800, 0.9924325091389669700, -0.08682659386424762500 ) ) ;
#7310 = VECTOR ( 'NONE', #7309, 1000.000000000000100 ) ;
#7311 = CARTESIAN_POINT ( 'NONE',  ( 1.450375508488680200, 0.004292081665748338100, -1.350565773584092800 ) ) ;
#7312 = LINE ( 'NONE', #7311, #7310 ) ;
#7313 = CARTESIAN_POINT ( 'NONE',  ( 1.409811401123124400, -0.4593577871373828400, -1.310001666218536800 ) ) ;
#7314 = DIRECTION ( 'NONE',  ( -2.323290369611795500E-016, -0.0000000000000000000, -1.000000000000000000 ) ) ;
#7315 = VECTOR ( 'NONE', #7314, 1000.000000000000000 ) ;
#7316 = CARTESIAN_POINT ( 'NONE',  ( 1.409811401123124400, -0.4593577871373828400, -1.355818224919408200 ) ) ;
#7317 = LINE ( 'NONE', #7316, #7315 ) ;
#7318 = CARTESIAN_POINT ( 'NONE',  ( 1.382311275417648100, 0.3449999999999999700, -1.332311275417647600 ) ) ;
#7319 = AXIS2_PLACEMENT_3D ( 'NONE', #7318, #6827, #7075 ) ;
#7320 = CARTESIAN_POINT ( 'NONE',  ( -1.084999999999999700, -0.4526375826984084800, 1.555989212094326400 ) ) ;
#7321 = DIRECTION ( 'NONE',  ( -1.000000000000000000, 0.0000000000000000000, 0.0000000000000000000 ) ) ;
#7322 = DIRECTION ( 'NONE',  ( -2.323290369611795500E-016, 0.0000000000000000000, -1.000000000000000000 ) ) ;
#7323 = CARTESIAN_POINT ( 'NONE',  ( 1.382311275417648100, 0.3449999999999999700, -1.400000000000000600 ) ) ;
#7324 = CIRCLE ( 'NONE', #7319, 0.04999999999999991300 ) ;
#7325 = AXIS2_PLACEMENT_3D ( 'NONE', #7323, #7322, #7321 ) ;
#7326 = CARTESIAN_POINT ( 'NONE',  ( -1.400189904458369700, 0.0000000000000000000, -1.399999999999999900 ) ) ;
#7327 = CARTESIAN_POINT ( 'NONE',  ( -1.429302898581484200, -0.001267999507807987400, -1.399889169613836000 ) ) ;
#7328 = CARTESIAN_POINT ( 'NONE',  ( -1.449889169613836100, -0.001267999507807987400, -1.379302898581484100 ) ) ;
#7329 = CARTESIAN_POINT ( 'NONE',  ( -1.450000000000000000, 0.0000000000000000000, -1.350189904458369600 ) ) ;
#7330 =( BOUNDED_CURVE ( )  B_SPLINE_CURVE ( 3, ( #7329, #7328, #7327, #7326 ),
 .UNSPECIFIED., .F., .T. ) 
 B_SPLINE_CURVE_WITH_KNOTS ( ( 4, 4 ),
 ( 5.501581642468777600, 7.064788971890394900 ),
 .UNSPECIFIED. ) 
 CURVE ( )  GEOMETRIC_REPRESENTATION_ITEM ( )  RATIONAL_B_SPLINE_CURVE ( ( 1.000000000000000000, 0.8065231999779365300, 0.8065231999779365300, 1.000000000000000000 ) ) 
 REPRESENTATION_ITEM ( '' )  );
#7331 = CYLINDRICAL_SURFACE ( 'NONE', #7325, 0.04999999999999991300 ) ;
#7332 = FACE_OUTER_BOUND ( 'NONE', #1200, .T. ) ;
#7333 = DIRECTION ( 'NONE',  ( 0.0000000000000000000, 0.0000000000000000000, -1.000000000000000000 ) ) ;
#7334 = DIRECTION ( 'NONE',  ( 0.0000000000000000000, -1.000000000000000000, 0.0000000000000000000 ) ) ;
#7335 = CARTESIAN_POINT ( 'NONE',  ( -1.399999999999999900, 0.1449999999999999900, -1.350000000000000100 ) ) ;
#7336 = AXIS2_PLACEMENT_3D ( 'NONE', #7335, #7334, #7333 ) ;
#7337 = CYLINDRICAL_SURFACE ( 'NONE', #7336, 0.04999999999999991300 ) ;
#7338 = FACE_OUTER_BOUND ( 'NONE', #1190, .T. ) ;
#7339 = DIRECTION ( 'NONE',  ( 0.08682659386424761100, -0.9924325091389669700, 0.08682659386424761100 ) ) ;
#7340 = VECTOR ( 'NONE', #7339, 1000.000000000000100 ) ;
#7341 = CARTESIAN_POINT ( 'NONE',  ( -1.429266707762892900, -0.2369826146785705400, -1.329456972858305400 ) ) ;
#7342 = CARTESIAN_POINT ( 'NONE',  ( -1.400189904458369400, 0.0000000000000000000, 1.399999999999999900 ) ) ;
#7343 = CARTESIAN_POINT ( 'NONE',  ( -1.450000000000000000, 0.0000000000000000000, -1.350189904458369600 ) ) ;
#7344 = DIRECTION ( 'NONE',  ( 7.744301232039317900E-017, 0.0000000000000000000, 1.000000000000000000 ) ) ;
#7345 = VECTOR ( 'NONE', #7344, 1000.000000000000000 ) ;
#7346 = CARTESIAN_POINT ( 'NONE',  ( -1.450000000000000000, 0.0000000000000000000, -1.399999999999999900 ) ) ;
#7347 = LINE ( 'NONE', #7346, #7345 ) ;
#7348 = CARTESIAN_POINT ( 'NONE',  ( -1.449999999999999700, 0.0000000000000000000, 1.350189904458369400 ) ) ;
#7349 = DIRECTION ( 'NONE',  ( -0.08682659386424761100, 0.9924325091389669700, 0.08682659386424762500 ) ) ;
#7350 = VECTOR ( 'NONE', #7349, 1000.000000000000100 ) ;
#7351 = CARTESIAN_POINT ( 'NONE',  ( -1.450375508488680000, 0.004292081665748338900, 1.350565773584093000 ) ) ;
#7352 = LINE ( 'NONE', #7351, #7350 ) ;
#7353 = DIRECTION ( 'NONE',  ( 7.744301232039317900E-017, 4.489443436668730200E-034, 1.000000000000000000 ) ) ;
#7354 = VECTOR ( 'NONE', #7353, 1000.000000000000000 ) ;
#7355 = CARTESIAN_POINT ( 'NONE',  ( -1.409811401123124200, -0.4593577871373829000, 1.355818224919408400 ) ) ;
#7356 = LINE ( 'NONE', #7355, #7354 ) ;
#7357 = DIRECTION ( 'NONE',  ( 1.000000000000000000, 0.0000000000000000000, 7.477256361968995200E-017 ) ) ;
#7358 = VECTOR ( 'NONE', #7357, 1000.000000000000000 ) ;
#7359 = CARTESIAN_POINT ( 'NONE',  ( -1.449999999999999700, 0.0000000000000000000, 1.399999999999999900 ) ) ;
#7360 = LINE ( 'NONE', #7359, #7358 ) ;
#7361 = DIRECTION ( 'NONE',  ( 1.000000000000000000, 0.0000000000000000000, 0.0000000000000000000 ) ) ;
#7362 = DIRECTION ( 'NONE',  ( 0.0000000000000000000, 1.000000000000000000, 0.0000000000000000000 ) ) ;
#7363 = CARTESIAN_POINT ( 'NONE',  ( 1.382311275417647600, 0.3449999999999999200, -1.332311275417647600 ) ) ;
#7364 = AXIS2_PLACEMENT_3D ( 'NONE', #7363, #7362, #7361 ) ;
#7365 = SPHERICAL_SURFACE ( 'NONE', #7364, 0.05000000000000000300 ) ;
#7366 = FACE_OUTER_BOUND ( 'NONE', #1208, .T. ) ;
#7367 = DIRECTION ( 'NONE',  ( 1.000000000000000000, 0.0000000000000000000, 0.0000000000000000000 ) ) ;
#7368 = DIRECTION ( 'NONE',  ( 0.0000000000000000000, 0.0000000000000000000, 1.000000000000000000 ) ) ;
#7369 = CARTESIAN_POINT ( 'NONE',  ( 1.382311275417648300, 0.3449999999999999200, 1.332311275417648000 ) ) ;
#7370 = AXIS2_PLACEMENT_3D ( 'NONE', #7369, #7368, #7367 ) ;
#7371 = CIRCLE ( 'NONE', #7370, 0.04999999999999991300 ) ;
#7372 = CYLINDRICAL_SURFACE ( 'NONE', #7426, 0.04999999999999991300 ) ;
#7373 = FACE_OUTER_BOUND ( 'NONE', #1242, .T. ) ;
#7374 = DIRECTION ( 'NONE',  ( -0.9961946980917454300, 0.08715574274765820800, 0.0000000000000000000 ) ) ;
#7375 = DIRECTION ( 'NONE',  ( -0.08682659386424762500, -0.9924325091389670800, 0.08682659386424726500 ) ) ;
#7376 = CARTESIAN_POINT ( 'NONE',  ( -1.382311275417647400, 0.3449999999999999700, 1.332311275417647600 ) ) ;
#7377 = AXIS2_PLACEMENT_3D ( 'NONE', #7376, #7375, #7374 ) ;
#7378 = CIRCLE ( 'NONE', #7377, 0.05000000000000005100 ) ;
#7379 = DIRECTION ( 'NONE',  ( 0.0000000000000000000, 0.08715574274765820800, 0.9961946980917454300 ) ) ;
#7380 = DIRECTION ( 'NONE',  ( 0.08682659386424618200, -0.9924325091389673000, 0.08682659386424763900 ) ) ;
#7381 = CARTESIAN_POINT ( 'NONE',  ( 1.382311275417648100, 0.3449999999999999700, 1.332311275417648000 ) ) ;
#7382 = AXIS2_PLACEMENT_3D ( 'NONE', #7381, #7380, #7379 ) ;
#7383 = DIRECTION ( 'NONE',  ( 1.000000000000000000, 0.0000000000000000000, 0.0000000000000000000 ) ) ;
#7384 = DIRECTION ( 'NONE',  ( 0.0000000000000000000, 1.000000000000000000, 0.0000000000000000000 ) ) ;
#7385 = CARTESIAN_POINT ( 'NONE',  ( 1.382311275417648300, 0.3449999999999999200, 1.332311275417648000 ) ) ;
#7386 = AXIS2_PLACEMENT_3D ( 'NONE', #7385, #7384, #7383 ) ;
#7387 = CIRCLE ( 'NONE', #7382, 0.05000000000000005100 ) ;
#7388 = SPHERICAL_SURFACE ( 'NONE', #7386, 0.05000000000000000300 ) ;
#7389 = FACE_OUTER_BOUND ( 'NONE', #1233, .T. ) ;
#7390 = CARTESIAN_POINT ( 'NONE',  ( -1.360001666218537200, -0.5050000000000000000, -1.310001666218537000 ) ) ;
#7391 = DIRECTION ( 'NONE',  ( 1.000000000000000000, -0.0000000000000000000, 7.477256361968996500E-017 ) ) ;
#7392 = VECTOR ( 'NONE', #7391, 1000.000000000000000 ) ;
#7393 = CARTESIAN_POINT ( 'NONE',  ( 1.405818224919408200, -0.5050000000000000000, -1.310001666218536800 ) ) ;
#7394 = LINE ( 'NONE', #7393, #7392 ) ;
#7395 = DIRECTION ( 'NONE',  ( 0.0000000000000000000, -0.0000000000000000000, -1.000000000000000000 ) ) ;
#7396 = DIRECTION ( 'NONE',  ( 0.0000000000000000000, -1.000000000000000000, 0.0000000000000000000 ) ) ;
#7397 = AXIS2_PLACEMENT_3D ( 'NONE', #7398, #7396, #7395 ) ;
#7398 = CARTESIAN_POINT ( 'NONE',  ( -1.449999999999999700, -0.5050000000000000000, 1.399999999999999900 ) ) ;
#7399 = PLANE ( 'NONE',  #7397 ) ;
#7400 = FACE_OUTER_BOUND ( 'NONE', #1226, .T. ) ;
#7401 = DIRECTION ( 'NONE',  ( -2.323290369611795500E-016, -0.0000000000000000000, -1.000000000000000000 ) ) ;
#7402 = VECTOR ( 'NONE', #7401, 1000.000000000000000 ) ;
#7403 = CARTESIAN_POINT ( 'NONE',  ( 1.450000000000000000, 0.0000000000000000000, -1.399999999999999700 ) ) ;
#7404 = LINE ( 'NONE', #7403, #7402 ) ;
#7405 = CARTESIAN_POINT ( 'NONE',  ( -1.400565773584092800, 0.1363501311968687600, -1.350565773584093000 ) ) ;
#7406 = DIRECTION ( 'NONE',  ( 8.673617379884030700E-015, 1.000000000000000000, 0.0000000000000000000 ) ) ;
#7407 = DIRECTION ( 'NONE',  ( 1.000000000000000000, -8.673617379884030700E-015, -7.588431925012810500E-016 ) ) ;
#7408 = CARTESIAN_POINT ( 'NONE',  ( 1.382311275417647600, 0.3449999999999999700, -1.332311275417647600 ) ) ;
#7409 = AXIS2_PLACEMENT_3D ( 'NONE', #7408, #7407, #7406 ) ;
#7410 = FACE_OUTER_BOUND ( 'NONE', #1252, .T. ) ;
#7411 = DIRECTION ( 'NONE',  ( 0.0000000000000000000, -0.08715574274765820800, -0.9961946980917454300 ) ) ;
#7412 = DIRECTION ( 'NONE',  ( -0.08682659386424763900, -0.9924325091389670800, 0.08682659386424763900 ) ) ;
#7413 = CARTESIAN_POINT ( 'NONE',  ( -1.400565773584092600, 0.1363501311968687600, 1.350565773584093000 ) ) ;
#7414 = CIRCLE ( 'NONE', #7409, 0.05000000000000002400 ) ;
#7415 = AXIS2_PLACEMENT_3D ( 'NONE', #7413, #7412, #7411 ) ;
#7416 = CARTESIAN_POINT ( 'NONE',  ( -1.400190265095412800, 0.1449999999999999900, -1.399999999999999900 ) ) ;
#7417 = CARTESIAN_POINT ( 'NONE',  ( -1.429302924516940900, 0.1462679915001699700, -1.399888959924999300 ) ) ;
#7418 = CARTESIAN_POINT ( 'NONE',  ( -1.449888959924999300, 0.1462679915001699700, -1.379302924516940600 ) ) ;
#7419 = CARTESIAN_POINT ( 'NONE',  ( -1.450000000000000000, 0.1449999999999999900, -1.350190265095413000 ) ) ;
#7420 = CYLINDRICAL_SURFACE ( 'NONE', #7415, 0.05000000000000005100 ) ;
#7421 = FACE_OUTER_BOUND ( 'NONE', #1248, .T. ) ;
#7422 =( BOUNDED_CURVE ( )  B_SPLINE_CURVE ( 3, ( #7419, #7418, #7417, #7416 ),
 .UNSPECIFIED., .F., .T. ) 
 B_SPLINE_CURVE_WITH_KNOTS ( ( 4, 4 ),
 ( 5.501588841563905600, 7.064781772795266900 ),
 .UNSPECIFIED. ) 
 CURVE ( )  GEOMETRIC_REPRESENTATION_ITEM ( )  RATIONAL_B_SPLINE_CURVE ( ( 1.000000000000000000, 0.8065265807499258900, 0.8065265807499258900, 1.000000000000000000 ) ) 
 REPRESENTATION_ITEM ( '' )  );
#7423 = DIRECTION ( 'NONE',  ( 0.0000000000000000000, 0.0000000000000000000, 1.000000000000000000 ) ) ;
#7424 = DIRECTION ( 'NONE',  ( -1.000000000000000000, 0.0000000000000000000, -7.477256361968996500E-017 ) ) ;
#7425 = CARTESIAN_POINT ( 'NONE',  ( -1.450000000000000000, 0.3449999999999999700, -1.332311275417647800 ) ) ;
#7426 = AXIS2_PLACEMENT_3D ( 'NONE', #7425, #7424, #7423 ) ;
#7427 = CIRCLE ( 'NONE', #7471, 0.05000000000000005100 ) ;
#7428 = DIRECTION ( 'NONE',  ( 1.301042606982607500E-014, 0.0000000000000000000, -1.000000000000000000 ) ) ;
#7429 = DIRECTION ( 'NONE',  ( 1.000000000000000000, -0.0000000000000000000, 1.306012378378250700E-014 ) ) ;
#7430 = CARTESIAN_POINT ( 'NONE',  ( 1.382311275417648800, 0.3449999999999999700, 1.332311275417648000 ) ) ;
#7431 = AXIS2_PLACEMENT_3D ( 'NONE', #7430, #7429, #7428 ) ;
#7432 = DIRECTION ( 'NONE',  ( 0.0000000000000000000, 0.0000000000000000000, -1.000000000000000000 ) ) ;
#7433 = DIRECTION ( 'NONE',  ( 1.000000000000000000, 0.0000000000000000000, 7.477256361968995200E-017 ) ) ;
#7434 = CARTESIAN_POINT ( 'NONE',  ( -1.450000000000000200, 0.3449999999999999700, 1.332311275417647800 ) ) ;
#7435 = CIRCLE ( 'NONE', #7431, 0.04999999999999991300 ) ;
#7436 = AXIS2_PLACEMENT_3D ( 'NONE', #7434, #7433, #7432 ) ;
#7437 = CARTESIAN_POINT ( 'NONE',  ( -1.449999999999999700, 0.1449999999999999900, 1.350190265095413200 ) ) ;
#7438 = CARTESIAN_POINT ( 'NONE',  ( -1.449888959924998900, 0.1462679915001699700, 1.379302924516940800 ) ) ;
#7439 = CARTESIAN_POINT ( 'NONE',  ( -1.429302924516940200, 0.1462679915001699700, 1.399888959924999500 ) ) ;
#7440 = CARTESIAN_POINT ( 'NONE',  ( -1.400190265095412300, 0.1449999999999999900, 1.399999999999999900 ) ) ;
#7441 =( BOUNDED_CURVE ( )  B_SPLINE_CURVE ( 3, ( #7440, #7439, #7438, #7437 ),
 .UNSPECIFIED., .F., .T. ) 
 B_SPLINE_CURVE_WITH_KNOTS ( ( 4, 4 ),
 ( 5.501588841563901200, 7.064781772795262400 ),
 .UNSPECIFIED. ) 
 CURVE ( )  GEOMETRIC_REPRESENTATION_ITEM ( )  RATIONAL_B_SPLINE_CURVE ( ( 1.000000000000000000, 0.8065265807499258900, 0.8065265807499258900, 1.000000000000000000 ) ) 
 REPRESENTATION_ITEM ( '' )  );
#7442 = CYLINDRICAL_SURFACE ( 'NONE', #7436, 0.04999999999999991300 ) ;
#7443 = FACE_OUTER_BOUND ( 'NONE', #1260, .T. ) ;
#7444 = DIRECTION ( 'NONE',  ( 0.0000000000000000000, 0.08715574274765820800, -0.9961946980917454300 ) ) ;
#7445 = DIRECTION ( 'NONE',  ( -0.08682659386424763900, -0.9924325091389670800, -0.08682659386424763900 ) ) ;
#7446 = AXIS2_PLACEMENT_3D ( 'NONE', #7405, #7445, #7444 ) ;
#7447 = CYLINDRICAL_SURFACE ( 'NONE', #7446, 0.05000000000000005100 ) ;
#7448 = CARTESIAN_POINT ( 'NONE',  ( -1.360001666218536800, -0.4549999999999999600, 1.310001666218537200 ) ) ;
#7449 = AXIS2_PLACEMENT_3D ( 'NONE', #7448, #7493, #7492 ) ;
#7450 = SPHERICAL_SURFACE ( 'NONE', #7449, 0.05000000000000000300 ) ;
#7451 = FACE_OUTER_BOUND ( 'NONE', #1286, .T. ) ;
#7452 = DIRECTION ( 'NONE',  ( -4.336808689942015400E-015, -1.000000000000000000, 0.0000000000000000000 ) ) ;
#7453 = DIRECTION ( 'NONE',  ( 1.000000000000000000, -4.336808689942015400E-015, 3.794215962506405200E-016 ) ) ;
#7454 = CARTESIAN_POINT ( 'NONE',  ( -1.360001666218537000, -0.4550000000000000200, -1.310001666218537000 ) ) ;
#7455 = AXIS2_PLACEMENT_3D ( 'NONE', #7454, #7453, #7452 ) ;
#7456 = DIRECTION ( 'NONE',  ( 1.000000000000000000, 0.0000000000000000000, 0.0000000000000000000 ) ) ;
#7457 = DIRECTION ( 'NONE',  ( 0.0000000000000000000, 1.000000000000000000, 0.0000000000000000000 ) ) ;
#7458 = CARTESIAN_POINT ( 'NONE',  ( -1.360001666218537000, -0.4550000000000000200, -1.310001666218537000 ) ) ;
#7459 = AXIS2_PLACEMENT_3D ( 'NONE', #7458, #7457, #7456 ) ;
#7460 = CIRCLE ( 'NONE', #7455, 0.05000000000000002400 ) ;
#7461 = SPHERICAL_SURFACE ( 'NONE', #7459, 0.05000000000000000300 ) ;
#7462 = CARTESIAN_POINT ( 'NONE',  ( -1.449999999999999700, 0.0000000000000000000, 1.350189904458369400 ) ) ;
#7463 = CARTESIAN_POINT ( 'NONE',  ( -1.449889169613835400, -0.001267999507807988300, 1.379302898581484400 ) ) ;
#7464 = CARTESIAN_POINT ( 'NONE',  ( -1.429302898581484400, -0.001267999507807992200, 1.399889169613836200 ) ) ;
#7465 = CARTESIAN_POINT ( 'NONE',  ( -1.400189904458369400, 0.0000000000000000000, 1.399999999999999900 ) ) ;
#7466 =( BOUNDED_CURVE ( )  B_SPLINE_CURVE ( 3, ( #7465, #7464, #7463, #7462 ),
 .UNSPECIFIED., .F., .F. ) 
 B_SPLINE_CURVE_WITH_KNOTS ( ( 4, 4 ),
 ( 5.501581642468777600, 7.064788971890399300 ),
 .UNSPECIFIED. ) 
 CURVE ( )  GEOMETRIC_REPRESENTATION_ITEM ( )  RATIONAL_B_SPLINE_CURVE ( ( 1.000000000000000000, 0.8065231999779355300, 0.8065231999779355300, 1.000000000000000000 ) ) 
 REPRESENTATION_ITEM ( '' )  );
#7467 = FACE_OUTER_BOUND ( 'NONE', #1280, .T. ) ;
#7468 = DIRECTION ( 'NONE',  ( 0.0000000000000000000, -0.08715574274765820800, 0.9961946980917454300 ) ) ;
#7469 = DIRECTION ( 'NONE',  ( 0.08682659386424761100, -0.9924325091389669700, -0.08682659386424831900 ) ) ;
#7470 = CARTESIAN_POINT ( 'NONE',  ( 1.382311275417647600, 0.3449999999999999200, -1.332311275417647400 ) ) ;
#7471 = AXIS2_PLACEMENT_3D ( 'NONE', #7470, #7469, #7468 ) ;
#7472 = CARTESIAN_POINT ( 'NONE',  ( -1.399999999999999700, 0.1449999999999999900, 1.350000000000000100 ) ) ;
#7473 = AXIS2_PLACEMENT_3D ( 'NONE', #7472, #7526, #7525 ) ;
#7474 = CYLINDRICAL_SURFACE ( 'NONE', #7473, 0.04999999999999991300 ) ;
#7475 = DIRECTION ( 'NONE',  ( 0.0000000000000000000, 0.08715574274765813800, 0.9961946980917454300 ) ) ;
#7476 = DIRECTION ( 'NONE',  ( -0.08682659386424763900, 0.9924325091389670800, -0.08682659386424763900 ) ) ;
#7477 = CARTESIAN_POINT ( 'NONE',  ( -1.400565773584092800, 0.008649868803131241900, -1.350565773584093000 ) ) ;
#7478 = FACE_OUTER_BOUND ( 'NONE', #1302, .T. ) ;
#7479 = AXIS2_PLACEMENT_3D ( 'NONE', #7477, #7476, #7475 ) ;
#7480 = CARTESIAN_POINT ( 'NONE',  ( 1.450000000000000000, 0.1449999999999999900, -1.350189904458369600 ) ) ;
#7481 = CARTESIAN_POINT ( 'NONE',  ( 1.449889169613836500, 0.1462679995078077800, -1.379302898581484600 ) ) ;
#7482 = CARTESIAN_POINT ( 'NONE',  ( 1.429302898581485100, 0.1462679995078077800, -1.399889169613836200 ) ) ;
#7483 = CARTESIAN_POINT ( 'NONE',  ( 1.400189904458369900, 0.1449999999999999900, -1.399999999999999700 ) ) ;
#7484 =( BOUNDED_CURVE ( )  B_SPLINE_CURVE ( 3, ( #7483, #7482, #7481, #7480 ),
 .UNSPECIFIED., .F., .T. ) 
 B_SPLINE_CURVE_WITH_KNOTS ( ( 4, 4 ),
 ( 2.359988988878984900, 3.923196318300601800 ),
 .UNSPECIFIED. ) 
 CURVE ( )  GEOMETRIC_REPRESENTATION_ITEM ( )  RATIONAL_B_SPLINE_CURVE ( ( 1.000000000000000000, 0.8065231999779367600, 0.8065231999779367600, 1.000000000000000000 ) ) 
 REPRESENTATION_ITEM ( '' )  );
#7485 = CYLINDRICAL_SURFACE ( 'NONE', #7479, 0.05000000000000005100 ) ;
#7486 = FACE_OUTER_BOUND ( 'NONE', #1299, .T. ) ;
#7487 = DIRECTION ( 'NONE',  ( 0.0000000000000000000, 0.08715574274765820800, -0.9961946980917454300 ) ) ;
#7488 = DIRECTION ( 'NONE',  ( 0.08682659386424762500, -0.9924325091389670800, -0.08682659386424763900 ) ) ;
#7489 = CARTESIAN_POINT ( 'NONE',  ( 1.400565773584092800, 0.1363501311968687600, -1.350565773584092800 ) ) ;
#7490 = AXIS2_PLACEMENT_3D ( 'NONE', #7489, #7488, #7487 ) ;
#7491 = CYLINDRICAL_SURFACE ( 'NONE', #7490, 0.05000000000000005100 ) ;
#7492 = DIRECTION ( 'NONE',  ( 1.000000000000000000, 0.0000000000000000000, 0.0000000000000000000 ) ) ;
#7493 = DIRECTION ( 'NONE',  ( 0.0000000000000000000, 1.000000000000000000, 0.0000000000000000000 ) ) ;
#7494 = FACE_OUTER_BOUND ( 'NONE', #1292, .T. ) ;
#7495 = CIRCLE ( 'NONE', #7500, 0.05000000000000002400 ) ;
#7496 = DIRECTION ( 'NONE',  ( -1.000000000000000000, 0.0000000000000000000, 0.0000000000000000000 ) ) ;
#7497 = DIRECTION ( 'NONE',  ( -7.744301232039317900E-017, 0.0000000000000000000, -1.000000000000000000 ) ) ;
#7498 = CARTESIAN_POINT ( 'NONE',  ( -1.360001666218537000, -0.4550000000000000200, 1.399999999999999900 ) ) ;
#7499 = AXIS2_PLACEMENT_3D ( 'NONE', #7498, #7497, #7496 ) ;
#7500 = AXIS2_PLACEMENT_3D ( 'NONE', #7545, #7544, #7543 ) ;
#7501 = CYLINDRICAL_SURFACE ( 'NONE', #7499, 0.04999999999999991300 ) ;
#7502 = FACE_OUTER_BOUND ( 'NONE', #1325, .T. ) ;
#7503 = DIRECTION ( 'NONE',  ( 0.0000000000000000000, -0.08715574274765820800, -0.9961946980917454300 ) ) ;
#7504 = DIRECTION ( 'NONE',  ( 0.08682659386424765300, -0.9924325091389670800, 0.08682659386424765300 ) ) ;
#7505 = CARTESIAN_POINT ( 'NONE',  ( -1.360001666218537000, -0.4550000000000000200, -1.310001666218537000 ) ) ;
#7506 = AXIS2_PLACEMENT_3D ( 'NONE', #7505, #7504, #7503 ) ;
#7507 = DIRECTION ( 'NONE',  ( 0.0000000000000000000, -0.08715574274765813800, 0.9961946980917454300 ) ) ;
#7508 = DIRECTION ( 'NONE',  ( -0.08682659386424763900, 0.9924325091389670800, 0.08682659386424763900 ) ) ;
#7509 = CARTESIAN_POINT ( 'NONE',  ( -1.400565773584092600, 0.008649868803131241900, 1.350565773584093000 ) ) ;
#7510 = AXIS2_PLACEMENT_3D ( 'NONE', #7509, #7508, #7507 ) ;
#7511 = CIRCLE ( 'NONE', #7506, 0.05000000000000005100 ) ;
#7512 = CYLINDRICAL_SURFACE ( 'NONE', #7510, 0.05000000000000005100 ) ;
#7513 = DIRECTION ( 'NONE',  ( 0.0000000000000000000, 0.0000000000000000000, -1.000000000000000000 ) ) ;
#7514 = DIRECTION ( 'NONE',  ( 0.0000000000000000000, -1.000000000000000000, 0.0000000000000000000 ) ) ;
#7515 = CARTESIAN_POINT ( 'NONE',  ( 1.400000000000000600, 0.1449999999999999900, 1.350000000000000100 ) ) ;
#7516 = AXIS2_PLACEMENT_3D ( 'NONE', #7515, #7514, #7513 ) ;
#7517 = FACE_OUTER_BOUND ( 'NONE', #1316, .T. ) ;
#7518 = CYLINDRICAL_SURFACE ( 'NONE', #7516, 0.04999999999999991300 ) ;
#7519 = FACE_OUTER_BOUND ( 'NONE', #1312, .T. ) ;
#7520 = DIRECTION ( 'NONE',  ( 4.336808689942025600E-015, 0.0000000000000000000, 1.000000000000000000 ) ) ;
#7521 = DIRECTION ( 'NONE',  ( 1.000000000000000000, -0.0000000000000000000, -4.353374594594169700E-015 ) ) ;
#7522 = CARTESIAN_POINT ( 'NONE',  ( -1.360001666218537000, -0.4550000000000000200, 1.310001666218537200 ) ) ;
#7523 = AXIS2_PLACEMENT_3D ( 'NONE', #7522, #7521, #7520 ) ;
#7524 = CIRCLE ( 'NONE', #7523, 0.04999999999999991300 ) ;
#7525 = DIRECTION ( 'NONE',  ( 0.0000000000000000000, 0.0000000000000000000, -1.000000000000000000 ) ) ;
#7526 = DIRECTION ( 'NONE',  ( 0.0000000000000000000, -1.000000000000000000, 0.0000000000000000000 ) ) ;
#7527 = DIRECTION ( 'NONE',  ( 0.0000000000000000000, 0.0000000000000000000, -1.000000000000000000 ) ) ;
#7528 = DIRECTION ( 'NONE',  ( 0.0000000000000000000, -1.000000000000000000, 0.0000000000000000000 ) ) ;
#7529 = CARTESIAN_POINT ( 'NONE',  ( 1.400000000000000100, 0.1449999999999999900, -1.349999999999999900 ) ) ;
#7530 = AXIS2_PLACEMENT_3D ( 'NONE', #7529, #7528, #7527 ) ;
#7531 = CARTESIAN_POINT ( 'NONE',  ( 1.400190265095413700, 0.1449999999999999900, 1.400000000000000100 ) ) ;
#7532 = CARTESIAN_POINT ( 'NONE',  ( 1.429302924516941300, 0.1462679915001713100, 1.399888959924999300 ) ) ;
#7533 = CARTESIAN_POINT ( 'NONE',  ( 1.449888959924999300, 0.1462679915001713100, 1.379302924516940600 ) ) ;
#7534 = CARTESIAN_POINT ( 'NONE',  ( 1.450000000000000600, 0.1449999999999999900, 1.350190265095413400 ) ) ;
#7535 =( BOUNDED_CURVE ( )  B_SPLINE_CURVE ( 3, ( #7534, #7533, #7532, #7531 ),
 .UNSPECIFIED., .F., .T. ) 
 B_SPLINE_CURVE_WITH_KNOTS ( ( 4, 4 ),
 ( 5.501588841563912700, 7.064781772795264200 ),
 .UNSPECIFIED. ) 
 CURVE ( )  GEOMETRIC_REPRESENTATION_ITEM ( )  RATIONAL_B_SPLINE_CURVE ( ( 1.000000000000000000, 0.8065265807499282200, 0.8065265807499282200, 1.000000000000000000 ) ) 
 REPRESENTATION_ITEM ( '' )  );
#7536 = CYLINDRICAL_SURFACE ( 'NONE', #7530, 0.04999999999999991300 ) ;
#7537 = FACE_OUTER_BOUND ( 'NONE', #1336, .T. ) ;
#7538 = DIRECTION ( 'NONE',  ( -1.000000000000000000, 0.0000000000000000000, 0.0000000000000000000 ) ) ;
#7539 = DIRECTION ( 'NONE',  ( 0.0000000000000000000, -0.0000000000000000000, -1.000000000000000000 ) ) ;
#7540 = CARTESIAN_POINT ( 'NONE',  ( -1.360001666218537200, -0.4550000000000000200, -1.310001666218537000 ) ) ;
#7541 = AXIS2_PLACEMENT_3D ( 'NONE', #7540, #7539, #7538 ) ;
#7542 = CIRCLE ( 'NONE', #7541, 0.04999999999999991300 ) ;
#7543 = DIRECTION ( 'NONE',  ( 0.0000000000000000000, -1.000000000000000000, 4.336808689942015400E-015 ) ) ;
#7544 = DIRECTION ( 'NONE',  ( -3.794215962506405200E-016, 4.336808689942015400E-015, 1.000000000000000000 ) ) ;
#7545 = CARTESIAN_POINT ( 'NONE',  ( -1.360001666218537000, -0.4550000000000000200, 1.310001666218537000 ) ) ;
#7546 = EDGE_LOOP ( 'NONE', ( #7563, #7565, #7571, #7564 ) ) ;
#7547 = ORIENTED_EDGE ( 'NONE', *, *, #7729, .F. ) ;
#7548 = EDGE_CURVE ( 'NONE', #7711, #402, #4998, .T. ) ;
#7549 = EDGE_LOOP ( 'NONE', ( #7550, #7551, #7552, #7547 ) ) ;
#7550 = ORIENTED_EDGE ( 'NONE', *, *, #107, .T. ) ;
#7551 = ORIENTED_EDGE ( 'NONE', *, *, #387, .F. ) ;
#7552 = ORIENTED_EDGE ( 'NONE', *, *, #7548, .F. ) ;
#7553 = ADVANCED_FACE ( 'NONE', ( #5002 ), #5062, .T. ) ;
#7554 = ORIENTED_EDGE ( 'NONE', *, *, #171, .F. ) ;
#7555 = ORIENTED_EDGE ( 'NONE', *, *, #7557, .F. ) ;
#7556 = ORIENTED_EDGE ( 'NONE', *, *, #7744, .F. ) ;
#7557 = EDGE_CURVE ( 'NONE', #174, #7755, #5063, .T. ) ;
#7558 = ORIENTED_EDGE ( 'NONE', *, *, #103, .T. ) ;
#7559 = ORIENTED_EDGE ( 'NONE', *, *, #7572, .T. ) ;
#7560 = ORIENTED_EDGE ( 'NONE', *, *, #401, .F. ) ;
#7561 = ORIENTED_EDGE ( 'NONE', *, *, #7548, .T. ) ;
#7562 = EDGE_LOOP ( 'NONE', ( #7561, #7560, #7559, #7643 ) ) ;
#7563 = ORIENTED_EDGE ( 'NONE', *, *, #7557, .T. ) ;
#7564 = ORIENTED_EDGE ( 'NONE', *, *, #148, .F. ) ;
#7565 = ORIENTED_EDGE ( 'NONE', *, *, #7749, .F. ) ;
#7566 = ADVANCED_FACE ( 'NONE', ( #5046 ), #5114, .T. ) ;
#7567 = EDGE_LOOP ( 'NONE', ( #7613, #7618, #7609, #7602 ) ) ;
#7568 = ADVANCED_FACE ( 'NONE', ( #5115 ), #5185, .T. ) ;
#7569 = VERTEX_POINT ( 'NONE', #5183 ) ;
#7570 = ORIENTED_EDGE ( 'NONE', *, *, #7587, .T. ) ;
#7571 = ORIENTED_EDGE ( 'NONE', *, *, #7572, .F. ) ;
#7572 = EDGE_CURVE ( 'NONE', #399, #7715, #5165, .T. ) ;
#7573 = ADVANCED_FACE ( 'NONE', ( #5157 ), #4684, .T. ) ;
#7574 = EDGE_CURVE ( 'NONE', #7569, #7588, #5237, .T. ) ;
#7575 = ORIENTED_EDGE ( 'NONE', *, *, #7574, .T. ) ;
#7576 = EDGE_LOOP ( 'NONE', ( #7570, #7590, #7583, #7575 ) ) ;
#7577 = ORIENTED_EDGE ( 'NONE', *, *, #7581, .F. ) ;
#7578 = VERTEX_POINT ( 'NONE', #5227 ) ;
#7579 = EDGE_CURVE ( 'NONE', #7580, #7666, #5221, .T. ) ;
#7580 = VERTEX_POINT ( 'NONE', #5215 ) ;
#7581 = EDGE_CURVE ( 'NONE', #7580, #7585, #5212, .T. ) ;
#7582 = ORIENTED_EDGE ( 'NONE', *, *, #7579, .T. ) ;
#7583 = ORIENTED_EDGE ( 'NONE', *, *, #7586, .F. ) ;
#7584 = EDGE_CURVE ( 'NONE', #7585, #7637, #5207, .T. ) ;
#7585 = VERTEX_POINT ( 'NONE', #5200 ) ;
#7586 = EDGE_CURVE ( 'NONE', #7569, #7578, #5199, .T. ) ;
#7587 = EDGE_CURVE ( 'NONE', #7588, #7589, #5191, .T. ) ;
#7588 = VERTEX_POINT ( 'NONE', #5307 ) ;
#7589 = VERTEX_POINT ( 'NONE', #5305 ) ;
#7590 = ORIENTED_EDGE ( 'NONE', *, *, #7591, .T. ) ;
#7591 = EDGE_CURVE ( 'NONE', #7589, #7578, #5301, .T. ) ;
#7592 = ORIENTED_EDGE ( 'NONE', *, *, #7668, .T. ) ;
#7593 = ORIENTED_EDGE ( 'NONE', *, *, #7584, .F. ) ;
#7594 = EDGE_LOOP ( 'NONE', ( #7592, #7593, #7577, #7582 ) ) ;
#7595 = ADVANCED_FACE ( 'NONE', ( #5294 ), #5260, .T. ) ;
#7596 = CLOSED_SHELL ( 'NONE', ( #395, #458, #388, #453, #441, #507, #490, #472, #483, #197, #185, #112, #124, #182, #165, #178, #169, #7728, #7740, #7768, #7751, #7779, #19, #7784, #3, #8, #27, #32, #57, #56, #40, #71, #64, #91, #81, #92, #87, #101, #110, #7553, #7573, #7566 ) ) ;
#7597 = VERTEX_POINT ( 'NONE', #5359 ) ;
#7598 = EDGE_CURVE ( 'NONE', #7597, #7600, #5357, .T. ) ;
#7599 = ORIENTED_EDGE ( 'NONE', *, *, #7598, .F. ) ;
#7600 = VERTEX_POINT ( 'NONE', #5352 ) ;
#7601 = EDGE_CURVE ( 'NONE', #7600, #7614, #5349, .T. ) ;
#7602 = ORIENTED_EDGE ( 'NONE', *, *, #7607, .T. ) ;
#7603 = ADVANCED_FACE ( 'NONE', ( #5345 ), #5313, .T. ) ;
#7604 = EDGE_LOOP ( 'NONE', ( #7606, #7605, #7599, #7687 ) ) ;
#7605 = ORIENTED_EDGE ( 'NONE', *, *, #7601, .F. ) ;
#7606 = ORIENTED_EDGE ( 'NONE', *, *, #7610, .T. ) ;
#7607 = EDGE_CURVE ( 'NONE', #7608, #7580, #5425, .T. ) ;
#7608 = VERTEX_POINT ( 'NONE', #5409 ) ;
#7609 = ORIENTED_EDGE ( 'NONE', *, *, #7610, .F. ) ;
#7610 = EDGE_CURVE ( 'NONE', #7608, #7614, #5406, .T. ) ;
#7611 = VERTEX_POINT ( 'NONE', #5398 ) ;
#7612 = ORIENTED_EDGE ( 'NONE', *, *, #7620, .T. ) ;
#7613 = ORIENTED_EDGE ( 'NONE', *, *, #7581, .T. ) ;
#7614 = VERTEX_POINT ( 'NONE', #5396 ) ;
#7615 = ORIENTED_EDGE ( 'NONE', *, *, #7616, .T. ) ;
#7616 = EDGE_CURVE ( 'NONE', #7652, #7626, #5386, .T. ) ;
#7617 = EDGE_LOOP ( 'NONE', ( #540, #541, #544, #547 ) ) ;
#7618 = ORIENTED_EDGE ( 'NONE', *, *, #7619, .F. ) ;
#7619 = EDGE_CURVE ( 'NONE', #7614, #7585, #5378, .T. ) ;
#7620 = EDGE_CURVE ( 'NONE', #7611, #7597, #5373, .T. ) ;
#7621 = VERTEX_POINT ( 'NONE', #5367 ) ;
#7622 = ORIENTED_EDGE ( 'NONE', *, *, #7624, .T. ) ;
#7623 = EDGE_LOOP ( 'NONE', ( #7622, #7648, #7639, #7641 ) ) ;
#7624 = EDGE_CURVE ( 'NONE', #7621, #7647, #5361, .T. ) ;
#7625 = ADVANCED_FACE ( 'NONE', ( #5485 ), #5451, .T. ) ;
#7626 = VERTEX_POINT ( 'NONE', #5439 ) ;
#7627 = ORIENTED_EDGE ( 'NONE', *, *, #7651, .T. ) ;
#7628 = EDGE_LOOP ( 'NONE', ( #7627, #7615, #7638, #7667, #7665, #7635 ) ) ;
#7629 = ADVANCED_FACE ( 'NONE', ( #5437 ), #5523, .T. ) ;
#7630 = ORIENTED_EDGE ( 'NONE', *, *, #7654, .T. ) ;
#7631 = ORIENTED_EDGE ( 'NONE', *, *, #7650, .T. ) ;
#7632 = VERTEX_POINT ( 'NONE', #5508 ) ;
#7633 = VERTEX_POINT ( 'NONE', #5507 ) ;
#7634 = ORIENTED_EDGE ( 'NONE', *, *, #7657, .T. ) ;
#7635 = ORIENTED_EDGE ( 'NONE', *, *, #7664, .T. ) ;
#7636 = VERTEX_POINT ( 'NONE', #5505 ) ;
#7637 = VERTEX_POINT ( 'NONE', #5504 ) ;
#7638 = ORIENTED_EDGE ( 'NONE', *, *, #7681, .F. ) ;
#7639 = ORIENTED_EDGE ( 'NONE', *, *, #7586, .T. ) ;
#7640 = MANIFOLD_SOLID_BREP ( 'NONE', #866 ) ;
#7641 = ORIENTED_EDGE ( 'NONE', *, *, #7644, .T. ) ;
#7642 = ADVANCED_FACE ( 'NONE', ( #5587 ), #5550, .T. ) ;
#7643 = ORIENTED_EDGE ( 'NONE', *, *, #7721, .F. ) ;
#7644 = EDGE_CURVE ( 'NONE', #7578, #7621, #5658, .T. ) ;
#7645 = VERTEX_POINT ( 'NONE', #5648 ) ;
#7646 = EDGE_CURVE ( 'NONE', #7647, #7569, #5643, .T. ) ;
#7647 = VERTEX_POINT ( 'NONE', #5638 ) ;
#7648 = ORIENTED_EDGE ( 'NONE', *, *, #7646, .T. ) ;
#7649 = EDGE_LOOP ( 'NONE', ( #7634, #7630, #7653, #7631 ) ) ;
#7650 = EDGE_CURVE ( 'NONE', #7632, #7645, #5633, .T. ) ;
#7651 = EDGE_CURVE ( 'NONE', #7632, #7652, #5627, .T. ) ;
#7652 = VERTEX_POINT ( 'NONE', #5619 ) ;
#7653 = ORIENTED_EDGE ( 'NONE', *, *, #7651, .F. ) ;
#7654 = EDGE_CURVE ( 'NONE', #7633, #7652, #5611, .T. ) ;
#7655 = ORIENTED_EDGE ( 'NONE', *, *, #7656, .T. ) ;
#7656 = EDGE_CURVE ( 'NONE', #7659, #480, #5602, .T. ) ;
#7657 = EDGE_CURVE ( 'NONE', #7645, #7633, #5706, .T. ) ;
#7658 = ADVANCED_FACE ( 'NONE', ( #5701 ), #5666, .T. ) ;
#7659 = VERTEX_POINT ( 'NONE', #5667 ) ;
#7660 = EDGE_CURVE ( 'NONE', #7659, #7662, #5756, .T. ) ;
#7661 = ORIENTED_EDGE ( 'NONE', *, *, #7660, .F. ) ;
#7662 = VERTEX_POINT ( 'NONE', #5751 ) ;
#7663 = VERTEX_POINT ( 'NONE', #5750 ) ;
#7664 = EDGE_CURVE ( 'NONE', #7636, #7632, #5748, .T. ) ;
#7665 = ORIENTED_EDGE ( 'NONE', *, *, #7671, .T. ) ;
#7666 = VERTEX_POINT ( 'NONE', #5741 ) ;
#7667 = ORIENTED_EDGE ( 'NONE', *, *, #7668, .F. ) ;
#7668 = EDGE_CURVE ( 'NONE', #7666, #7637, #5740, .T. ) ;
#7669 = VERTEX_POINT ( 'NONE', #5735 ) ;
#7670 = DIRECTION ( 'NONE',  ( 0.08682659386424761100, 0.9924325091389669700, 0.08682659386424761100 ) ) ;
#7671 = EDGE_CURVE ( 'NONE', #7666, #7636, #5733, .T. ) ;
#7672 = DIRECTION ( 'NONE',  ( 6.480581177925193900E-015, -0.9961946980917464300, 0.08715574274764789600 ) ) ;
#7673 = VERTEX_POINT ( 'NONE', #5726 ) ;
#7674 =( LENGTH_UNIT ( ) NAMED_UNIT ( * ) SI_UNIT ( .MILLI., .METRE. ) );
#7675 = DIRECTION ( 'NONE',  ( 0.0000000000000000000, -0.08715574274764789600, -0.9961946980917464300 ) ) ;
#7676 =( NAMED_UNIT ( * ) SI_UNIT ( $, .STERADIAN. ) SOLID_ANGLE_UNIT ( ) );
#7677 = CARTESIAN_POINT ( 'NONE',  ( -0.8649999999999997700, 0.1250000000000001900, 1.516388554922439600 ) ) ;
#7678 = DIRECTION ( 'NONE',  ( 0.0000000000000000000, 0.0000000000000000000, 1.000000000000000000 ) ) ;
#7679 = DIRECTION ( 'NONE',  ( 7.744301232039317900E-017, 6.256159727961946200E-017, 1.000000000000000000 ) ) ;
#7680 = LINE ( 'NONE', #7677, #7071 ) ;
#7681 = EDGE_CURVE ( 'NONE', #7637, #7626, #5723, .T. ) ;
#7682 = ORIENTED_EDGE ( 'NONE', *, *, #7686, .F. ) ;
#7683 = VERTEX_POINT ( 'NONE', #5717 ) ;
#7684 = ORIENTED_EDGE ( 'NONE', *, *, #7598, .T. ) ;
#7685 = EDGE_LOOP ( 'NONE', ( #7684, #7689, #7682, #7612 ) ) ;
#7686 = EDGE_CURVE ( 'NONE', #7611, #7683, #5713, .T. ) ;
#7687 = ORIENTED_EDGE ( 'NONE', *, *, #7691, .T. ) ;
#7688 = EDGE_CURVE ( 'NONE', #7683, #7600, #5826, .T. ) ;
#7689 = ORIENTED_EDGE ( 'NONE', *, *, #7688, .F. ) ;
#7690 = ADVANCED_FACE ( 'NONE', ( #5822 ), #5785, .T. ) ;
#7691 = EDGE_CURVE ( 'NONE', #7597, #7608, #5779, .T. ) ;
#7692 = ORIENTED_EDGE ( 'NONE', *, *, #525, .F. ) ;
#7693 = EDGE_LOOP ( 'NONE', ( #7692, #528, #531, #533, #534, #537 ) ) ;
#7694 = ORIENTED_EDGE ( 'NONE', *, *, #7697, .T. ) ;
#7695 = ORIENTED_EDGE ( 'NONE', *, *, #7656, .F. ) ;
#7696 = ORIENTED_EDGE ( 'NONE', *, *, #195, .F. ) ;
#7697 = EDGE_CURVE ( 'NONE', #193, #111, #5887, .T. ) ;
#7698 = ORIENTED_EDGE ( 'NONE', *, *, #506, .F. ) ;
#7699 = ORIENTED_EDGE ( 'NONE', *, *, #489, .F. ) ;
#7700 = ORIENTED_EDGE ( 'NONE', *, *, #471, .F. ) ;
#7701 = ORIENTED_EDGE ( 'NONE', *, *, #482, .F. ) ;
#7702 = VERTEX_POINT ( 'NONE', #5883 ) ;
#7703 = ORIENTED_EDGE ( 'NONE', *, *, #7706, .T. ) ;
#7704 = VERTEX_POINT ( 'NONE', #5881 ) ;
#7705 = ORIENTED_EDGE ( 'NONE', *, *, #7730, .T. ) ;
#7706 = EDGE_CURVE ( 'NONE', #7702, #7704, #5879, .T. ) ;
#7707 = ORIENTED_EDGE ( 'NONE', *, *, #437, .F. ) ;
#7708 = ORIENTED_EDGE ( 'NONE', *, *, #7709, .T. ) ;
#7709 = EDGE_CURVE ( 'NONE', #7710, #7702, #5872, .T. ) ;
#7710 = VERTEX_POINT ( 'NONE', #5865 ) ;
#7711 = VERTEX_POINT ( 'NONE', #5863 ) ;
#7712 = VERTEX_POINT ( 'NONE', #5861 ) ;
#7713 = EDGE_CURVE ( 'NONE', #111, #172, #5857, .T. ) ;
#7714 = ORIENTED_EDGE ( 'NONE', *, *, #7717, .T. ) ;
#7715 = VERTEX_POINT ( 'NONE', #5848 ) ;
#7716 = ORIENTED_EDGE ( 'NONE', *, *, #7749, .T. ) ;
#7717 = EDGE_CURVE ( 'NONE', #7712, #7710, #5841, .T. ) ;
#7718 = ORIENTED_EDGE ( 'NONE', *, *, #7719, .T. ) ;
#7719 = EDGE_CURVE ( 'NONE', #172, #7712, #5834, .T. ) ;
#7720 = ORIENTED_EDGE ( 'NONE', *, *, #7721, .T. ) ;
#7721 = EDGE_CURVE ( 'NONE', #7711, #7715, #5942, .T. ) ;
#7722 = EDGE_CURVE ( 'NONE', #457, #7727, #5937, .T. ) ;
#7723 = EDGE_LOOP ( 'NONE', ( #7724, #7725, #7726, #7720, #7716, #7758, #7743, #7731, #7734, #7736, #7750, #7745, #7739, #7747, #7754, #7742 ) ) ;
#7724 = ORIENTED_EDGE ( 'NONE', *, *, #431, .T. ) ;
#7725 = ORIENTED_EDGE ( 'NONE', *, *, #7722, .T. ) ;
#7726 = ORIENTED_EDGE ( 'NONE', *, *, #7729, .T. ) ;
#7727 = VERTEX_POINT ( 'NONE', #5931 ) ;
#7728 = ADVANCED_FACE ( 'NONE', ( #5930 ), #5892, .F. ) ;
#7729 = EDGE_CURVE ( 'NONE', #7727, #7711, #6003, .T. ) ;
#7730 = EDGE_CURVE ( 'NONE', #7704, #153, #5994, .T. ) ;
#7731 = ORIENTED_EDGE ( 'NONE', *, *, #7735, .T. ) ;
#7732 = VERTEX_POINT ( 'NONE', #5989 ) ;
#7733 = VERTEX_POINT ( 'NONE', #5986 ) ;
#7734 = ORIENTED_EDGE ( 'NONE', *, *, #7737, .T. ) ;
#7735 = EDGE_CURVE ( 'NONE', #7753, #7732, #5982, .T. ) ;
#7736 = ORIENTED_EDGE ( 'NONE', *, *, #7748, .T. ) ;
#7737 = EDGE_CURVE ( 'NONE', #7732, #7733, #5972, .T. ) ;
#7738 = ORIENTED_EDGE ( 'NONE', *, *, #7746, .F. ) ;
#7739 = ORIENTED_EDGE ( 'NONE', *, *, #476, .T. ) ;
#7740 = ADVANCED_FACE ( 'NONE', ( #5962 ), #6036, .T. ) ;
#7741 = VERTEX_POINT ( 'NONE', #6037 ) ;
#7742 = ORIENTED_EDGE ( 'NONE', *, *, #500, .T. ) ;
#7743 = ORIENTED_EDGE ( 'NONE', *, *, #7757, .T. ) ;
#7744 = EDGE_CURVE ( 'NONE', #7755, #7741, #6025, .T. ) ;
#7745 = ORIENTED_EDGE ( 'NONE', *, *, #7788, .T. ) ;
#7746 = EDGE_CURVE ( 'NONE', #98, #172, #6014, .T. ) ;
#7747 = ORIENTED_EDGE ( 'NONE', *, *, #494, .T. ) ;
#7748 = EDGE_CURVE ( 'NONE', #7733, #190, #6096, .T. ) ;
#7749 = EDGE_CURVE ( 'NONE', #7715, #7755, #6087, .T. ) ;
#7750 = ORIENTED_EDGE ( 'NONE', *, *, #192, .T. ) ;
#7751 = ADVANCED_FACE ( 'NONE', ( #6077 ), #6151, .T. ) ;
#7752 = EDGE_LOOP ( 'NONE', ( #7738, #7770, #7763, #7766 ) ) ;
#7753 = VERTEX_POINT ( 'NONE', #6153 ) ;
#7754 = ORIENTED_EDGE ( 'NONE', *, *, #428, .T. ) ;
#7755 = VERTEX_POINT ( 'NONE', #6143 ) ;
#7756 = ORIENTED_EDGE ( 'NONE', *, *, #7717, .F. ) ;
#7757 = EDGE_CURVE ( 'NONE', #7741, #7753, #6136, .T. ) ;
#7758 = ORIENTED_EDGE ( 'NONE', *, *, #7744, .T. ) ;
#7759 = ORIENTED_EDGE ( 'NONE', *, *, #7746, .T. ) ;
#7760 = EDGE_LOOP ( 'NONE', ( #7759, #7761, #7764, #6 ) ) ;
#7761 = ORIENTED_EDGE ( 'NONE', *, *, #7713, .F. ) ;
#7762 = EDGE_CURVE ( 'NONE', #136, #111, #6123, .T. ) ;
#7763 = ORIENTED_EDGE ( 'NONE', *, *, #7769, .F. ) ;
#7764 = ORIENTED_EDGE ( 'NONE', *, *, #7762, .F. ) ;
#7765 = EDGE_LOOP ( 'NONE', ( #7767, #7771, #7773, #7756 ) ) ;
#7766 = ORIENTED_EDGE ( 'NONE', *, *, #7719, .F. ) ;
#7767 = ORIENTED_EDGE ( 'NONE', *, *, #7769, .T. ) ;
#7768 = ADVANCED_FACE ( 'NONE', ( #6117 ), #6209, .T. ) ;
#7769 = EDGE_CURVE ( 'NONE', #7712, #162, #6210, .T. ) ;
#7770 = ORIENTED_EDGE ( 'NONE', *, *, #179, .F. ) ;
#7771 = ORIENTED_EDGE ( 'NONE', *, *, #134, .F. ) ;
#7772 = EDGE_CURVE ( 'NONE', #7710, #143, #6194, .T. ) ;
#7773 = ORIENTED_EDGE ( 'NONE', *, *, #7772, .F. ) ;
#7774 = EDGE_LOOP ( 'NONE', ( #7775, #7777, #7783, #7776 ) ) ;
#7775 = ORIENTED_EDGE ( 'NONE', *, *, #188, .F. ) ;
#7776 = ORIENTED_EDGE ( 'NONE', *, *, #7697, .F. ) ;
#7777 = ORIENTED_EDGE ( 'NONE', *, *, #119, .F. ) ;
#7778 = EDGE_CURVE ( 'NONE', #111, #121, #6177, .T. ) ;
#7779 = ADVANCED_FACE ( 'NONE', ( #6170 ), #6247, .T. ) ;
#7780 = EDGE_LOOP ( 'NONE', ( #7781, #7782, #22 ) ) ;
#7781 = ORIENTED_EDGE ( 'NONE', *, *, #7762, .T. ) ;
#7782 = ORIENTED_EDGE ( 'NONE', *, *, #7778, .T. ) ;
#7783 = ORIENTED_EDGE ( 'NONE', *, *, #7778, .F. ) ;
#7784 = ADVANCED_FACE ( 'NONE', ( #6249 ), #6297, .T. ) ;
#7785 = ORIENTED_EDGE ( 'NONE', *, *, #479, .T. ) ;
#7786 = ORIENTED_EDGE ( 'NONE', *, *, #7788, .F. ) ;
#7787 = EDGE_LOOP ( 'NONE', ( #131, #118, #99, #117 ) ) ;
#7788 = EDGE_CURVE ( 'NONE', #7662, #477, #6298, .T. ) ;
#7789 = EDGE_LOOP ( 'NONE', ( #7785, #7786, #7661, #7655 ) ) ;
ENDSEC;
END-ISO-10303-21;
