ISO-10303-21;
HEADER;
FILE_DESCRIPTION (( 'STEP AP214' ),
    '1' );
FILE_NAME ('SOIC127P600X175-8N_JEDEC_MS-012AA.STEP',
    '2010-05-10T15:46:19',
    ( '.' ),
    ( '.' ),
    'SwSTEP 2.0',
    'SolidWorks 2008',
    '' );
FILE_SCHEMA (( 'AUTOMOTIVE_DESIGN' ));
ENDSEC;

DATA;
#1 = PRESENTATION_LAYER_ASSIGNMENT (  '', '', ( #2 ) ) ;
#2 = STYLED_ITEM ( 'NONE', ( #3 ), #3900 ) ;
#3 = PRESENTATION_STYLE_ASSIGNMENT (( #4 ) ) ;
#4 = SURFACE_STYLE_USAGE ( .BOTH. , #5 ) ;
#5 = SURFACE_SIDE_STYLE ('',( #6 ) ) ;
#6 = SURFACE_STYLE_FILL_AREA ( #7 ) ;
#7 = FILL_AREA_STYLE ('',( #15 ) ) ;
#8 = COLOUR_RGB ( '',0.8784313725490196000, 0.8784313725490196000, 0.8784313725490196000 ) ;
#9 = FACE_OUTER_BOUND ( 'NONE', #3634, .T. ) ;
#10 = DIRECTION ( 'NONE',  ( 0.0000000000000000000, 0.0000000000000000000, 1.000000000000000000 ) ) ;
#11 = DIRECTION ( 'NONE',  ( 0.0000000000000000000, 1.000000000000000000, -0.0000000000000000000 ) ) ;
#12 = CARTESIAN_POINT ( 'NONE',  ( 2.000000000000000000, 2.109999999999999400, 0.7199651360910145300 ) ) ;
#13 = AXIS2_PLACEMENT_3D ( 'NONE', #12, #11, #10 ) ;
#14 = CIRCLE ( 'NONE', #13, 0.1250348639089858000 ) ;
#15 = FILL_AREA_STYLE_COLOUR ( '', #8 ) ;
#16 = DIRECTION ( 'NONE',  ( 0.0000000000000000000, 0.0000000000000000000, 1.000000000000000000 ) ) ;
#17 = DIRECTION ( 'NONE',  ( 0.0000000000000000000, 1.000000000000000000, -0.0000000000000000000 ) ) ;
#18 = AXIS2_PLACEMENT_3D ( 'NONE', #21, #17, #16 ) ;
#19 = CYLINDRICAL_SURFACE ( 'NONE', #18, 0.2850348639089859100 ) ;
#20 = CARTESIAN_POINT ( 'NONE',  ( 1.999999999999998200, 1.699999999999999700, 1.005000000000000600 ) ) ;
#21 = CARTESIAN_POINT ( 'NONE',  ( 2.000000000000000000, 1.905000000000000000, 0.7199651360910145300 ) ) ;
#22 =( GEOMETRIC_REPRESENTATION_CONTEXT ( 3 ) GLOBAL_UNCERTAINTY_ASSIGNED_CONTEXT ( ( #23 ) ) GLOBAL_UNIT_ASSIGNED_CONTEXT ( ( #26, #25, #24 ) ) REPRESENTATION_CONTEXT ( 'NONE', 'WORKASPACE' ) );
#23 = UNCERTAINTY_MEASURE_WITH_UNIT (LENGTH_MEASURE( 1.000000000000000100E-005 ), #26, 'distance_accuracy_value', 'NONE');
#24 =( NAMED_UNIT ( * ) SI_UNIT ( $, .STERADIAN. ) SOLID_ANGLE_UNIT ( ) );
#25 =( NAMED_UNIT ( * ) PLANE_ANGLE_UNIT ( ) SI_UNIT ( $, .RADIAN. ) );
#26 =( LENGTH_UNIT ( ) NAMED_UNIT ( * ) SI_UNIT ( .MILLI., .METRE. ) );
#27 = MECHANICAL_DESIGN_GEOMETRIC_PRESENTATION_REPRESENTATION (  '', ( #29 ), #22 ) ;
#28 = PRESENTATION_LAYER_ASSIGNMENT (  '', '', ( #29 ) ) ;
#29 = STYLED_ITEM ( 'NONE', ( #30 ), #3895 ) ;
#30 = PRESENTATION_STYLE_ASSIGNMENT (( #31 ) ) ;
#31 = SURFACE_STYLE_USAGE ( .BOTH. , #32 ) ;
#32 = SURFACE_SIDE_STYLE ('',( #33 ) ) ;
#33 = SURFACE_STYLE_FILL_AREA ( #34 ) ;
#34 = FILL_AREA_STYLE ('',( #40 ) ) ;
#35 = COLOUR_RGB ( '',0.8784313725490196000, 0.8784313725490196000, 0.8784313725490196000 ) ;
#36 = FACE_OUTER_BOUND ( 'NONE', #4016, .T. ) ;
#37 = DIRECTION ( 'NONE',  ( -1.000000000000000000, -0.0000000000000000000, -0.0000000000000000000 ) ) ;
#38 = VECTOR ( 'NONE', #37, 1000.000000000000000 ) ;
#39 = CARTESIAN_POINT ( 'NONE',  ( 1.999999999999998200, 1.699999999999999700, 1.005000000000000600 ) ) ;
#40 = FILL_AREA_STYLE_COLOUR ( '', #35 ) ;
#41 = DIRECTION ( 'NONE',  ( -1.000000000000000000, 0.0000000000000000000, -0.0000000000000000000 ) ) ;
#42 = DIRECTION ( 'NONE',  ( 0.0000000000000000000, 0.0000000000000000000, -1.000000000000000000 ) ) ;
#43 = CARTESIAN_POINT ( 'NONE',  ( 1.999999999999998200, 1.699999999999999700, 1.005000000000000600 ) ) ;
#44 = AXIS2_PLACEMENT_3D ( 'NONE', #43, #42, #41 ) ;
#45 = LINE ( 'NONE', #39, #38 ) ;
#46 = PLANE ( 'NONE',  #44 ) ;
#47 =( GEOMETRIC_REPRESENTATION_CONTEXT ( 3 ) GLOBAL_UNCERTAINTY_ASSIGNED_CONTEXT ( ( #48 ) ) GLOBAL_UNIT_ASSIGNED_CONTEXT ( ( #51, #50, #49 ) ) REPRESENTATION_CONTEXT ( 'NONE', 'WORKASPACE' ) );
#48 = UNCERTAINTY_MEASURE_WITH_UNIT (LENGTH_MEASURE( 1.000000000000000100E-005 ), #51, 'distance_accuracy_value', 'NONE');
#49 =( NAMED_UNIT ( * ) SI_UNIT ( $, .STERADIAN. ) SOLID_ANGLE_UNIT ( ) );
#50 =( NAMED_UNIT ( * ) PLANE_ANGLE_UNIT ( ) SI_UNIT ( $, .RADIAN. ) );
#51 =( LENGTH_UNIT ( ) NAMED_UNIT ( * ) SI_UNIT ( .MILLI., .METRE. ) );
#52 = MECHANICAL_DESIGN_GEOMETRIC_PRESENTATION_REPRESENTATION (  '', ( #54 ), #47 ) ;
#53 = PRESENTATION_LAYER_ASSIGNMENT (  '', '', ( #54 ) ) ;
#54 = STYLED_ITEM ( 'NONE', ( #55 ), #3890 ) ;
#55 = PRESENTATION_STYLE_ASSIGNMENT (( #56 ) ) ;
#56 = SURFACE_STYLE_USAGE ( .BOTH. , #57 ) ;
#57 = SURFACE_SIDE_STYLE ('',( #58 ) ) ;
#58 = SURFACE_STYLE_FILL_AREA ( #59 ) ;
#59 = FILL_AREA_STYLE ('',( #69 ) ) ;
#60 = COLOUR_RGB ( '',0.8784313725490196000, 0.8784313725490196000, 0.8784313725490196000 ) ;
#61 = LINE ( 'NONE', #98, #97 ) ;
#62 = DIRECTION ( 'NONE',  ( 0.0000000000000000000, -0.0000000000000000000, -1.000000000000000000 ) ) ;
#63 = DIRECTION ( 'NONE',  ( 0.0000000000000000000, -1.000000000000000000, 0.0000000000000000000 ) ) ;
#64 = CARTESIAN_POINT ( 'NONE',  ( 1.999999999999998700, 2.109999999999999400, 0.8450000000000004200 ) ) ;
#65 = DIRECTION ( 'NONE',  ( 0.0000000000000000000, 0.0000000000000000000, 1.000000000000000000 ) ) ;
#66 = DIRECTION ( 'NONE',  ( 0.0000000000000000000, 1.000000000000000000, -0.0000000000000000000 ) ) ;
#67 = AXIS2_PLACEMENT_3D ( 'NONE', #70, #66, #65 ) ;
#68 = FACE_OUTER_BOUND ( 'NONE', #4006, .T. ) ;
#69 = FILL_AREA_STYLE_COLOUR ( '', #60 ) ;
#70 = CARTESIAN_POINT ( 'NONE',  ( 1.999999999999998700, 1.699999999999999700, 0.8450000000000004200 ) ) ;
#71 = PLANE ( 'NONE',  #67 ) ;
#72 = FACE_OUTER_BOUND ( 'NONE', #3888, .T. ) ;
#73 = DIRECTION ( 'NONE',  ( -0.06975647374411816900, 0.0000000000000000000, -0.9975640502598247500 ) ) ;
#74 = PLANE ( 'NONE',  #75 ) ;
#75 = AXIS2_PLACEMENT_3D ( 'NONE', #64, #63, #62 ) ;
#76 = FACE_OUTER_BOUND ( 'NONE', #3869, .T. ) ;
#77 = DIRECTION ( 'NONE',  ( -1.000000000000000000, -0.0000000000000000000, -0.0000000000000000000 ) ) ;
#78 =( NAMED_UNIT ( * ) SI_UNIT ( $, .STERADIAN. ) SOLID_ANGLE_UNIT ( ) );
#79 =( NAMED_UNIT ( * ) PLANE_ANGLE_UNIT ( ) SI_UNIT ( $, .RADIAN. ) );
#80 =( LENGTH_UNIT ( ) NAMED_UNIT ( * ) SI_UNIT ( .MILLI., .METRE. ) );
#81 = MECHANICAL_DESIGN_GEOMETRIC_PRESENTATION_REPRESENTATION (  '', ( #2 ), #165 ) ;
#82 =( GEOMETRIC_REPRESENTATION_CONTEXT ( 3 ) GLOBAL_UNCERTAINTY_ASSIGNED_CONTEXT ( ( #2955 ) ) GLOBAL_UNIT_ASSIGNED_CONTEXT ( ( #2958, #2957, #2956 ) ) REPRESENTATION_CONTEXT ( 'NONE', 'WORKASPACE' ) );
#83 = DIRECTION ( 'NONE',  ( 0.0000000000000000000, -1.000000000000000000, 0.0000000000000000000 ) ) ;
#84 = VECTOR ( 'NONE', #83, 1000.000000000000000 ) ;
#85 = CARTESIAN_POINT ( 'NONE',  ( 3.011171579056634700, 0.6349999999999999000, 0.1597610236494196300 ) ) ;
#86 = VECTOR ( 'NONE', #77, 1000.000000000000000 ) ;
#87 = CARTESIAN_POINT ( 'NONE',  ( 1.999999999999998700, 1.699999999999999700, 0.8450000000000004200 ) ) ;
#88 = LINE ( 'NONE', #87, #86 ) ;
#89 = CARTESIAN_POINT ( 'NONE',  ( 2.399999999999999900, -2.110000000000000300, 0.04195608716610197500 ) ) ;
#90 = PLANE ( 'NONE',  #92 ) ;
#91 = CARTESIAN_POINT ( 'NONE',  ( 2.423295732169007600, 0.6349999999999999000, 0.2008693074408584600 ) ) ;
#92 = AXIS2_PLACEMENT_3D ( 'NONE', #91, #185, #184 ) ;
#93 = VECTOR ( 'NONE', #73, 1000.000000000000100 ) ;
#94 = CARTESIAN_POINT ( 'NONE',  ( 3.010462538693471100, 1.699999999999999700, 0.1496212740532759700 ) ) ;
#95 = LINE ( 'NONE', #94, #93 ) ;
#96 = DIRECTION ( 'NONE',  ( -1.000000000000000000, -0.0000000000000000000, -0.0000000000000000000 ) ) ;
#97 = VECTOR ( 'NONE', #96, 1000.000000000000000 ) ;
#98 = CARTESIAN_POINT ( 'NONE',  ( 1.999999999999998200, 2.109999999999999400, 1.005000000000000600 ) ) ;
#99 = DIRECTION ( 'NONE',  ( 0.0000000000000000000, 1.000000000000000000, 0.0000000000000000000 ) ) ;
#100 = VECTOR ( 'NONE', #99, 1000.000000000000000 ) ;
#101 = CARTESIAN_POINT ( 'NONE',  ( 1.999999999999998700, 0.4299999999999996000, 0.8450000000000004200 ) ) ;
#102 = LINE ( 'NONE', #101, #100 ) ;
#103 = FILL_AREA_STYLE_COLOUR ( '', #182 ) ;
#104 = CARTESIAN_POINT ( 'NONE',  ( 1.999999999999998700, 0.4299999999999996000, 0.8450000000000004200 ) ) ;
#105 = DIRECTION ( 'NONE',  ( 0.0000000000000000000, 0.0000000000000000000, 1.000000000000000000 ) ) ;
#106 = DIRECTION ( 'NONE',  ( 0.0000000000000000000, 1.000000000000000000, -0.0000000000000000000 ) ) ;
#107 = CARTESIAN_POINT ( 'NONE',  ( 2.000000000000000000, 0.4299999999999996000, 0.7199651360910145300 ) ) ;
#108 = AXIS2_PLACEMENT_3D ( 'NONE', #107, #106, #105 ) ;
#109 = CIRCLE ( 'NONE', #108, 0.1250348639089858000 ) ;
#110 = CARTESIAN_POINT ( 'NONE',  ( 1.999999999999998700, 0.8399999999999994100, 0.8450000000000004200 ) ) ;
#111 = CARTESIAN_POINT ( 'NONE',  ( 3.011171579056634700, 0.4299999999999996000, 0.1597610236494196300 ) ) ;
#112 = CARTESIAN_POINT ( 'NONE',  ( 3.011171579056634700, 0.8399999999999994100, 0.1597610236494197700 ) ) ;
#113 = DIRECTION ( 'NONE',  ( -1.000000000000000000, -0.0000000000000000000, -0.0000000000000000000 ) ) ;
#114 = VECTOR ( 'NONE', #113, 1000.000000000000000 ) ;
#115 = CARTESIAN_POINT ( 'NONE',  ( 1.999999999999998200, 0.8399999999999994100, 1.005000000000000600 ) ) ;
#116 = LINE ( 'NONE', #115, #114 ) ;
#117 = CARTESIAN_POINT ( 'NONE',  ( 2.423295732169007600, 0.4299999999999996000, 0.2008693074408584600 ) ) ;
#118 = DIRECTION ( 'NONE',  ( 0.0000000000000000000, 1.000000000000000000, 0.0000000000000000000 ) ) ;
#119 = VECTOR ( 'NONE', #118, 1000.000000000000000 ) ;
#120 = CARTESIAN_POINT ( 'NONE',  ( 2.423295732169007600, 0.6349999999999999000, 0.2008693074408584600 ) ) ;
#121 = LINE ( 'NONE', #120, #119 ) ;
#122 = CARTESIAN_POINT ( 'NONE',  ( 2.357107326951332700, 0.8399999999999994100, 0.2772240449449662200 ) ) ;
#123 = DIRECTION ( 'NONE',  ( 0.0000000000000000000, 0.0000000000000000000, -1.000000000000000000 ) ) ;
#124 = DIRECTION ( 'NONE',  ( -0.0000000000000000000, -1.000000000000000000, -0.0000000000000000000 ) ) ;
#125 = CARTESIAN_POINT ( 'NONE',  ( 2.457460150826093600, 0.8399999999999994100, 0.2973500771900227100 ) ) ;
#126 = AXIS2_PLACEMENT_3D ( 'NONE', #125, #124, #123 ) ;
#127 = CIRCLE ( 'NONE', #126, 0.1023510939539381400 ) ;
#128 = CARTESIAN_POINT ( 'NONE',  ( 2.357107326951332700, 0.4299999999999996000, 0.2772240449449658900 ) ) ;
#129 = CARTESIAN_POINT ( 'NONE',  ( 2.115913409923405800, 0.4299999999999996000, 0.7668458207347690300 ) ) ;
#130 = DIRECTION ( 'NONE',  ( 0.1605805316733572300, 0.0000000000000000000, -0.9870227418086686700 ) ) ;
#131 = VECTOR ( 'NONE', #130, 1000.000000000000100 ) ;
#132 = CARTESIAN_POINT ( 'NONE',  ( 2.115913409923405800, 0.4299999999999996000, 0.7668458207347690300 ) ) ;
#133 = LINE ( 'NONE', #132, #131 ) ;
#134 = CARTESIAN_POINT ( 'NONE',  ( 2.357107326951332700, 1.699999999999999500, 0.2772240449449658900 ) ) ;
#135 = DIRECTION ( 'NONE',  ( 0.0000000000000000000, -1.000000000000000000, 0.0000000000000000000 ) ) ;
#136 = VECTOR ( 'NONE', #135, 1000.000000000000000 ) ;
#137 = CARTESIAN_POINT ( 'NONE',  ( 2.357107326951332700, 1.905000000000000000, 0.2772240449449658900 ) ) ;
#138 = LINE ( 'NONE', #137, #136 ) ;
#139 = CARTESIAN_POINT ( 'NONE',  ( 2.357107326951332700, 2.109999999999999400, 0.2772240449449662200 ) ) ;
#140 = DIRECTION ( 'NONE',  ( 0.0000000000000000000, 0.0000000000000000000, 1.000000000000000000 ) ) ;
#141 = DIRECTION ( 'NONE',  ( 0.0000000000000000000, 1.000000000000000000, -0.0000000000000000000 ) ) ;
#142 = CARTESIAN_POINT ( 'NONE',  ( 2.000000000000000000, 0.4299999999999996000, 0.7199651360910145300 ) ) ;
#143 = AXIS2_PLACEMENT_3D ( 'NONE', #142, #141, #140 ) ;
#144 = CIRCLE ( 'NONE', #1245, 0.1023510939539382000 ) ;
#145 = DIRECTION ( 'NONE',  ( 0.0000000000000000000, 0.0000000000000000000, 1.000000000000000000 ) ) ;
#146 = DIRECTION ( 'NONE',  ( 0.0000000000000000000, 1.000000000000000000, -0.0000000000000000000 ) ) ;
#147 = AXIS2_PLACEMENT_3D ( 'NONE', #168, #146, #145 ) ;
#148 = CYLINDRICAL_SURFACE ( 'NONE', #147, 0.2850348639089859100 ) ;
#149 = CIRCLE ( 'NONE', #143, 0.2850348639089859100 ) ;
#150 = DIRECTION ( 'NONE',  ( 0.0000000000000000000, 0.0000000000000000000, -1.000000000000000000 ) ) ;
#151 = DIRECTION ( 'NONE',  ( -0.0000000000000000000, -1.000000000000000000, -0.0000000000000000000 ) ) ;
#152 = CARTESIAN_POINT ( 'NONE',  ( 2.457460150826093600, 2.109999999999999400, 0.2973500771900227100 ) ) ;
#153 = AXIS2_PLACEMENT_3D ( 'NONE', #152, #151, #150 ) ;
#154 = CIRCLE ( 'NONE', #153, 0.1023510939539381400 ) ;
#155 = DIRECTION ( 'NONE',  ( 0.0000000000000000000, 0.0000000000000000000, -1.000000000000000000 ) ) ;
#156 = DIRECTION ( 'NONE',  ( -0.0000000000000000000, -1.000000000000000000, -0.0000000000000000000 ) ) ;
#157 = CARTESIAN_POINT ( 'NONE',  ( 2.457460150826093600, 1.699999999999999500, 0.2973500771900227100 ) ) ;
#158 = AXIS2_PLACEMENT_3D ( 'NONE', #157, #156, #155 ) ;
#159 = DIRECTION ( 'NONE',  ( 0.0000000000000000000, 0.0000000000000000000, -1.000000000000000000 ) ) ;
#160 = DIRECTION ( 'NONE',  ( -0.0000000000000000000, -1.000000000000000000, -0.0000000000000000000 ) ) ;
#161 = AXIS2_PLACEMENT_3D ( 'NONE', #164, #160, #159 ) ;
#162 = CYLINDRICAL_SURFACE ( 'NONE', #161, 0.1023510939539382000 ) ;
#163 = CIRCLE ( 'NONE', #158, 0.1023510939539382200 ) ;
#164 = CARTESIAN_POINT ( 'NONE',  ( 2.457460150826093600, 1.905000000000000000, 0.2973500771900227100 ) ) ;
#165 =( GEOMETRIC_REPRESENTATION_CONTEXT ( 3 ) GLOBAL_UNCERTAINTY_ASSIGNED_CONTEXT ( ( #166 ) ) GLOBAL_UNIT_ASSIGNED_CONTEXT ( ( #80, #79, #78 ) ) REPRESENTATION_CONTEXT ( 'NONE', 'WORKASPACE' ) );
#166 = UNCERTAINTY_MEASURE_WITH_UNIT (LENGTH_MEASURE( 1.000000000000000100E-005 ), #80, 'distance_accuracy_value', 'NONE');
#167 = LINE ( 'NONE', #85, #84 ) ;
#168 = CARTESIAN_POINT ( 'NONE',  ( 2.000000000000000000, 0.6349999999999999000, 0.7199651360910145300 ) ) ;
#169 =( GEOMETRIC_REPRESENTATION_CONTEXT ( 3 ) GLOBAL_UNCERTAINTY_ASSIGNED_CONTEXT ( ( #170 ) ) GLOBAL_UNIT_ASSIGNED_CONTEXT ( ( #173, #172, #171 ) ) REPRESENTATION_CONTEXT ( 'NONE', 'WORKASPACE' ) );
#170 = UNCERTAINTY_MEASURE_WITH_UNIT (LENGTH_MEASURE( 1.000000000000000100E-005 ), #173, 'distance_accuracy_value', 'NONE');
#171 =( NAMED_UNIT ( * ) SI_UNIT ( $, .STERADIAN. ) SOLID_ANGLE_UNIT ( ) );
#172 =( NAMED_UNIT ( * ) PLANE_ANGLE_UNIT ( ) SI_UNIT ( $, .RADIAN. ) );
#173 =( LENGTH_UNIT ( ) NAMED_UNIT ( * ) SI_UNIT ( .MILLI., .METRE. ) );
#174 = MECHANICAL_DESIGN_GEOMETRIC_PRESENTATION_REPRESENTATION (  '', ( #176 ), #169 ) ;
#175 = PRESENTATION_LAYER_ASSIGNMENT (  '', '', ( #176 ) ) ;
#176 = STYLED_ITEM ( 'NONE', ( #177 ), #3937 ) ;
#177 = PRESENTATION_STYLE_ASSIGNMENT (( #178 ) ) ;
#178 = SURFACE_STYLE_USAGE ( .BOTH. , #179 ) ;
#179 = SURFACE_SIDE_STYLE ('',( #180 ) ) ;
#180 = SURFACE_STYLE_FILL_AREA ( #181 ) ;
#181 = FILL_AREA_STYLE ('',( #103 ) ) ;
#182 = COLOUR_RGB ( '',0.8784313725490196000, 0.8784313725490196000, 0.8784313725490196000 ) ;
#183 = FACE_OUTER_BOUND ( 'NONE', #3938, .T. ) ;
#184 = DIRECTION ( 'NONE',  ( -0.9975640502598247500, 0.0000000000000000000, 0.06975647374411819700 ) ) ;
#185 = DIRECTION ( 'NONE',  ( -0.06975647374411819700, 0.0000000000000000000, -0.9975640502598247500 ) ) ;
#186 = COLOUR_RGB ( '',0.8784313725490196000, 0.8784313725490196000, 0.8784313725490196000 ) ;
#187 = FACE_OUTER_BOUND ( 'NONE', #3980, .T. ) ;
#188 = DIRECTION ( 'NONE',  ( 0.1605805316733572300, 0.0000000000000000000, -0.9870227418086686700 ) ) ;
#189 = VECTOR ( 'NONE', #188, 1000.000000000000100 ) ;
#190 = CARTESIAN_POINT ( 'NONE',  ( 2.270417144850321200, 0.4299999999999996000, 0.8100730792182139200 ) ) ;
#191 = FILL_AREA_STYLE_COLOUR ( '', #186 ) ;
#192 = DIRECTION ( 'NONE',  ( 0.0000000000000000000, 1.000000000000000000, -0.0000000000000000000 ) ) ;
#193 = CARTESIAN_POINT ( 'NONE',  ( 2.270417144850321200, 0.6349999999999999000, 0.8100730792182139200 ) ) ;
#194 = LINE ( 'NONE', #193, #400 ) ;
#195 = CARTESIAN_POINT ( 'NONE',  ( 2.270417144850321200, 0.8399999999999994100, 0.8100730792182140300 ) ) ;
#196 = DIRECTION ( 'NONE',  ( 0.1605805316733572300, 0.0000000000000000000, -0.9870227418086686700 ) ) ;
#197 = VECTOR ( 'NONE', #196, 1000.000000000000100 ) ;
#198 = CARTESIAN_POINT ( 'NONE',  ( 2.270417144850321200, 0.8399999999999994100, 0.8100730792182140300 ) ) ;
#199 = DIRECTION ( 'NONE',  ( -0.1605805316733572300, 0.0000000000000000000, 0.9870227418086686700 ) ) ;
#200 = DIRECTION ( 'NONE',  ( -0.9870227418086687800, 0.0000000000000000000, -0.1605805316733572600 ) ) ;
#201 = MECHANICAL_DESIGN_GEOMETRIC_PRESENTATION_REPRESENTATION (  '', ( #203 ), #283 ) ;
#202 = PRESENTATION_LAYER_ASSIGNMENT (  '', '', ( #203 ) ) ;
#203 = STYLED_ITEM ( 'NONE', ( #204 ), #3971 ) ;
#204 = PRESENTATION_STYLE_ASSIGNMENT (( #205 ) ) ;
#205 = SURFACE_STYLE_USAGE ( .BOTH. , #206 ) ;
#206 = SURFACE_SIDE_STYLE ('',( #207 ) ) ;
#207 = SURFACE_STYLE_FILL_AREA ( #208 ) ;
#208 = FILL_AREA_STYLE ('',( #215 ) ) ;
#209 = COLOUR_RGB ( '',0.8784313725490196000, 0.8784313725490196000, 0.8784313725490196000 ) ;
#210 = FACE_OUTER_BOUND ( 'NONE', #3972, .T. ) ;
#211 = DIRECTION ( 'NONE',  ( 0.1605805316733572300, 0.0000000000000000000, -0.9870227418086686700 ) ) ;
#212 = VECTOR ( 'NONE', #211, 1000.000000000000100 ) ;
#213 = CARTESIAN_POINT ( 'NONE',  ( 2.115913409923405800, 0.8399999999999994100, 0.7668458207347690300 ) ) ;
#214 = LINE ( 'NONE', #213, #212 ) ;
#215 = FILL_AREA_STYLE_COLOUR ( '', #209 ) ;
#216 = CARTESIAN_POINT ( 'NONE',  ( 2.115913409923405800, 0.8399999999999994100, 0.7668458207347690300 ) ) ;
#217 = DIRECTION ( 'NONE',  ( -0.0000000000000000000, -1.000000000000000000, 0.0000000000000000000 ) ) ;
#218 = VECTOR ( 'NONE', #217, 1000.000000000000000 ) ;
#219 = CARTESIAN_POINT ( 'NONE',  ( 2.115913409923405800, 0.6349999999999999000, 0.7668458207347689200 ) ) ;
#220 = LINE ( 'NONE', #219, #218 ) ;
#221 = MECHANICAL_DESIGN_GEOMETRIC_PRESENTATION_REPRESENTATION (  '', ( #223 ), #372 ) ;
#222 = PRESENTATION_LAYER_ASSIGNMENT (  '', '', ( #223 ) ) ;
#223 = STYLED_ITEM ( 'NONE', ( #224 ), #3947 ) ;
#224 = PRESENTATION_STYLE_ASSIGNMENT (( #225 ) ) ;
#225 = SURFACE_STYLE_USAGE ( .BOTH. , #226 ) ;
#226 = SURFACE_SIDE_STYLE ('',( #227 ) ) ;
#227 = SURFACE_STYLE_FILL_AREA ( #228 ) ;
#228 = FILL_AREA_STYLE ('',( #191 ) ) ;
#229 = CARTESIAN_POINT ( 'NONE',  ( 2.200000000000000200, 2.109999999999999400, 0.2500000000000000000 ) ) ;
#230 = DIRECTION ( 'NONE',  ( 0.0000000000000000000, 0.0000000000000000000, -1.000000000000000000 ) ) ;
#231 = DIRECTION ( 'NONE',  ( -0.0000000000000000000, -1.000000000000000000, -0.0000000000000000000 ) ) ;
#232 = CARTESIAN_POINT ( 'NONE',  ( 2.457460150826093600, 2.109999999999999400, 0.2973500771900227100 ) ) ;
#233 = AXIS2_PLACEMENT_3D ( 'NONE', #232, #231, #230 ) ;
#234 = DIRECTION ( 'NONE',  ( 1.000000000000000000, 0.0000000000000000000, -0.0000000000000000000 ) ) ;
#235 = DIRECTION ( 'NONE',  ( 0.0000000000000000000, 0.0000000000000000000, 1.000000000000000000 ) ) ;
#236 = CARTESIAN_POINT ( 'NONE',  ( 1.999999999999998700, 1.699999999999999700, 0.8450000000000004200 ) ) ;
#237 = AXIS2_PLACEMENT_3D ( 'NONE', #236, #235, #234 ) ;
#238 = CIRCLE ( 'NONE', #233, 0.2617780721781255400 ) ;
#239 = PLANE ( 'NONE',  #237 ) ;
#240 =( NAMED_UNIT ( * ) SI_UNIT ( $, .STERADIAN. ) SOLID_ANGLE_UNIT ( ) );
#241 =( NAMED_UNIT ( * ) PLANE_ANGLE_UNIT ( ) SI_UNIT ( $, .RADIAN. ) );
#242 =( LENGTH_UNIT ( ) NAMED_UNIT ( * ) SI_UNIT ( .MILLI., .METRE. ) );
#243 =( GEOMETRIC_REPRESENTATION_CONTEXT ( 3 ) GLOBAL_UNCERTAINTY_ASSIGNED_CONTEXT ( ( #244 ) ) GLOBAL_UNIT_ASSIGNED_CONTEXT ( ( #247, #246, #245 ) ) REPRESENTATION_CONTEXT ( 'NONE', 'WORKASPACE' ) );
#244 = UNCERTAINTY_MEASURE_WITH_UNIT (LENGTH_MEASURE( 1.000000000000000100E-005 ), #247, 'distance_accuracy_value', 'NONE');
#245 =( NAMED_UNIT ( * ) SI_UNIT ( $, .STERADIAN. ) SOLID_ANGLE_UNIT ( ) );
#246 =( NAMED_UNIT ( * ) PLANE_ANGLE_UNIT ( ) SI_UNIT ( $, .RADIAN. ) );
#247 =( LENGTH_UNIT ( ) NAMED_UNIT ( * ) SI_UNIT ( .MILLI., .METRE. ) );
#248 = MECHANICAL_DESIGN_GEOMETRIC_PRESENTATION_REPRESENTATION (  '', ( #250 ), #243 ) ;
#249 = PRESENTATION_LAYER_ASSIGNMENT (  '', '', ( #250 ) ) ;
#250 = STYLED_ITEM ( 'NONE', ( #251 ), #3961 ) ;
#251 = PRESENTATION_STYLE_ASSIGNMENT (( #252 ) ) ;
#252 = SURFACE_STYLE_USAGE ( .BOTH. , #253 ) ;
#253 = SURFACE_SIDE_STYLE ('',( #254 ) ) ;
#254 = SURFACE_STYLE_FILL_AREA ( #255 ) ;
#255 = FILL_AREA_STYLE ('',( #262 ) ) ;
#256 = COLOUR_RGB ( '',0.8784313725490196000, 0.8784313725490196000, 0.8784313725490196000 ) ;
#257 = FACE_OUTER_BOUND ( 'NONE', #3848, .T. ) ;
#258 = DIRECTION ( 'NONE',  ( 0.0000000000000000000, -1.000000000000000000, -0.0000000000000000000 ) ) ;
#259 = VECTOR ( 'NONE', #258, 1000.000000000000000 ) ;
#260 = CARTESIAN_POINT ( 'NONE',  ( 1.999999999999998200, 1.699999999999999700, 1.005000000000000600 ) ) ;
#261 = LINE ( 'NONE', #260, #259 ) ;
#262 = FILL_AREA_STYLE_COLOUR ( '', #256 ) ;
#263 = CARTESIAN_POINT ( 'NONE',  ( 1.999999999999998200, 2.109999999999999400, 1.005000000000000600 ) ) ;
#264 = DIRECTION ( 'NONE',  ( 0.0000000000000000000, 0.0000000000000000000, 1.000000000000000000 ) ) ;
#265 = DIRECTION ( 'NONE',  ( 0.0000000000000000000, 1.000000000000000000, -0.0000000000000000000 ) ) ;
#266 = CARTESIAN_POINT ( 'NONE',  ( 2.000000000000000000, 2.109999999999999400, 0.7199651360910145300 ) ) ;
#267 = AXIS2_PLACEMENT_3D ( 'NONE', #266, #265, #264 ) ;
#268 = CIRCLE ( 'NONE', #267, 0.2850348639089859100 ) ;
#269 = DIRECTION ( 'NONE',  ( 0.0000000000000000000, 0.0000000000000000000, 1.000000000000000000 ) ) ;
#270 = DIRECTION ( 'NONE',  ( 0.0000000000000000000, 1.000000000000000000, -0.0000000000000000000 ) ) ;
#271 = CARTESIAN_POINT ( 'NONE',  ( 2.000000000000000000, 1.699999999999999700, 0.7199651360910145300 ) ) ;
#272 = AXIS2_PLACEMENT_3D ( 'NONE', #271, #270, #269 ) ;
#273 = CIRCLE ( 'NONE', #272, 0.2850348639089859100 ) ;
#274 = DIRECTION ( 'NONE',  ( 0.0000000000000000000, 0.0000000000000000000, -1.000000000000000000 ) ) ;
#275 = DIRECTION ( 'NONE',  ( -0.0000000000000000000, -1.000000000000000000, -0.0000000000000000000 ) ) ;
#276 = CARTESIAN_POINT ( 'NONE',  ( 2.457460150826093600, 0.4299999999999996000, 0.2973500771900227100 ) ) ;
#277 = AXIS2_PLACEMENT_3D ( 'NONE', #276, #275, #274 ) ;
#278 = CIRCLE ( 'NONE', #277, 0.1023510939539382200 ) ;
#279 = CARTESIAN_POINT ( 'NONE',  ( 2.270417144850321200, 0.6349999999999999000, 0.8100730792182139200 ) ) ;
#280 = AXIS2_PLACEMENT_3D ( 'NONE', #279, #200, #199 ) ;
#281 = LINE ( 'NONE', #198, #197 ) ;
#282 = PLANE ( 'NONE',  #280 ) ;
#283 =( GEOMETRIC_REPRESENTATION_CONTEXT ( 3 ) GLOBAL_UNCERTAINTY_ASSIGNED_CONTEXT ( ( #284 ) ) GLOBAL_UNIT_ASSIGNED_CONTEXT ( ( #287, #286, #285 ) ) REPRESENTATION_CONTEXT ( 'NONE', 'WORKASPACE' ) );
#284 = UNCERTAINTY_MEASURE_WITH_UNIT (LENGTH_MEASURE( 1.000000000000000100E-005 ), #287, 'distance_accuracy_value', 'NONE');
#285 =( NAMED_UNIT ( * ) SI_UNIT ( $, .STERADIAN. ) SOLID_ANGLE_UNIT ( ) );
#286 =( NAMED_UNIT ( * ) PLANE_ANGLE_UNIT ( ) SI_UNIT ( $, .RADIAN. ) );
#287 =( LENGTH_UNIT ( ) NAMED_UNIT ( * ) SI_UNIT ( .MILLI., .METRE. ) );
#288 = DIRECTION ( 'NONE',  ( 0.0000000000000000000, 0.0000000000000000000, -1.000000000000000000 ) ) ;
#289 = DIRECTION ( 'NONE',  ( -0.0000000000000000000, -1.000000000000000000, -0.0000000000000000000 ) ) ;
#290 = AXIS2_PLACEMENT_3D ( 'NONE', #292, #289, #288 ) ;
#291 = CYLINDRICAL_SURFACE ( 'NONE', #290, 0.1023510939539382000 ) ;
#292 = CARTESIAN_POINT ( 'NONE',  ( 2.457460150826093600, 0.6349999999999999000, 0.2973500771900227100 ) ) ;
#293 =( GEOMETRIC_REPRESENTATION_CONTEXT ( 3 ) GLOBAL_UNCERTAINTY_ASSIGNED_CONTEXT ( ( #347 ) ) GLOBAL_UNIT_ASSIGNED_CONTEXT ( ( #350, #349, #348 ) ) REPRESENTATION_CONTEXT ( 'NONE', 'WORKASPACE' ) );
#294 = AXIS2_PLACEMENT_3D ( 'NONE', #296, #346, #345 ) ;
#295 = CYLINDRICAL_SURFACE ( 'NONE', #294, 0.2617780721781255400 ) ;
#296 = CARTESIAN_POINT ( 'NONE',  ( 2.457460150826093600, 1.905000000000000000, 0.2973500771900227100 ) ) ;
#297 =( GEOMETRIC_REPRESENTATION_CONTEXT ( 3 ) GLOBAL_UNCERTAINTY_ASSIGNED_CONTEXT ( ( #298 ) ) GLOBAL_UNIT_ASSIGNED_CONTEXT ( ( #301, #300, #299 ) ) REPRESENTATION_CONTEXT ( 'NONE', 'WORKASPACE' ) );
#298 = UNCERTAINTY_MEASURE_WITH_UNIT (LENGTH_MEASURE( 1.000000000000000100E-005 ), #301, 'distance_accuracy_value', 'NONE');
#299 =( NAMED_UNIT ( * ) SI_UNIT ( $, .STERADIAN. ) SOLID_ANGLE_UNIT ( ) );
#300 =( NAMED_UNIT ( * ) PLANE_ANGLE_UNIT ( ) SI_UNIT ( $, .RADIAN. ) );
#301 =( LENGTH_UNIT ( ) NAMED_UNIT ( * ) SI_UNIT ( .MILLI., .METRE. ) );
#302 = MECHANICAL_DESIGN_GEOMETRIC_PRESENTATION_REPRESENTATION (  '', ( #304 ), #297 ) ;
#303 = PRESENTATION_LAYER_ASSIGNMENT (  '', '', ( #304 ) ) ;
#304 = STYLED_ITEM ( 'NONE', ( #305 ), #3987 ) ;
#305 = PRESENTATION_STYLE_ASSIGNMENT (( #306 ) ) ;
#306 = SURFACE_STYLE_USAGE ( .BOTH. , #307 ) ;
#307 = SURFACE_SIDE_STYLE ('',( #308 ) ) ;
#308 = SURFACE_STYLE_FILL_AREA ( #309 ) ;
#309 = FILL_AREA_STYLE ('',( #315 ) ) ;
#310 = COLOUR_RGB ( '',0.8784313725490196000, 0.8784313725490196000, 0.8784313725490196000 ) ;
#311 = FACE_OUTER_BOUND ( 'NONE', #3963, .T. ) ;
#312 = DIRECTION ( 'NONE',  ( 0.1605805316733572300, 0.0000000000000000000, -0.9870227418086686700 ) ) ;
#313 = VECTOR ( 'NONE', #312, 1000.000000000000100 ) ;
#314 = CARTESIAN_POINT ( 'NONE',  ( 2.115913409923405800, 1.699999999999999700, 0.7668458207347690300 ) ) ;
#315 = FILL_AREA_STYLE_COLOUR ( '', #310 ) ;
#316 = LINE ( 'NONE', #314, #313 ) ;
#317 = DIRECTION ( 'NONE',  ( 0.0000000000000000000, 1.000000000000000000, 0.0000000000000000000 ) ) ;
#318 = VECTOR ( 'NONE', #317, 1000.000000000000000 ) ;
#319 = CARTESIAN_POINT ( 'NONE',  ( 2.200000000000000200, 1.905000000000000000, 0.2500000000000000000 ) ) ;
#320 = LINE ( 'NONE', #319, #318 ) ;
#321 = CARTESIAN_POINT ( 'NONE',  ( 1.999999999999998200, 0.8399999999999994100, 1.005000000000000600 ) ) ;
#322 = CARTESIAN_POINT ( 'NONE',  ( 1.999999999999998200, 0.4299999999999996000, 1.005000000000000600 ) ) ;
#323 = LINE ( 'NONE', #190, #189 ) ;
#324 = LINE ( 'NONE', #841, #836 ) ;
#325 =( GEOMETRIC_REPRESENTATION_CONTEXT ( 3 ) GLOBAL_UNCERTAINTY_ASSIGNED_CONTEXT ( ( #326 ) ) GLOBAL_UNIT_ASSIGNED_CONTEXT ( ( #329, #328, #327 ) ) REPRESENTATION_CONTEXT ( 'NONE', 'WORKASPACE' ) );
#326 = UNCERTAINTY_MEASURE_WITH_UNIT (LENGTH_MEASURE( 1.000000000000000100E-005 ), #329, 'distance_accuracy_value', 'NONE');
#327 =( NAMED_UNIT ( * ) SI_UNIT ( $, .STERADIAN. ) SOLID_ANGLE_UNIT ( ) );
#328 =( NAMED_UNIT ( * ) PLANE_ANGLE_UNIT ( ) SI_UNIT ( $, .RADIAN. ) );
#329 =( LENGTH_UNIT ( ) NAMED_UNIT ( * ) SI_UNIT ( .MILLI., .METRE. ) );
#330 = MECHANICAL_DESIGN_GEOMETRIC_PRESENTATION_REPRESENTATION (  '', ( #332 ), #325 ) ;
#331 = PRESENTATION_LAYER_ASSIGNMENT (  '', '', ( #332 ) ) ;
#332 = STYLED_ITEM ( 'NONE', ( #333 ), #3990 ) ;
#333 = PRESENTATION_STYLE_ASSIGNMENT (( #334 ) ) ;
#334 = SURFACE_STYLE_USAGE ( .BOTH. , #335 ) ;
#335 = SURFACE_SIDE_STYLE ('',( #336 ) ) ;
#336 = SURFACE_STYLE_FILL_AREA ( #337 ) ;
#337 = FILL_AREA_STYLE ('',( #344 ) ) ;
#338 = COLOUR_RGB ( '',0.8784313725490196000, 0.8784313725490196000, 0.8784313725490196000 ) ;
#339 = FACE_OUTER_BOUND ( 'NONE', #3991, .T. ) ;
#340 = DIRECTION ( 'NONE',  ( 0.9975640502598247500, 0.0000000000000000000, -0.06975647374411819700 ) ) ;
#341 = VECTOR ( 'NONE', #340, 1000.000000000000000 ) ;
#342 = CARTESIAN_POINT ( 'NONE',  ( 2.423295732169007600, 0.4299999999999996000, 0.2008693074408584600 ) ) ;
#343 = LINE ( 'NONE', #342, #341 ) ;
#344 = FILL_AREA_STYLE_COLOUR ( '', #338 ) ;
#345 = DIRECTION ( 'NONE',  ( 0.0000000000000000000, 0.0000000000000000000, -1.000000000000000000 ) ) ;
#346 = DIRECTION ( 'NONE',  ( -0.0000000000000000000, -1.000000000000000000, -0.0000000000000000000 ) ) ;
#347 = UNCERTAINTY_MEASURE_WITH_UNIT (LENGTH_MEASURE( 1.000000000000000100E-005 ), #350, 'distance_accuracy_value', 'NONE');
#348 =( NAMED_UNIT ( * ) SI_UNIT ( $, .STERADIAN. ) SOLID_ANGLE_UNIT ( ) );
#349 =( NAMED_UNIT ( * ) PLANE_ANGLE_UNIT ( ) SI_UNIT ( $, .RADIAN. ) );
#350 =( LENGTH_UNIT ( ) NAMED_UNIT ( * ) SI_UNIT ( .MILLI., .METRE. ) );
#351 = MECHANICAL_DESIGN_GEOMETRIC_PRESENTATION_REPRESENTATION (  '', ( #353 ), #293 ) ;
#352 = PRESENTATION_LAYER_ASSIGNMENT (  '', '', ( #353 ) ) ;
#353 = STYLED_ITEM ( 'NONE', ( #354 ), #3950 ) ;
#354 = PRESENTATION_STYLE_ASSIGNMENT (( #355 ) ) ;
#355 = SURFACE_STYLE_USAGE ( .BOTH. , #356 ) ;
#356 = SURFACE_SIDE_STYLE ('',( #357 ) ) ;
#357 = SURFACE_STYLE_FILL_AREA ( #358 ) ;
#358 = FILL_AREA_STYLE ('',( #365 ) ) ;
#359 = COLOUR_RGB ( '',0.8784313725490196000, 0.8784313725490196000, 0.8784313725490196000 ) ;
#360 = FACE_OUTER_BOUND ( 'NONE', #3844, .T. ) ;
#361 = DIRECTION ( 'NONE',  ( 0.0000000000000000000, 0.0000000000000000000, 1.000000000000000000 ) ) ;
#362 = DIRECTION ( 'NONE',  ( 0.0000000000000000000, 1.000000000000000000, -0.0000000000000000000 ) ) ;
#363 = CARTESIAN_POINT ( 'NONE',  ( 2.000000000000000000, 0.8399999999999994100, 0.7199651360910145300 ) ) ;
#364 = AXIS2_PLACEMENT_3D ( 'NONE', #363, #362, #361 ) ;
#365 = FILL_AREA_STYLE_COLOUR ( '', #359 ) ;
#366 = DIRECTION ( 'NONE',  ( 0.0000000000000000000, 0.0000000000000000000, 1.000000000000000000 ) ) ;
#367 = DIRECTION ( 'NONE',  ( 0.0000000000000000000, 1.000000000000000000, -0.0000000000000000000 ) ) ;
#368 = AXIS2_PLACEMENT_3D ( 'NONE', #371, #367, #366 ) ;
#369 = CYLINDRICAL_SURFACE ( 'NONE', #368, 0.1250348639089858000 ) ;
#370 = CIRCLE ( 'NONE', #364, 0.1250348639089858000 ) ;
#371 = CARTESIAN_POINT ( 'NONE',  ( 2.000000000000000000, 0.6349999999999999000, 0.7199651360910145300 ) ) ;
#372 =( GEOMETRIC_REPRESENTATION_CONTEXT ( 3 ) GLOBAL_UNCERTAINTY_ASSIGNED_CONTEXT ( ( #373 ) ) GLOBAL_UNIT_ASSIGNED_CONTEXT ( ( #242, #241, #240 ) ) REPRESENTATION_CONTEXT ( 'NONE', 'WORKASPACE' ) );
#373 = UNCERTAINTY_MEASURE_WITH_UNIT (LENGTH_MEASURE( 1.000000000000000100E-005 ), #242, 'distance_accuracy_value', 'NONE');
#374 = DIRECTION ( 'NONE',  ( 0.1605805316733572300, 0.0000000000000000000, -0.9870227418086686700 ) ) ;
#375 = DIRECTION ( 'NONE',  ( 0.9870227418086687800, -0.0000000000000000000, 0.1605805316733572600 ) ) ;
#376 = CARTESIAN_POINT ( 'NONE',  ( 2.115913409923405800, 0.6349999999999999000, 0.7668458207347689200 ) ) ;
#377 = AXIS2_PLACEMENT_3D ( 'NONE', #376, #375, #374 ) ;
#378 = PLANE ( 'NONE',  #377 ) ;
#379 =( GEOMETRIC_REPRESENTATION_CONTEXT ( 3 ) GLOBAL_UNCERTAINTY_ASSIGNED_CONTEXT ( ( #380 ) ) GLOBAL_UNIT_ASSIGNED_CONTEXT ( ( #383, #382, #381 ) ) REPRESENTATION_CONTEXT ( 'NONE', 'WORKASPACE' ) );
#380 = UNCERTAINTY_MEASURE_WITH_UNIT (LENGTH_MEASURE( 1.000000000000000100E-005 ), #383, 'distance_accuracy_value', 'NONE');
#381 =( NAMED_UNIT ( * ) SI_UNIT ( $, .STERADIAN. ) SOLID_ANGLE_UNIT ( ) );
#382 =( NAMED_UNIT ( * ) PLANE_ANGLE_UNIT ( ) SI_UNIT ( $, .RADIAN. ) );
#383 =( LENGTH_UNIT ( ) NAMED_UNIT ( * ) SI_UNIT ( .MILLI., .METRE. ) );
#384 = MECHANICAL_DESIGN_GEOMETRIC_PRESENTATION_REPRESENTATION (  '', ( #386 ), #379 ) ;
#385 = PRESENTATION_LAYER_ASSIGNMENT (  '', '', ( #386 ) ) ;
#386 = STYLED_ITEM ( 'NONE', ( #387 ), #3982 ) ;
#387 = PRESENTATION_STYLE_ASSIGNMENT (( #388 ) ) ;
#388 = SURFACE_STYLE_USAGE ( .BOTH. , #389 ) ;
#389 = SURFACE_SIDE_STYLE ('',( #390 ) ) ;
#390 = SURFACE_STYLE_FILL_AREA ( #391 ) ;
#391 = FILL_AREA_STYLE ('',( #398 ) ) ;
#392 = COLOUR_RGB ( '',0.8784313725490196000, 0.8784313725490196000, 0.8784313725490196000 ) ;
#393 = FACE_OUTER_BOUND ( 'NONE', #3922, .T. ) ;
#394 = DIRECTION ( 'NONE',  ( 0.0000000000000000000, -1.000000000000000000, 0.0000000000000000000 ) ) ;
#395 = VECTOR ( 'NONE', #394, 1000.000000000000000 ) ;
#396 = CARTESIAN_POINT ( 'NONE',  ( 2.357107326951332700, 0.6349999999999999000, 0.2772240449449658900 ) ) ;
#397 = LINE ( 'NONE', #396, #395 ) ;
#398 = FILL_AREA_STYLE_COLOUR ( '', #392 ) ;
#399 = CARTESIAN_POINT ( 'NONE',  ( 2.270417144850321200, 0.4299999999999996000, 0.8100730792182139200 ) ) ;
#400 = VECTOR ( 'NONE', #192, 1000.000000000000000 ) ;
#401 =( NAMED_UNIT ( * ) PLANE_ANGLE_UNIT ( ) SI_UNIT ( $, .RADIAN. ) );
#402 =( LENGTH_UNIT ( ) NAMED_UNIT ( * ) SI_UNIT ( .MILLI., .METRE. ) );
#403 = MECHANICAL_DESIGN_GEOMETRIC_PRESENTATION_REPRESENTATION (  '', ( #405 ), #531 ) ;
#404 = PRESENTATION_LAYER_ASSIGNMENT (  '', '', ( #405 ) ) ;
#405 = STYLED_ITEM ( 'NONE', ( #406 ), #4037 ) ;
#406 = PRESENTATION_STYLE_ASSIGNMENT (( #407 ) ) ;
#407 = SURFACE_STYLE_USAGE ( .BOTH. , #408 ) ;
#408 = SURFACE_SIDE_STYLE ('',( #409 ) ) ;
#409 = SURFACE_STYLE_FILL_AREA ( #410 ) ;
#410 = FILL_AREA_STYLE ('',( #417 ) ) ;
#411 = COLOUR_RGB ( '',0.8784313725490196000, 0.8784313725490196000, 0.8784313725490196000 ) ;
#412 = FACE_OUTER_BOUND ( 'NONE', #4038, .T. ) ;
#413 = DIRECTION ( 'NONE',  ( 0.1605805316733572300, 0.0000000000000000000, -0.9870227418086686700 ) ) ;
#414 = VECTOR ( 'NONE', #413, 1000.000000000000100 ) ;
#415 = CARTESIAN_POINT ( 'NONE',  ( 2.115913409923405800, 2.109999999999999400, 0.7668458207347690300 ) ) ;
#416 = LINE ( 'NONE', #415, #414 ) ;
#417 = FILL_AREA_STYLE_COLOUR ( '', #411 ) ;
#418 = CARTESIAN_POINT ( 'NONE',  ( 2.115913409923405800, 2.109999999999999400, 0.7668458207347690300 ) ) ;
#419 = DIRECTION ( 'NONE',  ( -0.0000000000000000000, -1.000000000000000000, 0.0000000000000000000 ) ) ;
#420 = VECTOR ( 'NONE', #419, 1000.000000000000000 ) ;
#421 = CARTESIAN_POINT ( 'NONE',  ( 2.399999999999999900, 0.4299999999999996000, 0.04195608716610197500 ) ) ;
#422 = DIRECTION ( 'NONE',  ( 0.9975640502598247500, 0.0000000000000000000, -0.06975647374411819700 ) ) ;
#423 = VECTOR ( 'NONE', #422, 1000.000000000000000 ) ;
#424 = CARTESIAN_POINT ( 'NONE',  ( 2.399999999999999900, 0.4299999999999996000, 0.04195608716610197500 ) ) ;
#425 = LINE ( 'NONE', #424, #423 ) ;
#426 = CARTESIAN_POINT ( 'NONE',  ( 3.011171579056634700, -0.8400000000000005200, 0.1597610236494196300 ) ) ;
#427 = CARTESIAN_POINT ( 'NONE',  ( 3.011171579056634700, -0.4300000000000007100, 0.1597610236494197700 ) ) ;
#428 = DIRECTION ( 'NONE',  ( 0.0000000000000000000, -1.000000000000000000, 0.0000000000000000000 ) ) ;
#429 = VECTOR ( 'NONE', #428, 1000.000000000000000 ) ;
#430 = CARTESIAN_POINT ( 'NONE',  ( 3.011171579056634700, -0.6350000000000001200, 0.1597610236494196300 ) ) ;
#431 = DIRECTION ( 'NONE',  ( -0.9975640502598247500, 0.0000000000000000000, 0.06975647374411819700 ) ) ;
#432 = DIRECTION ( 'NONE',  ( -0.06975647374411819700, 0.0000000000000000000, -0.9975640502598247500 ) ) ;
#433 = LINE ( 'NONE', #430, #429 ) ;
#434 = CARTESIAN_POINT ( 'NONE',  ( 2.423295732169007600, -0.6350000000000001200, 0.2008693074408584600 ) ) ;
#435 = AXIS2_PLACEMENT_3D ( 'NONE', #434, #432, #431 ) ;
#436 = PLANE ( 'NONE',  #435 ) ;
#437 =( GEOMETRIC_REPRESENTATION_CONTEXT ( 3 ) GLOBAL_UNCERTAINTY_ASSIGNED_CONTEXT ( ( #438 ) ) GLOBAL_UNIT_ASSIGNED_CONTEXT ( ( #441, #440, #439 ) ) REPRESENTATION_CONTEXT ( 'NONE', 'WORKASPACE' ) );
#438 = UNCERTAINTY_MEASURE_WITH_UNIT (LENGTH_MEASURE( 1.000000000000000100E-005 ), #441, 'distance_accuracy_value', 'NONE');
#439 =( NAMED_UNIT ( * ) SI_UNIT ( $, .STERADIAN. ) SOLID_ANGLE_UNIT ( ) );
#440 =( NAMED_UNIT ( * ) PLANE_ANGLE_UNIT ( ) SI_UNIT ( $, .RADIAN. ) );
#441 =( LENGTH_UNIT ( ) NAMED_UNIT ( * ) SI_UNIT ( .MILLI., .METRE. ) );
#442 = MECHANICAL_DESIGN_GEOMETRIC_PRESENTATION_REPRESENTATION (  '', ( #444 ), #437 ) ;
#443 = PRESENTATION_LAYER_ASSIGNMENT (  '', '', ( #444 ) ) ;
#444 = STYLED_ITEM ( 'NONE', ( #445 ), #4081 ) ;
#445 = PRESENTATION_STYLE_ASSIGNMENT (( #446 ) ) ;
#446 = SURFACE_STYLE_USAGE ( .BOTH. , #447 ) ;
#447 = SURFACE_SIDE_STYLE ('',( #448 ) ) ;
#448 = SURFACE_STYLE_FILL_AREA ( #449 ) ;
#449 = FILL_AREA_STYLE ('',( #458 ) ) ;
#450 = COLOUR_RGB ( '',0.8784313725490196000, 0.8784313725490196000, 0.8784313725490196000 ) ;
#451 = FACE_OUTER_BOUND ( 'NONE', #4055, .T. ) ;
#452 = CARTESIAN_POINT ( 'NONE',  ( 2.357107326951332700, -0.8400000000000005200, 0.2772240449449658900 ) ) ;
#453 = DIRECTION ( 'NONE',  ( 0.0000000000000000000, 0.0000000000000000000, -1.000000000000000000 ) ) ;
#454 = DIRECTION ( 'NONE',  ( -0.0000000000000000000, -1.000000000000000000, -0.0000000000000000000 ) ) ;
#455 = CARTESIAN_POINT ( 'NONE',  ( 2.457460150826093600, -0.8400000000000005200, 0.2973500771900227100 ) ) ;
#456 = AXIS2_PLACEMENT_3D ( 'NONE', #455, #454, #453 ) ;
#457 = CIRCLE ( 'NONE', #456, 0.1023510939539382200 ) ;
#458 = FILL_AREA_STYLE_COLOUR ( '', #450 ) ;
#459 = DIRECTION ( 'NONE',  ( -1.000000000000000000, -0.0000000000000000000, -0.0000000000000000000 ) ) ;
#460 = VECTOR ( 'NONE', #459, 1000.000000000000000 ) ;
#461 = CARTESIAN_POINT ( 'NONE',  ( 1.999999999999998200, 0.4299999999999996000, 1.005000000000000600 ) ) ;
#462 = LINE ( 'NONE', #461, #460 ) ;
#463 = DIRECTION ( 'NONE',  ( -1.000000000000000000, 0.0000000000000000000, -0.0000000000000000000 ) ) ;
#464 = DIRECTION ( 'NONE',  ( 0.0000000000000000000, 0.0000000000000000000, -1.000000000000000000 ) ) ;
#465 = CARTESIAN_POINT ( 'NONE',  ( 1.999999999999998200, 0.4299999999999996000, 1.005000000000000600 ) ) ;
#466 = AXIS2_PLACEMENT_3D ( 'NONE', #465, #464, #463 ) ;
#467 = PLANE ( 'NONE',  #466 ) ;
#468 =( GEOMETRIC_REPRESENTATION_CONTEXT ( 3 ) GLOBAL_UNCERTAINTY_ASSIGNED_CONTEXT ( ( #469 ) ) GLOBAL_UNIT_ASSIGNED_CONTEXT ( ( #472, #471, #470 ) ) REPRESENTATION_CONTEXT ( 'NONE', 'WORKASPACE' ) );
#469 = UNCERTAINTY_MEASURE_WITH_UNIT (LENGTH_MEASURE( 1.000000000000000100E-005 ), #472, 'distance_accuracy_value', 'NONE');
#470 =( NAMED_UNIT ( * ) SI_UNIT ( $, .STERADIAN. ) SOLID_ANGLE_UNIT ( ) );
#471 =( NAMED_UNIT ( * ) PLANE_ANGLE_UNIT ( ) SI_UNIT ( $, .RADIAN. ) );
#472 =( LENGTH_UNIT ( ) NAMED_UNIT ( * ) SI_UNIT ( .MILLI., .METRE. ) );
#473 = MECHANICAL_DESIGN_GEOMETRIC_PRESENTATION_REPRESENTATION (  '', ( #475 ), #468 ) ;
#474 = PRESENTATION_LAYER_ASSIGNMENT (  '', '', ( #475 ) ) ;
#475 = STYLED_ITEM ( 'NONE', ( #476 ), #4071 ) ;
#476 = PRESENTATION_STYLE_ASSIGNMENT (( #477 ) ) ;
#477 = SURFACE_STYLE_USAGE ( .BOTH. , #478 ) ;
#478 = SURFACE_SIDE_STYLE ('',( #479 ) ) ;
#479 = SURFACE_STYLE_FILL_AREA ( #480 ) ;
#480 = FILL_AREA_STYLE ('',( #491 ) ) ;
#481 = COLOUR_RGB ( '',0.8784313725490196000, 0.8784313725490196000, 0.8784313725490196000 ) ;
#482 = FACE_OUTER_BOUND ( 'NONE', #4072, .T. ) ;
#483 = DIRECTION ( 'NONE',  ( -0.06975647374411816900, 0.0000000000000000000, -0.9975640502598247500 ) ) ;
#484 = CARTESIAN_POINT ( 'NONE',  ( 2.399999999999999900, 0.8399999999999994100, 0.04195608716610197500 ) ) ;
#485 = DIRECTION ( 'NONE',  ( -0.0000000000000000000, -1.000000000000000000, -0.0000000000000000000 ) ) ;
#486 = VECTOR ( 'NONE', #485, 1000.000000000000000 ) ;
#487 = CARTESIAN_POINT ( 'NONE',  ( 2.399999999999999900, 0.6349999999999999000, 0.04195608716610197500 ) ) ;
#488 = LINE ( 'NONE', #487, #486 ) ;
#489 = VECTOR ( 'NONE', #483, 1000.000000000000100 ) ;
#490 = CARTESIAN_POINT ( 'NONE',  ( 3.010462538693471100, 0.4299999999999996000, 0.1496212740532759700 ) ) ;
#491 = FILL_AREA_STYLE_COLOUR ( '', #481 ) ;
#492 = DIRECTION ( 'NONE',  ( 0.0000000000000000000, 0.0000000000000000000, 1.000000000000000000 ) ) ;
#493 = DIRECTION ( 'NONE',  ( 0.0000000000000000000, 1.000000000000000000, -0.0000000000000000000 ) ) ;
#494 = CARTESIAN_POINT ( 'NONE',  ( 1.999999999999998700, 0.4299999999999996000, 0.8450000000000004200 ) ) ;
#495 = LINE ( 'NONE', #490, #489 ) ;
#496 = AXIS2_PLACEMENT_3D ( 'NONE', #494, #493, #492 ) ;
#497 = FACE_OUTER_BOUND ( 'NONE', #4077, .T. ) ;
#498 = DIRECTION ( 'NONE',  ( -0.06975647374411816900, 0.0000000000000000000, -0.9975640502598247500 ) ) ;
#499 = DIRECTION ( 'NONE',  ( 0.9975640502598247500, 0.0000000000000000000, -0.06975647374411816900 ) ) ;
#500 = CARTESIAN_POINT ( 'NONE',  ( 3.005585789528317800, 0.6349999999999994500, 0.07988051182470988500 ) ) ;
#501 = AXIS2_PLACEMENT_3D ( 'NONE', #500, #499, #498 ) ;
#502 = PLANE ( 'NONE',  #496 ) ;
#503 = PLANE ( 'NONE',  #501 ) ;
#504 =( GEOMETRIC_REPRESENTATION_CONTEXT ( 3 ) GLOBAL_UNCERTAINTY_ASSIGNED_CONTEXT ( ( #505 ) ) GLOBAL_UNIT_ASSIGNED_CONTEXT ( ( #508, #507, #506 ) ) REPRESENTATION_CONTEXT ( 'NONE', 'WORKASPACE' ) );
#505 = UNCERTAINTY_MEASURE_WITH_UNIT (LENGTH_MEASURE( 1.000000000000000100E-005 ), #508, 'distance_accuracy_value', 'NONE');
#506 =( NAMED_UNIT ( * ) SI_UNIT ( $, .STERADIAN. ) SOLID_ANGLE_UNIT ( ) );
#507 =( NAMED_UNIT ( * ) PLANE_ANGLE_UNIT ( ) SI_UNIT ( $, .RADIAN. ) );
#508 =( LENGTH_UNIT ( ) NAMED_UNIT ( * ) SI_UNIT ( .MILLI., .METRE. ) );
#509 = MECHANICAL_DESIGN_GEOMETRIC_PRESENTATION_REPRESENTATION (  '', ( #511 ), #504 ) ;
#510 = PRESENTATION_LAYER_ASSIGNMENT (  '', '', ( #511 ) ) ;
#511 = STYLED_ITEM ( 'NONE', ( #512 ), #4049 ) ;
#512 = PRESENTATION_STYLE_ASSIGNMENT (( #513 ) ) ;
#513 = SURFACE_STYLE_USAGE ( .BOTH. , #514 ) ;
#514 = SURFACE_SIDE_STYLE ('',( #521 ) ) ;
#515 = FILL_AREA_STYLE_COLOUR ( '', #516 ) ;
#516 = COLOUR_RGB ( '',0.8784313725490196000, 0.8784313725490196000, 0.8784313725490196000 ) ;
#517 = FACE_OUTER_BOUND ( 'NONE', #4050, .T. ) ;
#518 = DIRECTION ( 'NONE',  ( 0.0000000000000000000, 0.0000000000000000000, 1.000000000000000000 ) ) ;
#519 = DIRECTION ( 'NONE',  ( 0.0000000000000000000, 1.000000000000000000, -0.0000000000000000000 ) ) ;
#520 = CARTESIAN_POINT ( 'NONE',  ( -1.999999999999998700, -1.700000000000000600, 0.8450000000000004200 ) ) ;
#521 = SURFACE_STYLE_FILL_AREA ( #522 ) ;
#522 = FILL_AREA_STYLE ('',( #515 ) ) ;
#523 = AXIS2_PLACEMENT_3D ( 'NONE', #520, #519, #518 ) ;
#524 = FACE_OUTER_BOUND ( 'NONE', #4042, .T. ) ;
#525 = DIRECTION ( 'NONE',  ( -0.1605805316733572300, 0.0000000000000000000, 0.9870227418086686700 ) ) ;
#526 = DIRECTION ( 'NONE',  ( -0.9870227418086687800, 0.0000000000000000000, -0.1605805316733572600 ) ) ;
#527 = CARTESIAN_POINT ( 'NONE',  ( 2.270417144850321200, 1.905000000000000000, 0.8100730792182139200 ) ) ;
#528 = AXIS2_PLACEMENT_3D ( 'NONE', #527, #526, #525 ) ;
#529 = PLANE ( 'NONE',  #523 ) ;
#530 = PLANE ( 'NONE',  #528 ) ;
#531 =( GEOMETRIC_REPRESENTATION_CONTEXT ( 3 ) GLOBAL_UNCERTAINTY_ASSIGNED_CONTEXT ( ( #532 ) ) GLOBAL_UNIT_ASSIGNED_CONTEXT ( ( #402, #401, #533 ) ) REPRESENTATION_CONTEXT ( 'NONE', 'WORKASPACE' ) );
#532 = UNCERTAINTY_MEASURE_WITH_UNIT (LENGTH_MEASURE( 1.000000000000000100E-005 ), #402, 'distance_accuracy_value', 'NONE');
#533 =( NAMED_UNIT ( * ) SI_UNIT ( $, .STERADIAN. ) SOLID_ANGLE_UNIT ( ) );
#534 = CARTESIAN_POINT ( 'NONE',  ( 2.115913409923405800, 1.905000000000000000, 0.7668458207347689200 ) ) ;
#535 = LINE ( 'NONE', #534, #420 ) ;
#536 = CARTESIAN_POINT ( 'NONE',  ( 2.115913409923405800, 1.699999999999999700, 0.7668458207347690300 ) ) ;
#537 = DIRECTION ( 'NONE',  ( 1.000000000000000000, -0.0000000000000000000, -0.0000000000000000000 ) ) ;
#538 = VECTOR ( 'NONE', #537, 1000.000000000000000 ) ;
#539 = CARTESIAN_POINT ( 'NONE',  ( -1.999999999999998200, -1.700000000000000600, 1.005000000000000600 ) ) ;
#540 = LINE ( 'NONE', #539, #538 ) ;
#541 = DIRECTION ( 'NONE',  ( 0.0000000000000000000, 0.0000000000000000000, 1.000000000000000000 ) ) ;
#542 = DIRECTION ( 'NONE',  ( 0.0000000000000000000, 1.000000000000000000, -0.0000000000000000000 ) ) ;
#543 = AXIS2_PLACEMENT_3D ( 'NONE', #604, #542, #541 ) ;
#544 =( NAMED_UNIT ( * ) SI_UNIT ( $, .STERADIAN. ) SOLID_ANGLE_UNIT ( ) );
#545 =( NAMED_UNIT ( * ) PLANE_ANGLE_UNIT ( ) SI_UNIT ( $, .RADIAN. ) );
#546 =( LENGTH_UNIT ( ) NAMED_UNIT ( * ) SI_UNIT ( .MILLI., .METRE. ) );
#547 = MECHANICAL_DESIGN_GEOMETRIC_PRESENTATION_REPRESENTATION (  '', ( #549 ), #652 ) ;
#548 = PRESENTATION_LAYER_ASSIGNMENT (  '', '', ( #549 ) ) ;
#549 = STYLED_ITEM ( 'NONE', ( #550 ), #4094 ) ;
#550 = PRESENTATION_STYLE_ASSIGNMENT (( #551 ) ) ;
#551 = SURFACE_STYLE_USAGE ( .BOTH. , #552 ) ;
#552 = SURFACE_SIDE_STYLE ('',( #553 ) ) ;
#553 = SURFACE_STYLE_FILL_AREA ( #554 ) ;
#554 = FILL_AREA_STYLE ('',( #561 ) ) ;
#555 = COLOUR_RGB ( '',0.8784313725490196000, 0.8784313725490196000, 0.8784313725490196000 ) ;
#556 = FACE_OUTER_BOUND ( 'NONE', #4095, .T. ) ;
#557 = DIRECTION ( 'NONE',  ( 0.9975640502598247500, 0.0000000000000000000, -0.06975647374411819700 ) ) ;
#558 = VECTOR ( 'NONE', #557, 1000.000000000000000 ) ;
#559 = CARTESIAN_POINT ( 'NONE',  ( 2.423295732169007600, -0.8400000000000005200, 0.2008693074408584600 ) ) ;
#560 = LINE ( 'NONE', #559, #558 ) ;
#561 = FILL_AREA_STYLE_COLOUR ( '', #555 ) ;
#562 = CARTESIAN_POINT ( 'NONE',  ( 2.423295732169007600, -0.8400000000000005200, 0.2008693074408584600 ) ) ;
#563 = DIRECTION ( 'NONE',  ( 0.0000000000000000000, 1.000000000000000000, 0.0000000000000000000 ) ) ;
#564 = VECTOR ( 'NONE', #563, 1000.000000000000000 ) ;
#565 = CARTESIAN_POINT ( 'NONE',  ( 2.423295732169007600, -0.6350000000000001200, 0.2008693074408584600 ) ) ;
#566 = LINE ( 'NONE', #565, #564 ) ;
#567 = CARTESIAN_POINT ( 'NONE',  ( 2.423295732169007600, -0.4300000000000007100, 0.2008693074408585700 ) ) ;
#568 = DIRECTION ( 'NONE',  ( 0.9975640502598247500, 0.0000000000000000000, -0.06975647374411819700 ) ) ;
#569 = VECTOR ( 'NONE', #568, 1000.000000000000000 ) ;
#570 = CARTESIAN_POINT ( 'NONE',  ( 2.423295732169007600, -0.4300000000000007100, 0.2008693074408585700 ) ) ;
#571 = LINE ( 'NONE', #570, #569 ) ;
#572 = DIRECTION ( 'NONE',  ( 0.9975640502598247500, 0.0000000000000000000, -0.06975647374411819700 ) ) ;
#573 = DIRECTION ( 'NONE',  ( 0.06975647374411819700, -0.0000000000000000000, 0.9975640502598247500 ) ) ;
#574 = DIRECTION ( 'NONE',  ( 0.0000000000000000000, 1.000000000000000000, -0.0000000000000000000 ) ) ;
#575 = CARTESIAN_POINT ( 'NONE',  ( 2.000000000000000000, 1.699999999999999700, 0.7199651360910145300 ) ) ;
#576 = AXIS2_PLACEMENT_3D ( 'NONE', #575, #574, #602 ) ;
#577 = CIRCLE ( 'NONE', #576, 0.1250348639089858000 ) ;
#578 = DIRECTION ( 'NONE',  ( 0.0000000000000000000, 1.000000000000000000, 0.0000000000000000000 ) ) ;
#579 = VECTOR ( 'NONE', #578, 1000.000000000000000 ) ;
#580 = CARTESIAN_POINT ( 'NONE',  ( 1.999999999999998700, 1.699999999999999700, 0.8450000000000004200 ) ) ;
#581 = LINE ( 'NONE', #580, #579 ) ;
#582 = CARTESIAN_POINT ( 'NONE',  ( 2.399999999999999900, 0.6349999999999999000, 0.04195608716610197500 ) ) ;
#583 = AXIS2_PLACEMENT_3D ( 'NONE', #582, #573, #572 ) ;
#584 = CARTESIAN_POINT ( 'NONE',  ( 3.000000000000000000, 0.8399999999999994100, -1.355252715606880500E-017 ) ) ;
#585 = CARTESIAN_POINT ( 'NONE',  ( 3.000000000000000000, 0.4299999999999996000, -1.355252715606880500E-017 ) ) ;
#586 = DIRECTION ( 'NONE',  ( 0.0000000000000000000, 1.000000000000000000, 0.0000000000000000000 ) ) ;
#587 = VECTOR ( 'NONE', #586, 1000.000000000000000 ) ;
#588 = CARTESIAN_POINT ( 'NONE',  ( 3.000000000000000000, 0.6349999999999999000, -1.355252715606880500E-017 ) ) ;
#589 = LINE ( 'NONE', #588, #587 ) ;
#590 = CARTESIAN_POINT ( 'NONE',  ( 1.999999999999998700, 1.699999999999999700, 0.8450000000000004200 ) ) ;
#591 = CARTESIAN_POINT ( 'NONE',  ( 1.999999999999998700, 2.109999999999999400, 0.8450000000000004200 ) ) ;
#592 = DIRECTION ( 'NONE',  ( 0.06975647374411816900, 0.0000000000000000000, 0.9975640502598247500 ) ) ;
#593 = VECTOR ( 'NONE', #592, 1000.000000000000100 ) ;
#594 = CARTESIAN_POINT ( 'NONE',  ( 3.010462538693471100, 2.109999999999999400, 0.1496212740532759700 ) ) ;
#595 = LINE ( 'NONE', #594, #593 ) ;
#596 = PLANE ( 'NONE',  #583 ) ;
#597 = CARTESIAN_POINT ( 'NONE',  ( 2.270417144850321200, 2.109999999999999400, 0.8100730792182140300 ) ) ;
#598 = DIRECTION ( 'NONE',  ( 0.1605805316733572300, 0.0000000000000000000, -0.9870227418086686700 ) ) ;
#599 = VECTOR ( 'NONE', #598, 1000.000000000000100 ) ;
#600 = CARTESIAN_POINT ( 'NONE',  ( 2.270417144850321200, 2.109999999999999400, 0.8100730792182140300 ) ) ;
#601 = LINE ( 'NONE', #600, #599 ) ;
#602 = DIRECTION ( 'NONE',  ( 0.0000000000000000000, 0.0000000000000000000, 1.000000000000000000 ) ) ;
#603 = CYLINDRICAL_SURFACE ( 'NONE', #543, 0.1250348639089858000 ) ;
#604 = CARTESIAN_POINT ( 'NONE',  ( 2.000000000000000000, 1.905000000000000000, 0.7199651360910145300 ) ) ;
#605 =( GEOMETRIC_REPRESENTATION_CONTEXT ( 3 ) GLOBAL_UNCERTAINTY_ASSIGNED_CONTEXT ( ( #606 ) ) GLOBAL_UNIT_ASSIGNED_CONTEXT ( ( #609, #608, #607 ) ) REPRESENTATION_CONTEXT ( 'NONE', 'WORKASPACE' ) );
#606 = UNCERTAINTY_MEASURE_WITH_UNIT (LENGTH_MEASURE( 1.000000000000000100E-005 ), #609, 'distance_accuracy_value', 'NONE');
#607 =( NAMED_UNIT ( * ) SI_UNIT ( $, .STERADIAN. ) SOLID_ANGLE_UNIT ( ) );
#608 =( NAMED_UNIT ( * ) PLANE_ANGLE_UNIT ( ) SI_UNIT ( $, .RADIAN. ) );
#609 =( LENGTH_UNIT ( ) NAMED_UNIT ( * ) SI_UNIT ( .MILLI., .METRE. ) );
#610 = MECHANICAL_DESIGN_GEOMETRIC_PRESENTATION_REPRESENTATION (  '', ( #612 ), #605 ) ;
#611 = PRESENTATION_LAYER_ASSIGNMENT (  '', '', ( #612 ) ) ;
#612 = STYLED_ITEM ( 'NONE', ( #613 ), #4026 ) ;
#613 = PRESENTATION_STYLE_ASSIGNMENT (( #614 ) ) ;
#614 = SURFACE_STYLE_USAGE ( .BOTH. , #615 ) ;
#615 = SURFACE_SIDE_STYLE ('',( #616 ) ) ;
#616 = SURFACE_STYLE_FILL_AREA ( #617 ) ;
#617 = FILL_AREA_STYLE ('',( #624 ) ) ;
#618 = COLOUR_RGB ( '',0.8784313725490196000, 0.8784313725490196000, 0.8784313725490196000 ) ;
#619 = FACE_OUTER_BOUND ( 'NONE', #4027, .T. ) ;
#620 = DIRECTION ( 'NONE',  ( 0.1605805316733572300, 0.0000000000000000000, -0.9870227418086686700 ) ) ;
#621 = VECTOR ( 'NONE', #620, 1000.000000000000100 ) ;
#622 = CARTESIAN_POINT ( 'NONE',  ( 2.270417144850321200, 1.699999999999999500, 0.8100730792182139200 ) ) ;
#623 = LINE ( 'NONE', #622, #621 ) ;
#624 = FILL_AREA_STYLE_COLOUR ( '', #618 ) ;
#625 = CARTESIAN_POINT ( 'NONE',  ( 2.270417144850321200, 1.699999999999999500, 0.8100730792182139200 ) ) ;
#626 = DIRECTION ( 'NONE',  ( 0.0000000000000000000, 1.000000000000000000, -0.0000000000000000000 ) ) ;
#627 = VECTOR ( 'NONE', #626, 1000.000000000000000 ) ;
#628 = CARTESIAN_POINT ( 'NONE',  ( 2.270417144850321200, 1.905000000000000000, 0.8100730792182139200 ) ) ;
#629 = LINE ( 'NONE', #628, #627 ) ;
#630 = CARTESIAN_POINT ( 'NONE',  ( 2.357107326951332700, -0.4300000000000007100, 0.2772240449449662200 ) ) ;
#631 = DIRECTION ( 'NONE',  ( 0.0000000000000000000, 0.0000000000000000000, -1.000000000000000000 ) ) ;
#632 = DIRECTION ( 'NONE',  ( -0.0000000000000000000, -1.000000000000000000, -0.0000000000000000000 ) ) ;
#633 = CARTESIAN_POINT ( 'NONE',  ( 2.457460150826093600, -0.4300000000000007100, 0.2973500771900227100 ) ) ;
#634 = AXIS2_PLACEMENT_3D ( 'NONE', #633, #632, #631 ) ;
#635 = CIRCLE ( 'NONE', #634, 0.1023510939539381400 ) ;
#636 =( LENGTH_UNIT ( ) NAMED_UNIT ( * ) SI_UNIT ( .MILLI., .METRE. ) );
#637 = MECHANICAL_DESIGN_GEOMETRIC_PRESENTATION_REPRESENTATION (  '', ( #639 ), #763 ) ;
#638 = PRESENTATION_LAYER_ASSIGNMENT (  '', '', ( #639 ) ) ;
#639 = STYLED_ITEM ( 'NONE', ( #640 ), #4151 ) ;
#640 = PRESENTATION_STYLE_ASSIGNMENT (( #641 ) ) ;
#641 = SURFACE_STYLE_USAGE ( .BOTH. , #642 ) ;
#642 = SURFACE_SIDE_STYLE ('',( #643 ) ) ;
#643 = SURFACE_STYLE_FILL_AREA ( #644 ) ;
#644 = FILL_AREA_STYLE ('',( #645 ) ) ;
#645 = FILL_AREA_STYLE_COLOUR ( '', #646 ) ;
#646 = COLOUR_RGB ( '',0.8784313725490196000, 0.8784313725490196000, 0.8784313725490196000 ) ;
#647 = FACE_OUTER_BOUND ( 'NONE', #4152, .T. ) ;
#648 = CARTESIAN_POINT ( 'NONE',  ( 1.999999999999998700, -0.4300000000000007100, 0.8450000000000004200 ) ) ;
#649 = DIRECTION ( 'NONE',  ( 0.0000000000000000000, 0.0000000000000000000, 1.000000000000000000 ) ) ;
#650 = DIRECTION ( 'NONE',  ( 0.0000000000000000000, 1.000000000000000000, -0.0000000000000000000 ) ) ;
#651 = CARTESIAN_POINT ( 'NONE',  ( 2.000000000000000000, -0.4300000000000007100, 0.7199651360910145300 ) ) ;
#652 =( GEOMETRIC_REPRESENTATION_CONTEXT ( 3 ) GLOBAL_UNCERTAINTY_ASSIGNED_CONTEXT ( ( #779 ) ) GLOBAL_UNIT_ASSIGNED_CONTEXT ( ( #546, #545, #544 ) ) REPRESENTATION_CONTEXT ( 'NONE', 'WORKASPACE' ) );
#653 = UNCERTAINTY_MEASURE_WITH_UNIT (LENGTH_MEASURE( 1.000000000000000100E-005 ), #636, 'distance_accuracy_value', 'NONE');
#654 =( NAMED_UNIT ( * ) SI_UNIT ( $, .STERADIAN. ) SOLID_ANGLE_UNIT ( ) );
#655 =( NAMED_UNIT ( * ) PLANE_ANGLE_UNIT ( ) SI_UNIT ( $, .RADIAN. ) );
#656 = AXIS2_PLACEMENT_3D ( 'NONE', #651, #650, #649 ) ;
#657 = CIRCLE ( 'NONE', #656, 0.1250348639089858000 ) ;
#658 = DIRECTION ( 'NONE',  ( 0.0000000000000000000, -1.000000000000000000, -0.0000000000000000000 ) ) ;
#659 = VECTOR ( 'NONE', #658, 1000.000000000000000 ) ;
#660 = CARTESIAN_POINT ( 'NONE',  ( 1.999999999999998200, -0.8400000000000005200, 1.005000000000000600 ) ) ;
#661 = LINE ( 'NONE', #660, #659 ) ;
#662 = CARTESIAN_POINT ( 'NONE',  ( 1.999999999999998200, -0.4300000000000007100, 1.005000000000000600 ) ) ;
#663 = DIRECTION ( 'NONE',  ( 0.0000000000000000000, 0.0000000000000000000, 1.000000000000000000 ) ) ;
#664 = DIRECTION ( 'NONE',  ( 0.0000000000000000000, 1.000000000000000000, -0.0000000000000000000 ) ) ;
#665 = CARTESIAN_POINT ( 'NONE',  ( 2.000000000000000000, -0.4300000000000007100, 0.7199651360910145300 ) ) ;
#666 = AXIS2_PLACEMENT_3D ( 'NONE', #665, #664, #663 ) ;
#667 = CIRCLE ( 'NONE', #666, 0.2850348639089859100 ) ;
#668 = CARTESIAN_POINT ( 'NONE',  ( 1.999999999999998200, -0.8400000000000005200, 1.005000000000000600 ) ) ;
#669 = CARTESIAN_POINT ( 'NONE',  ( -2.200000000000000200, -0.8400000000000005200, 0.2500000000000000000 ) ) ;
#670 = DIRECTION ( 'NONE',  ( 0.0000000000000000000, 1.000000000000000000, 0.0000000000000000000 ) ) ;
#671 = VECTOR ( 'NONE', #670, 1000.000000000000000 ) ;
#672 = CARTESIAN_POINT ( 'NONE',  ( -2.200000000000000200, -0.6350000000000001200, 0.2499999999999998900 ) ) ;
#673 = LINE ( 'NONE', #672, #671 ) ;
#674 = CARTESIAN_POINT ( 'NONE',  ( -2.200000000000000200, -0.4300000000000007100, 0.2500000000000000000 ) ) ;
#675 = DIRECTION ( 'NONE',  ( 0.0000000000000000000, 0.0000000000000000000, 1.000000000000000000 ) ) ;
#676 = DIRECTION ( 'NONE',  ( 0.0000000000000000000, 1.000000000000000000, 0.0000000000000000000 ) ) ;
#677 = CARTESIAN_POINT ( 'NONE',  ( -2.457460150826093600, -0.4300000000000007100, 0.2973500771900227100 ) ) ;
#678 = AXIS2_PLACEMENT_3D ( 'NONE', #677, #676, #675 ) ;
#679 = CIRCLE ( 'NONE', #678, 0.2617780721781255400 ) ;
#680 = DIRECTION ( 'NONE',  ( 1.000000000000000000, -0.0000000000000000000, -0.0000000000000000000 ) ) ;
#681 = VECTOR ( 'NONE', #680, 1000.000000000000000 ) ;
#682 = CARTESIAN_POINT ( 'NONE',  ( -1.999999999999998200, 0.8399999999999994100, 1.005000000000000600 ) ) ;
#683 = LINE ( 'NONE', #682, #681 ) ;
#684 = LINE ( 'NONE', #830, #829 ) ;
#685 = PLANE ( 'NONE',  #834 ) ;
#686 = UNCERTAINTY_MEASURE_WITH_UNIT (LENGTH_MEASURE( 1.000000000000000100E-005 ), #689, 'distance_accuracy_value', 'NONE');
#687 =( NAMED_UNIT ( * ) SI_UNIT ( $, .STERADIAN. ) SOLID_ANGLE_UNIT ( ) );
#688 =( NAMED_UNIT ( * ) PLANE_ANGLE_UNIT ( ) SI_UNIT ( $, .RADIAN. ) );
#689 =( LENGTH_UNIT ( ) NAMED_UNIT ( * ) SI_UNIT ( .MILLI., .METRE. ) );
#690 = MECHANICAL_DESIGN_GEOMETRIC_PRESENTATION_REPRESENTATION (  '', ( #692 ), #748 ) ;
#691 = PRESENTATION_LAYER_ASSIGNMENT (  '', '', ( #692 ) ) ;
#692 = STYLED_ITEM ( 'NONE', ( #693 ), #4113 ) ;
#693 = PRESENTATION_STYLE_ASSIGNMENT (( #694 ) ) ;
#694 = SURFACE_STYLE_USAGE ( .BOTH. , #695 ) ;
#695 = SURFACE_SIDE_STYLE ('',( #696 ) ) ;
#696 = SURFACE_STYLE_FILL_AREA ( #697 ) ;
#697 = FILL_AREA_STYLE ('',( #792 ) ) ;
#698 = COLOUR_RGB ( '',0.8784313725490196000, 0.8784313725490196000, 0.8784313725490196000 ) ;
#699 = FACE_OUTER_BOUND ( 'NONE', #4114, .T. ) ;
#700 = AXIS2_PLACEMENT_3D ( 'NONE', #736, #735, #734 ) ;
#701 = CIRCLE ( 'NONE', #700, 0.1023510939539378200 ) ;
#702 = FACE_OUTER_BOUND ( 'NONE', #4300, .T. ) ;
#703 = CARTESIAN_POINT ( 'NONE',  ( -2.357107326951333200, -0.4300000000000007100, 0.2772240449449657800 ) ) ;
#704 = DIRECTION ( 'NONE',  ( 0.0000000000000000000, -1.000000000000000000, 0.0000000000000000000 ) ) ;
#705 = VECTOR ( 'NONE', #704, 1000.000000000000000 ) ;
#706 = CARTESIAN_POINT ( 'NONE',  ( -2.357107326951333200, -0.6350000000000001200, 0.2772240449449657800 ) ) ;
#707 = LINE ( 'NONE', #706, #705 ) ;
#708 = DIRECTION ( 'NONE',  ( 0.0000000000000000000, 0.0000000000000000000, 1.000000000000000000 ) ) ;
#709 = DIRECTION ( 'NONE',  ( 0.0000000000000000000, 1.000000000000000000, -0.0000000000000000000 ) ) ;
#710 = CARTESIAN_POINT ( 'NONE',  ( -1.999999999999998700, 0.8399999999999994100, 0.8450000000000004200 ) ) ;
#711 = AXIS2_PLACEMENT_3D ( 'NONE', #710, #709, #708 ) ;
#712 = FACE_OUTER_BOUND ( 'NONE', #4128, .T. ) ;
#713 = DIRECTION ( 'NONE',  ( -0.1605805316733572300, 0.0000000000000000000, -0.9870227418086686700 ) ) ;
#714 = DIRECTION ( 'NONE',  ( 0.9870227418086687800, 0.0000000000000000000, -0.1605805316733572600 ) ) ;
#715 = CARTESIAN_POINT ( 'NONE',  ( -2.115913409923405800, -0.6350000000000001200, 0.7668458207347690300 ) ) ;
#716 = AXIS2_PLACEMENT_3D ( 'NONE', #715, #714, #713 ) ;
#717 = PLANE ( 'NONE',  #711 ) ;
#718 = PLANE ( 'NONE',  #716 ) ;
#719 =( GEOMETRIC_REPRESENTATION_CONTEXT ( 3 ) GLOBAL_UNCERTAINTY_ASSIGNED_CONTEXT ( ( #720 ) ) GLOBAL_UNIT_ASSIGNED_CONTEXT ( ( #723, #722, #721 ) ) REPRESENTATION_CONTEXT ( 'NONE', 'WORKASPACE' ) );
#720 = UNCERTAINTY_MEASURE_WITH_UNIT (LENGTH_MEASURE( 1.000000000000000100E-005 ), #723, 'distance_accuracy_value', 'NONE');
#721 =( NAMED_UNIT ( * ) SI_UNIT ( $, .STERADIAN. ) SOLID_ANGLE_UNIT ( ) );
#722 =( NAMED_UNIT ( * ) PLANE_ANGLE_UNIT ( ) SI_UNIT ( $, .RADIAN. ) );
#723 =( LENGTH_UNIT ( ) NAMED_UNIT ( * ) SI_UNIT ( .MILLI., .METRE. ) );
#724 = MECHANICAL_DESIGN_GEOMETRIC_PRESENTATION_REPRESENTATION (  '', ( #726 ), #719 ) ;
#725 = PRESENTATION_LAYER_ASSIGNMENT (  '', '', ( #726 ) ) ;
#726 = STYLED_ITEM ( 'NONE', ( #727 ), #4125 ) ;
#727 = PRESENTATION_STYLE_ASSIGNMENT (( #728 ) ) ;
#728 = SURFACE_STYLE_USAGE ( .BOTH. , #729 ) ;
#729 = SURFACE_SIDE_STYLE ('',( #730 ) ) ;
#730 = SURFACE_STYLE_FILL_AREA ( #731 ) ;
#731 = FILL_AREA_STYLE ('',( #732 ) ) ;
#732 = FILL_AREA_STYLE_COLOUR ( '', #733 ) ;
#733 = COLOUR_RGB ( '',0.8784313725490196000, 0.8784313725490196000, 0.8784313725490196000 ) ;
#734 = DIRECTION ( 'NONE',  ( 0.0000000000000000000, 0.0000000000000000000, 1.000000000000000000 ) ) ;
#735 = DIRECTION ( 'NONE',  ( 0.0000000000000000000, 1.000000000000000000, 0.0000000000000000000 ) ) ;
#736 = CARTESIAN_POINT ( 'NONE',  ( -2.457460150826093600, -0.4300000000000007100, 0.2973500771900227100 ) ) ;
#737 = CARTESIAN_POINT ( 'NONE',  ( -2.357107326951332700, -0.8400000000000005200, 0.2772240449449658900 ) ) ;
#738 = CARTESIAN_POINT ( 'NONE',  ( 2.270417144850321200, -0.4300000000000007100, 0.8100730792182140300 ) ) ;
#739 = DIRECTION ( 'NONE',  ( 0.1605805316733572300, 0.0000000000000000000, -0.9870227418086686700 ) ) ;
#740 = VECTOR ( 'NONE', #739, 1000.000000000000100 ) ;
#741 = CARTESIAN_POINT ( 'NONE',  ( 2.270417144850321200, -0.4300000000000007100, 0.8100730792182140300 ) ) ;
#742 = DIRECTION ( 'NONE',  ( -0.1605805316733572300, 0.0000000000000000000, 0.9870227418086686700 ) ) ;
#743 = DIRECTION ( 'NONE',  ( -0.9870227418086687800, 0.0000000000000000000, -0.1605805316733572600 ) ) ;
#744 = CARTESIAN_POINT ( 'NONE',  ( 2.270417144850321200, -0.6350000000000001200, 0.8100730792182139200 ) ) ;
#745 = AXIS2_PLACEMENT_3D ( 'NONE', #744, #743, #742 ) ;
#746 = LINE ( 'NONE', #741, #740 ) ;
#747 = PLANE ( 'NONE',  #745 ) ;
#748 =( GEOMETRIC_REPRESENTATION_CONTEXT ( 3 ) GLOBAL_UNCERTAINTY_ASSIGNED_CONTEXT ( ( #686 ) ) GLOBAL_UNIT_ASSIGNED_CONTEXT ( ( #689, #688, #687 ) ) REPRESENTATION_CONTEXT ( 'NONE', 'WORKASPACE' ) );
#749 = DIRECTION ( 'NONE',  ( -0.06975647374411816900, 0.0000000000000000000, -0.9975640502598247500 ) ) ;
#750 = VECTOR ( 'NONE', #749, 1000.000000000000100 ) ;
#751 = CARTESIAN_POINT ( 'NONE',  ( 3.010462538693471100, -2.110000000000000300, 0.1496212740532759700 ) ) ;
#752 = FILL_AREA_STYLE_COLOUR ( '', #777 ) ;
#753 = LINE ( 'NONE', #751, #750 ) ;
#754 = DIRECTION ( 'NONE',  ( 0.0000000000000000000, 1.000000000000000000, -0.0000000000000000000 ) ) ;
#755 = VECTOR ( 'NONE', #754, 1000.000000000000000 ) ;
#756 = CARTESIAN_POINT ( 'NONE',  ( 2.270417144850321200, -0.6350000000000001200, 0.8100730792182139200 ) ) ;
#757 = DIRECTION ( 'NONE',  ( -1.000000000000000000, 0.0000000000000000000, -0.0000000000000000000 ) ) ;
#758 = DIRECTION ( 'NONE',  ( 0.0000000000000000000, 0.0000000000000000000, -1.000000000000000000 ) ) ;
#759 = CARTESIAN_POINT ( 'NONE',  ( 1.999999999999998200, -0.8400000000000005200, 1.005000000000000600 ) ) ;
#760 = AXIS2_PLACEMENT_3D ( 'NONE', #759, #758, #757 ) ;
#761 = LINE ( 'NONE', #756, #755 ) ;
#762 = PLANE ( 'NONE',  #760 ) ;
#763 =( GEOMETRIC_REPRESENTATION_CONTEXT ( 3 ) GLOBAL_UNCERTAINTY_ASSIGNED_CONTEXT ( ( #653 ) ) GLOBAL_UNIT_ASSIGNED_CONTEXT ( ( #636, #655, #654 ) ) REPRESENTATION_CONTEXT ( 'NONE', 'WORKASPACE' ) );
#764 =( GEOMETRIC_REPRESENTATION_CONTEXT ( 3 ) GLOBAL_UNCERTAINTY_ASSIGNED_CONTEXT ( ( #765 ) ) GLOBAL_UNIT_ASSIGNED_CONTEXT ( ( #768, #767, #766 ) ) REPRESENTATION_CONTEXT ( 'NONE', 'WORKASPACE' ) );
#765 = UNCERTAINTY_MEASURE_WITH_UNIT (LENGTH_MEASURE( 1.000000000000000100E-005 ), #768, 'distance_accuracy_value', 'NONE');
#766 =( NAMED_UNIT ( * ) SI_UNIT ( $, .STERADIAN. ) SOLID_ANGLE_UNIT ( ) );
#767 =( NAMED_UNIT ( * ) PLANE_ANGLE_UNIT ( ) SI_UNIT ( $, .RADIAN. ) );
#768 =( LENGTH_UNIT ( ) NAMED_UNIT ( * ) SI_UNIT ( .MILLI., .METRE. ) );
#769 = MECHANICAL_DESIGN_GEOMETRIC_PRESENTATION_REPRESENTATION (  '', ( #771 ), #764 ) ;
#770 = PRESENTATION_LAYER_ASSIGNMENT (  '', '', ( #771 ) ) ;
#771 = STYLED_ITEM ( 'NONE', ( #772 ), #4168 ) ;
#772 = PRESENTATION_STYLE_ASSIGNMENT (( #773 ) ) ;
#773 = SURFACE_STYLE_USAGE ( .BOTH. , #774 ) ;
#774 = SURFACE_SIDE_STYLE ('',( #775 ) ) ;
#775 = SURFACE_STYLE_FILL_AREA ( #776 ) ;
#776 = FILL_AREA_STYLE ('',( #752 ) ) ;
#777 = COLOUR_RGB ( '',0.8784313725490196000, 0.8784313725490196000, 0.8784313725490196000 ) ;
#778 = FACE_OUTER_BOUND ( 'NONE', #4164, .T. ) ;
#779 = UNCERTAINTY_MEASURE_WITH_UNIT (LENGTH_MEASURE( 1.000000000000000100E-005 ), #546, 'distance_accuracy_value', 'NONE');
#780 = AXIS2_PLACEMENT_3D ( 'NONE', #850, #849, #848 ) ;
#781 = PLANE ( 'NONE',  #780 ) ;
#782 = FACE_OUTER_BOUND ( 'NONE', #4177, .T. ) ;
#783 = DIRECTION ( 'NONE',  ( -0.06975647374411816900, 0.0000000000000000000, -0.9975640502598247500 ) ) ;
#784 = DIRECTION ( 'NONE',  ( 0.9975640502598247500, 0.0000000000000000000, -0.06975647374411816900 ) ) ;
#785 = CARTESIAN_POINT ( 'NONE',  ( 3.005585789528317800, -1.905000000000000500, 0.07988051182470988500 ) ) ;
#786 = AXIS2_PLACEMENT_3D ( 'NONE', #785, #784, #783 ) ;
#787 = PLANE ( 'NONE',  #786 ) ;
#788 = DIRECTION ( 'NONE',  ( 0.1605805316733572300, 0.0000000000000000000, -0.9870227418086686700 ) ) ;
#789 = VECTOR ( 'NONE', #788, 1000.000000000000100 ) ;
#790 = CARTESIAN_POINT ( 'NONE',  ( 2.115913409923405800, -0.4300000000000007100, 0.7668458207347690300 ) ) ;
#791 = LINE ( 'NONE', #790, #789 ) ;
#792 = FILL_AREA_STYLE_COLOUR ( '', #698 ) ;
#793 = CARTESIAN_POINT ( 'NONE',  ( 2.115913409923405800, -0.4300000000000007100, 0.7668458207347690300 ) ) ;
#794 = DIRECTION ( 'NONE',  ( -0.0000000000000000000, -1.000000000000000000, 0.0000000000000000000 ) ) ;
#795 = VECTOR ( 'NONE', #794, 1000.000000000000000 ) ;
#796 = CARTESIAN_POINT ( 'NONE',  ( 2.115913409923405800, -0.6350000000000001200, 0.7668458207347689200 ) ) ;
#797 = LINE ( 'NONE', #796, #795 ) ;
#798 = CARTESIAN_POINT ( 'NONE',  ( 2.115913409923405800, -0.8400000000000005200, 0.7668458207347690300 ) ) ;
#799 = DIRECTION ( 'NONE',  ( 0.1605805316733572300, 0.0000000000000000000, -0.9870227418086686700 ) ) ;
#800 = VECTOR ( 'NONE', #799, 1000.000000000000100 ) ;
#801 = CARTESIAN_POINT ( 'NONE',  ( 2.115913409923405800, -0.8400000000000005200, 0.7668458207347690300 ) ) ;
#802 = DIRECTION ( 'NONE',  ( 0.1605805316733572300, 0.0000000000000000000, -0.9870227418086686700 ) ) ;
#803 = DIRECTION ( 'NONE',  ( 0.9870227418086687800, -0.0000000000000000000, 0.1605805316733572600 ) ) ;
#804 = AXIS2_PLACEMENT_3D ( 'NONE', #807, #803, #802 ) ;
#805 = LINE ( 'NONE', #801, #800 ) ;
#806 = PLANE ( 'NONE',  #804 ) ;
#807 = CARTESIAN_POINT ( 'NONE',  ( 2.115913409923405800, -0.6350000000000001200, 0.7668458207347689200 ) ) ;
#808 =( GEOMETRIC_REPRESENTATION_CONTEXT ( 3 ) GLOBAL_UNCERTAINTY_ASSIGNED_CONTEXT ( ( #809 ) ) GLOBAL_UNIT_ASSIGNED_CONTEXT ( ( #812, #811, #810 ) ) REPRESENTATION_CONTEXT ( 'NONE', 'WORKASPACE' ) );
#809 = UNCERTAINTY_MEASURE_WITH_UNIT (LENGTH_MEASURE( 1.000000000000000100E-005 ), #812, 'distance_accuracy_value', 'NONE');
#810 =( NAMED_UNIT ( * ) SI_UNIT ( $, .STERADIAN. ) SOLID_ANGLE_UNIT ( ) );
#811 =( NAMED_UNIT ( * ) PLANE_ANGLE_UNIT ( ) SI_UNIT ( $, .RADIAN. ) );
#812 =( LENGTH_UNIT ( ) NAMED_UNIT ( * ) SI_UNIT ( .MILLI., .METRE. ) );
#813 = MECHANICAL_DESIGN_GEOMETRIC_PRESENTATION_REPRESENTATION (  '', ( #815 ), #808 ) ;
#814 = PRESENTATION_LAYER_ASSIGNMENT (  '', '', ( #815 ) ) ;
#815 = STYLED_ITEM ( 'NONE', ( #816 ), #4102 ) ;
#816 = PRESENTATION_STYLE_ASSIGNMENT (( #817 ) ) ;
#817 = SURFACE_STYLE_USAGE ( .BOTH. , #818 ) ;
#818 = SURFACE_SIDE_STYLE ('',( #819 ) ) ;
#819 = SURFACE_STYLE_FILL_AREA ( #820 ) ;
#820 = FILL_AREA_STYLE ('',( #827 ) ) ;
#821 = COLOUR_RGB ( '',0.8784313725490196000, 0.8784313725490196000, 0.8784313725490196000 ) ;
#822 = FACE_OUTER_BOUND ( 'NONE', #4103, .T. ) ;
#823 = DIRECTION ( 'NONE',  ( 0.0000000000000000000, -1.000000000000000000, 0.0000000000000000000 ) ) ;
#824 = VECTOR ( 'NONE', #823, 1000.000000000000000 ) ;
#825 = CARTESIAN_POINT ( 'NONE',  ( 2.357107326951332700, -0.6350000000000001200, 0.2772240449449658900 ) ) ;
#826 = LINE ( 'NONE', #825, #824 ) ;
#827 = FILL_AREA_STYLE_COLOUR ( '', #821 ) ;
#828 = DIRECTION ( 'NONE',  ( 0.06975647374411816900, 0.0000000000000000000, 0.9975640502598247500 ) ) ;
#829 = VECTOR ( 'NONE', #828, 1000.000000000000100 ) ;
#830 = CARTESIAN_POINT ( 'NONE',  ( 3.010462538693471100, 0.8399999999999994100, 0.1496212740532759700 ) ) ;
#831 = DIRECTION ( 'NONE',  ( 0.9975640502598247500, 0.0000000000000000000, -0.06975647374411819700 ) ) ;
#832 = DIRECTION ( 'NONE',  ( 0.06975647374411819700, -0.0000000000000000000, 0.9975640502598247500 ) ) ;
#833 = CARTESIAN_POINT ( 'NONE',  ( 2.399999999999999900, -0.6350000000000001200, 0.04195608716610197500 ) ) ;
#834 = AXIS2_PLACEMENT_3D ( 'NONE', #833, #832, #831 ) ;
#835 = DIRECTION ( 'NONE',  ( 0.0000000000000000000, 1.000000000000000000, 0.0000000000000000000 ) ) ;
#836 = VECTOR ( 'NONE', #835, 1000.000000000000000 ) ;
#837 = DIRECTION ( 'NONE',  ( -1.000000000000000000, -0.0000000000000000000, -0.0000000000000000000 ) ) ;
#838 = VECTOR ( 'NONE', #837, 1000.000000000000000 ) ;
#839 = CARTESIAN_POINT ( 'NONE',  ( 1.999999999999998200, -0.4300000000000007100, 1.005000000000000600 ) ) ;
#840 = LINE ( 'NONE', #839, #838 ) ;
#841 = CARTESIAN_POINT ( 'NONE',  ( 2.200000000000000200, -1.905000000000000000, 0.2500000000000000000 ) ) ;
#842 = CARTESIAN_POINT ( 'NONE',  ( 1.999999999999998700, -0.8400000000000005200, 0.8450000000000004200 ) ) ;
#843 = DIRECTION ( 'NONE',  ( 0.0000000000000000000, 0.0000000000000000000, 1.000000000000000000 ) ) ;
#844 = DIRECTION ( 'NONE',  ( 0.0000000000000000000, 1.000000000000000000, -0.0000000000000000000 ) ) ;
#845 = CARTESIAN_POINT ( 'NONE',  ( 2.000000000000000000, -0.8400000000000005200, 0.7199651360910145300 ) ) ;
#846 = AXIS2_PLACEMENT_3D ( 'NONE', #845, #844, #843 ) ;
#847 = CIRCLE ( 'NONE', #846, 0.1250348639089858000 ) ;
#848 = DIRECTION ( 'NONE',  ( 0.0000000000000000000, 0.0000000000000000000, 1.000000000000000000 ) ) ;
#849 = DIRECTION ( 'NONE',  ( 0.0000000000000000000, 1.000000000000000000, -0.0000000000000000000 ) ) ;
#850 = CARTESIAN_POINT ( 'NONE',  ( 1.999999999999998700, -2.110000000000000300, 0.8450000000000004200 ) ) ;
#851 = DIRECTION ( 'NONE',  ( -0.1605805316733572300, 0.0000000000000000000, 0.9870227418086686700 ) ) ;
#852 = DIRECTION ( 'NONE',  ( -0.9870227418086687800, 0.0000000000000000000, -0.1605805316733572600 ) ) ;
#853 = CARTESIAN_POINT ( 'NONE',  ( 2.270417144850321200, -1.905000000000000000, 0.8100730792182139200 ) ) ;
#854 = AXIS2_PLACEMENT_3D ( 'NONE', #853, #852, #851 ) ;
#855 = LINE ( 'NONE', #907, #906 ) ;
#856 = PLANE ( 'NONE',  #854 ) ;
#857 =( GEOMETRIC_REPRESENTATION_CONTEXT ( 3 ) GLOBAL_UNCERTAINTY_ASSIGNED_CONTEXT ( ( #858 ) ) GLOBAL_UNIT_ASSIGNED_CONTEXT ( ( #861, #860, #859 ) ) REPRESENTATION_CONTEXT ( 'NONE', 'WORKASPACE' ) );
#858 = UNCERTAINTY_MEASURE_WITH_UNIT (LENGTH_MEASURE( 1.000000000000000100E-005 ), #861, 'distance_accuracy_value', 'NONE');
#859 =( NAMED_UNIT ( * ) SI_UNIT ( $, .STERADIAN. ) SOLID_ANGLE_UNIT ( ) );
#860 =( NAMED_UNIT ( * ) PLANE_ANGLE_UNIT ( ) SI_UNIT ( $, .RADIAN. ) );
#861 =( LENGTH_UNIT ( ) NAMED_UNIT ( * ) SI_UNIT ( .MILLI., .METRE. ) );
#862 = MECHANICAL_DESIGN_GEOMETRIC_PRESENTATION_REPRESENTATION (  '', ( #864 ), #857 ) ;
#863 = PRESENTATION_LAYER_ASSIGNMENT (  '', '', ( #864 ) ) ;
#864 = STYLED_ITEM ( 'NONE', ( #865 ), #4248 ) ;
#865 = PRESENTATION_STYLE_ASSIGNMENT (( #866 ) ) ;
#866 = SURFACE_STYLE_USAGE ( .BOTH. , #867 ) ;
#867 = SURFACE_SIDE_STYLE ('',( #868 ) ) ;
#868 = SURFACE_STYLE_FILL_AREA ( #869 ) ;
#869 = FILL_AREA_STYLE ('',( #876 ) ) ;
#870 = COLOUR_RGB ( '',0.8784313725490196000, 0.8784313725490196000, 0.8784313725490196000 ) ;
#871 = FACE_OUTER_BOUND ( 'NONE', #4249, .T. ) ;
#872 = DIRECTION ( 'NONE',  ( 0.1605805316733572300, 0.0000000000000000000, -0.9870227418086686700 ) ) ;
#873 = VECTOR ( 'NONE', #872, 1000.000000000000100 ) ;
#874 = CARTESIAN_POINT ( 'NONE',  ( 2.115913409923405800, -1.700000000000000600, 0.7668458207347690300 ) ) ;
#875 = LINE ( 'NONE', #874, #873 ) ;
#876 = FILL_AREA_STYLE_COLOUR ( '', #870 ) ;
#877 = CARTESIAN_POINT ( 'NONE',  ( 2.115913409923405800, -1.700000000000000600, 0.7668458207347690300 ) ) ;
#878 = UNCERTAINTY_MEASURE_WITH_UNIT (LENGTH_MEASURE( 1.000000000000000100E-005 ), #881, 'distance_accuracy_value', 'NONE');
#879 =( NAMED_UNIT ( * ) SI_UNIT ( $, .STERADIAN. ) SOLID_ANGLE_UNIT ( ) );
#880 =( NAMED_UNIT ( * ) PLANE_ANGLE_UNIT ( ) SI_UNIT ( $, .RADIAN. ) );
#881 =( LENGTH_UNIT ( ) NAMED_UNIT ( * ) SI_UNIT ( .MILLI., .METRE. ) );
#882 = MECHANICAL_DESIGN_GEOMETRIC_PRESENTATION_REPRESENTATION (  '', ( #884 ), #966 ) ;
#883 = PRESENTATION_LAYER_ASSIGNMENT (  '', '', ( #884 ) ) ;
#884 = STYLED_ITEM ( 'NONE', ( #885 ), #4264 ) ;
#885 = PRESENTATION_STYLE_ASSIGNMENT (( #886 ) ) ;
#886 = SURFACE_STYLE_USAGE ( .BOTH. , #887 ) ;
#887 = SURFACE_SIDE_STYLE ('',( #888 ) ) ;
#888 = SURFACE_STYLE_FILL_AREA ( #889 ) ;
#889 = FILL_AREA_STYLE ('',( #896 ) ) ;
#890 = COLOUR_RGB ( '',0.8784313725490196000, 0.8784313725490196000, 0.8784313725490196000 ) ;
#891 = FACE_OUTER_BOUND ( 'NONE', #4265, .T. ) ;
#892 = DIRECTION ( 'NONE',  ( 0.0000000000000000000, -1.000000000000000000, 0.0000000000000000000 ) ) ;
#893 = VECTOR ( 'NONE', #892, 1000.000000000000000 ) ;
#894 = CARTESIAN_POINT ( 'NONE',  ( 2.357107326951332700, -1.905000000000000000, 0.2772240449449658900 ) ) ;
#895 = LINE ( 'NONE', #894, #893 ) ;
#896 = FILL_AREA_STYLE_COLOUR ( '', #890 ) ;
#897 = CARTESIAN_POINT ( 'NONE',  ( 2.357107326951332700, -1.700000000000000600, 0.2772240449449662200 ) ) ;
#898 = DIRECTION ( 'NONE',  ( 0.0000000000000000000, 0.0000000000000000000, -1.000000000000000000 ) ) ;
#899 = DIRECTION ( 'NONE',  ( -0.0000000000000000000, -1.000000000000000000, -0.0000000000000000000 ) ) ;
#900 = CARTESIAN_POINT ( 'NONE',  ( 2.457460150826093600, -1.700000000000000600, 0.2973500771900227100 ) ) ;
#901 = AXIS2_PLACEMENT_3D ( 'NONE', #900, #899, #898 ) ;
#902 = CIRCLE ( 'NONE', #901, 0.1023510939539381400 ) ;
#903 = CARTESIAN_POINT ( 'NONE',  ( 2.200000000000000200, -2.110000000000000300, 0.2500000000000000000 ) ) ;
#904 = CARTESIAN_POINT ( 'NONE',  ( 2.270417144850321200, -1.700000000000000600, 0.8100730792182140300 ) ) ;
#905 = DIRECTION ( 'NONE',  ( 0.1605805316733572300, 0.0000000000000000000, -0.9870227418086686700 ) ) ;
#906 = VECTOR ( 'NONE', #905, 1000.000000000000100 ) ;
#907 = CARTESIAN_POINT ( 'NONE',  ( 2.270417144850321200, -1.700000000000000600, 0.8100730792182140300 ) ) ;
#908 = SURFACE_STYLE_FILL_AREA ( #909 ) ;
#909 = FILL_AREA_STYLE ('',( #916 ) ) ;
#910 = COLOUR_RGB ( '',0.8784313725490196000, 0.8784313725490196000, 0.8784313725490196000 ) ;
#911 = FACE_OUTER_BOUND ( 'NONE', #4183, .T. ) ;
#912 = DIRECTION ( 'NONE',  ( 0.0000000000000000000, 1.000000000000000000, 0.0000000000000000000 ) ) ;
#913 = VECTOR ( 'NONE', #912, 1000.000000000000000 ) ;
#914 = CARTESIAN_POINT ( 'NONE',  ( 1.999999999999998700, -0.8400000000000005200, 0.8450000000000004200 ) ) ;
#915 = LINE ( 'NONE', #914, #913 ) ;
#916 = FILL_AREA_STYLE_COLOUR ( '', #910 ) ;
#917 = DIRECTION ( 'NONE',  ( 0.9975640502598247500, 0.0000000000000000000, -0.06975647374411819700 ) ) ;
#918 = VECTOR ( 'NONE', #917, 1000.000000000000000 ) ;
#919 = CARTESIAN_POINT ( 'NONE',  ( 2.399999999999999900, -2.110000000000000300, 0.04195608716610197500 ) ) ;
#920 = LINE ( 'NONE', #919, #918 ) ;
#921 = CARTESIAN_POINT ( 'NONE',  ( 3.000000000000000000, -1.700000000000000600, -1.355252715606880500E-017 ) ) ;
#922 = CARTESIAN_POINT ( 'NONE',  ( 3.000000000000000000, -2.110000000000000300, -1.355252715606880500E-017 ) ) ;
#923 = DIRECTION ( 'NONE',  ( 0.0000000000000000000, 1.000000000000000000, 0.0000000000000000000 ) ) ;
#924 = VECTOR ( 'NONE', #923, 1000.000000000000000 ) ;
#925 = CARTESIAN_POINT ( 'NONE',  ( 3.000000000000000000, -1.905000000000000000, -1.355252715606880500E-017 ) ) ;
#926 = DIRECTION ( 'NONE',  ( 0.9975640502598247500, 0.0000000000000000000, -0.06975647374411819700 ) ) ;
#927 = DIRECTION ( 'NONE',  ( 0.06975647374411819700, -0.0000000000000000000, 0.9975640502598247500 ) ) ;
#928 = CARTESIAN_POINT ( 'NONE',  ( 2.399999999999999900, -1.905000000000000000, 0.04195608716610197500 ) ) ;
#929 = AXIS2_PLACEMENT_3D ( 'NONE', #928, #927, #926 ) ;
#930 = LINE ( 'NONE', #925, #924 ) ;
#931 = PLANE ( 'NONE',  #929 ) ;
#932 =( GEOMETRIC_REPRESENTATION_CONTEXT ( 3 ) GLOBAL_UNCERTAINTY_ASSIGNED_CONTEXT ( ( #933 ) ) GLOBAL_UNIT_ASSIGNED_CONTEXT ( ( #936, #935, #934 ) ) REPRESENTATION_CONTEXT ( 'NONE', 'WORKASPACE' ) );
#933 = UNCERTAINTY_MEASURE_WITH_UNIT (LENGTH_MEASURE( 1.000000000000000100E-005 ), #936, 'distance_accuracy_value', 'NONE');
#934 =( NAMED_UNIT ( * ) SI_UNIT ( $, .STERADIAN. ) SOLID_ANGLE_UNIT ( ) );
#935 =( NAMED_UNIT ( * ) PLANE_ANGLE_UNIT ( ) SI_UNIT ( $, .RADIAN. ) );
#936 =( LENGTH_UNIT ( ) NAMED_UNIT ( * ) SI_UNIT ( .MILLI., .METRE. ) );
#937 = MECHANICAL_DESIGN_GEOMETRIC_PRESENTATION_REPRESENTATION (  '', ( #939 ), #932 ) ;
#938 = PRESENTATION_LAYER_ASSIGNMENT (  '', '', ( #939 ) ) ;
#939 = STYLED_ITEM ( 'NONE', ( #940 ), #4229 ) ;
#940 = PRESENTATION_STYLE_ASSIGNMENT (( #941 ) ) ;
#941 = SURFACE_STYLE_USAGE ( .BOTH. , #942 ) ;
#942 = SURFACE_SIDE_STYLE ('',( #943 ) ) ;
#943 = SURFACE_STYLE_FILL_AREA ( #944 ) ;
#944 = FILL_AREA_STYLE ('',( #951 ) ) ;
#945 = COLOUR_RGB ( '',0.8784313725490196000, 0.8784313725490196000, 0.8784313725490196000 ) ;
#946 = FACE_OUTER_BOUND ( 'NONE', #4230, .T. ) ;
#947 = DIRECTION ( 'NONE',  ( 0.9975640502598247500, 0.0000000000000000000, -0.06975647374411819700 ) ) ;
#948 = VECTOR ( 'NONE', #947, 1000.000000000000000 ) ;
#949 = CARTESIAN_POINT ( 'NONE',  ( 2.423295732169007600, -2.110000000000000300, 0.2008693074408584600 ) ) ;
#950 = LINE ( 'NONE', #949, #948 ) ;
#951 = FILL_AREA_STYLE_COLOUR ( '', #945 ) ;
#952 = DIRECTION ( 'NONE',  ( -1.000000000000000000, -0.0000000000000000000, -0.0000000000000000000 ) ) ;
#953 = VECTOR ( 'NONE', #952, 1000.000000000000000 ) ;
#954 = CARTESIAN_POINT ( 'NONE',  ( 1.999999999999998200, -0.8400000000000005200, 1.005000000000000600 ) ) ;
#955 = LINE ( 'NONE', #954, #953 ) ;
#956 = CARTESIAN_POINT ( 'NONE',  ( 2.115913409923405800, -2.110000000000000300, 0.7668458207347690300 ) ) ;
#957 = DIRECTION ( 'NONE',  ( 0.1605805316733572300, 0.0000000000000000000, -0.9870227418086686700 ) ) ;
#958 = VECTOR ( 'NONE', #957, 1000.000000000000100 ) ;
#959 = CARTESIAN_POINT ( 'NONE',  ( 2.115913409923405800, -2.110000000000000300, 0.7668458207347690300 ) ) ;
#960 = LINE ( 'NONE', #959, #958 ) ;
#961 = DIRECTION ( 'NONE',  ( 0.1605805316733572300, 0.0000000000000000000, -0.9870227418086686700 ) ) ;
#962 = DIRECTION ( 'NONE',  ( 0.9870227418086687800, -0.0000000000000000000, 0.1605805316733572600 ) ) ;
#963 = CARTESIAN_POINT ( 'NONE',  ( 2.115913409923405800, -1.905000000000000000, 0.7668458207347689200 ) ) ;
#964 = AXIS2_PLACEMENT_3D ( 'NONE', #963, #962, #961 ) ;
#965 = PLANE ( 'NONE',  #964 ) ;
#966 =( GEOMETRIC_REPRESENTATION_CONTEXT ( 3 ) GLOBAL_UNCERTAINTY_ASSIGNED_CONTEXT ( ( #878 ) ) GLOBAL_UNIT_ASSIGNED_CONTEXT ( ( #881, #880, #879 ) ) REPRESENTATION_CONTEXT ( 'NONE', 'WORKASPACE' ) );
#967 = DIRECTION ( 'NONE',  ( -0.0000000000000000000, -1.000000000000000000, 0.0000000000000000000 ) ) ;
#968 = VECTOR ( 'NONE', #967, 1000.000000000000000 ) ;
#969 = CARTESIAN_POINT ( 'NONE',  ( 2.115913409923405800, -1.905000000000000000, 0.7668458207347689200 ) ) ;
#970 = LINE ( 'NONE', #969, #968 ) ;
#971 = DIRECTION ( 'NONE',  ( 0.0000000000000000000, 0.0000000000000000000, 1.000000000000000000 ) ) ;
#972 = DIRECTION ( 'NONE',  ( 0.0000000000000000000, 1.000000000000000000, -0.0000000000000000000 ) ) ;
#973 = CARTESIAN_POINT ( 'NONE',  ( 2.000000000000000000, -0.8400000000000005200, 0.7199651360910145300 ) ) ;
#974 = AXIS2_PLACEMENT_3D ( 'NONE', #973, #972, #971 ) ;
#975 = DIRECTION ( 'NONE',  ( 0.0000000000000000000, 0.0000000000000000000, 1.000000000000000000 ) ) ;
#976 = DIRECTION ( 'NONE',  ( 0.0000000000000000000, 1.000000000000000000, -0.0000000000000000000 ) ) ;
#977 = AXIS2_PLACEMENT_3D ( 'NONE', #980, #976, #975 ) ;
#978 = CYLINDRICAL_SURFACE ( 'NONE', #977, 0.2850348639089859100 ) ;
#979 = CIRCLE ( 'NONE', #974, 0.2850348639089859100 ) ;
#980 = CARTESIAN_POINT ( 'NONE',  ( 2.000000000000000000, -0.6350000000000001200, 0.7199651360910145300 ) ) ;
#981 =( GEOMETRIC_REPRESENTATION_CONTEXT ( 3 ) GLOBAL_UNCERTAINTY_ASSIGNED_CONTEXT ( ( #982 ) ) GLOBAL_UNIT_ASSIGNED_CONTEXT ( ( #985, #984, #983 ) ) REPRESENTATION_CONTEXT ( 'NONE', 'WORKASPACE' ) );
#982 = UNCERTAINTY_MEASURE_WITH_UNIT (LENGTH_MEASURE( 1.000000000000000100E-005 ), #985, 'distance_accuracy_value', 'NONE');
#983 =( NAMED_UNIT ( * ) SI_UNIT ( $, .STERADIAN. ) SOLID_ANGLE_UNIT ( ) );
#984 =( NAMED_UNIT ( * ) PLANE_ANGLE_UNIT ( ) SI_UNIT ( $, .RADIAN. ) );
#985 =( LENGTH_UNIT ( ) NAMED_UNIT ( * ) SI_UNIT ( .MILLI., .METRE. ) );
#986 = MECHANICAL_DESIGN_GEOMETRIC_PRESENTATION_REPRESENTATION (  '', ( #988 ), #981 ) ;
#987 = PRESENTATION_LAYER_ASSIGNMENT (  '', '', ( #988 ) ) ;
#988 = STYLED_ITEM ( 'NONE', ( #989 ), #4239 ) ;
#989 = PRESENTATION_STYLE_ASSIGNMENT (( #990 ) ) ;
#990 = SURFACE_STYLE_USAGE ( .BOTH. , #991 ) ;
#991 = SURFACE_SIDE_STYLE ('',( #908 ) ) ;
#992 = CARTESIAN_POINT ( 'NONE',  ( 2.423295732169007600, -2.110000000000000300, 0.2008693074408584600 ) ) ;
#993 = DIRECTION ( 'NONE',  ( 0.0000000000000000000, 1.000000000000000000, 0.0000000000000000000 ) ) ;
#994 = VECTOR ( 'NONE', #993, 1000.000000000000000 ) ;
#995 = CARTESIAN_POINT ( 'NONE',  ( 2.423295732169007600, -1.905000000000000000, 0.2008693074408584600 ) ) ;
#996 = LINE ( 'NONE', #995, #994 ) ;
#997 = CARTESIAN_POINT ( 'NONE',  ( 2.423295732169007600, -1.700000000000000600, 0.2008693074408585700 ) ) ;
#998 = DIRECTION ( 'NONE',  ( 0.9975640502598247500, 0.0000000000000000000, -0.06975647374411819700 ) ) ;
#999 = VECTOR ( 'NONE', #998, 1000.000000000000000 ) ;
#1000 = CARTESIAN_POINT ( 'NONE',  ( 2.423295732169007600, -1.700000000000000600, 0.2008693074408585700 ) ) ;
#1001 = DIRECTION ( 'NONE',  ( 0.0000000000000000000, 0.0000000000000000000, 1.000000000000000000 ) ) ;
#1002 = DIRECTION ( 'NONE',  ( 0.0000000000000000000, 1.000000000000000000, -0.0000000000000000000 ) ) ;
#1003 = AXIS2_PLACEMENT_3D ( 'NONE', #1005, #1002, #1001 ) ;
#1004 = LINE ( 'NONE', #1000, #999 ) ;
#1005 = CARTESIAN_POINT ( 'NONE',  ( 1.999999999999998700, -0.8400000000000005200, 0.8450000000000004200 ) ) ;
#1006 = PLANE ( 'NONE',  #1003 ) ;
#1007 = CARTESIAN_POINT ( 'NONE',  ( 3.010462538693471100, -0.4300000000000007100, 0.1496212740532759700 ) ) ;
#1008 = LINE ( 'NONE', #1007, #1011 ) ;
#1009 = CARTESIAN_POINT ( 'NONE',  ( 2.200000000000000200, -0.8400000000000005200, 0.2500000000000000000 ) ) ;
#1010 = DIRECTION ( 'NONE',  ( 0.06975647374411816900, 0.0000000000000000000, 0.9975640502598247500 ) ) ;
#1011 = VECTOR ( 'NONE', #1010, 1000.000000000000100 ) ;
#1012 = CIRCLE ( 'NONE', #1075, 0.2617780721781255400 ) ;
#1013 = DIRECTION ( 'NONE',  ( 0.0000000000000000000, 1.000000000000000000, 0.0000000000000000000 ) ) ;
#1014 = VECTOR ( 'NONE', #1013, 1000.000000000000000 ) ;
#1015 = CARTESIAN_POINT ( 'NONE',  ( 2.200000000000000200, -0.6350000000000001200, 0.2500000000000000000 ) ) ;
#1016 = LINE ( 'NONE', #1015, #1014 ) ;
#1017 = DIRECTION ( 'NONE',  ( 0.0000000000000000000, 0.0000000000000000000, 1.000000000000000000 ) ) ;
#1018 = DIRECTION ( 'NONE',  ( 0.0000000000000000000, 1.000000000000000000, -0.0000000000000000000 ) ) ;
#1019 = AXIS2_PLACEMENT_3D ( 'NONE', #1022, #1018, #1017 ) ;
#1020 = CYLINDRICAL_SURFACE ( 'NONE', #1019, 0.1250348639089858000 ) ;
#1021 = FACE_OUTER_BOUND ( 'NONE', #4213, .T. ) ;
#1022 = CARTESIAN_POINT ( 'NONE',  ( 2.000000000000000000, -0.6350000000000001200, 0.7199651360910145300 ) ) ;
#1023 =( GEOMETRIC_REPRESENTATION_CONTEXT ( 3 ) GLOBAL_UNCERTAINTY_ASSIGNED_CONTEXT ( ( #1024 ) ) GLOBAL_UNIT_ASSIGNED_CONTEXT ( ( #1027, #1026, #1025 ) ) REPRESENTATION_CONTEXT ( 'NONE', 'WORKASPACE' ) );
#1024 = UNCERTAINTY_MEASURE_WITH_UNIT (LENGTH_MEASURE( 1.000000000000000100E-005 ), #1027, 'distance_accuracy_value', 'NONE');
#1025 =( NAMED_UNIT ( * ) SI_UNIT ( $, .STERADIAN. ) SOLID_ANGLE_UNIT ( ) );
#1026 =( NAMED_UNIT ( * ) PLANE_ANGLE_UNIT ( ) SI_UNIT ( $, .RADIAN. ) );
#1027 =( LENGTH_UNIT ( ) NAMED_UNIT ( * ) SI_UNIT ( .MILLI., .METRE. ) );
#1028 = MECHANICAL_DESIGN_GEOMETRIC_PRESENTATION_REPRESENTATION (  '', ( #1030 ), #1023 ) ;
#1029 = PRESENTATION_LAYER_ASSIGNMENT (  '', '', ( #1030 ) ) ;
#1030 = STYLED_ITEM ( 'NONE', ( #1031 ), #4211 ) ;
#1031 = PRESENTATION_STYLE_ASSIGNMENT (( #1032 ) ) ;
#1032 = SURFACE_STYLE_USAGE ( .BOTH. , #1033 ) ;
#1033 = SURFACE_SIDE_STYLE ('',( #1034 ) ) ;
#1034 = SURFACE_STYLE_FILL_AREA ( #1035 ) ;
#1035 = FILL_AREA_STYLE ('',( #1036 ) ) ;
#1036 = FILL_AREA_STYLE_COLOUR ( '', #1037 ) ;
#1037 = COLOUR_RGB ( '',0.8784313725490196000, 0.8784313725490196000, 0.8784313725490196000 ) ;
#1038 = FACE_OUTER_BOUND ( 'NONE', #4431, .T. ) ;
#1039 = CARTESIAN_POINT ( 'NONE',  ( 3.011171579056634700, -2.110000000000000300, 0.1597610236494196300 ) ) ;
#1040 = CARTESIAN_POINT ( 'NONE',  ( 3.011171579056634700, -1.700000000000000600, 0.1597610236494197700 ) ) ;
#1041 = DIRECTION ( 'NONE',  ( 0.0000000000000000000, -1.000000000000000000, 0.0000000000000000000 ) ) ;
#1042 = VECTOR ( 'NONE', #1041, 1000.000000000000000 ) ;
#1043 = CARTESIAN_POINT ( 'NONE',  ( 3.011171579056634700, -1.905000000000000000, 0.1597610236494196300 ) ) ;
#1044 = DIRECTION ( 'NONE',  ( -0.9975640502598247500, 0.0000000000000000000, 0.06975647374411819700 ) ) ;
#1045 = DIRECTION ( 'NONE',  ( -0.06975647374411819700, 0.0000000000000000000, -0.9975640502598247500 ) ) ;
#1046 = CARTESIAN_POINT ( 'NONE',  ( 2.423295732169007600, -1.905000000000000000, 0.2008693074408584600 ) ) ;
#1047 = AXIS2_PLACEMENT_3D ( 'NONE', #1046, #1045, #1044 ) ;
#1048 = LINE ( 'NONE', #1043, #1042 ) ;
#1049 = PLANE ( 'NONE',  #1047 ) ;
#1050 =( GEOMETRIC_REPRESENTATION_CONTEXT ( 3 ) GLOBAL_UNCERTAINTY_ASSIGNED_CONTEXT ( ( #1051 ) ) GLOBAL_UNIT_ASSIGNED_CONTEXT ( ( #1054, #1053, #1052 ) ) REPRESENTATION_CONTEXT ( 'NONE', 'WORKASPACE' ) );
#1051 = UNCERTAINTY_MEASURE_WITH_UNIT (LENGTH_MEASURE( 1.000000000000000100E-005 ), #1054, 'distance_accuracy_value', 'NONE');
#1052 =( NAMED_UNIT ( * ) SI_UNIT ( $, .STERADIAN. ) SOLID_ANGLE_UNIT ( ) );
#1053 =( NAMED_UNIT ( * ) PLANE_ANGLE_UNIT ( ) SI_UNIT ( $, .RADIAN. ) );
#1054 =( LENGTH_UNIT ( ) NAMED_UNIT ( * ) SI_UNIT ( .MILLI., .METRE. ) );
#1055 = MECHANICAL_DESIGN_GEOMETRIC_PRESENTATION_REPRESENTATION (  '', ( #1057 ), #1050 ) ;
#1056 = PRESENTATION_LAYER_ASSIGNMENT (  '', '', ( #1057 ) ) ;
#1057 = STYLED_ITEM ( 'NONE', ( #1058 ), #4205 ) ;
#1058 = PRESENTATION_STYLE_ASSIGNMENT (( #1059 ) ) ;
#1059 = SURFACE_STYLE_USAGE ( .BOTH. , #1060 ) ;
#1060 = SURFACE_SIDE_STYLE ('',( #1061 ) ) ;
#1061 = SURFACE_STYLE_FILL_AREA ( #1062 ) ;
#1062 = FILL_AREA_STYLE ('',( #1063 ) ) ;
#1063 = FILL_AREA_STYLE_COLOUR ( '', #1064 ) ;
#1064 = COLOUR_RGB ( '',0.8784313725490196000, 0.8784313725490196000, 0.8784313725490196000 ) ;
#1065 = DIRECTION ( 'NONE',  ( 0.0000000000000000000, 0.0000000000000000000, -1.000000000000000000 ) ) ;
#1066 = DIRECTION ( 'NONE',  ( -0.0000000000000000000, -1.000000000000000000, -0.0000000000000000000 ) ) ;
#1067 = CARTESIAN_POINT ( 'NONE',  ( 2.457460150826093600, -0.8400000000000005200, 0.2973500771900227100 ) ) ;
#1068 = AXIS2_PLACEMENT_3D ( 'NONE', #1067, #1066, #1065 ) ;
#1069 = CIRCLE ( 'NONE', #1068, 0.2617780721781255400 ) ;
#1070 = FACE_OUTER_BOUND ( 'NONE', #4206, .T. ) ;
#1071 = CARTESIAN_POINT ( 'NONE',  ( 2.200000000000000200, -0.4300000000000007100, 0.2500000000000000000 ) ) ;
#1072 = DIRECTION ( 'NONE',  ( 0.0000000000000000000, 0.0000000000000000000, -1.000000000000000000 ) ) ;
#1073 = DIRECTION ( 'NONE',  ( -0.0000000000000000000, -1.000000000000000000, -0.0000000000000000000 ) ) ;
#1074 = CARTESIAN_POINT ( 'NONE',  ( 2.457460150826093600, -0.4300000000000007100, 0.2973500771900227100 ) ) ;
#1075 = AXIS2_PLACEMENT_3D ( 'NONE', #1074, #1073, #1072 ) ;
#1076 =( NAMED_UNIT ( * ) PLANE_ANGLE_UNIT ( ) SI_UNIT ( $, .RADIAN. ) );
#1077 =( LENGTH_UNIT ( ) NAMED_UNIT ( * ) SI_UNIT ( .MILLI., .METRE. ) );
#1078 = MECHANICAL_DESIGN_GEOMETRIC_PRESENTATION_REPRESENTATION (  '', ( #1080 ), #1220 ) ;
#1079 = PRESENTATION_LAYER_ASSIGNMENT (  '', '', ( #1080 ) ) ;
#1080 = STYLED_ITEM ( 'NONE', ( #1081 ), #4310 ) ;
#1081 = PRESENTATION_STYLE_ASSIGNMENT (( #1082 ) ) ;
#1082 = SURFACE_STYLE_USAGE ( .BOTH. , #1083 ) ;
#1083 = SURFACE_SIDE_STYLE ('',( #1084 ) ) ;
#1084 = SURFACE_STYLE_FILL_AREA ( #1085 ) ;
#1085 = FILL_AREA_STYLE ('',( #1092 ) ) ;
#1086 = COLOUR_RGB ( '',0.8784313725490196000, 0.8784313725490196000, 0.8784313725490196000 ) ;
#1087 = FACE_OUTER_BOUND ( 'NONE', #4311, .T. ) ;
#1088 = DIRECTION ( 'NONE',  ( 0.0000000000000000000, -1.000000000000000000, -0.0000000000000000000 ) ) ;
#1089 = VECTOR ( 'NONE', #1088, 1000.000000000000000 ) ;
#1090 = CARTESIAN_POINT ( 'NONE',  ( -2.115913409923405800, -0.6350000000000001200, 0.7668458207347690300 ) ) ;
#1091 = LINE ( 'NONE', #1090, #1089 ) ;
#1092 = FILL_AREA_STYLE_COLOUR ( '', #1086 ) ;
#1093 = CARTESIAN_POINT ( 'NONE',  ( -2.115913409923405800, -0.4300000000000007100, 0.7668458207347690300 ) ) ;
#1094 = DIRECTION ( 'NONE',  ( -0.1605805316733572300, 0.0000000000000000000, -0.9870227418086686700 ) ) ;
#1095 = VECTOR ( 'NONE', #1094, 1000.000000000000100 ) ;
#1096 = CARTESIAN_POINT ( 'NONE',  ( -2.115913409923405800, -0.4300000000000007100, 0.7668458207347690300 ) ) ;
#1097 = LINE ( 'NONE', #1096, #1095 ) ;
#1098 = AXIS2_PLACEMENT_3D ( 'NONE', #1213, #1212, #1211 ) ;
#1099 = PLANE ( 'NONE',  #1098 ) ;
#1100 = DIRECTION ( 'NONE',  ( -0.0000000000000000000, -1.000000000000000000, -0.0000000000000000000 ) ) ;
#1101 = CARTESIAN_POINT ( 'NONE',  ( 2.457460150826093600, -1.700000000000000600, 0.2973500771900227100 ) ) ;
#1102 = AXIS2_PLACEMENT_3D ( 'NONE', #1101, #1100, #1210 ) ;
#1103 = FACE_OUTER_BOUND ( 'NONE', #4284, .T. ) ;
#1104 = MECHANICAL_DESIGN_GEOMETRIC_PRESENTATION_REPRESENTATION (  '', ( #1106 ), #1242 ) ;
#1105 = PRESENTATION_LAYER_ASSIGNMENT (  '', '', ( #1106 ) ) ;
#1106 = STYLED_ITEM ( 'NONE', ( #1107 ), #4285 ) ;
#1107 = PRESENTATION_STYLE_ASSIGNMENT (( #1108 ) ) ;
#1108 = SURFACE_STYLE_USAGE ( .BOTH. , #1109 ) ;
#1109 = SURFACE_SIDE_STYLE ('',( #1110 ) ) ;
#1110 = SURFACE_STYLE_FILL_AREA ( #1111 ) ;
#1111 = FILL_AREA_STYLE ('',( #1206 ) ) ;
#1112 = COLOUR_RGB ( '',0.8784313725490196000, 0.8784313725490196000, 0.8784313725490196000 ) ;
#1113 = DIRECTION ( 'NONE',  ( 0.0000000000000000000, 0.0000000000000000000, -1.000000000000000000 ) ) ;
#1114 = DIRECTION ( 'NONE',  ( -0.0000000000000000000, -1.000000000000000000, -0.0000000000000000000 ) ) ;
#1115 =( LENGTH_UNIT ( ) NAMED_UNIT ( * ) SI_UNIT ( .MILLI., .METRE. ) );
#1116 = MECHANICAL_DESIGN_GEOMETRIC_PRESENTATION_REPRESENTATION (  '', ( #1157 ), #1137 ) ;
#1117 =( NAMED_UNIT ( * ) PLANE_ANGLE_UNIT ( ) SI_UNIT ( $, .RADIAN. ) );
#1118 =( LENGTH_UNIT ( ) NAMED_UNIT ( * ) SI_UNIT ( .MILLI., .METRE. ) );
#1119 = MECHANICAL_DESIGN_GEOMETRIC_PRESENTATION_REPRESENTATION (  '', ( #1121 ), #1200 ) ;
#1120 = PRESENTATION_LAYER_ASSIGNMENT (  '', '', ( #1121 ) ) ;
#1121 = STYLED_ITEM ( 'NONE', ( #1122 ), #4299 ) ;
#1122 = PRESENTATION_STYLE_ASSIGNMENT (( #1123 ) ) ;
#1123 = SURFACE_STYLE_USAGE ( .BOTH. , #1124 ) ;
#1124 = SURFACE_SIDE_STYLE ('',( #1125 ) ) ;
#1125 = SURFACE_STYLE_FILL_AREA ( #1126 ) ;
#1126 = FILL_AREA_STYLE ('',( #1133 ) ) ;
#1127 = COLOUR_RGB ( '',0.8784313725490196000, 0.8784313725490196000, 0.8784313725490196000 ) ;
#1128 = FACE_OUTER_BOUND ( 'NONE', #4357, .T. ) ;
#1129 = DIRECTION ( 'NONE',  ( -0.0000000000000000000, -1.000000000000000000, -0.0000000000000000000 ) ) ;
#1130 = VECTOR ( 'NONE', #1129, 1000.000000000000000 ) ;
#1131 = CARTESIAN_POINT ( 'NONE',  ( -2.399999999999999900, -0.6350000000000001200, 0.04195608716610197500 ) ) ;
#1132 = LINE ( 'NONE', #1131, #1130 ) ;
#1133 = FILL_AREA_STYLE_COLOUR ( '', #1127 ) ;
#1134 = UNCERTAINTY_MEASURE_WITH_UNIT (LENGTH_MEASURE( 1.000000000000000100E-005 ), #1115, 'distance_accuracy_value', 'NONE');
#1135 =( NAMED_UNIT ( * ) SI_UNIT ( $, .STERADIAN. ) SOLID_ANGLE_UNIT ( ) );
#1136 =( NAMED_UNIT ( * ) PLANE_ANGLE_UNIT ( ) SI_UNIT ( $, .RADIAN. ) );
#1137 =( GEOMETRIC_REPRESENTATION_CONTEXT ( 3 ) GLOBAL_UNCERTAINTY_ASSIGNED_CONTEXT ( ( #1134 ) ) GLOBAL_UNIT_ASSIGNED_CONTEXT ( ( #1115, #1136, #1135 ) ) REPRESENTATION_CONTEXT ( 'NONE', 'WORKASPACE' ) );
#1138 = CARTESIAN_POINT ( 'NONE',  ( -2.399999999999999900, -0.4300000000000007100, 0.04195608716610197500 ) ) ;
#1139 = DIRECTION ( 'NONE',  ( -0.9975640502598247500, 0.0000000000000000000, -0.06975647374411819700 ) ) ;
#1140 = VECTOR ( 'NONE', #1139, 1000.000000000000000 ) ;
#1141 = CARTESIAN_POINT ( 'NONE',  ( -2.399999999999999900, -0.4300000000000007100, 0.04195608716610197500 ) ) ;
#1142 = LINE ( 'NONE', #1141, #1140 ) ;
#1143 = CARTESIAN_POINT ( 'NONE',  ( -3.000000000000000000, -0.4300000000000007100, -1.355252715606880500E-017 ) ) ;
#1144 = DIRECTION ( 'NONE',  ( 0.0000000000000000000, 1.000000000000000000, 0.0000000000000000000 ) ) ;
#1145 = VECTOR ( 'NONE', #1144, 1000.000000000000000 ) ;
#1146 = CARTESIAN_POINT ( 'NONE',  ( -3.000000000000000000, -0.6350000000000001200, -1.355252715606880500E-017 ) ) ;
#1147 = LINE ( 'NONE', #1146, #1145 ) ;
#1148 = CARTESIAN_POINT ( 'NONE',  ( -3.000000000000000000, -0.8400000000000005200, -1.355252715606880500E-017 ) ) ;
#1149 = CARTESIAN_POINT ( 'NONE',  ( -2.399999999999999900, -0.8400000000000005200, 0.04195608716610197500 ) ) ;
#1150 = DIRECTION ( 'NONE',  ( -0.9975640502598247500, 0.0000000000000000000, -0.06975647374411819700 ) ) ;
#1151 = VECTOR ( 'NONE', #1150, 1000.000000000000000 ) ;
#1152 = CARTESIAN_POINT ( 'NONE',  ( -2.399999999999999900, -0.8400000000000005200, 0.04195608716610197500 ) ) ;
#1153 = LINE ( 'NONE', #1152, #1151 ) ;
#1154 = DIRECTION ( 'NONE',  ( -0.9975640502598247500, 0.0000000000000000000, -0.06975647374411819700 ) ) ;
#1155 = DIRECTION ( 'NONE',  ( 0.06975647374411819700, 0.0000000000000000000, -0.9975640502598247500 ) ) ;
#1156 = PRESENTATION_LAYER_ASSIGNMENT (  '', '', ( #1157 ) ) ;
#1157 = STYLED_ITEM ( 'NONE', ( #1158 ), #4283 ) ;
#1158 = PRESENTATION_STYLE_ASSIGNMENT (( #1159 ) ) ;
#1159 = SURFACE_STYLE_USAGE ( .BOTH. , #1160 ) ;
#1160 = SURFACE_SIDE_STYLE ('',( #1161 ) ) ;
#1161 = SURFACE_STYLE_FILL_AREA ( #1162 ) ;
#1162 = FILL_AREA_STYLE ('',( #1208 ) ) ;
#1163 =( NAMED_UNIT ( * ) PLANE_ANGLE_UNIT ( ) SI_UNIT ( $, .RADIAN. ) );
#1164 =( LENGTH_UNIT ( ) NAMED_UNIT ( * ) SI_UNIT ( .MILLI., .METRE. ) );
#1165 = MECHANICAL_DESIGN_GEOMETRIC_PRESENTATION_REPRESENTATION (  '', ( #1167 ), #1236 ) ;
#1166 = PRESENTATION_LAYER_ASSIGNMENT (  '', '', ( #1167 ) ) ;
#1167 = STYLED_ITEM ( 'NONE', ( #1168 ), #4316 ) ;
#1168 = PRESENTATION_STYLE_ASSIGNMENT (( #1169 ) ) ;
#1169 = SURFACE_STYLE_USAGE ( .BOTH. , #1170 ) ;
#1170 = SURFACE_SIDE_STYLE ('',( #1171 ) ) ;
#1171 = SURFACE_STYLE_FILL_AREA ( #1172 ) ;
#1172 = FILL_AREA_STYLE ('',( #1180 ) ) ;
#1173 = COLOUR_RGB ( '',0.8784313725490196000, 0.8784313725490196000, 0.8784313725490196000 ) ;
#1174 = FACE_OUTER_BOUND ( 'NONE', #4317, .T. ) ;
#1175 = DIRECTION ( 'NONE',  ( 0.0000000000000000000, 0.0000000000000000000, 1.000000000000000000 ) ) ;
#1176 = DIRECTION ( 'NONE',  ( 0.0000000000000000000, 1.000000000000000000, 0.0000000000000000000 ) ) ;
#1177 = CARTESIAN_POINT ( 'NONE',  ( -2.457460150826093600, -0.8400000000000005200, 0.2973500771900227100 ) ) ;
#1178 = AXIS2_PLACEMENT_3D ( 'NONE', #1177, #1176, #1175 ) ;
#1179 = CIRCLE ( 'NONE', #1178, 0.2617780721781255400 ) ;
#1180 = FILL_AREA_STYLE_COLOUR ( '', #1173 ) ;
#1181 = DIRECTION ( 'NONE',  ( -0.1605805316733572300, 0.0000000000000000000, -0.9870227418086686700 ) ) ;
#1182 = VECTOR ( 'NONE', #1181, 1000.000000000000100 ) ;
#1183 = CARTESIAN_POINT ( 'NONE',  ( -2.270417144850321200, -0.4300000000000007100, 0.8100730792182140300 ) ) ;
#1184 = DIRECTION ( 'NONE',  ( 0.1605805316733572300, 0.0000000000000000000, 0.9870227418086686700 ) ) ;
#1185 = DIRECTION ( 'NONE',  ( -0.9870227418086687800, -0.0000000000000000000, 0.1605805316733572600 ) ) ;
#1186 = CARTESIAN_POINT ( 'NONE',  ( -2.270417144850321200, -0.6350000000000001200, 0.8100730792182140300 ) ) ;
#1187 = AXIS2_PLACEMENT_3D ( 'NONE', #1186, #1185, #1184 ) ;
#1188 = LINE ( 'NONE', #1183, #1182 ) ;
#1189 = VECTOR ( 'NONE', #1227, 1000.000000000000000 ) ;
#1190 = CARTESIAN_POINT ( 'NONE',  ( -2.115913409923405800, -0.8400000000000005200, 0.7668458207347690300 ) ) ;
#1191 = DIRECTION ( 'NONE',  ( -0.1605805316733572300, 0.0000000000000000000, -0.9870227418086686700 ) ) ;
#1192 = VECTOR ( 'NONE', #1191, 1000.000000000000100 ) ;
#1193 = CARTESIAN_POINT ( 'NONE',  ( -2.115913409923405800, -0.8400000000000005200, 0.7668458207347690300 ) ) ;
#1194 = DIRECTION ( 'NONE',  ( 0.9975640502598247500, 0.0000000000000000000, 0.06975647374411819700 ) ) ;
#1195 = DIRECTION ( 'NONE',  ( -0.06975647374411819700, 0.0000000000000000000, 0.9975640502598247500 ) ) ;
#1196 = CARTESIAN_POINT ( 'NONE',  ( -2.423295732169007600, -0.6350000000000001200, 0.2008693074408586000 ) ) ;
#1197 = AXIS2_PLACEMENT_3D ( 'NONE', #1196, #1195, #1194 ) ;
#1198 = LINE ( 'NONE', #1193, #1192 ) ;
#1199 = PLANE ( 'NONE',  #1197 ) ;
#1200 =( GEOMETRIC_REPRESENTATION_CONTEXT ( 3 ) GLOBAL_UNCERTAINTY_ASSIGNED_CONTEXT ( ( #1201 ) ) GLOBAL_UNIT_ASSIGNED_CONTEXT ( ( #1118, #1117, #1202 ) ) REPRESENTATION_CONTEXT ( 'NONE', 'WORKASPACE' ) );
#1201 = UNCERTAINTY_MEASURE_WITH_UNIT (LENGTH_MEASURE( 1.000000000000000100E-005 ), #1118, 'distance_accuracy_value', 'NONE');
#1202 =( NAMED_UNIT ( * ) SI_UNIT ( $, .STERADIAN. ) SOLID_ANGLE_UNIT ( ) );
#1203 = AXIS2_PLACEMENT_3D ( 'NONE', #1207, #1114, #1113 ) ;
#1204 = CYLINDRICAL_SURFACE ( 'NONE', #1203, 0.2617780721781255400 ) ;
#1205 = FACE_OUTER_BOUND ( 'NONE', #4286, .T. ) ;
#1206 = FILL_AREA_STYLE_COLOUR ( '', #1112 ) ;
#1207 = CARTESIAN_POINT ( 'NONE',  ( 2.457460150826093600, -0.6350000000000001200, 0.2973500771900227100 ) ) ;
#1208 = FILL_AREA_STYLE_COLOUR ( '', #1209 ) ;
#1209 = COLOUR_RGB ( '',0.8784313725490196000, 0.8784313725490196000, 0.8784313725490196000 ) ;
#1210 = DIRECTION ( 'NONE',  ( 0.0000000000000000000, 0.0000000000000000000, -1.000000000000000000 ) ) ;
#1211 = DIRECTION ( 'NONE',  ( 0.0000000000000000000, -0.0000000000000000000, -1.000000000000000000 ) ) ;
#1212 = DIRECTION ( 'NONE',  ( 0.0000000000000000000, -1.000000000000000000, 0.0000000000000000000 ) ) ;
#1213 = CARTESIAN_POINT ( 'NONE',  ( 1.999999999999998700, -1.700000000000000600, 0.8450000000000004200 ) ) ;
#1214 = CARTESIAN_POINT ( 'NONE',  ( 2.357107326951332700, -2.110000000000000300, 0.2772240449449658900 ) ) ;
#1215 = CIRCLE ( 'NONE', #1102, 0.2617780721781255400 ) ;
#1216 = DIRECTION ( 'NONE',  ( -1.000000000000000000, -0.0000000000000000000, -0.0000000000000000000 ) ) ;
#1217 = CARTESIAN_POINT ( 'NONE',  ( 1.999999999999998700, -2.110000000000000300, 0.8450000000000004200 ) ) ;
#1218 = LINE ( 'NONE', #1217, #1189 ) ;
#1219 = PLANE ( 'NONE',  #1187 ) ;
#1220 =( GEOMETRIC_REPRESENTATION_CONTEXT ( 3 ) GLOBAL_UNCERTAINTY_ASSIGNED_CONTEXT ( ( #1221 ) ) GLOBAL_UNIT_ASSIGNED_CONTEXT ( ( #1077, #1076, #1222 ) ) REPRESENTATION_CONTEXT ( 'NONE', 'WORKASPACE' ) );
#1221 = UNCERTAINTY_MEASURE_WITH_UNIT (LENGTH_MEASURE( 1.000000000000000100E-005 ), #1077, 'distance_accuracy_value', 'NONE');
#1222 =( NAMED_UNIT ( * ) SI_UNIT ( $, .STERADIAN. ) SOLID_ANGLE_UNIT ( ) );
#1223 =( NAMED_UNIT ( * ) SI_UNIT ( $, .STERADIAN. ) SOLID_ANGLE_UNIT ( ) );
#1224 =( NAMED_UNIT ( * ) PLANE_ANGLE_UNIT ( ) SI_UNIT ( $, .RADIAN. ) );
#1225 =( LENGTH_UNIT ( ) NAMED_UNIT ( * ) SI_UNIT ( .MILLI., .METRE. ) );
#1226 = FACE_OUTER_BOUND ( 'NONE', #4278, .T. ) ;
#1227 = DIRECTION ( 'NONE',  ( -1.000000000000000000, -0.0000000000000000000, -0.0000000000000000000 ) ) ;
#1228 = VECTOR ( 'NONE', #1216, 1000.000000000000000 ) ;
#1229 = CARTESIAN_POINT ( 'NONE',  ( 1.999999999999998200, -1.700000000000000600, 1.005000000000000600 ) ) ;
#1230 = LINE ( 'NONE', #1229, #1228 ) ;
#1231 = DIRECTION ( 'NONE',  ( 0.0000000000000000000, 0.0000000000000000000, 1.000000000000000000 ) ) ;
#1232 = DIRECTION ( 'NONE',  ( 0.0000000000000000000, 1.000000000000000000, 0.0000000000000000000 ) ) ;
#1233 = AXIS2_PLACEMENT_3D ( 'NONE', #1235, #1232, #1231 ) ;
#1234 = CYLINDRICAL_SURFACE ( 'NONE', #1233, 0.1023510939539380400 ) ;
#1235 = CARTESIAN_POINT ( 'NONE',  ( -2.457460150826093600, -0.6350000000000001200, 0.2973500771900227100 ) ) ;
#1236 =( GEOMETRIC_REPRESENTATION_CONTEXT ( 3 ) GLOBAL_UNCERTAINTY_ASSIGNED_CONTEXT ( ( #1237 ) ) GLOBAL_UNIT_ASSIGNED_CONTEXT ( ( #1164, #1163, #1238 ) ) REPRESENTATION_CONTEXT ( 'NONE', 'WORKASPACE' ) );
#1237 = UNCERTAINTY_MEASURE_WITH_UNIT (LENGTH_MEASURE( 1.000000000000000100E-005 ), #1164, 'distance_accuracy_value', 'NONE');
#1238 =( NAMED_UNIT ( * ) SI_UNIT ( $, .STERADIAN. ) SOLID_ANGLE_UNIT ( ) );
#1239 = CARTESIAN_POINT ( 'NONE',  ( -2.399999999999999900, -0.6350000000000001200, 0.04195608716610197500 ) ) ;
#1240 = AXIS2_PLACEMENT_3D ( 'NONE', #1239, #1155, #1154 ) ;
#1241 = PLANE ( 'NONE',  #1240 ) ;
#1242 =( GEOMETRIC_REPRESENTATION_CONTEXT ( 3 ) GLOBAL_UNCERTAINTY_ASSIGNED_CONTEXT ( ( #1243 ) ) GLOBAL_UNIT_ASSIGNED_CONTEXT ( ( #1225, #1224, #1223 ) ) REPRESENTATION_CONTEXT ( 'NONE', 'WORKASPACE' ) );
#1243 = UNCERTAINTY_MEASURE_WITH_UNIT (LENGTH_MEASURE( 1.000000000000000100E-005 ), #1225, 'distance_accuracy_value', 'NONE');
#1244 = CARTESIAN_POINT ( 'NONE',  ( -2.457460150826093600, -0.8400000000000005200, 0.2973500771900227100 ) ) ;
#1245 = AXIS2_PLACEMENT_3D ( 'NONE', #1244, #1440, #1439 ) ;
#1246 = UNCERTAINTY_MEASURE_WITH_UNIT (LENGTH_MEASURE( 1.000000000000000100E-005 ), #1249, 'distance_accuracy_value', 'NONE');
#1247 =( NAMED_UNIT ( * ) SI_UNIT ( $, .STERADIAN. ) SOLID_ANGLE_UNIT ( ) );
#1248 =( NAMED_UNIT ( * ) PLANE_ANGLE_UNIT ( ) SI_UNIT ( $, .RADIAN. ) );
#1249 =( LENGTH_UNIT ( ) NAMED_UNIT ( * ) SI_UNIT ( .MILLI., .METRE. ) );
#1250 = MECHANICAL_DESIGN_GEOMETRIC_PRESENTATION_REPRESENTATION (  '', ( #1252 ), #1527 ) ;
#1251 = PRESENTATION_LAYER_ASSIGNMENT (  '', '', ( #1252 ) ) ;
#1252 = STYLED_ITEM ( 'NONE', ( #1253 ), #4381 ) ;
#1253 = PRESENTATION_STYLE_ASSIGNMENT (( #1254 ) ) ;
#1254 = SURFACE_STYLE_USAGE ( .BOTH. , #1255 ) ;
#1255 = SURFACE_SIDE_STYLE ('',( #1256 ) ) ;
#1256 = SURFACE_STYLE_FILL_AREA ( #1257 ) ;
#1257 = FILL_AREA_STYLE ('',( #1263 ) ) ;
#1258 = COLOUR_RGB ( '',0.8784313725490196000, 0.8784313725490196000, 0.8784313725490196000 ) ;
#1259 = FACE_OUTER_BOUND ( 'NONE', #4382, .T. ) ;
#1260 = DIRECTION ( 'NONE',  ( -1.000000000000000000, -0.0000000000000000000, -0.0000000000000000000 ) ) ;
#1261 = VECTOR ( 'NONE', #1260, 1000.000000000000000 ) ;
#1262 = CARTESIAN_POINT ( 'NONE',  ( 1.999999999999998200, -2.110000000000000300, 1.005000000000000600 ) ) ;
#1263 = FILL_AREA_STYLE_COLOUR ( '', #1258 ) ;
#1264 = DIRECTION ( 'NONE',  ( -1.000000000000000000, 0.0000000000000000000, -0.0000000000000000000 ) ) ;
#1265 = DIRECTION ( 'NONE',  ( 0.0000000000000000000, 0.0000000000000000000, -1.000000000000000000 ) ) ;
#1266 = CARTESIAN_POINT ( 'NONE',  ( 1.999999999999998200, -2.110000000000000300, 1.005000000000000600 ) ) ;
#1267 = AXIS2_PLACEMENT_3D ( 'NONE', #1266, #1265, #1264 ) ;
#1268 = LINE ( 'NONE', #1262, #1261 ) ;
#1269 = PLANE ( 'NONE',  #1267 ) ;
#1270 =( GEOMETRIC_REPRESENTATION_CONTEXT ( 3 ) GLOBAL_UNCERTAINTY_ASSIGNED_CONTEXT ( ( #1271 ) ) GLOBAL_UNIT_ASSIGNED_CONTEXT ( ( #1278, #1277, #1276 ) ) REPRESENTATION_CONTEXT ( 'NONE', 'WORKASPACE' ) );
#1271 = UNCERTAINTY_MEASURE_WITH_UNIT (LENGTH_MEASURE( 1.000000000000000100E-005 ), #1278, 'distance_accuracy_value', 'NONE');
#1272 =( LENGTH_UNIT ( ) NAMED_UNIT ( * ) SI_UNIT ( .MILLI., .METRE. ) );
#1273 = MECHANICAL_DESIGN_GEOMETRIC_PRESENTATION_REPRESENTATION (  '', ( #1275 ), #1391 ) ;
#1274 = PRESENTATION_LAYER_ASSIGNMENT (  '', '', ( #1275 ) ) ;
#1275 = STYLED_ITEM ( 'NONE', ( #1296 ), #4322 ) ;
#1276 =( NAMED_UNIT ( * ) SI_UNIT ( $, .STERADIAN. ) SOLID_ANGLE_UNIT ( ) );
#1277 =( NAMED_UNIT ( * ) PLANE_ANGLE_UNIT ( ) SI_UNIT ( $, .RADIAN. ) );
#1278 =( LENGTH_UNIT ( ) NAMED_UNIT ( * ) SI_UNIT ( .MILLI., .METRE. ) );
#1279 = MECHANICAL_DESIGN_GEOMETRIC_PRESENTATION_REPRESENTATION (  '', ( #1281 ), #1270 ) ;
#1280 = PRESENTATION_LAYER_ASSIGNMENT (  '', '', ( #1281 ) ) ;
#1281 = STYLED_ITEM ( 'NONE', ( #1282 ), #4374 ) ;
#1282 = PRESENTATION_STYLE_ASSIGNMENT (( #1283 ) ) ;
#1283 = SURFACE_STYLE_USAGE ( .BOTH. , #1284 ) ;
#1284 = SURFACE_SIDE_STYLE ('',( #1285 ) ) ;
#1285 = SURFACE_STYLE_FILL_AREA ( #1286 ) ;
#1286 = FILL_AREA_STYLE ('',( #1293 ) ) ;
#1287 = COLOUR_RGB ( '',0.8784313725490196000, 0.8784313725490196000, 0.8784313725490196000 ) ;
#1288 = DIRECTION ( 'NONE',  ( 0.0000000000000000000, 0.0000000000000000000, 1.000000000000000000 ) ) ;
#1289 = DIRECTION ( 'NONE',  ( 0.0000000000000000000, 1.000000000000000000, 0.0000000000000000000 ) ) ;
#1290 = AXIS2_PLACEMENT_3D ( 'NONE', #1294, #1289, #1288 ) ;
#1291 = CYLINDRICAL_SURFACE ( 'NONE', #1290, 0.2617780721781255400 ) ;
#1292 = FACE_OUTER_BOUND ( 'NONE', #4375, .T. ) ;
#1293 = FILL_AREA_STYLE_COLOUR ( '', #1287 ) ;
#1294 = CARTESIAN_POINT ( 'NONE',  ( -2.457460150826093600, -0.6350000000000001200, 0.2973500771900227100 ) ) ;
#1295 =( GEOMETRIC_REPRESENTATION_CONTEXT ( 3 ) GLOBAL_UNCERTAINTY_ASSIGNED_CONTEXT ( ( #1304 ) ) GLOBAL_UNIT_ASSIGNED_CONTEXT ( ( #1307, #1306, #1305 ) ) REPRESENTATION_CONTEXT ( 'NONE', 'WORKASPACE' ) );
#1296 = PRESENTATION_STYLE_ASSIGNMENT (( #1297 ) ) ;
#1297 = SURFACE_STYLE_USAGE ( .BOTH. , #1298 ) ;
#1298 = SURFACE_SIDE_STYLE ('',( #1299 ) ) ;
#1299 = SURFACE_STYLE_FILL_AREA ( #1300 ) ;
#1300 = FILL_AREA_STYLE ('',( #1301 ) ) ;
#1301 = FILL_AREA_STYLE_COLOUR ( '', #1302 ) ;
#1302 = COLOUR_RGB ( '',0.8784313725490196000, 0.8784313725490196000, 0.8784313725490196000 ) ;
#1303 = FACE_OUTER_BOUND ( 'NONE', #4323, .T. ) ;
#1304 = UNCERTAINTY_MEASURE_WITH_UNIT (LENGTH_MEASURE( 1.000000000000000100E-005 ), #1307, 'distance_accuracy_value', 'NONE');
#1305 =( NAMED_UNIT ( * ) SI_UNIT ( $, .STERADIAN. ) SOLID_ANGLE_UNIT ( ) );
#1306 =( NAMED_UNIT ( * ) PLANE_ANGLE_UNIT ( ) SI_UNIT ( $, .RADIAN. ) );
#1307 =( LENGTH_UNIT ( ) NAMED_UNIT ( * ) SI_UNIT ( .MILLI., .METRE. ) );
#1308 = MECHANICAL_DESIGN_GEOMETRIC_PRESENTATION_REPRESENTATION (  '', ( #1310 ), #1295 ) ;
#1309 = PRESENTATION_LAYER_ASSIGNMENT (  '', '', ( #1310 ) ) ;
#1310 = STYLED_ITEM ( 'NONE', ( #1311 ), #4370 ) ;
#1311 = PRESENTATION_STYLE_ASSIGNMENT (( #1312 ) ) ;
#1312 = SURFACE_STYLE_USAGE ( .BOTH. , #1313 ) ;
#1313 = SURFACE_SIDE_STYLE ('',( #1314 ) ) ;
#1314 = SURFACE_STYLE_FILL_AREA ( #1315 ) ;
#1315 = FILL_AREA_STYLE ('',( #1331 ) ) ;
#1316 = COLOUR_RGB ( '',0.8784313725490196000, 0.8784313725490196000, 0.8784313725490196000 ) ;
#1317 = FACE_OUTER_BOUND ( 'NONE', #4371, .T. ) ;
#1318 = DIRECTION ( 'NONE',  ( 0.0000000000000000000, 1.000000000000000000, 0.0000000000000000000 ) ) ;
#1319 = VECTOR ( 'NONE', #1318, 1000.000000000000000 ) ;
#1320 = LINE ( 'NONE', #1361, #1360 ) ;
#1321 = DIRECTION ( 'NONE',  ( 0.9975640502598247500, 0.0000000000000000000, -0.06975647374411819700 ) ) ;
#1322 = VECTOR ( 'NONE', #1321, 1000.000000000000000 ) ;
#1323 = CARTESIAN_POINT ( 'NONE',  ( 2.399999999999999900, -1.700000000000000600, 0.04195608716610197500 ) ) ;
#1324 = LINE ( 'NONE', #1323, #1322 ) ;
#1325 = DIRECTION ( 'NONE',  ( 0.0000000000000000000, 1.000000000000000000, 0.0000000000000000000 ) ) ;
#1326 = VECTOR ( 'NONE', #1325, 1000.000000000000000 ) ;
#1327 =( NAMED_UNIT ( * ) SI_UNIT ( $, .STERADIAN. ) SOLID_ANGLE_UNIT ( ) );
#1328 =( NAMED_UNIT ( * ) PLANE_ANGLE_UNIT ( ) SI_UNIT ( $, .RADIAN. ) );
#1329 = CARTESIAN_POINT ( 'NONE',  ( -2.423295732169007600, -0.6350000000000001200, 0.2008693074408586000 ) ) ;
#1330 = LINE ( 'NONE', #1329, #1319 ) ;
#1331 = FILL_AREA_STYLE_COLOUR ( '', #1316 ) ;
#1332 = CARTESIAN_POINT ( 'NONE',  ( -2.423295732169007600, -0.8400000000000005200, 0.2008693074408585400 ) ) ;
#1333 = DIRECTION ( 'NONE',  ( -0.9975640502598247500, 0.0000000000000000000, -0.06975647374411819700 ) ) ;
#1334 = VECTOR ( 'NONE', #1333, 1000.000000000000000 ) ;
#1335 = CARTESIAN_POINT ( 'NONE',  ( -2.423295732169007600, -0.8400000000000005200, 0.2008693074408585400 ) ) ;
#1336 = LINE ( 'NONE', #1335, #1334 ) ;
#1337 = CARTESIAN_POINT ( 'NONE',  ( -3.011171579056634700, -0.8400000000000005200, 0.1597610236494197100 ) ) ;
#1338 = DIRECTION ( 'NONE',  ( 0.0000000000000000000, -1.000000000000000000, 0.0000000000000000000 ) ) ;
#1339 = VECTOR ( 'NONE', #1338, 1000.000000000000000 ) ;
#1340 = CARTESIAN_POINT ( 'NONE',  ( -3.011171579056634700, -0.6350000000000001200, 0.1597610236494198000 ) ) ;
#1341 = LINE ( 'NONE', #1340, #1339 ) ;
#1342 = CARTESIAN_POINT ( 'NONE',  ( -3.011171579056634700, -0.4300000000000007100, 0.1597610236494198000 ) ) ;
#1343 = CARTESIAN_POINT ( 'NONE',  ( -2.423295732169007600, -0.4300000000000007100, 0.2008693074408586000 ) ) ;
#1344 = DIRECTION ( 'NONE',  ( -0.9975640502598247500, 0.0000000000000000000, -0.06975647374411819700 ) ) ;
#1345 = VECTOR ( 'NONE', #1344, 1000.000000000000000 ) ;
#1346 = CARTESIAN_POINT ( 'NONE',  ( -2.423295732169007600, -0.4300000000000007100, 0.2008693074408586000 ) ) ;
#1347 = LINE ( 'NONE', #1346, #1345 ) ;
#1348 = CARTESIAN_POINT ( 'NONE',  ( 3.000000000000000000, -0.8400000000000005200, -1.355252715606880500E-017 ) ) ;
#1349 = DIRECTION ( 'NONE',  ( 0.0000000000000000000, 1.000000000000000000, 0.0000000000000000000 ) ) ;
#1350 = VECTOR ( 'NONE', #1349, 1000.000000000000000 ) ;
#1351 = CARTESIAN_POINT ( 'NONE',  ( 3.000000000000000000, -0.6350000000000001200, -1.355252715606880500E-017 ) ) ;
#1352 = DIRECTION ( 'NONE',  ( 0.0000000000000000000, -0.0000000000000000000, -1.000000000000000000 ) ) ;
#1353 = DIRECTION ( 'NONE',  ( 0.0000000000000000000, -1.000000000000000000, 0.0000000000000000000 ) ) ;
#1354 = CARTESIAN_POINT ( 'NONE',  ( 1.999999999999998700, -0.4300000000000007100, 0.8450000000000004200 ) ) ;
#1355 = AXIS2_PLACEMENT_3D ( 'NONE', #1354, #1353, #1352 ) ;
#1356 = PLANE ( 'NONE',  #1355 ) ;
#1357 = LINE ( 'NONE', #1351, #1350 ) ;
#1358 = FACE_OUTER_BOUND ( 'NONE', #4351, .T. ) ;
#1359 = DIRECTION ( 'NONE',  ( -1.000000000000000000, -0.0000000000000000000, -0.0000000000000000000 ) ) ;
#1360 = VECTOR ( 'NONE', #1359, 1000.000000000000000 ) ;
#1361 = CARTESIAN_POINT ( 'NONE',  ( 1.999999999999998700, -0.8400000000000005200, 0.8450000000000004200 ) ) ;
#1362 = DIRECTION ( 'NONE',  ( 0.0000000000000000000, 0.0000000000000000000, 1.000000000000000000 ) ) ;
#1363 = DIRECTION ( 'NONE',  ( 0.0000000000000000000, 1.000000000000000000, -0.0000000000000000000 ) ) ;
#1364 = CARTESIAN_POINT ( 'NONE',  ( 2.000000000000000000, -2.110000000000000300, 0.7199651360910145300 ) ) ;
#1365 = AXIS2_PLACEMENT_3D ( 'NONE', #1364, #1363, #1362 ) ;
#1366 = CIRCLE ( 'NONE', #1365, 0.2850348639089859100 ) ;
#1367 = CARTESIAN_POINT ( 'NONE',  ( 1.999999999999998200, -2.110000000000000300, 1.005000000000000600 ) ) ;
#1368 = DIRECTION ( 'NONE',  ( 0.0000000000000000000, 0.0000000000000000000, 1.000000000000000000 ) ) ;
#1369 = DIRECTION ( 'NONE',  ( 0.0000000000000000000, 1.000000000000000000, -0.0000000000000000000 ) ) ;
#1370 = AXIS2_PLACEMENT_3D ( 'NONE', #1390, #1369, #1368 ) ;
#1371 = CYLINDRICAL_SURFACE ( 'NONE', #1370, 0.2850348639089859100 ) ;
#1372 = UNCERTAINTY_MEASURE_WITH_UNIT (LENGTH_MEASURE( 1.000000000000000100E-005 ), #1272, 'distance_accuracy_value', 'NONE');
#1373 = STYLED_ITEM ( 'NONE', ( #1374 ), #4342 ) ;
#1374 = PRESENTATION_STYLE_ASSIGNMENT (( #1375 ) ) ;
#1375 = SURFACE_STYLE_USAGE ( .BOTH. , #1376 ) ;
#1376 = SURFACE_SIDE_STYLE ('',( #1377 ) ) ;
#1377 = SURFACE_STYLE_FILL_AREA ( #1378 ) ;
#1378 = FILL_AREA_STYLE ('',( #1379 ) ) ;
#1379 = FILL_AREA_STYLE_COLOUR ( '', #1380 ) ;
#1380 = COLOUR_RGB ( '',0.8784313725490196000, 0.8784313725490196000, 0.8784313725490196000 ) ;
#1381 = FACE_OUTER_BOUND ( 'NONE', #4255, .T. ) ;
#1382 = DIRECTION ( 'NONE',  ( 0.0000000000000000000, 0.0000000000000000000, 1.000000000000000000 ) ) ;
#1383 = DIRECTION ( 'NONE',  ( 0.0000000000000000000, 1.000000000000000000, -0.0000000000000000000 ) ) ;
#1384 = AXIS2_PLACEMENT_3D ( 'NONE', #1387, #1383, #1382 ) ;
#1385 = CYLINDRICAL_SURFACE ( 'NONE', #1384, 0.1250348639089858000 ) ;
#1386 = CARTESIAN_POINT ( 'NONE',  ( 2.399999999999999900, -1.700000000000000600, 0.04195608716610197500 ) ) ;
#1387 = CARTESIAN_POINT ( 'NONE',  ( 2.000000000000000000, -1.905000000000000000, 0.7199651360910145300 ) ) ;
#1388 =( GEOMETRIC_REPRESENTATION_CONTEXT ( 3 ) GLOBAL_UNCERTAINTY_ASSIGNED_CONTEXT ( ( #1389 ) ) GLOBAL_UNIT_ASSIGNED_CONTEXT ( ( #1394, #1393, #1392 ) ) REPRESENTATION_CONTEXT ( 'NONE', 'WORKASPACE' ) );
#1389 = UNCERTAINTY_MEASURE_WITH_UNIT (LENGTH_MEASURE( 1.000000000000000100E-005 ), #1394, 'distance_accuracy_value', 'NONE');
#1390 = CARTESIAN_POINT ( 'NONE',  ( 2.000000000000000000, -1.905000000000000000, 0.7199651360910145300 ) ) ;
#1391 =( GEOMETRIC_REPRESENTATION_CONTEXT ( 3 ) GLOBAL_UNCERTAINTY_ASSIGNED_CONTEXT ( ( #1372 ) ) GLOBAL_UNIT_ASSIGNED_CONTEXT ( ( #1272, #1328, #1327 ) ) REPRESENTATION_CONTEXT ( 'NONE', 'WORKASPACE' ) );
#1392 =( NAMED_UNIT ( * ) SI_UNIT ( $, .STERADIAN. ) SOLID_ANGLE_UNIT ( ) );
#1393 =( NAMED_UNIT ( * ) PLANE_ANGLE_UNIT ( ) SI_UNIT ( $, .RADIAN. ) );
#1394 =( LENGTH_UNIT ( ) NAMED_UNIT ( * ) SI_UNIT ( .MILLI., .METRE. ) );
#1395 = MECHANICAL_DESIGN_GEOMETRIC_PRESENTATION_REPRESENTATION (  '', ( #1397 ), #1388 ) ;
#1396 = PRESENTATION_LAYER_ASSIGNMENT (  '', '', ( #1397 ) ) ;
#1397 = STYLED_ITEM ( 'NONE', ( #1398 ), #4339 ) ;
#1398 = PRESENTATION_STYLE_ASSIGNMENT (( #1399 ) ) ;
#1399 = SURFACE_STYLE_USAGE ( .BOTH. , #1400 ) ;
#1400 = SURFACE_SIDE_STYLE ('',( #1401 ) ) ;
#1401 = SURFACE_STYLE_FILL_AREA ( #1402 ) ;
#1402 = FILL_AREA_STYLE ('',( #1409 ) ) ;
#1403 = COLOUR_RGB ( '',0.8784313725490196000, 0.8784313725490196000, 0.8784313725490196000 ) ;
#1404 = FACE_OUTER_BOUND ( 'NONE', #4340, .T. ) ;
#1405 = DIRECTION ( 'NONE',  ( 0.1605805316733572300, 0.0000000000000000000, -0.9870227418086686700 ) ) ;
#1406 = VECTOR ( 'NONE', #1405, 1000.000000000000100 ) ;
#1407 = CARTESIAN_POINT ( 'NONE',  ( 2.270417144850321200, -2.110000000000000300, 0.8100730792182139200 ) ) ;
#1408 = LINE ( 'NONE', #1407, #1406 ) ;
#1409 = FILL_AREA_STYLE_COLOUR ( '', #1403 ) ;
#1410 = CARTESIAN_POINT ( 'NONE',  ( 2.270417144850321200, -2.110000000000000300, 0.8100730792182139200 ) ) ;
#1411 = DIRECTION ( 'NONE',  ( 0.0000000000000000000, 1.000000000000000000, -0.0000000000000000000 ) ) ;
#1412 = VECTOR ( 'NONE', #1411, 1000.000000000000000 ) ;
#1413 = CARTESIAN_POINT ( 'NONE',  ( 2.270417144850321200, -1.905000000000000000, 0.8100730792182139200 ) ) ;
#1414 = DIRECTION ( 'NONE',  ( 1.000000000000000000, 0.0000000000000000000, -0.0000000000000000000 ) ) ;
#1415 = DIRECTION ( 'NONE',  ( 0.0000000000000000000, 0.0000000000000000000, 1.000000000000000000 ) ) ;
#1416 = CARTESIAN_POINT ( 'NONE',  ( 1.999999999999998700, -2.110000000000000300, 0.8450000000000004200 ) ) ;
#1417 = AXIS2_PLACEMENT_3D ( 'NONE', #1416, #1415, #1414 ) ;
#1418 = LINE ( 'NONE', #1413, #1412 ) ;
#1419 = CARTESIAN_POINT ( 'NONE',  ( 1.999999999999998700, -2.110000000000000300, 0.8450000000000004200 ) ) ;
#1420 = LINE ( 'NONE', #1419, #1326 ) ;
#1421 = DIRECTION ( 'NONE',  ( 0.0000000000000000000, 0.0000000000000000000, 1.000000000000000000 ) ) ;
#1422 = DIRECTION ( 'NONE',  ( 0.0000000000000000000, 1.000000000000000000, -0.0000000000000000000 ) ) ;
#1423 = CARTESIAN_POINT ( 'NONE',  ( 2.000000000000000000, -2.110000000000000300, 0.7199651360910145300 ) ) ;
#1424 = AXIS2_PLACEMENT_3D ( 'NONE', #1423, #1422, #1421 ) ;
#1425 = DIRECTION ( 'NONE',  ( 0.0000000000000000000, 0.0000000000000000000, -1.000000000000000000 ) ) ;
#1426 = DIRECTION ( 'NONE',  ( -0.0000000000000000000, -1.000000000000000000, -0.0000000000000000000 ) ) ;
#1427 = AXIS2_PLACEMENT_3D ( 'NONE', #1430, #1426, #1425 ) ;
#1428 = CYLINDRICAL_SURFACE ( 'NONE', #1427, 0.2617780721781255400 ) ;
#1429 = CIRCLE ( 'NONE', #1424, 0.1250348639089858000 ) ;
#1430 = CARTESIAN_POINT ( 'NONE',  ( 2.457460150826093600, -1.905000000000000000, 0.2973500771900227100 ) ) ;
#1431 =( GEOMETRIC_REPRESENTATION_CONTEXT ( 3 ) GLOBAL_UNCERTAINTY_ASSIGNED_CONTEXT ( ( #1432 ) ) GLOBAL_UNIT_ASSIGNED_CONTEXT ( ( #1435, #1434, #1433 ) ) REPRESENTATION_CONTEXT ( 'NONE', 'WORKASPACE' ) );
#1432 = UNCERTAINTY_MEASURE_WITH_UNIT (LENGTH_MEASURE( 1.000000000000000100E-005 ), #1435, 'distance_accuracy_value', 'NONE');
#1433 =( NAMED_UNIT ( * ) SI_UNIT ( $, .STERADIAN. ) SOLID_ANGLE_UNIT ( ) );
#1434 =( NAMED_UNIT ( * ) PLANE_ANGLE_UNIT ( ) SI_UNIT ( $, .RADIAN. ) );
#1435 =( LENGTH_UNIT ( ) NAMED_UNIT ( * ) SI_UNIT ( .MILLI., .METRE. ) );
#1436 = MECHANICAL_DESIGN_GEOMETRIC_PRESENTATION_REPRESENTATION (  '', ( #1373 ), #1431 ) ;
#1437 = PRESENTATION_LAYER_ASSIGNMENT (  '', '', ( #1373 ) ) ;
#1438 = CARTESIAN_POINT ( 'NONE',  ( 2.200000000000000200, -1.700000000000000600, 0.2500000000000000000 ) ) ;
#1439 = DIRECTION ( 'NONE',  ( 0.0000000000000000000, 0.0000000000000000000, 1.000000000000000000 ) ) ;
#1440 = DIRECTION ( 'NONE',  ( 0.0000000000000000000, 1.000000000000000000, 0.0000000000000000000 ) ) ;
#1441 = PLANE ( 'NONE',  #1417 ) ;
#1442 =( GEOMETRIC_REPRESENTATION_CONTEXT ( 3 ) GLOBAL_UNCERTAINTY_ASSIGNED_CONTEXT ( ( #1443 ) ) GLOBAL_UNIT_ASSIGNED_CONTEXT ( ( #1446, #1445, #1444 ) ) REPRESENTATION_CONTEXT ( 'NONE', 'WORKASPACE' ) );
#1443 = UNCERTAINTY_MEASURE_WITH_UNIT (LENGTH_MEASURE( 1.000000000000000100E-005 ), #1446, 'distance_accuracy_value', 'NONE');
#1444 =( NAMED_UNIT ( * ) SI_UNIT ( $, .STERADIAN. ) SOLID_ANGLE_UNIT ( ) );
#1445 =( NAMED_UNIT ( * ) PLANE_ANGLE_UNIT ( ) SI_UNIT ( $, .RADIAN. ) );
#1446 =( LENGTH_UNIT ( ) NAMED_UNIT ( * ) SI_UNIT ( .MILLI., .METRE. ) );
#1447 = MECHANICAL_DESIGN_GEOMETRIC_PRESENTATION_REPRESENTATION (  '', ( #1449 ), #1442 ) ;
#1448 = PRESENTATION_LAYER_ASSIGNMENT (  '', '', ( #1449 ) ) ;
#1449 = STYLED_ITEM ( 'NONE', ( #1450 ), #4333 ) ;
#1450 = PRESENTATION_STYLE_ASSIGNMENT (( #1451 ) ) ;
#1451 = SURFACE_STYLE_USAGE ( .BOTH. , #1452 ) ;
#1452 = SURFACE_SIDE_STYLE ('',( #1453 ) ) ;
#1453 = SURFACE_STYLE_FILL_AREA ( #1454 ) ;
#1454 = FILL_AREA_STYLE ('',( #1461 ) ) ;
#1455 = COLOUR_RGB ( '',0.8784313725490196000, 0.8784313725490196000, 0.8784313725490196000 ) ;
#1456 = FACE_OUTER_BOUND ( 'NONE', #4334, .T. ) ;
#1457 = DIRECTION ( 'NONE',  ( 0.0000000000000000000, -1.000000000000000000, -0.0000000000000000000 ) ) ;
#1458 = VECTOR ( 'NONE', #1457, 1000.000000000000000 ) ;
#1459 = CARTESIAN_POINT ( 'NONE',  ( 1.999999999999998200, -2.110000000000000300, 1.005000000000000600 ) ) ;
#1460 = LINE ( 'NONE', #1459, #1458 ) ;
#1461 = FILL_AREA_STYLE_COLOUR ( '', #1455 ) ;
#1462 = CARTESIAN_POINT ( 'NONE',  ( 1.999999999999998200, -1.700000000000000600, 1.005000000000000600 ) ) ;
#1463 = DIRECTION ( 'NONE',  ( 0.0000000000000000000, 0.0000000000000000000, 1.000000000000000000 ) ) ;
#1464 = DIRECTION ( 'NONE',  ( 0.0000000000000000000, 1.000000000000000000, -0.0000000000000000000 ) ) ;
#1465 = CARTESIAN_POINT ( 'NONE',  ( 2.000000000000000000, -1.700000000000000600, 0.7199651360910145300 ) ) ;
#1466 = AXIS2_PLACEMENT_3D ( 'NONE', #1465, #1464, #1463 ) ;
#1467 = CIRCLE ( 'NONE', #1466, 0.2850348639089859100 ) ;
#1468 = UNCERTAINTY_MEASURE_WITH_UNIT (LENGTH_MEASURE( 1.000000000000000100E-005 ), #1471, 'distance_accuracy_value', 'NONE');
#1469 =( NAMED_UNIT ( * ) SI_UNIT ( $, .STERADIAN. ) SOLID_ANGLE_UNIT ( ) );
#1470 =( NAMED_UNIT ( * ) PLANE_ANGLE_UNIT ( ) SI_UNIT ( $, .RADIAN. ) );
#1471 =( LENGTH_UNIT ( ) NAMED_UNIT ( * ) SI_UNIT ( .MILLI., .METRE. ) );
#1472 = MECHANICAL_DESIGN_GEOMETRIC_PRESENTATION_REPRESENTATION (  '', ( #1474 ), #1664 ) ;
#1473 = PRESENTATION_LAYER_ASSIGNMENT (  '', '', ( #1474 ) ) ;
#1474 = STYLED_ITEM ( 'NONE', ( #1475 ), #4442 ) ;
#1475 = PRESENTATION_STYLE_ASSIGNMENT (( #1476 ) ) ;
#1476 = SURFACE_STYLE_USAGE ( .BOTH. , #1477 ) ;
#1477 = SURFACE_SIDE_STYLE ('',( #1478 ) ) ;
#1478 = SURFACE_STYLE_FILL_AREA ( #1479 ) ;
#1479 = FILL_AREA_STYLE ('',( #1486 ) ) ;
#1480 = COLOUR_RGB ( '',0.06274509803921568500, 0.06274509803921568500, 0.06274509803921568500 ) ;
#1481 = FACE_BOUND ( 'NONE', #4760, .T. ) ;
#1482 = FACE_OUTER_BOUND ( 'NONE', #4443, .T. ) ;
#1483 = DIRECTION ( 'NONE',  ( 0.7016738431598639200, 0.1237240302064817700, 0.7016738431598631400 ) ) ;
#1484 = VECTOR ( 'NONE', #1483, 1000.000000000000200 ) ;
#1485 = CARTESIAN_POINT ( 'NONE',  ( -1.515945339328153500, -2.173528679434946200, 1.743813677809713100 ) ) ;
#1486 = FILL_AREA_STYLE_COLOUR ( '', #1480 ) ;
#1487 = DIRECTION ( 'NONE',  ( -0.06975647374411816900, 0.0000000000000000000, -0.9975640502598247500 ) ) ;
#1488 = DIRECTION ( 'NONE',  ( 0.9975640502598247500, 0.0000000000000000000, -0.06975647374411816900 ) ) ;
#1489 = CARTESIAN_POINT ( 'NONE',  ( 3.005585789528317800, -0.6350000000000005600, 0.07988051182470988500 ) ) ;
#1490 = AXIS2_PLACEMENT_3D ( 'NONE', #1489, #1488, #1487 ) ;
#1491 = LINE ( 'NONE', #1485, #1484 ) ;
#1492 = PLANE ( 'NONE',  #1490 ) ;
#1493 =( GEOMETRIC_REPRESENTATION_CONTEXT ( 3 ) GLOBAL_UNCERTAINTY_ASSIGNED_CONTEXT ( ( #1494 ) ) GLOBAL_UNIT_ASSIGNED_CONTEXT ( ( #1497, #1496, #1495 ) ) REPRESENTATION_CONTEXT ( 'NONE', 'WORKASPACE' ) );
#1494 = UNCERTAINTY_MEASURE_WITH_UNIT (LENGTH_MEASURE( 1.000000000000000100E-005 ), #1497, 'distance_accuracy_value', 'NONE');
#1495 =( NAMED_UNIT ( * ) SI_UNIT ( $, .STERADIAN. ) SOLID_ANGLE_UNIT ( ) );
#1496 =( NAMED_UNIT ( * ) PLANE_ANGLE_UNIT ( ) SI_UNIT ( $, .RADIAN. ) );
#1497 =( LENGTH_UNIT ( ) NAMED_UNIT ( * ) SI_UNIT ( .MILLI., .METRE. ) );
#1498 = MECHANICAL_DESIGN_GEOMETRIC_PRESENTATION_REPRESENTATION (  '', ( #1500 ), #1493 ) ;
#1499 = PRESENTATION_LAYER_ASSIGNMENT (  '', '', ( #1500 ) ) ;
#1500 = STYLED_ITEM ( 'NONE', ( #1501 ), #4437 ) ;
#1501 = PRESENTATION_STYLE_ASSIGNMENT (( #1502 ) ) ;
#1502 = SURFACE_STYLE_USAGE ( .BOTH. , #1503 ) ;
#1503 = SURFACE_SIDE_STYLE ('',( #1504 ) ) ;
#1504 = SURFACE_STYLE_FILL_AREA ( #1505 ) ;
#1505 = FILL_AREA_STYLE ('',( #1506 ) ) ;
#1506 = FILL_AREA_STYLE_COLOUR ( '', #1507 ) ;
#1507 = COLOUR_RGB ( '',0.8784313725490196000, 0.8784313725490196000, 0.8784313725490196000 ) ;
#1508 = FACE_OUTER_BOUND ( 'NONE', #4438, .T. ) ;
#1509 = CARTESIAN_POINT ( 'NONE',  ( 2.270417144850321200, -0.8400000000000005200, 0.8100730792182139200 ) ) ;
#1510 = DIRECTION ( 'NONE',  ( -0.06975647374411816900, 0.0000000000000000000, -0.9975640502598247500 ) ) ;
#1511 = VECTOR ( 'NONE', #1510, 1000.000000000000100 ) ;
#1512 = CARTESIAN_POINT ( 'NONE',  ( 3.010462538693471100, -0.8400000000000005200, 0.1496212740532759700 ) ) ;
#1513 = LINE ( 'NONE', #1512, #1511 ) ;
#1514 = CARTESIAN_POINT ( 'NONE',  ( 2.399999999999999900, -0.6350000000000001200, 0.04195608716610197500 ) ) ;
#1515 = LINE ( 'NONE', #1514, #1653 ) ;
#1516 = CARTESIAN_POINT ( 'NONE',  ( 2.399999999999999900, -0.8400000000000005200, 0.04195608716610197500 ) ) ;
#1517 = DIRECTION ( 'NONE',  ( 0.9975640502598247500, 0.0000000000000000000, -0.06975647374411819700 ) ) ;
#1518 = VECTOR ( 'NONE', #1517, 1000.000000000000000 ) ;
#1519 = CARTESIAN_POINT ( 'NONE',  ( 2.399999999999999900, -0.8400000000000005200, 0.04195608716610197500 ) ) ;
#1520 = LINE ( 'NONE', #1519, #1518 ) ;
#1521 = CARTESIAN_POINT ( 'NONE',  ( 3.000000000000000000, -0.4300000000000007100, -1.355252715606880500E-017 ) ) ;
#1522 = DIRECTION ( 'NONE',  ( 0.0000000000000000000, 0.0000000000000000000, -1.000000000000000000 ) ) ;
#1523 = DIRECTION ( 'NONE',  ( -0.0000000000000000000, -1.000000000000000000, -0.0000000000000000000 ) ) ;
#1524 = CARTESIAN_POINT ( 'NONE',  ( 2.457460150826093600, -2.110000000000000300, 0.2973500771900227100 ) ) ;
#1525 = AXIS2_PLACEMENT_3D ( 'NONE', #1524, #1523, #1522 ) ;
#1526 = CARTESIAN_POINT ( 'NONE',  ( 2.457460150826093600, -1.905000000000000000, 0.2973500771900227100 ) ) ;
#1527 =( GEOMETRIC_REPRESENTATION_CONTEXT ( 3 ) GLOBAL_UNCERTAINTY_ASSIGNED_CONTEXT ( ( #1246 ) ) GLOBAL_UNIT_ASSIGNED_CONTEXT ( ( #1249, #1248, #1247 ) ) REPRESENTATION_CONTEXT ( 'NONE', 'WORKASPACE' ) );
#1528 = CARTESIAN_POINT ( 'NONE',  ( 1.999999999999998700, -2.110000000000000300, 0.8450000000000004200 ) ) ;
#1529 = CARTESIAN_POINT ( 'NONE',  ( 1.999999999999998700, -1.700000000000000600, 0.8450000000000004200 ) ) ;
#1530 = DIRECTION ( 'NONE',  ( 0.0000000000000000000, 0.0000000000000000000, 1.000000000000000000 ) ) ;
#1531 = DIRECTION ( 'NONE',  ( 0.0000000000000000000, 1.000000000000000000, -0.0000000000000000000 ) ) ;
#1532 = CARTESIAN_POINT ( 'NONE',  ( 2.000000000000000000, -1.700000000000000600, 0.7199651360910145300 ) ) ;
#1533 = AXIS2_PLACEMENT_3D ( 'NONE', #1532, #1531, #1530 ) ;
#1534 = CIRCLE ( 'NONE', #1533, 0.1250348639089858000 ) ;
#1535 = DIRECTION ( 'NONE',  ( 0.0000000000000000000, 0.0000000000000000000, -1.000000000000000000 ) ) ;
#1536 = DIRECTION ( 'NONE',  ( -0.0000000000000000000, -1.000000000000000000, -0.0000000000000000000 ) ) ;
#1537 = CARTESIAN_POINT ( 'NONE',  ( 2.457460150826093600, -2.110000000000000300, 0.2973500771900227100 ) ) ;
#1538 = AXIS2_PLACEMENT_3D ( 'NONE', #1537, #1536, #1535 ) ;
#1539 = CIRCLE ( 'NONE', #1538, 0.2617780721781255400 ) ;
#1540 = DIRECTION ( 'NONE',  ( -1.000000000000000000, -0.0000000000000000000, -0.0000000000000000000 ) ) ;
#1541 = VECTOR ( 'NONE', #1540, 1000.000000000000000 ) ;
#1542 = CARTESIAN_POINT ( 'NONE',  ( 1.999999999999998700, -1.700000000000000600, 0.8450000000000004200 ) ) ;
#1543 = LINE ( 'NONE', #1542, #1541 ) ;
#1544 = DIRECTION ( 'NONE',  ( -0.0000000000000000000, -1.000000000000000000, -0.0000000000000000000 ) ) ;
#1545 = VECTOR ( 'NONE', #1544, 1000.000000000000000 ) ;
#1546 = CARTESIAN_POINT ( 'NONE',  ( 2.399999999999999900, -1.905000000000000000, 0.04195608716610197500 ) ) ;
#1547 = LINE ( 'NONE', #1546, #1545 ) ;
#1548 = DIRECTION ( 'NONE',  ( 0.06975647374411816900, 0.0000000000000000000, 0.9975640502598247500 ) ) ;
#1549 = VECTOR ( 'NONE', #1548, 1000.000000000000100 ) ;
#1550 = CARTESIAN_POINT ( 'NONE',  ( 3.010462538693471100, -1.700000000000000600, 0.1496212740532759700 ) ) ;
#1551 = LINE ( 'NONE', #1550, #1549 ) ;
#1552 = CARTESIAN_POINT ( 'NONE',  ( -1.949963621929097900, -2.296240034887021300, 1.005206310292139400 ) ) ;
#1553 = CARTESIAN_POINT ( 'NONE',  ( -1.949987873057241300, -2.295447999734075300, 1.005068775309995400 ) ) ;
#1554 = CARTESIAN_POINT ( 'NONE',  ( -1.950000000000000000, -2.294643561884496900, 1.005000000000000300 ) ) ;
#1555 = CARTESIAN_POINT ( 'NONE',  ( -1.950000000000000000, -2.293826904248040100, 1.005000000000000600 ) ) ;
#1556 = CARTESIAN_POINT ( 'NONE',  ( -1.949999999999998400, -0.8400000000000005200, 1.005000000000000600 ) ) ;
#1557 = CARTESIAN_POINT ( 'NONE',  ( -1.949963621929097900, -2.296240034887021300, 1.005206310292139400 ) ) ;
#1558 =( BOUNDED_CURVE ( )  B_SPLINE_CURVE ( 3, ( #1555, #1554, #1553, #1552 ),
 .UNSPECIFIED., .F., .T. ) 
 B_SPLINE_CURVE_WITH_KNOTS ( ( 4, 4 ),
 ( 6.252576011468852000, 6.282734272461811800 ),
 .UNSPECIFIED. ) 
 CURVE ( )  GEOMETRIC_REPRESENTATION_ITEM ( )  RATIONAL_B_SPLINE_CURVE ( ( 1.000000000000000000, 0.9999242080439719700, 0.9999242080439719700, 1.000000000000000000 ) ) 
 REPRESENTATION_ITEM ( '' )  );
#1559 = LINE ( 'NONE', #1556, #1676 ) ;
#1560 = DIRECTION ( 'NONE',  ( -0.0000000000000000000, -1.000000000000000000, -0.0000000000000000000 ) ) ;
#1561 = VECTOR ( 'NONE', #1560, 1000.000000000000000 ) ;
#1562 = CARTESIAN_POINT ( 'NONE',  ( -1.949999999999998400, -2.110000000000000300, 1.005000000000000600 ) ) ;
#1563 = LINE ( 'NONE', #1562, #1561 ) ;
#1564 = CARTESIAN_POINT ( 'NONE',  ( -1.889139101946620400, -2.235415514904546300, 1.350159304655730100 ) ) ;
#1565 = DIRECTION ( 'NONE',  ( 0.1710878697460397300, 0.1710878697460327700, 0.9702875252478135900 ) ) ;
#1566 = VECTOR ( 'NONE', #1565, 1000.000000000000200 ) ;
#1567 = CARTESIAN_POINT ( 'NONE',  ( -1.887065126418959500, -2.233341539376885600, 1.361921404360084500 ) ) ;
#1568 = CARTESIAN_POINT ( 'NONE',  ( 1.949963621929097900, 2.296240034887020400, 1.005206310292138900 ) ) ;
#1569 = CARTESIAN_POINT ( 'NONE',  ( 1.949987873057241100, 2.295447999734074900, 1.005068775309994700 ) ) ;
#1570 = CARTESIAN_POINT ( 'NONE',  ( 1.950000000000000000, 2.294643561884496000, 1.004999999999999900 ) ) ;
#1571 = CARTESIAN_POINT ( 'NONE',  ( 1.950000000000000000, 2.293826904248039700, 1.004999999999999700 ) ) ;
#1572 = DIRECTION ( 'NONE',  ( -1.000000000000000000, -0.0000000000000000000, -0.0000000000000000000 ) ) ;
#1573 = VECTOR ( 'NONE', #1572, 1000.000000000000000 ) ;
#1574 = CARTESIAN_POINT ( 'NONE',  ( 1.999999999999998700, -0.4300000000000007100, 0.8450000000000004200 ) ) ;
#1575 = DIRECTION ( 'NONE',  ( 1.000000000000000000, 0.0000000000000000000, -0.0000000000000000000 ) ) ;
#1576 = DIRECTION ( 'NONE',  ( 0.0000000000000000000, 0.0000000000000000000, 1.000000000000000000 ) ) ;
#1577 = CARTESIAN_POINT ( 'NONE',  ( 1.999999999999998700, -0.8400000000000005200, 0.8450000000000004200 ) ) ;
#1578 = AXIS2_PLACEMENT_3D ( 'NONE', #1577, #1576, #1575 ) ;
#1579 = LINE ( 'NONE', #1574, #1573 ) ;
#1580 = PLANE ( 'NONE',  #1578 ) ;
#1581 =( GEOMETRIC_REPRESENTATION_CONTEXT ( 3 ) GLOBAL_UNCERTAINTY_ASSIGNED_CONTEXT ( ( #1582 ) ) GLOBAL_UNIT_ASSIGNED_CONTEXT ( ( #1585, #1584, #1583 ) ) REPRESENTATION_CONTEXT ( 'NONE', 'WORKASPACE' ) );
#1582 = UNCERTAINTY_MEASURE_WITH_UNIT (LENGTH_MEASURE( 1.000000000000000100E-005 ), #1585, 'distance_accuracy_value', 'NONE');
#1583 =( NAMED_UNIT ( * ) SI_UNIT ( $, .STERADIAN. ) SOLID_ANGLE_UNIT ( ) );
#1584 =( NAMED_UNIT ( * ) PLANE_ANGLE_UNIT ( ) SI_UNIT ( $, .RADIAN. ) );
#1585 =( LENGTH_UNIT ( ) NAMED_UNIT ( * ) SI_UNIT ( .MILLI., .METRE. ) );
#1586 = MECHANICAL_DESIGN_GEOMETRIC_PRESENTATION_REPRESENTATION (  '', ( #1588 ), #1581 ) ;
#1587 = PRESENTATION_LAYER_ASSIGNMENT (  '', '', ( #1588 ) ) ;
#1588 = STYLED_ITEM ( 'NONE', ( #1589 ), #4400 ) ;
#1589 = PRESENTATION_STYLE_ASSIGNMENT (( #1590 ) ) ;
#1590 = SURFACE_STYLE_USAGE ( .BOTH. , #1591 ) ;
#1591 = SURFACE_SIDE_STYLE ('',( #1592 ) ) ;
#1592 = SURFACE_STYLE_FILL_AREA ( #1593 ) ;
#1593 = FILL_AREA_STYLE ('',( #1600 ) ) ;
#1594 = COLOUR_RGB ( '',0.8784313725490196000, 0.8784313725490196000, 0.8784313725490196000 ) ;
#1595 = FACE_OUTER_BOUND ( 'NONE', #4401, .T. ) ;
#1596 = DIRECTION ( 'NONE',  ( 0.1605805316733572300, 0.0000000000000000000, -0.9870227418086686700 ) ) ;
#1597 = VECTOR ( 'NONE', #1596, 1000.000000000000100 ) ;
#1598 = CARTESIAN_POINT ( 'NONE',  ( 2.270417144850321200, -0.8400000000000005200, 0.8100730792182139200 ) ) ;
#1599 = LINE ( 'NONE', #1598, #1597 ) ;
#1600 = FILL_AREA_STYLE_COLOUR ( '', #1594 ) ;
#1601 =( BOUNDED_CURVE ( )  B_SPLINE_CURVE ( 3, ( #1571, #1570, #1569, #1568 ),
 .UNSPECIFIED., .F., .T. ) 
 B_SPLINE_CURVE_WITH_KNOTS ( ( 4, 4 ),
 ( 3.110983357879052200, 3.141141618872006300 ),
 .UNSPECIFIED. ) 
 CURVE ( )  GEOMETRIC_REPRESENTATION_ITEM ( )  RATIONAL_B_SPLINE_CURVE ( ( 1.000000000000000000, 0.9999242080439719700, 0.9999242080439719700, 1.000000000000000000 ) ) 
 REPRESENTATION_ITEM ( '' )  );
#1602 = LINE ( 'NONE', #1567, #1566 ) ;
#1603 = CARTESIAN_POINT ( 'NONE',  ( 1.949963621929097900, 2.296240034887020400, 1.005206310292138900 ) ) ;
#1604 = DIRECTION ( 'NONE',  ( 0.0000000000000000000, -1.000000000000000000, -0.0000000000000000000 ) ) ;
#1605 = VECTOR ( 'NONE', #1604, 1000.000000000000000 ) ;
#1606 = CARTESIAN_POINT ( 'NONE',  ( 1.949999999999998400, 1.699999999999999700, 1.005000000000000600 ) ) ;
#1607 = LINE ( 'NONE', #1606, #1605 ) ;
#1608 = DIRECTION ( 'NONE',  ( 0.0000000000000000000, -1.000000000000000000, -0.0000000000000000000 ) ) ;
#1609 = VECTOR ( 'NONE', #1608, 1000.000000000000000 ) ;
#1610 = CARTESIAN_POINT ( 'NONE',  ( 1.949999999999998400, 0.4299999999999996000, 1.005000000000000600 ) ) ;
#1611 = LINE ( 'NONE', #1610, #1609 ) ;
#1612 = DIRECTION ( 'NONE',  ( 0.0000000000000000000, -1.000000000000000000, -0.0000000000000000000 ) ) ;
#1613 = VECTOR ( 'NONE', #1612, 1000.000000000000000 ) ;
#1614 = CARTESIAN_POINT ( 'NONE',  ( 1.949999999999998400, -0.8400000000000005200, 1.005000000000000600 ) ) ;
#1615 = LINE ( 'NONE', #1614, #1613 ) ;
#1616 = DIRECTION ( 'NONE',  ( 0.0000000000000000000, -1.000000000000000000, 0.0000000000000000000 ) ) ;
#1617 = VECTOR ( 'NONE', #1616, 1000.000000000000000 ) ;
#1618 = CARTESIAN_POINT ( 'NONE',  ( -1.476621932148018100, 2.450000000000000200, 1.750000000000000400 ) ) ;
#1619 = LINE ( 'NONE', #1618, #1617 ) ;
#1620 = CARTESIAN_POINT ( 'NONE',  ( -1.476621932148018100, 2.176569462076912900, 1.750000000000000400 ) ) ;
#1621 = CARTESIAN_POINT ( 'NONE',  ( 1.751508428878013800, 2.176569462076912900, 1.749999999999999300 ) ) ;
#1622 = DIRECTION ( 'NONE',  ( -1.000000000000000000, 1.232595164407830900E-032, 3.257431995932526300E-016 ) ) ;
#1623 = VECTOR ( 'NONE', #1622, 1000.000000000000000 ) ;
#1624 = CARTESIAN_POINT ( 'NONE',  ( -1.509759017137866100, 2.176569462076912900, 1.750000000000000400 ) ) ;
#1625 = DIRECTION ( 'NONE',  ( -1.000000000000000000, 0.0000000000000000000, 3.257431995932526300E-016 ) ) ;
#1626 = DIRECTION ( 'NONE',  ( 0.0000000000000000000, 0.0000000000000000000, -1.000000000000000000 ) ) ;
#1627 = DIRECTION ( 'NONE',  ( -0.0000000000000000000, -1.000000000000000000, -0.0000000000000000000 ) ) ;
#1628 = AXIS2_PLACEMENT_3D ( 'NONE', #1630, #1627, #1626 ) ;
#1629 = CYLINDRICAL_SURFACE ( 'NONE', #1628, 0.1023510939539382000 ) ;
#1630 = CARTESIAN_POINT ( 'NONE',  ( 2.457460150826093600, -0.6350000000000001200, 0.2973500771900227100 ) ) ;
#1631 =( GEOMETRIC_REPRESENTATION_CONTEXT ( 3 ) GLOBAL_UNCERTAINTY_ASSIGNED_CONTEXT ( ( #1632 ) ) GLOBAL_UNIT_ASSIGNED_CONTEXT ( ( #1635, #1634, #1633 ) ) REPRESENTATION_CONTEXT ( 'NONE', 'WORKASPACE' ) );
#1632 = UNCERTAINTY_MEASURE_WITH_UNIT (LENGTH_MEASURE( 1.000000000000000100E-005 ), #1635, 'distance_accuracy_value', 'NONE');
#1633 =( NAMED_UNIT ( * ) SI_UNIT ( $, .STERADIAN. ) SOLID_ANGLE_UNIT ( ) );
#1634 =( NAMED_UNIT ( * ) PLANE_ANGLE_UNIT ( ) SI_UNIT ( $, .RADIAN. ) );
#1635 =( LENGTH_UNIT ( ) NAMED_UNIT ( * ) SI_UNIT ( .MILLI., .METRE. ) );
#1636 = MECHANICAL_DESIGN_GEOMETRIC_PRESENTATION_REPRESENTATION (  '', ( #1638 ), #1631 ) ;
#1637 = PRESENTATION_LAYER_ASSIGNMENT (  '', '', ( #1638 ) ) ;
#1638 = STYLED_ITEM ( 'NONE', ( #1639 ), #4398 ) ;
#1639 = PRESENTATION_STYLE_ASSIGNMENT (( #1640 ) ) ;
#1640 = SURFACE_STYLE_USAGE ( .BOTH. , #1641 ) ;
#1641 = SURFACE_SIDE_STYLE ('',( #1642 ) ) ;
#1642 = SURFACE_STYLE_FILL_AREA ( #1643 ) ;
#1643 = FILL_AREA_STYLE ('',( #1650 ) ) ;
#1644 = COLOUR_RGB ( '',0.8784313725490196000, 0.8784313725490196000, 0.8784313725490196000 ) ;
#1645 = FACE_OUTER_BOUND ( 'NONE', #4242, .T. ) ;
#1646 = DIRECTION ( 'NONE',  ( 0.9975640502598247500, 0.0000000000000000000, -0.06975647374411819700 ) ) ;
#1647 = VECTOR ( 'NONE', #1646, 1000.000000000000000 ) ;
#1648 = CARTESIAN_POINT ( 'NONE',  ( 2.399999999999999900, -0.4300000000000007100, 0.04195608716610197500 ) ) ;
#1649 = LINE ( 'NONE', #1648, #1647 ) ;
#1650 = FILL_AREA_STYLE_COLOUR ( '', #1644 ) ;
#1651 = CARTESIAN_POINT ( 'NONE',  ( 2.399999999999999900, -0.4300000000000007100, 0.04195608716610197500 ) ) ;
#1652 = DIRECTION ( 'NONE',  ( -0.0000000000000000000, -1.000000000000000000, -0.0000000000000000000 ) ) ;
#1653 = VECTOR ( 'NONE', #1652, 1000.000000000000000 ) ;
#1654 = DIRECTION ( 'NONE',  ( 0.0000000000000000000, 0.0000000000000000000, -1.000000000000000000 ) ) ;
#1655 = DIRECTION ( 'NONE',  ( -0.0000000000000000000, -1.000000000000000000, -0.0000000000000000000 ) ) ;
#1656 = AXIS2_PLACEMENT_3D ( 'NONE', #1526, #1655, #1654 ) ;
#1657 = CYLINDRICAL_SURFACE ( 'NONE', #1656, 0.1023510939539382000 ) ;
#1658 = CIRCLE ( 'NONE', #1525, 0.1023510939539382200 ) ;
#1659 = DIRECTION ( 'NONE',  ( -3.257431995932526300E-016, 0.0000000000000000000, -1.000000000000000000 ) ) ;
#1660 = CARTESIAN_POINT ( 'NONE',  ( 1.818636399372196600, 2.450000000000000200, 1.749999999999999300 ) ) ;
#1661 = AXIS2_PLACEMENT_3D ( 'NONE', #1660, #1659, #1625 ) ;
#1662 = LINE ( 'NONE', #1624, #1623 ) ;
#1663 = PLANE ( 'NONE',  #1661 ) ;
#1664 =( GEOMETRIC_REPRESENTATION_CONTEXT ( 3 ) GLOBAL_UNCERTAINTY_ASSIGNED_CONTEXT ( ( #1468 ) ) GLOBAL_UNIT_ASSIGNED_CONTEXT ( ( #1471, #1470, #1469 ) ) REPRESENTATION_CONTEXT ( 'NONE', 'WORKASPACE' ) );
#1665 = DIRECTION ( 'NONE',  ( -0.0000000000000000000, -1.000000000000000000, -0.0000000000000000000 ) ) ;
#1666 = VECTOR ( 'NONE', #1665, 1000.000000000000000 ) ;
#1667 = CARTESIAN_POINT ( 'NONE',  ( -1.949999999999998400, 1.699999999999999700, 1.005000000000000600 ) ) ;
#1668 = LINE ( 'NONE', #1667, #1666 ) ;
#1669 = CARTESIAN_POINT ( 'NONE',  ( -1.950000000000000000, 2.293826904248039700, 1.005000000000000600 ) ) ;
#1670 = CARTESIAN_POINT ( 'NONE',  ( -1.950000000000000000, 2.109999999999999400, 1.005000000000000600 ) ) ;
#1671 = DIRECTION ( 'NONE',  ( -0.0000000000000000000, -1.000000000000000000, -0.0000000000000000000 ) ) ;
#1672 = VECTOR ( 'NONE', #1671, 1000.000000000000000 ) ;
#1673 = CARTESIAN_POINT ( 'NONE',  ( -1.949999999999998400, 0.4299999999999996000, 1.005000000000000600 ) ) ;
#1674 = LINE ( 'NONE', #1673, #1672 ) ;
#1675 = DIRECTION ( 'NONE',  ( -0.0000000000000000000, -1.000000000000000000, -0.0000000000000000000 ) ) ;
#1676 = VECTOR ( 'NONE', #1675, 1000.000000000000000 ) ;
#1677 = PRESENTATION_LAYER_ASSIGNMENT (  '', '', ( #1678 ) ) ;
#1678 = STYLED_ITEM ( 'NONE', ( #1679 ), #4485 ) ;
#1679 = PRESENTATION_STYLE_ASSIGNMENT (( #1680 ) ) ;
#1680 = SURFACE_STYLE_USAGE ( .BOTH. , #1681 ) ;
#1681 = SURFACE_SIDE_STYLE ('',( #1682 ) ) ;
#1682 = SURFACE_STYLE_FILL_AREA ( #1683 ) ;
#1683 = FILL_AREA_STYLE ('',( #1690 ) ) ;
#1684 = COLOUR_RGB ( '',0.06274509803921568500, 0.06274509803921568500, 0.06274509803921568500 ) ;
#1685 = FACE_OUTER_BOUND ( 'NONE', #4486, .T. ) ;
#1686 = DIRECTION ( 'NONE',  ( -2.710505431213759500E-015, -0.0000000000000000000, -1.000000000000000000 ) ) ;
#1687 = VECTOR ( 'NONE', #1686, 1000.000000000000000 ) ;
#1688 = CARTESIAN_POINT ( 'NONE',  ( -1.949999999999998800, -2.110000000000000300, 0.8450000000000004200 ) ) ;
#1689 = LINE ( 'NONE', #1688, #1687 ) ;
#1690 = FILL_AREA_STYLE_COLOUR ( '', #1684 ) ;
#1691 = CARTESIAN_POINT ( 'NONE',  ( -1.949999999999998800, -2.110000000000000300, 0.8450000000000004200 ) ) ;
#1692 = DIRECTION ( 'NONE',  ( -0.0000000000000000000, -1.000000000000000000, -0.0000000000000000000 ) ) ;
#1693 = VECTOR ( 'NONE', #1692, 1000.000000000000000 ) ;
#1694 = CARTESIAN_POINT ( 'NONE',  ( -1.950000000000000000, 2.450000000000000200, 1.005000000000000600 ) ) ;
#1695 = LINE ( 'NONE', #1694, #1693 ) ;
#1696 =( NAMED_UNIT ( * ) SI_UNIT ( $, .STERADIAN. ) SOLID_ANGLE_UNIT ( ) );
#1697 =( NAMED_UNIT ( * ) PLANE_ANGLE_UNIT ( ) SI_UNIT ( $, .RADIAN. ) );
#1698 =( LENGTH_UNIT ( ) NAMED_UNIT ( * ) SI_UNIT ( .MILLI., .METRE. ) );
#1699 = MECHANICAL_DESIGN_GEOMETRIC_PRESENTATION_REPRESENTATION (  '', ( #1701 ), #1881 ) ;
#1700 = PRESENTATION_LAYER_ASSIGNMENT (  '', '', ( #1701 ) ) ;
#1701 = STYLED_ITEM ( 'NONE', ( #1702 ), #4543 ) ;
#1702 = PRESENTATION_STYLE_ASSIGNMENT (( #1703 ) ) ;
#1703 = SURFACE_STYLE_USAGE ( .BOTH. , #1704 ) ;
#1704 = SURFACE_SIDE_STYLE ('',( #1705 ) ) ;
#1705 = SURFACE_STYLE_FILL_AREA ( #1706 ) ;
#1706 = FILL_AREA_STYLE ('',( #1707 ) ) ;
#1707 = FILL_AREA_STYLE_COLOUR ( '', #1708 ) ;
#1708 = COLOUR_RGB ( '',0.09411764705882352800, 0.09411764705882352800, 0.09411764705882352800 ) ;
#1709 = DIRECTION ( 'NONE',  ( 0.0000000000000000000, 0.0000000000000000000, -1.000000000000000000 ) ) ;
#1710 = DIRECTION ( 'NONE',  ( 0.0000000000000000000, -1.000000000000000000, 0.0000000000000000000 ) ) ;
#1711 = CARTESIAN_POINT ( 'NONE',  ( -0.7324999999999993700, 1.670000000000000400, 1.700000000000000000 ) ) ;
#1712 = AXIS2_PLACEMENT_3D ( 'NONE', #1711, #1710, #1709 ) ;
#1713 = CIRCLE ( 'NONE', #1712, 0.04999999999999991300 ) ;
#1714 = FACE_OUTER_BOUND ( 'NONE', #4562, .T. ) ;
#1715 = CARTESIAN_POINT ( 'NONE',  ( -0.6824999999999993300, 1.670000000000000400, 1.700000000000000000 ) ) ;
#1716 = DIRECTION ( 'NONE',  ( 1.000000000000000000, 0.0000000000000000000, 0.0000000000000000000 ) ) ;
#1717 = DIRECTION ( 'NONE',  ( -0.0000000000000000000, -0.0000000000000000000, -1.000000000000000000 ) ) ;
#1718 = CARTESIAN_POINT ( 'NONE',  ( -0.9749999999999996400, 1.670000000000000400, 1.700000000000000000 ) ) ;
#1719 = AXIS2_PLACEMENT_3D ( 'NONE', #1718, #1717, #1716 ) ;
#1720 = CIRCLE ( 'NONE', #1719, 0.2925000000000003200 ) ;
#1721 = DIRECTION ( 'NONE',  ( -1.000000000000000000, 0.0000000000000000000, 0.0000000000000000000 ) ) ;
#1722 = DIRECTION ( 'NONE',  ( 1.224606353822377300E-016, 1.000000000000000000, -0.0000000000000000000 ) ) ;
#1723 = CARTESIAN_POINT ( 'NONE',  ( -1.217499999999999800, 1.670000000000000400, 1.700000000000000000 ) ) ;
#1724 = AXIS2_PLACEMENT_3D ( 'NONE', #1723, #1722, #1721 ) ;
#1725 = CIRCLE ( 'NONE', #1724, 0.04999999999999991300 ) ;
#1726 = CARTESIAN_POINT ( 'NONE',  ( 1.949999999999998400, -0.8400000000000005200, 1.005000000000000600 ) ) ;
#1727 = CARTESIAN_POINT ( 'NONE',  ( 1.950000000000000200, -0.8400000000000008600, 0.8449999999999996400 ) ) ;
#1728 = DIRECTION ( 'NONE',  ( -0.0000000000000000000, -1.000000000000000000, -0.0000000000000000000 ) ) ;
#1729 = VECTOR ( 'NONE', #1728, 1000.000000000000000 ) ;
#1730 = CARTESIAN_POINT ( 'NONE',  ( 1.950000000000000200, 2.450000000000000200, 0.8449999999999996400 ) ) ;
#1731 = LINE ( 'NONE', #1730, #1729 ) ;
#1732 = CARTESIAN_POINT ( 'NONE',  ( -2.270417144850321200, -0.8400000000000005200, 0.8100730792182140300 ) ) ;
#1733 = DIRECTION ( 'NONE',  ( -0.1605805316733572300, 0.0000000000000000000, -0.9870227418086686700 ) ) ;
#1734 = VECTOR ( 'NONE', #1733, 1000.000000000000100 ) ;
#1735 = CARTESIAN_POINT ( 'NONE',  ( -2.270417144850321200, -0.8400000000000005200, 0.8100730792182140300 ) ) ;
#1736 = LINE ( 'NONE', #1735, #1734 ) ;
#1737 = DIRECTION ( 'NONE',  ( 1.000000000000000000, 0.0000000000000000000, 0.0000000000000000000 ) ) ;
#1738 = DIRECTION ( 'NONE',  ( -0.0000000000000000000, -0.0000000000000000000, 1.000000000000000000 ) ) ;
#1739 = AXIS2_PLACEMENT_3D ( 'NONE', #1741, #1738, #1737 ) ;
#1740 = CYLINDRICAL_SURFACE ( 'NONE', #1739, 0.2925000000000003200 ) ;
#1741 = CARTESIAN_POINT ( 'NONE',  ( -0.9749999999999996400, 1.670000000000000400, 1.649999999999999900 ) ) ;
#1742 =( GEOMETRIC_REPRESENTATION_CONTEXT ( 3 ) GLOBAL_UNCERTAINTY_ASSIGNED_CONTEXT ( ( #1827 ) ) GLOBAL_UNIT_ASSIGNED_CONTEXT ( ( #1830, #1829, #1828 ) ) REPRESENTATION_CONTEXT ( 'NONE', 'WORKASPACE' ) );
#1743 = MECHANICAL_DESIGN_GEOMETRIC_PRESENTATION_REPRESENTATION (  '', ( #1745 ), #1950 ) ;
#1744 = PRESENTATION_LAYER_ASSIGNMENT (  '', '', ( #1745 ) ) ;
#1745 = STYLED_ITEM ( 'NONE', ( #1746 ), #4558 ) ;
#1746 = PRESENTATION_STYLE_ASSIGNMENT (( #1747 ) ) ;
#1747 = SURFACE_STYLE_USAGE ( .BOTH. , #1748 ) ;
#1748 = SURFACE_SIDE_STYLE ('',( #1749 ) ) ;
#1749 = SURFACE_STYLE_FILL_AREA ( #1750 ) ;
#1750 = FILL_AREA_STYLE ('',( #1757 ) ) ;
#1751 = COLOUR_RGB ( '',0.06274509803921568500, 0.06274509803921568500, 0.06274509803921568500 ) ;
#1752 = FACE_OUTER_BOUND ( 'NONE', #4559, .T. ) ;
#1753 = DIRECTION ( 'NONE',  ( -0.0000000000000000000, 1.000000000000000000, -0.0000000000000000000 ) ) ;
#1754 = VECTOR ( 'NONE', #1753, 1000.000000000000000 ) ;
#1755 = CARTESIAN_POINT ( 'NONE',  ( 1.830293049118985500, 2.450000000000000200, 0.1661081457866454300 ) ) ;
#1756 = LINE ( 'NONE', #1755, #1754 ) ;
#1757 = FILL_AREA_STYLE_COLOUR ( '', #1751 ) ;
#1758 = CARTESIAN_POINT ( 'NONE',  ( 1.830293049118985500, -2.176569462076912000, 0.1661081457866453700 ) ) ;
#1759 = DIRECTION ( 'NONE',  ( -0.1710878697460389300, 0.1710878697460329600, -0.9702875252478137000 ) ) ;
#1760 = VECTOR ( 'NONE', #1759, 1000.000000000000100 ) ;
#1761 = CARTESIAN_POINT ( 'NONE',  ( 1.820942508653284400, -2.167218921611211400, 0.1130785956399163000 ) ) ;
#1762 = LINE ( 'NONE', #1761, #1760 ) ;
#1763 = DIRECTION ( 'NONE',  ( 1.000000000000000000, 0.0000000000000000000, 0.0000000000000000000 ) ) ;
#1764 = DIRECTION ( 'NONE',  ( 0.0000000000000000000, 0.0000000000000000000, 1.000000000000000000 ) ) ;
#1765 = AXIS2_PLACEMENT_3D ( 'NONE', #1771, #1764, #1763 ) ;
#1766 = CIRCLE ( 'NONE', #1765, 0.2425000000000003000 ) ;
#1767 = DIRECTION ( 'NONE',  ( 1.000000000000000000, 0.0000000000000000000, -0.0000000000000000000 ) ) ;
#1768 = DIRECTION ( 'NONE',  ( 0.0000000000000000000, 0.0000000000000000000, 1.000000000000000000 ) ) ;
#1769 = CARTESIAN_POINT ( 'NONE',  ( -0.9749999999999996400, 1.670000000000000400, 1.649999999999999900 ) ) ;
#1770 = AXIS2_PLACEMENT_3D ( 'NONE', #1769, #1768, #1767 ) ;
#1771 = CARTESIAN_POINT ( 'NONE',  ( -0.9749999999999996400, 1.670000000000000400, 1.649999999999999900 ) ) ;
#1772 = PLANE ( 'NONE',  #1770 ) ;
#1773 =( GEOMETRIC_REPRESENTATION_CONTEXT ( 3 ) GLOBAL_UNCERTAINTY_ASSIGNED_CONTEXT ( ( #1774 ) ) GLOBAL_UNIT_ASSIGNED_CONTEXT ( ( #1859, #1858, #1857 ) ) REPRESENTATION_CONTEXT ( 'NONE', 'WORKASPACE' ) );
#1774 = UNCERTAINTY_MEASURE_WITH_UNIT (LENGTH_MEASURE( 1.000000000000000100E-005 ), #1859, 'distance_accuracy_value', 'NONE');
#1775 = UNCERTAINTY_MEASURE_WITH_UNIT (LENGTH_MEASURE( 1.000000000000000100E-005 ), #1778, 'distance_accuracy_value', 'NONE');
#1776 =( NAMED_UNIT ( * ) SI_UNIT ( $, .STERADIAN. ) SOLID_ANGLE_UNIT ( ) );
#1777 =( NAMED_UNIT ( * ) PLANE_ANGLE_UNIT ( ) SI_UNIT ( $, .RADIAN. ) );
#1778 =( LENGTH_UNIT ( ) NAMED_UNIT ( * ) SI_UNIT ( .MILLI., .METRE. ) );
#1779 = MECHANICAL_DESIGN_GEOMETRIC_PRESENTATION_REPRESENTATION (  '', ( #1781 ), #1856 ) ;
#1780 = PRESENTATION_LAYER_ASSIGNMENT (  '', '', ( #1781 ) ) ;
#1781 = STYLED_ITEM ( 'NONE', ( #1782 ), #4518 ) ;
#1782 = PRESENTATION_STYLE_ASSIGNMENT (( #1783 ) ) ;
#1783 = SURFACE_STYLE_USAGE ( .BOTH. , #1784 ) ;
#1784 = SURFACE_SIDE_STYLE ('',( #1785 ) ) ;
#1785 = SURFACE_STYLE_FILL_AREA ( #1786 ) ;
#1786 = FILL_AREA_STYLE ('',( #1793 ) ) ;
#1787 = COLOUR_RGB ( '',0.06274509803921568500, 0.06274509803921568500, 0.06274509803921568500 ) ;
#1788 = FACE_OUTER_BOUND ( 'NONE', #4519, .T. ) ;
#1789 = DIRECTION ( 'NONE',  ( -0.0000000000000000000, 1.000000000000000000, -0.0000000000000000000 ) ) ;
#1790 = VECTOR ( 'NONE', #1789, 1000.000000000000000 ) ;
#1791 = CARTESIAN_POINT ( 'NONE',  ( -1.751508428878013800, 2.450000000000000200, 0.1000000000000000200 ) ) ;
#1792 = LINE ( 'NONE', #1791, #1790 ) ;
#1793 = FILL_AREA_STYLE_COLOUR ( '', #1787 ) ;
#1794 = CARTESIAN_POINT ( 'NONE',  ( -1.751508428878013800, -2.176569462076912500, 0.1000000000000000200 ) ) ;
#1795 = DIRECTION ( 'NONE',  ( -1.000000000000000000, 0.0000000000000000000, 0.0000000000000000000 ) ) ;
#1796 = VECTOR ( 'NONE', #1795, 1000.000000000000000 ) ;
#1797 = CARTESIAN_POINT ( 'NONE',  ( -1.818636399372196600, -2.176569462076912500, 0.1000000000000000200 ) ) ;
#1798 = LINE ( 'NONE', #1797, #1796 ) ;
#1799 = CARTESIAN_POINT ( 'NONE',  ( 1.751508428878009200, -2.176569462076912500, 0.1000000000000000200 ) ) ;
#1800 = DIRECTION ( 'NONE',  ( 0.0000000000000000000, -1.000000000000000000, 0.0000000000000000000 ) ) ;
#1801 = VECTOR ( 'NONE', #1800, 1000.000000000000000 ) ;
#1802 = CARTESIAN_POINT ( 'NONE',  ( 1.751508428878009200, 2.450000000000000200, 0.1000000000000000200 ) ) ;
#1803 = LINE ( 'NONE', #1802, #1801 ) ;
#1804 = CARTESIAN_POINT ( 'NONE',  ( 1.751508428878009200, 2.176569462076912900, 0.1000000000000000200 ) ) ;
#1805 = CARTESIAN_POINT ( 'NONE',  ( -1.751508428878013800, 2.176569462076912900, 0.1000000000000000200 ) ) ;
#1806 = DIRECTION ( 'NONE',  ( 1.000000000000000000, -0.0000000000000000000, -0.0000000000000000000 ) ) ;
#1807 = VECTOR ( 'NONE', #1806, 1000.000000000000000 ) ;
#1808 = CARTESIAN_POINT ( 'NONE',  ( 1.818636399372191200, 2.176569462076912900, 0.1000000000000000200 ) ) ;
#1809 = LINE ( 'NONE', #1808, #1807 ) ;
#1810 = DIRECTION ( 'NONE',  ( 0.0000000000000000000, 1.000000000000000000, 0.0000000000000000000 ) ) ;
#1811 = VECTOR ( 'NONE', #1810, 1000.000000000000000 ) ;
#1812 = CARTESIAN_POINT ( 'NONE',  ( -1.949999999999998800, -0.8400000000000005200, 0.8450000000000004200 ) ) ;
#1813 = LINE ( 'NONE', #1812, #1811 ) ;
#1814 = DIRECTION ( 'NONE',  ( 0.0000000000000000000, 1.000000000000000000, 0.0000000000000000000 ) ) ;
#1815 = VECTOR ( 'NONE', #1814, 1000.000000000000000 ) ;
#1816 = CARTESIAN_POINT ( 'NONE',  ( -1.949999999999998800, -2.110000000000000300, 0.8450000000000004200 ) ) ;
#1817 = LINE ( 'NONE', #1816, #1815 ) ;
#1818 = CARTESIAN_POINT ( 'NONE',  ( -1.950000000000000200, -2.293826904248040100, 0.8450000000000005300 ) ) ;
#1819 = CARTESIAN_POINT ( 'NONE',  ( -1.950000000000000000, -2.294643561884496000, 0.8450000000000005300 ) ) ;
#1820 = CARTESIAN_POINT ( 'NONE',  ( -1.949987873057241100, -2.295447999734074400, 0.8449312246900053700 ) ) ;
#1821 = CARTESIAN_POINT ( 'NONE',  ( -1.949963621929098100, -2.296240034887020000, 0.8447936897078612800 ) ) ;
#1822 =( BOUNDED_CURVE ( )  B_SPLINE_CURVE ( 3, ( #1821, #1820, #1819, #1818 ),
 .UNSPECIFIED., .F., .T. ) 
 B_SPLINE_CURVE_WITH_KNOTS ( ( 4, 4 ),
 ( 3.142043688307588400, 3.172201949300532200 ),
 .UNSPECIFIED. ) 
 CURVE ( )  GEOMETRIC_REPRESENTATION_ITEM ( )  RATIONAL_B_SPLINE_CURVE ( ( 1.000000000000000000, 0.9999242080439720800, 0.9999242080439720800, 1.000000000000000000 ) ) 
 REPRESENTATION_ITEM ( '' )  );
#1823 = CARTESIAN_POINT ( 'NONE',  ( -1.949963621929098100, -2.296240034887020000, 0.8447936897078612800 ) ) ;
#1824 = DIRECTION ( 'NONE',  ( 1.334663381620506300E-015, -0.1736481776669275800, -0.9848077530122086900 ) ) ;
#1825 = VECTOR ( 'NONE', #1824, 999.9999999999998900 ) ;
#1826 = CARTESIAN_POINT ( 'NONE',  ( 1.870000000000000100, 2.375061033198899700, 0.8449999999999996400 ) ) ;
#1827 = UNCERTAINTY_MEASURE_WITH_UNIT (LENGTH_MEASURE( 1.000000000000000100E-005 ), #1830, 'distance_accuracy_value', 'NONE');
#1828 =( NAMED_UNIT ( * ) SI_UNIT ( $, .STERADIAN. ) SOLID_ANGLE_UNIT ( ) );
#1829 =( NAMED_UNIT ( * ) PLANE_ANGLE_UNIT ( ) SI_UNIT ( $, .RADIAN. ) );
#1830 =( LENGTH_UNIT ( ) NAMED_UNIT ( * ) SI_UNIT ( .MILLI., .METRE. ) );
#1831 = MECHANICAL_DESIGN_GEOMETRIC_PRESENTATION_REPRESENTATION (  '', ( #1833 ), #1742 ) ;
#1832 = PRESENTATION_LAYER_ASSIGNMENT (  '', '', ( #1833 ) ) ;
#1833 = STYLED_ITEM ( 'NONE', ( #1834 ), #4525 ) ;
#1834 = PRESENTATION_STYLE_ASSIGNMENT (( #1835 ) ) ;
#1835 = SURFACE_STYLE_USAGE ( .BOTH. , #1836 ) ;
#1836 = SURFACE_SIDE_STYLE ('',( #1837 ) ) ;
#1837 = SURFACE_STYLE_FILL_AREA ( #1838 ) ;
#1838 = FILL_AREA_STYLE ('',( #1845 ) ) ;
#1839 = COLOUR_RGB ( '',0.09411764705882352800, 0.09411764705882352800, 0.09411764705882352800 ) ;
#1840 = FACE_OUTER_BOUND ( 'NONE', #4526, .T. ) ;
#1841 = DIRECTION ( 'NONE',  ( -1.334663381620506100E-015, -0.1736481776669275800, -0.9848077530122086900 ) ) ;
#1842 = VECTOR ( 'NONE', #1841, 999.9999999999998900 ) ;
#1843 = CARTESIAN_POINT ( 'NONE',  ( -1.950000000000000200, 2.296276412957922700, 0.8588918542133547900 ) ) ;
#1844 = LINE ( 'NONE', #1843, #1842 ) ;
#1845 = FILL_AREA_STYLE_COLOUR ( '', #1839 ) ;
#1846 = CARTESIAN_POINT ( 'NONE',  ( -1.830293049118990600, -2.176569462076911600, 0.1661081457866458700 ) ) ;
#1847 = DIRECTION ( 'NONE',  ( -0.1710878697460319300, -0.1710878697460332100, 0.9702875252478149200 ) ) ;
#1848 = VECTOR ( 'NONE', #1847, 1000.000000000000200 ) ;
#1849 = CARTESIAN_POINT ( 'NONE',  ( -1.952306109281093600, -2.298582522239015300, 0.8580785956399168400 ) ) ;
#1850 = DIRECTION ( 'NONE',  ( 0.1736481776669266400, 0.0000000000000000000, -0.9848077530122086900 ) ) ;
#1851 = DIRECTION ( 'NONE',  ( 0.9848077530122086900, -0.0000000000000000000, 0.1736481776669266400 ) ) ;
#1852 = CARTESIAN_POINT ( 'NONE',  ( -1.950000000000000200, 2.450000000000000200, 0.8450000000000005300 ) ) ;
#1853 = AXIS2_PLACEMENT_3D ( 'NONE', #1852, #1851, #1850 ) ;
#1854 = LINE ( 'NONE', #1849, #1848 ) ;
#1855 = PLANE ( 'NONE',  #1853 ) ;
#1856 =( GEOMETRIC_REPRESENTATION_CONTEXT ( 3 ) GLOBAL_UNCERTAINTY_ASSIGNED_CONTEXT ( ( #1775 ) ) GLOBAL_UNIT_ASSIGNED_CONTEXT ( ( #1778, #1777, #1776 ) ) REPRESENTATION_CONTEXT ( 'NONE', 'WORKASPACE' ) );
#1857 =( NAMED_UNIT ( * ) SI_UNIT ( $, .STERADIAN. ) SOLID_ANGLE_UNIT ( ) );
#1858 =( NAMED_UNIT ( * ) PLANE_ANGLE_UNIT ( ) SI_UNIT ( $, .RADIAN. ) );
#1859 =( LENGTH_UNIT ( ) NAMED_UNIT ( * ) SI_UNIT ( .MILLI., .METRE. ) );
#1860 = MECHANICAL_DESIGN_GEOMETRIC_PRESENTATION_REPRESENTATION (  '', ( #1862 ), #1773 ) ;
#1861 = PRESENTATION_LAYER_ASSIGNMENT (  '', '', ( #1862 ) ) ;
#1862 = STYLED_ITEM ( 'NONE', ( #1863 ), #4549 ) ;
#1863 = PRESENTATION_STYLE_ASSIGNMENT (( #1864 ) ) ;
#1864 = SURFACE_STYLE_USAGE ( .BOTH. , #1865 ) ;
#1865 = SURFACE_SIDE_STYLE ('',( #1866 ) ) ;
#1866 = SURFACE_STYLE_FILL_AREA ( #1867 ) ;
#1867 = FILL_AREA_STYLE ('',( #1874 ) ) ;
#1868 = COLOUR_RGB ( '',0.09411764705882352800, 0.09411764705882352800, 0.09411764705882352800 ) ;
#1869 = FACE_OUTER_BOUND ( 'NONE', #4550, .T. ) ;
#1870 = DIRECTION ( 'NONE',  ( 1.000000000000000000, 0.0000000000000000000, 0.0000000000000000000 ) ) ;
#1871 = DIRECTION ( 'NONE',  ( -0.0000000000000000000, -0.0000000000000000000, -1.000000000000000000 ) ) ;
#1872 = CARTESIAN_POINT ( 'NONE',  ( -0.9749999999999996400, 1.670000000000000400, 1.700000000000000000 ) ) ;
#1873 = AXIS2_PLACEMENT_3D ( 'NONE', #1872, #1871, #1870 ) ;
#1874 = FILL_AREA_STYLE_COLOUR ( '', #1868 ) ;
#1875 = DIRECTION ( 'NONE',  ( 1.000000000000000000, 0.0000000000000000000, 0.0000000000000000000 ) ) ;
#1876 = DIRECTION ( 'NONE',  ( -0.0000000000000000000, -0.0000000000000000000, 1.000000000000000000 ) ) ;
#1877 = AXIS2_PLACEMENT_3D ( 'NONE', #1880, #1876, #1875 ) ;
#1878 = CYLINDRICAL_SURFACE ( 'NONE', #1877, 0.2925000000000003200 ) ;
#1879 = CIRCLE ( 'NONE', #1873, 0.2925000000000003200 ) ;
#1880 = CARTESIAN_POINT ( 'NONE',  ( -0.9749999999999996400, 1.670000000000000400, 1.649999999999999900 ) ) ;
#1881 =( GEOMETRIC_REPRESENTATION_CONTEXT ( 3 ) GLOBAL_UNCERTAINTY_ASSIGNED_CONTEXT ( ( #1882 ) ) GLOBAL_UNIT_ASSIGNED_CONTEXT ( ( #1698, #1697, #1696 ) ) REPRESENTATION_CONTEXT ( 'NONE', 'WORKASPACE' ) );
#1882 = UNCERTAINTY_MEASURE_WITH_UNIT (LENGTH_MEASURE( 1.000000000000000100E-005 ), #1698, 'distance_accuracy_value', 'NONE');
#1883 = LINE ( 'NONE', #1826, #1825 ) ;
#1884 = CARTESIAN_POINT ( 'NONE',  ( 1.870000000000000100, 2.386717682945693300, 0.9111081457866450100 ) ) ;
#1885 = DIRECTION ( 'NONE',  ( 1.000000000000000000, -2.871865743529607200E-017, -1.628715997966262600E-016 ) ) ;
#1886 = VECTOR ( 'NONE', #1885, 1000.000000000000000 ) ;
#1887 = CARTESIAN_POINT ( 'NONE',  ( -1.818636399372190600, 2.386717682945693800, 0.9111081457866456700 ) ) ;
#1888 = LINE ( 'NONE', #1887, #1886 ) ;
#1889 = CARTESIAN_POINT ( 'NONE',  ( -1.870000000000000100, 2.386717682945693800, 0.9111081457866456700 ) ) ;
#1890 = CARTESIAN_POINT ( 'NONE',  ( -1.870000000000000300, 2.373845653439876600, 0.8381072388687207400 ) ) ;
#1891 = DIRECTION ( 'NONE',  ( 1.334663381620506300E-015, 0.1736481776669275800, 0.9848077530122086900 ) ) ;
#1892 = VECTOR ( 'NONE', #1891, 999.9999999999998900 ) ;
#1893 = CARTESIAN_POINT ( 'NONE',  ( -1.870000000000000100, 2.389167191655576800, 0.9250000000000000400 ) ) ;
#1894 = DIRECTION ( 'NONE',  ( 0.0000000000000000000, -0.1736481776669275800, -0.9848077530122086900 ) ) ;
#1895 = DIRECTION ( 'NONE',  ( 0.0000000000000000000, -0.9848077530122086900, 0.1736481776669275800 ) ) ;
#1896 = CARTESIAN_POINT ( 'NONE',  ( -1.818636399372190600, 2.450000000000000200, 1.270000000000024400 ) ) ;
#1897 = AXIS2_PLACEMENT_3D ( 'NONE', #1896, #1895, #1894 ) ;
#1898 = LINE ( 'NONE', #1893, #1892 ) ;
#1899 = PLANE ( 'NONE',  #1897 ) ;
#1900 =( GEOMETRIC_REPRESENTATION_CONTEXT ( 3 ) GLOBAL_UNCERTAINTY_ASSIGNED_CONTEXT ( ( #1901 ) ) GLOBAL_UNIT_ASSIGNED_CONTEXT ( ( #1904, #1903, #1902 ) ) REPRESENTATION_CONTEXT ( 'NONE', 'WORKASPACE' ) );
#1901 = UNCERTAINTY_MEASURE_WITH_UNIT (LENGTH_MEASURE( 1.000000000000000100E-005 ), #1904, 'distance_accuracy_value', 'NONE');
#1902 =( NAMED_UNIT ( * ) SI_UNIT ( $, .STERADIAN. ) SOLID_ANGLE_UNIT ( ) );
#1903 =( NAMED_UNIT ( * ) PLANE_ANGLE_UNIT ( ) SI_UNIT ( $, .RADIAN. ) );
#1904 =( LENGTH_UNIT ( ) NAMED_UNIT ( * ) SI_UNIT ( .MILLI., .METRE. ) );
#1905 = MECHANICAL_DESIGN_GEOMETRIC_PRESENTATION_REPRESENTATION (  '', ( #1678 ), #1900 ) ;
#1906 = FILL_AREA_STYLE_COLOUR ( '', #1907 ) ;
#1907 = COLOUR_RGB ( '',0.06274509803921568500, 0.06274509803921568500, 0.06274509803921568500 ) ;
#1908 = FACE_OUTER_BOUND ( 'NONE', #4570, .T. ) ;
#1909 = CARTESIAN_POINT ( 'NONE',  ( -0.6824999999999993300, 1.670000000000000400, 1.750000000000000000 ) ) ;
#1910 = CARTESIAN_POINT ( 'NONE',  ( -1.267500000000000100, 1.670000000000000400, 1.750000000000000000 ) ) ;
#1911 = VECTOR ( 'NONE', #1945, 1000.000000000000000 ) ;
#1912 =( GEOMETRIC_REPRESENTATION_CONTEXT ( 3 ) GLOBAL_UNCERTAINTY_ASSIGNED_CONTEXT ( ( #1913 ) ) GLOBAL_UNIT_ASSIGNED_CONTEXT ( ( #1916, #1915, #1914 ) ) REPRESENTATION_CONTEXT ( 'NONE', 'WORKASPACE' ) );
#1913 = UNCERTAINTY_MEASURE_WITH_UNIT (LENGTH_MEASURE( 1.000000000000000100E-005 ), #1916, 'distance_accuracy_value', 'NONE');
#1914 =( NAMED_UNIT ( * ) SI_UNIT ( $, .STERADIAN. ) SOLID_ANGLE_UNIT ( ) );
#1915 =( NAMED_UNIT ( * ) PLANE_ANGLE_UNIT ( ) SI_UNIT ( $, .RADIAN. ) );
#1916 =( LENGTH_UNIT ( ) NAMED_UNIT ( * ) SI_UNIT ( .MILLI., .METRE. ) );
#1917 = MECHANICAL_DESIGN_GEOMETRIC_PRESENTATION_REPRESENTATION (  '', ( #1919 ), #1912 ) ;
#1918 = PRESENTATION_LAYER_ASSIGNMENT (  '', '', ( #1919 ) ) ;
#1919 = STYLED_ITEM ( 'NONE', ( #1920 ), #4606 ) ;
#1920 = PRESENTATION_STYLE_ASSIGNMENT (( #1921 ) ) ;
#1921 = SURFACE_STYLE_USAGE ( .BOTH. , #1922 ) ;
#1922 = SURFACE_SIDE_STYLE ('',( #1923 ) ) ;
#1923 = SURFACE_STYLE_FILL_AREA ( #1924 ) ;
#1924 = FILL_AREA_STYLE ('',( #1925 ) ) ;
#1925 = FILL_AREA_STYLE_COLOUR ( '', #1926 ) ;
#1926 = COLOUR_RGB ( '',0.06274509803921568500, 0.06274509803921568500, 0.06274509803921568500 ) ;
#1927 = FACE_OUTER_BOUND ( 'NONE', #4668, .T. ) ;
#1928 = CARTESIAN_POINT ( 'NONE',  ( -1.950000000000000200, -2.307933062704716800, 0.9249999999999998200 ) ) ;
#1929 = CARTESIAN_POINT ( 'NONE',  ( -1.950000000000000000, -0.8400000000000008600, 1.005000000000000600 ) ) ;
#1930 = DIRECTION ( 'NONE',  ( -0.0000000000000000000, -1.000000000000000000, -0.0000000000000000000 ) ) ;
#1931 = VECTOR ( 'NONE', #1930, 1000.000000000000000 ) ;
#1932 = CARTESIAN_POINT ( 'NONE',  ( -1.950000000000000200, 2.450000000000000200, 0.8450000000000005300 ) ) ;
#1933 = AXIS2_PLACEMENT_3D ( 'NONE', #2012, #2011, #2010 ) ;
#1934 = LINE ( 'NONE', #2008, #2007 ) ;
#1935 = PLANE ( 'NONE',  #1933 ) ;
#1936 =( GEOMETRIC_REPRESENTATION_CONTEXT ( 3 ) GLOBAL_UNCERTAINTY_ASSIGNED_CONTEXT ( ( #1937 ) ) GLOBAL_UNIT_ASSIGNED_CONTEXT ( ( #1953, #1952, #1951 ) ) REPRESENTATION_CONTEXT ( 'NONE', 'WORKASPACE' ) );
#1937 = UNCERTAINTY_MEASURE_WITH_UNIT (LENGTH_MEASURE( 1.000000000000000100E-005 ), #1953, 'distance_accuracy_value', 'NONE');
#1938 = DIRECTION ( 'NONE',  ( -0.1736481776669345800, 0.0000000000000000000, -0.9848077530122072400 ) ) ;
#1939 = DIRECTION ( 'NONE',  ( 0.9848077530122073500, 0.0000000000000000000, -0.1736481776669346100 ) ) ;
#1940 = CARTESIAN_POINT ( 'NONE',  ( -1.950000000000000000, 2.450000000000000200, 1.005000000000000600 ) ) ;
#1941 = AXIS2_PLACEMENT_3D ( 'NONE', #1940, #1939, #1938 ) ;
#1942 = LINE ( 'NONE', #1932, #1931 ) ;
#1943 = PLANE ( 'NONE',  #1941 ) ;
#1944 =( GEOMETRIC_REPRESENTATION_CONTEXT ( 3 ) GLOBAL_UNCERTAINTY_ASSIGNED_CONTEXT ( ( #2013 ) ) GLOBAL_UNIT_ASSIGNED_CONTEXT ( ( #2016, #2015, #2014 ) ) REPRESENTATION_CONTEXT ( 'NONE', 'WORKASPACE' ) );
#1945 = DIRECTION ( 'NONE',  ( -0.0000000000000000000, -0.0000000000000000000, 1.000000000000000000 ) ) ;
#1946 = CARTESIAN_POINT ( 'NONE',  ( -1.267500000000000100, 1.670000000000000400, 1.649999999999999900 ) ) ;
#1947 = LINE ( 'NONE', #1946, #1911 ) ;
#1948 = PLANE ( 'NONE',  #2042 ) ;
#1949 = CARTESIAN_POINT ( 'NONE',  ( -1.818636399372196600, 2.450000000000000200, 0.1000000000000000200 ) ) ;
#1950 =( GEOMETRIC_REPRESENTATION_CONTEXT ( 3 ) GLOBAL_UNCERTAINTY_ASSIGNED_CONTEXT ( ( #2102 ) ) GLOBAL_UNIT_ASSIGNED_CONTEXT ( ( #1985, #1980, #2103 ) ) REPRESENTATION_CONTEXT ( 'NONE', 'WORKASPACE' ) );
#1951 =( NAMED_UNIT ( * ) SI_UNIT ( $, .STERADIAN. ) SOLID_ANGLE_UNIT ( ) );
#1952 =( NAMED_UNIT ( * ) PLANE_ANGLE_UNIT ( ) SI_UNIT ( $, .RADIAN. ) );
#1953 =( LENGTH_UNIT ( ) NAMED_UNIT ( * ) SI_UNIT ( .MILLI., .METRE. ) );
#1954 = MECHANICAL_DESIGN_GEOMETRIC_PRESENTATION_REPRESENTATION (  '', ( #1956 ), #1936 ) ;
#1955 = PRESENTATION_LAYER_ASSIGNMENT (  '', '', ( #1956 ) ) ;
#1956 = STYLED_ITEM ( 'NONE', ( #1957 ), #4626 ) ;
#1957 = PRESENTATION_STYLE_ASSIGNMENT (( #1958 ) ) ;
#1958 = SURFACE_STYLE_USAGE ( .BOTH. , #1959 ) ;
#1959 = SURFACE_SIDE_STYLE ('',( #1960 ) ) ;
#1960 = SURFACE_STYLE_FILL_AREA ( #1961 ) ;
#1961 = FILL_AREA_STYLE ('',( #1968 ) ) ;
#1962 = COLOUR_RGB ( '',0.8784313725490196000, 0.8784313725490196000, 0.8784313725490196000 ) ;
#1963 = FACE_OUTER_BOUND ( 'NONE', #4627, .T. ) ;
#1964 = DIRECTION ( 'NONE',  ( -0.06975647374411816900, 0.0000000000000000000, 0.9975640502598247500 ) ) ;
#1965 = VECTOR ( 'NONE', #1964, 1000.000000000000100 ) ;
#1966 = CARTESIAN_POINT ( 'NONE',  ( -3.010462538693471100, 0.8399999999999994100, 0.1496212740532759400 ) ) ;
#1967 = LINE ( 'NONE', #1966, #1965 ) ;
#1968 = FILL_AREA_STYLE_COLOUR ( '', #1962 ) ;
#1969 = DIRECTION ( 'NONE',  ( -0.0000000000000000000, -1.000000000000000000, -0.0000000000000000000 ) ) ;
#1970 = VECTOR ( 'NONE', #1969, 1000.000000000000000 ) ;
#1971 = CARTESIAN_POINT ( 'NONE',  ( -1.950000000000000000, 2.450000000000000200, 1.005000000000000600 ) ) ;
#1972 = LINE ( 'NONE', #1971, #1970 ) ;
#1973 = CARTESIAN_POINT ( 'NONE',  ( -1.950000000000000000, -2.293826904248040100, 1.005000000000000600 ) ) ;
#1974 = CARTESIAN_POINT ( 'NONE',  ( -1.950000000000000000, -2.110000000000001200, 1.005000000000000600 ) ) ;
#1975 = DIRECTION ( 'NONE',  ( -1.355252715606880900E-015, 0.0000000000000000000, -1.000000000000000000 ) ) ;
#1976 = DIRECTION ( 'NONE',  ( 1.000000000000000000, 0.0000000000000000000, -1.355252715606880900E-015 ) ) ;
#1977 = CARTESIAN_POINT ( 'NONE',  ( -1.950000000000000000, 2.450000000000000200, 1.005000000000000600 ) ) ;
#1978 = AXIS2_PLACEMENT_3D ( 'NONE', #1977, #1976, #1975 ) ;
#1979 = PLANE ( 'NONE',  #1978 ) ;
#1980 =( NAMED_UNIT ( * ) PLANE_ANGLE_UNIT ( ) SI_UNIT ( $, .RADIAN. ) );
#1981 =( NAMED_UNIT ( * ) PLANE_ANGLE_UNIT ( ) SI_UNIT ( $, .RADIAN. ) );
#1982 =( LENGTH_UNIT ( ) NAMED_UNIT ( * ) SI_UNIT ( .MILLI., .METRE. ) );
#1983 = UNCERTAINTY_MEASURE_WITH_UNIT (LENGTH_MEASURE( 1.000000000000000100E-005 ), #1982, 'distance_accuracy_value', 'NONE');
#1984 =( NAMED_UNIT ( * ) SI_UNIT ( $, .STERADIAN. ) SOLID_ANGLE_UNIT ( ) );
#1985 =( LENGTH_UNIT ( ) NAMED_UNIT ( * ) SI_UNIT ( .MILLI., .METRE. ) );
#1986 = MECHANICAL_DESIGN_GEOMETRIC_PRESENTATION_REPRESENTATION (  '', ( #1988 ), #2117 ) ;
#1987 = PRESENTATION_LAYER_ASSIGNMENT (  '', '', ( #1988 ) ) ;
#1988 = STYLED_ITEM ( 'NONE', ( #1989 ), #4569 ) ;
#1989 = PRESENTATION_STYLE_ASSIGNMENT (( #1990 ) ) ;
#1990 = SURFACE_STYLE_USAGE ( .BOTH. , #1991 ) ;
#1991 = SURFACE_SIDE_STYLE ('',( #1992 ) ) ;
#1992 = SURFACE_STYLE_FILL_AREA ( #1993 ) ;
#1993 = FILL_AREA_STYLE ('',( #1906 ) ) ;
#1994 =( NAMED_UNIT ( * ) PLANE_ANGLE_UNIT ( ) SI_UNIT ( $, .RADIAN. ) );
#1995 =( LENGTH_UNIT ( ) NAMED_UNIT ( * ) SI_UNIT ( .MILLI., .METRE. ) );
#1996 = MECHANICAL_DESIGN_GEOMETRIC_PRESENTATION_REPRESENTATION (  '', ( #1998 ), #2114 ) ;
#1997 = PRESENTATION_LAYER_ASSIGNMENT (  '', '', ( #1998 ) ) ;
#1998 = STYLED_ITEM ( 'NONE', ( #1999 ), #4633 ) ;
#1999 = PRESENTATION_STYLE_ASSIGNMENT (( #2000 ) ) ;
#2000 = SURFACE_STYLE_USAGE ( .BOTH. , #2001 ) ;
#2001 = SURFACE_SIDE_STYLE ('',( #2002 ) ) ;
#2002 = SURFACE_STYLE_FILL_AREA ( #2003 ) ;
#2003 = FILL_AREA_STYLE ('',( #2009 ) ) ;
#2004 = COLOUR_RGB ( '',0.8784313725490196000, 0.8784313725490196000, 0.8784313725490196000 ) ;
#2005 = FACE_OUTER_BOUND ( 'NONE', #4544, .T. ) ;
#2006 = DIRECTION ( 'NONE',  ( -0.0000000000000000000, 1.000000000000000000, 0.0000000000000000000 ) ) ;
#2007 = VECTOR ( 'NONE', #2006, 1000.000000000000000 ) ;
#2008 = CARTESIAN_POINT ( 'NONE',  ( -2.270417144850321200, -0.6350000000000001200, 0.8100730792182140300 ) ) ;
#2009 = FILL_AREA_STYLE_COLOUR ( '', #2004 ) ;
#2010 = DIRECTION ( 'NONE',  ( -0.06975647374411816900, 0.0000000000000000000, 0.9975640502598247500 ) ) ;
#2011 = DIRECTION ( 'NONE',  ( -0.9975640502598247500, 0.0000000000000000000, -0.06975647374411816900 ) ) ;
#2012 = CARTESIAN_POINT ( 'NONE',  ( -3.005585789528317800, 0.6349999999999994500, 0.07988051182470989900 ) ) ;
#2013 = UNCERTAINTY_MEASURE_WITH_UNIT (LENGTH_MEASURE( 1.000000000000000100E-005 ), #2016, 'distance_accuracy_value', 'NONE');
#2014 =( NAMED_UNIT ( * ) SI_UNIT ( $, .STERADIAN. ) SOLID_ANGLE_UNIT ( ) );
#2015 =( NAMED_UNIT ( * ) PLANE_ANGLE_UNIT ( ) SI_UNIT ( $, .RADIAN. ) );
#2016 =( LENGTH_UNIT ( ) NAMED_UNIT ( * ) SI_UNIT ( .MILLI., .METRE. ) );
#2017 = MECHANICAL_DESIGN_GEOMETRIC_PRESENTATION_REPRESENTATION (  '', ( #2019 ), #1944 ) ;
#2018 = PRESENTATION_LAYER_ASSIGNMENT (  '', '', ( #2019 ) ) ;
#2019 = STYLED_ITEM ( 'NONE', ( #2020 ), #4599 ) ;
#2020 = PRESENTATION_STYLE_ASSIGNMENT (( #2021 ) ) ;
#2021 = SURFACE_STYLE_USAGE ( .BOTH. , #2022 ) ;
#2022 = SURFACE_SIDE_STYLE ('',( #2023 ) ) ;
#2023 = SURFACE_STYLE_FILL_AREA ( #2024 ) ;
#2024 = FILL_AREA_STYLE ('',( #2031 ) ) ;
#2025 = COLOUR_RGB ( '',0.06274509803921568500, 0.06274509803921568500, 0.06274509803921568500 ) ;
#2026 = FACE_OUTER_BOUND ( 'NONE', #4600, .T. ) ;
#2027 = DIRECTION ( 'NONE',  ( -2.710505431213759500E-015, -0.0000000000000000000, -1.000000000000000000 ) ) ;
#2028 = VECTOR ( 'NONE', #2027, 1000.000000000000000 ) ;
#2029 = CARTESIAN_POINT ( 'NONE',  ( -1.949999999999998800, 1.699999999999999700, 0.8450000000000004200 ) ) ;
#2030 = LINE ( 'NONE', #2029, #2028 ) ;
#2031 = FILL_AREA_STYLE_COLOUR ( '', #2025 ) ;
#2032 = DIRECTION ( 'NONE',  ( 0.1710878697460317700, 0.1710878697460327100, -0.9702875252478150300 ) ) ;
#2033 = VECTOR ( 'NONE', #2032, 1000.000000000000100 ) ;
#2034 = CARTESIAN_POINT ( 'NONE',  ( 1.873521489040116600, 2.377367142479992700, 0.9919214043600829100 ) ) ;
#2035 = LINE ( 'NONE', #2034, #2033 ) ;
#2036 = CARTESIAN_POINT ( 'NONE',  ( 1.751508428878013800, 2.255354082317889900, 1.683891854213353600 ) ) ;
#2037 = DIRECTION ( 'NONE',  ( 1.000000000000000000, -1.872589017364114500E-034, -3.257431995932526300E-016 ) ) ;
#2038 = VECTOR ( 'NONE', #2037, 1000.000000000000000 ) ;
#2039 = CARTESIAN_POINT ( 'NONE',  ( 1.818636399372196600, 2.255354082317889900, 1.683891854213353600 ) ) ;
#2040 = DIRECTION ( 'NONE',  ( 1.000000000000000000, 0.0000000000000000000, -0.0000000000000000000 ) ) ;
#2041 = DIRECTION ( 'NONE',  ( 0.0000000000000000000, 0.0000000000000000000, 1.000000000000000000 ) ) ;
#2042 = AXIS2_PLACEMENT_3D ( 'NONE', #1949, #2041, #2040 ) ;
#2043 = CARTESIAN_POINT ( 'NONE',  ( 1.949963621929098100, -2.296240034887020400, 0.8447936897078604000 ) ) ;
#2044 = PLANE ( 'NONE',  #2064 ) ;
#2045 =( GEOMETRIC_REPRESENTATION_CONTEXT ( 3 ) GLOBAL_UNCERTAINTY_ASSIGNED_CONTEXT ( ( #2046 ) ) GLOBAL_UNIT_ASSIGNED_CONTEXT ( ( #2049, #2048, #2047 ) ) REPRESENTATION_CONTEXT ( 'NONE', 'WORKASPACE' ) );
#2046 = UNCERTAINTY_MEASURE_WITH_UNIT (LENGTH_MEASURE( 1.000000000000000100E-005 ), #2049, 'distance_accuracy_value', 'NONE');
#2047 =( NAMED_UNIT ( * ) SI_UNIT ( $, .STERADIAN. ) SOLID_ANGLE_UNIT ( ) );
#2048 =( NAMED_UNIT ( * ) PLANE_ANGLE_UNIT ( ) SI_UNIT ( $, .RADIAN. ) );
#2049 =( LENGTH_UNIT ( ) NAMED_UNIT ( * ) SI_UNIT ( .MILLI., .METRE. ) );
#2050 = MECHANICAL_DESIGN_GEOMETRIC_PRESENTATION_REPRESENTATION (  '', ( #2066 ), #2045 ) ;
#2051 = CARTESIAN_POINT ( 'NONE',  ( -1.950000000000000200, 2.307933062704717200, 0.9250000000000001600 ) ) ;
#2052 = LINE ( 'NONE', #2039, #2038 ) ;
#2053 = DIRECTION ( 'NONE',  ( -1.334663381620506100E-015, 0.1736481776669273900, -0.9848077530122086900 ) ) ;
#2054 = VECTOR ( 'NONE', #2053, 999.9999999999998900 ) ;
#2055 = CARTESIAN_POINT ( 'NONE',  ( -1.950000000000000200, 2.310382571414599800, 0.9111081457866460100 ) ) ;
#2056 = LINE ( 'NONE', #2055, #2054 ) ;
#2057 = DIRECTION ( 'NONE',  ( 2.710505431213759500E-015, 0.0000000000000000000, 1.000000000000000000 ) ) ;
#2058 = VECTOR ( 'NONE', #2057, 1000.000000000000000 ) ;
#2059 = CARTESIAN_POINT ( 'NONE',  ( -1.949999999999998800, 2.109999999999999400, 0.8450000000000004200 ) ) ;
#2060 = LINE ( 'NONE', #2059, #2058 ) ;
#2061 = DIRECTION ( 'NONE',  ( -1.355252715606880900E-015, 0.0000000000000000000, -1.000000000000000000 ) ) ;
#2062 = DIRECTION ( 'NONE',  ( 1.000000000000000000, 0.0000000000000000000, -1.355252715606880900E-015 ) ) ;
#2063 = CARTESIAN_POINT ( 'NONE',  ( -1.950000000000000000, 2.450000000000000200, 1.005000000000000600 ) ) ;
#2064 = AXIS2_PLACEMENT_3D ( 'NONE', #2063, #2062, #2061 ) ;
#2065 = PRESENTATION_LAYER_ASSIGNMENT (  '', '', ( #2066 ) ) ;
#2066 = STYLED_ITEM ( 'NONE', ( #2067 ), #4584 ) ;
#2067 = PRESENTATION_STYLE_ASSIGNMENT (( #2068 ) ) ;
#2068 = SURFACE_STYLE_USAGE ( .BOTH. , #2069 ) ;
#2069 = SURFACE_SIDE_STYLE ('',( #2070 ) ) ;
#2070 = SURFACE_STYLE_FILL_AREA ( #2071 ) ;
#2071 = FILL_AREA_STYLE ('',( #2077 ) ) ;
#2072 = COLOUR_RGB ( '',0.06274509803921568500, 0.06274509803921568500, 0.06274509803921568500 ) ;
#2073 = FACE_OUTER_BOUND ( 'NONE', #4585, .T. ) ;
#2074 = DIRECTION ( 'NONE',  ( 0.0000000000000000000, -1.000000000000000000, 0.0000000000000000000 ) ) ;
#2075 = VECTOR ( 'NONE', #2074, 1000.000000000000000 ) ;
#2076 = CARTESIAN_POINT ( 'NONE',  ( -1.830293049118990600, 2.450000000000000200, 0.1661081457866458700 ) ) ;
#2077 = FILL_AREA_STYLE_COLOUR ( '', #2072 ) ;
#2078 = LINE ( 'NONE', #2076, #2075 ) ;
#2079 = DIRECTION ( 'NONE',  ( 0.1710878697460319600, -0.1710878697460328800, -0.9702875252478150300 ) ) ;
#2080 = VECTOR ( 'NONE', #2079, 1000.000000000000100 ) ;
#2081 = CARTESIAN_POINT ( 'NONE',  ( -1.820942508653290000, 2.167218921611211900, 0.1130785956399164000 ) ) ;
#2082 = LINE ( 'NONE', #2081, #2080 ) ;
#2083 = DIRECTION ( 'NONE',  ( -0.0000000000000000000, -1.000000000000000000, -0.0000000000000000000 ) ) ;
#2084 = VECTOR ( 'NONE', #2083, 1000.000000000000000 ) ;
#2085 = CARTESIAN_POINT ( 'NONE',  ( -1.950000000000000200, 2.450000000000000200, 0.8450000000000005300 ) ) ;
#2086 = LINE ( 'NONE', #2085, #2084 ) ;
#2087 = CARTESIAN_POINT ( 'NONE',  ( -1.949999999999998800, 2.109999999999999400, 0.8450000000000004200 ) ) ;
#2088 = DIRECTION ( 'NONE',  ( 0.0000000000000000000, 1.000000000000000000, 0.0000000000000000000 ) ) ;
#2089 = VECTOR ( 'NONE', #2088, 1000.000000000000000 ) ;
#2090 = CARTESIAN_POINT ( 'NONE',  ( -1.949999999999998800, 1.699999999999999700, 0.8450000000000004200 ) ) ;
#2091 = LINE ( 'NONE', #2090, #2089 ) ;
#2092 = DIRECTION ( 'NONE',  ( 0.0000000000000000000, 1.000000000000000000, 0.0000000000000000000 ) ) ;
#2093 = VECTOR ( 'NONE', #2092, 1000.000000000000000 ) ;
#2094 = CARTESIAN_POINT ( 'NONE',  ( -1.949999999999998800, 0.4299999999999996000, 0.8450000000000004200 ) ) ;
#2095 = LINE ( 'NONE', #2094, #2093 ) ;
#2096 = CARTESIAN_POINT ( 'NONE',  ( 1.869999999999999900, 2.373845653439876200, 1.011892761131280200 ) ) ;
#2097 = DIRECTION ( 'NONE',  ( 0.0000000000000000000, 0.1736481776669273900, -0.9848077530122086900 ) ) ;
#2098 = DIRECTION ( 'NONE',  ( -5.656471299676254000E-017, -0.9848077530122086900, -0.1736481776669273900 ) ) ;
#2099 = CARTESIAN_POINT ( 'NONE',  ( -1.818636399372191000, 2.450000000000000200, 0.5799999999999750900 ) ) ;
#2100 = AXIS2_PLACEMENT_3D ( 'NONE', #2099, #2098, #2097 ) ;
#2101 = PLANE ( 'NONE',  #2100 ) ;
#2102 = UNCERTAINTY_MEASURE_WITH_UNIT (LENGTH_MEASURE( 1.000000000000000100E-005 ), #1985, 'distance_accuracy_value', 'NONE');
#2103 =( NAMED_UNIT ( * ) SI_UNIT ( $, .STERADIAN. ) SOLID_ANGLE_UNIT ( ) );
#2104 = CARTESIAN_POINT ( 'NONE',  ( -2.000000000000000000, -0.4300000000000007100, 0.7199651360910145300 ) ) ;
#2105 = AXIS2_PLACEMENT_3D ( 'NONE', #2104, #2330, #2329 ) ;
#2106 = CARTESIAN_POINT ( 'NONE',  ( 1.949999999999998800, 1.699999999999999700, 0.8450000000000004200 ) ) ;
#2107 = LINE ( 'NONE', #2106, #2401 ) ;
#2108 = DIRECTION ( 'NONE',  ( 0.0000000000000000000, 0.0000000000000000000, -1.000000000000000000 ) ) ;
#2109 = DIRECTION ( 'NONE',  ( 0.0000000000000000000, -1.000000000000000000, -0.0000000000000000000 ) ) ;
#2110 = AXIS2_PLACEMENT_3D ( 'NONE', #2113, #2109, #2108 ) ;
#2111 = CYLINDRICAL_SURFACE ( 'NONE', #2110, 0.1250348639089858000 ) ;
#2112 = CIRCLE ( 'NONE', #2105, 0.1250348639089858000 ) ;
#2113 = CARTESIAN_POINT ( 'NONE',  ( -2.000000000000000000, -0.6350000000000001200, 0.7199651360910145300 ) ) ;
#2114 =( GEOMETRIC_REPRESENTATION_CONTEXT ( 3 ) GLOBAL_UNCERTAINTY_ASSIGNED_CONTEXT ( ( #2115 ) ) GLOBAL_UNIT_ASSIGNED_CONTEXT ( ( #1995, #1994, #2116 ) ) REPRESENTATION_CONTEXT ( 'NONE', 'WORKASPACE' ) );
#2115 = UNCERTAINTY_MEASURE_WITH_UNIT (LENGTH_MEASURE( 1.000000000000000100E-005 ), #1995, 'distance_accuracy_value', 'NONE');
#2116 =( NAMED_UNIT ( * ) SI_UNIT ( $, .STERADIAN. ) SOLID_ANGLE_UNIT ( ) );
#2117 =( GEOMETRIC_REPRESENTATION_CONTEXT ( 3 ) GLOBAL_UNCERTAINTY_ASSIGNED_CONTEXT ( ( #1983 ) ) GLOBAL_UNIT_ASSIGNED_CONTEXT ( ( #1982, #1981, #1984 ) ) REPRESENTATION_CONTEXT ( 'NONE', 'WORKASPACE' ) );
#2118 =( NAMED_UNIT ( * ) PLANE_ANGLE_UNIT ( ) SI_UNIT ( $, .RADIAN. ) );
#2119 =( LENGTH_UNIT ( ) NAMED_UNIT ( * ) SI_UNIT ( .MILLI., .METRE. ) );
#2120 = MECHANICAL_DESIGN_GEOMETRIC_PRESENTATION_REPRESENTATION (  '', ( #2122 ), #2245 ) ;
#2121 = PRESENTATION_LAYER_ASSIGNMENT (  '', '', ( #2122 ) ) ;
#2122 = STYLED_ITEM ( 'NONE', ( #2123 ), #4715 ) ;
#2123 = PRESENTATION_STYLE_ASSIGNMENT (( #2124 ) ) ;
#2124 = SURFACE_STYLE_USAGE ( .BOTH. , #2125 ) ;
#2125 = SURFACE_SIDE_STYLE ('',( #2126 ) ) ;
#2126 = SURFACE_STYLE_FILL_AREA ( #2127 ) ;
#2127 = FILL_AREA_STYLE ('',( #2134 ) ) ;
#2128 = COLOUR_RGB ( '',0.06274509803921568500, 0.06274509803921568500, 0.06274509803921568500 ) ;
#2129 = FACE_OUTER_BOUND ( 'NONE', #4729, .T. ) ;
#2130 = DIRECTION ( 'NONE',  ( 0.0000000000000000000, -1.000000000000000000, 0.0000000000000000000 ) ) ;
#2131 = VECTOR ( 'NONE', #2130, 1000.000000000000000 ) ;
#2132 = CARTESIAN_POINT ( 'NONE',  ( 1.830293049118990600, 2.450000000000000200, 1.683891854213354100 ) ) ;
#2133 = LINE ( 'NONE', #2132, #2131 ) ;
#2134 = FILL_AREA_STYLE_COLOUR ( '', #2128 ) ;
#2135 = CARTESIAN_POINT ( 'NONE',  ( 1.830293049118990600, 2.176569462076912500, 1.683891854213353900 ) ) ;
#2136 = DIRECTION ( 'NONE',  ( -0.1710878697460318000, -0.1710878697460326800, 0.9702875252478150300 ) ) ;
#2137 = VECTOR ( 'NONE', #2136, 1000.000000000000200 ) ;
#2138 = CARTESIAN_POINT ( 'NONE',  ( 1.820942508653290000, 2.167218921611211900, 1.736921404360083100 ) ) ;
#2139 = LINE ( 'NONE', #2138, #2137 ) ;
#2140 = DIRECTION ( 'NONE',  ( -0.1710878697460397600, 0.1710878697460324300, -0.9702875252478137000 ) ) ;
#2141 = VECTOR ( 'NONE', #2140, 1000.000000000000100 ) ;
#2142 = CARTESIAN_POINT ( 'NONE',  ( -1.952306109281093400, 2.298582522239016200, 0.9919214043600842500 ) ) ;
#2143 = LINE ( 'NONE', #2142, #2141 ) ;
#2144 = CARTESIAN_POINT ( 'NONE',  ( -1.949963621929097900, 2.296240034887020900, 1.005206310292139800 ) ) ;
#2145 = CARTESIAN_POINT ( 'NONE',  ( -1.889139101946620400, 2.235415514904546300, 1.350159304655730100 ) ) ;
#2146 = DIRECTION ( 'NONE',  ( -0.0000000000000000000, 1.000000000000000000, -0.0000000000000000000 ) ) ;
#2147 = VECTOR ( 'NONE', #2146, 1000.000000000000000 ) ;
#2148 = CARTESIAN_POINT ( 'NONE',  ( -1.889139101946620400, 2.450000000000000200, 1.350159304655730100 ) ) ;
#2149 = LINE ( 'NONE', #2148, #2147 ) ;
#2150 = CARTESIAN_POINT ( 'NONE',  ( -1.476621932148018300, 2.255354082317889900, 1.683891854213354700 ) ) ;
#2151 = DIRECTION ( 'NONE',  ( 0.7016738431598639200, -0.1237240302064815400, 0.7016738431598632500 ) ) ;
#2152 = VECTOR ( 'NONE', #2151, 1000.000000000000100 ) ;
#2153 = CARTESIAN_POINT ( 'NONE',  ( -1.459376796833229200, 2.252313299675924100, 1.701136989528143600 ) ) ;
#2154 = LINE ( 'NONE', #2153, #2152 ) ;
#2155 = CARTESIAN_POINT ( 'NONE',  ( -1.810354481705643800, 2.314200135145522400, 1.350159304655729600 ) ) ;
#2156 = DIRECTION ( 'NONE',  ( 0.1710878697460398200, -0.1710878697460324600, 0.9702875252478137000 ) ) ;
#2157 = VECTOR ( 'NONE', #2156, 1000.000000000000000 ) ;
#2158 = CARTESIAN_POINT ( 'NONE',  ( -1.808280506177983000, 2.312126159617862200, 1.361921404360084000 ) ) ;
#2159 = LINE ( 'NONE', #2158, #2157 ) ;
#2160 = CARTESIAN_POINT ( 'NONE',  ( -1.869999999999999900, 2.373845653439876200, 1.011892761131280700 ) ) ;
#2161 = DIRECTION ( 'NONE',  ( 1.334663381620505900E-015, -0.1736481776669273900, 0.9848077530122086900 ) ) ;
#2162 = VECTOR ( 'NONE', #2161, 999.9999999999998900 ) ;
#2163 = CARTESIAN_POINT ( 'NONE',  ( -1.869999999999999900, 2.375061033198899700, 1.005000000000000300 ) ) ;
#2164 = LINE ( 'NONE', #2163, #2162 ) ;
#2165 = CARTESIAN_POINT ( 'NONE',  ( -1.869999999999999900, 2.386717682945693800, 0.9388918542133539700 ) ) ;
#2166 = DIRECTION ( 'NONE',  ( -1.000000000000000000, 2.871865743529606600E-017, 1.628715997966262600E-016 ) ) ;
#2167 = VECTOR ( 'NONE', #2166, 1000.000000000000000 ) ;
#2168 = CARTESIAN_POINT ( 'NONE',  ( -1.818636399372191000, 2.386717682945693800, 0.9388918542133539700 ) ) ;
#2169 = LINE ( 'NONE', #2168, #2167 ) ;
#2170 = CARTESIAN_POINT ( 'NONE',  ( 1.869999999999999900, 2.386717682945693300, 0.9388918542133533100 ) ) ;
#2171 = DIRECTION ( 'NONE',  ( 1.334663381620506100E-015, 0.1736481776669273900, -0.9848077530122086900 ) ) ;
#2172 = VECTOR ( 'NONE', #2171, 999.9999999999998900 ) ;
#2173 = CARTESIAN_POINT ( 'NONE',  ( 1.869999999999999900, 2.389167191655576800, 0.9249999999999993800 ) ) ;
#2174 = LINE ( 'NONE', #2173, #2172 ) ;
#2175 = CARTESIAN_POINT ( 'NONE',  ( -1.830293049118990600, 2.176569462076912900, 0.1661081457866458700 ) ) ;
#2176 = CARTESIAN_POINT ( 'NONE',  ( -1.949963621929098300, 2.296240034887020900, 0.8447936897078616200 ) ) ;
#2177 = CARTESIAN_POINT ( 'NONE',  ( -1.949987873057241300, 2.295447999734074900, 0.8449312246900057000 ) ) ;
#2178 = CARTESIAN_POINT ( 'NONE',  ( -1.950000000000000200, 2.294643561884496500, 0.8450000000000007500 ) ) ;
#2179 = CARTESIAN_POINT ( 'NONE',  ( -1.950000000000000200, 2.293826904248039700, 0.8450000000000005300 ) ) ;
#2180 =( GEOMETRIC_REPRESENTATION_CONTEXT ( 3 ) GLOBAL_UNCERTAINTY_ASSIGNED_CONTEXT ( ( #2181 ) ) GLOBAL_UNIT_ASSIGNED_CONTEXT ( ( #2184, #2183, #2182 ) ) REPRESENTATION_CONTEXT ( 'NONE', 'WORKASPACE' ) );
#2181 = UNCERTAINTY_MEASURE_WITH_UNIT (LENGTH_MEASURE( 1.000000000000000100E-005 ), #2184, 'distance_accuracy_value', 'NONE');
#2182 =( NAMED_UNIT ( * ) SI_UNIT ( $, .STERADIAN. ) SOLID_ANGLE_UNIT ( ) );
#2183 =( NAMED_UNIT ( * ) PLANE_ANGLE_UNIT ( ) SI_UNIT ( $, .RADIAN. ) );
#2184 =( LENGTH_UNIT ( ) NAMED_UNIT ( * ) SI_UNIT ( .MILLI., .METRE. ) );
#2185 = MECHANICAL_DESIGN_GEOMETRIC_PRESENTATION_REPRESENTATION (  '', ( #2187 ), #2180 ) ;
#2186 = PRESENTATION_LAYER_ASSIGNMENT (  '', '', ( #2187 ) ) ;
#2187 = STYLED_ITEM ( 'NONE', ( #2188 ), #4670 ) ;
#2188 = PRESENTATION_STYLE_ASSIGNMENT (( #2189 ) ) ;
#2189 = SURFACE_STYLE_USAGE ( .BOTH. , #2190 ) ;
#2190 = SURFACE_SIDE_STYLE ('',( #2191 ) ) ;
#2191 = SURFACE_STYLE_FILL_AREA ( #2192 ) ;
#2192 = FILL_AREA_STYLE ('',( #2199 ) ) ;
#2193 = COLOUR_RGB ( '',0.06274509803921568500, 0.06274509803921568500, 0.06274509803921568500 ) ;
#2194 = FACE_OUTER_BOUND ( 'NONE', #4671, .T. ) ;
#2195 = DIRECTION ( 'NONE',  ( -0.0000000000000000000, -1.000000000000000000, -0.0000000000000000000 ) ) ;
#2196 = VECTOR ( 'NONE', #2195, 1000.000000000000000 ) ;
#2197 = CARTESIAN_POINT ( 'NONE',  ( -1.950000000000000200, 2.450000000000000200, 0.8450000000000005300 ) ) ;
#2198 = LINE ( 'NONE', #2197, #2196 ) ;
#2199 = FILL_AREA_STYLE_COLOUR ( '', #2193 ) ;
#2200 = DIRECTION ( 'NONE',  ( 1.334663381620506100E-015, 0.1736481776669277500, 0.9848077530122085800 ) ) ;
#2201 = VECTOR ( 'NONE', #2200, 1000.000000000000000 ) ;
#2202 = CARTESIAN_POINT ( 'NONE',  ( -1.950000000000000000, -2.296276412957922300, 0.9911081457866463000 ) ) ;
#2203 = LINE ( 'NONE', #2202, #2201 ) ;
#2204 = CARTESIAN_POINT ( 'NONE',  ( -1.950000000000000200, -2.293826904248040100, 0.8450000000000005300 ) ) ;
#2205 = CARTESIAN_POINT ( 'NONE',  ( -1.950000000000000000, -0.4300000000000007100, 1.005000000000000600 ) ) ;
#2206 = DIRECTION ( 'NONE',  ( 2.710505431213759500E-015, 0.0000000000000000000, 1.000000000000000000 ) ) ;
#2207 = VECTOR ( 'NONE', #2206, 1000.000000000000000 ) ;
#2208 = CARTESIAN_POINT ( 'NONE',  ( -1.949999999999998800, -0.4300000000000007100, 0.8450000000000004200 ) ) ;
#2209 = LINE ( 'NONE', #2208, #2207 ) ;
#2210 = CARTESIAN_POINT ( 'NONE',  ( 1.949999999999998800, -1.700000000000000600, 0.8450000000000004200 ) ) ;
#2211 = CARTESIAN_POINT ( 'NONE',  ( 1.950000000000000200, 2.293826904248039700, 0.8449999999999996400 ) ) ;
#2212 = CARTESIAN_POINT ( 'NONE',  ( 1.950000000000000200, 2.294643561884496500, 0.8449999999999998600 ) ) ;
#2213 = CARTESIAN_POINT ( 'NONE',  ( 1.949987873057241300, 2.295447999734074900, 0.8449312246900048100 ) ) ;
#2214 = CARTESIAN_POINT ( 'NONE',  ( 1.949963621929098100, 2.296240034887020900, 0.8447936897078606200 ) ) ;
#2215 =( BOUNDED_CURVE ( )  B_SPLINE_CURVE ( 3, ( #2214, #2213, #2212, #2211 ),
 .UNSPECIFIED., .F., .T. ) 
 B_SPLINE_CURVE_WITH_KNOTS ( ( 4, 4 ),
 ( 0.0004510347177848232300, 0.03060929571074445100 ),
 .UNSPECIFIED. ) 
 CURVE ( )  GEOMETRIC_REPRESENTATION_ITEM ( )  RATIONAL_B_SPLINE_CURVE ( ( 1.000000000000000000, 0.9999242080439719700, 0.9999242080439719700, 1.000000000000000000 ) ) 
 REPRESENTATION_ITEM ( '' )  );
#2216 = CARTESIAN_POINT ( 'NONE',  ( 1.949963621929098100, 2.296240034887020900, 0.8447936897078606200 ) ) ;
#2217 = CARTESIAN_POINT ( 'NONE',  ( 1.830293049118985500, 2.176569462076912900, 0.1661081457866453700 ) ) ;
#2218 = DIRECTION ( 'NONE',  ( 0.1710878697460389600, 0.1710878697460326300, 0.9702875252478138100 ) ) ;
#2219 = VECTOR ( 'NONE', #2218, 1000.000000000000000 ) ;
#2220 = CARTESIAN_POINT ( 'NONE',  ( 1.952306109281093600, 2.298582522239016200, 0.8580785956399159500 ) ) ;
#2221 = LINE ( 'NONE', #2220, #2219 ) ;
#2222 = DIRECTION ( 'NONE',  ( -0.0000000000000000000, 1.000000000000000000, -0.0000000000000000000 ) ) ;
#2223 = VECTOR ( 'NONE', #2222, 1000.000000000000000 ) ;
#2224 = CARTESIAN_POINT ( 'NONE',  ( -1.533190474642941900, 2.450000000000000200, 1.726568542494924600 ) ) ;
#2225 = LINE ( 'NONE', #2224, #2223 ) ;
#2226 = DIRECTION ( 'NONE',  ( 0.0000000000000000000, -1.000000000000000000, -0.0000000000000000000 ) ) ;
#2227 = VECTOR ( 'NONE', #2226, 1000.000000000000000 ) ;
#2228 = CARTESIAN_POINT ( 'NONE',  ( 1.949999999999998400, -2.110000000000000300, 1.005000000000000600 ) ) ;
#2229 = LINE ( 'NONE', #2228, #2227 ) ;
#2230 = CARTESIAN_POINT ( 'NONE',  ( 1.950000000000000000, -2.293826904248040100, 1.004999999999999700 ) ) ;
#2231 = CARTESIAN_POINT ( 'NONE',  ( 1.950000000000000000, -2.294643561884496500, 1.004999999999999400 ) ) ;
#2232 = CARTESIAN_POINT ( 'NONE',  ( 1.949987873057241100, -2.295447999734074900, 1.005068775309994500 ) ) ;
#2233 = CARTESIAN_POINT ( 'NONE',  ( 1.949963621929097900, -2.296240034887020400, 1.005206310292138700 ) ) ;
#2234 =( BOUNDED_CURVE ( )  B_SPLINE_CURVE ( 3, ( #2233, #2232, #2231, #2230 ),
 .UNSPECIFIED., .F., .T. ) 
 B_SPLINE_CURVE_WITH_KNOTS ( ( 4, 4 ),
 ( 3.142043688307576900, 3.172201949300526000 ),
 .UNSPECIFIED. ) 
 CURVE ( )  GEOMETRIC_REPRESENTATION_ITEM ( )  RATIONAL_B_SPLINE_CURVE ( ( 1.000000000000000000, 0.9999242080439719700, 0.9999242080439719700, 1.000000000000000000 ) ) 
 REPRESENTATION_ITEM ( '' )  );
#2235 = CARTESIAN_POINT ( 'NONE',  ( 1.949963621929097900, -2.296240034887020400, 1.005206310292138700 ) ) ;
#2236 = CARTESIAN_POINT ( 'NONE',  ( 1.830293049118990600, -2.176569462076912500, 1.683891854213353900 ) ) ;
#2237 = CARTESIAN_POINT ( 'NONE',  ( -1.533190474642941900, 2.176569462076912500, 1.726568542494924600 ) ) ;
#2238 = CARTESIAN_POINT ( 'NONE',  ( -1.866923024200567700, 2.235415514904545800, 1.392835992937299300 ) ) ;
#2239 = CARTESIAN_POINT ( 'NONE',  ( -1.533190474642941900, -2.176569462076912000, 1.726568542494924600 ) ) ;
#2240 = DIRECTION ( 'NONE',  ( 0.1736481776669337500, 0.0000000000000000000, 0.9848077530122073500 ) ) ;
#2241 = DIRECTION ( 'NONE',  ( -0.9848077530122074700, 0.0000000000000000000, 0.1736481776669337700 ) ) ;
#2242 = CARTESIAN_POINT ( 'NONE',  ( 1.950000000000000200, 2.450000000000000200, 0.8449999999999996400 ) ) ;
#2243 = AXIS2_PLACEMENT_3D ( 'NONE', #2242, #2241, #2240 ) ;
#2244 = PLANE ( 'NONE',  #2243 ) ;
#2245 =( GEOMETRIC_REPRESENTATION_CONTEXT ( 3 ) GLOBAL_UNCERTAINTY_ASSIGNED_CONTEXT ( ( #2246 ) ) GLOBAL_UNIT_ASSIGNED_CONTEXT ( ( #2119, #2118, #2247 ) ) REPRESENTATION_CONTEXT ( 'NONE', 'WORKASPACE' ) );
#2246 = UNCERTAINTY_MEASURE_WITH_UNIT (LENGTH_MEASURE( 1.000000000000000100E-005 ), #2119, 'distance_accuracy_value', 'NONE');
#2247 =( NAMED_UNIT ( * ) SI_UNIT ( $, .STERADIAN. ) SOLID_ANGLE_UNIT ( ) );
#2248 = CARTESIAN_POINT ( 'NONE',  ( -1.950000000000000200, -0.4300000000000007100, 0.8450000000000005300 ) ) ;
#2249 = CARTESIAN_POINT ( 'NONE',  ( -1.949999999999998800, 0.4299999999999996000, 0.8450000000000004200 ) ) ;
#2250 = DIRECTION ( 'NONE',  ( -0.0000000000000000000, -1.000000000000000000, -0.0000000000000000000 ) ) ;
#2251 = VECTOR ( 'NONE', #2250, 1000.000000000000000 ) ;
#2252 = CARTESIAN_POINT ( 'NONE',  ( -1.950000000000000200, 2.450000000000000200, 0.8450000000000005300 ) ) ;
#2253 = DIRECTION ( 'NONE',  ( -1.355252715606880900E-015, 0.0000000000000000000, -1.000000000000000000 ) ) ;
#2254 = DIRECTION ( 'NONE',  ( 1.000000000000000000, 0.0000000000000000000, -1.355252715606880900E-015 ) ) ;
#2255 = CARTESIAN_POINT ( 'NONE',  ( -1.950000000000000000, 2.450000000000000200, 1.005000000000000600 ) ) ;
#2256 = AXIS2_PLACEMENT_3D ( 'NONE', #2255, #2254, #2253 ) ;
#2257 = LINE ( 'NONE', #2252, #2251 ) ;
#2258 = PLANE ( 'NONE',  #2256 ) ;
#2259 =( GEOMETRIC_REPRESENTATION_CONTEXT ( 3 ) GLOBAL_UNCERTAINTY_ASSIGNED_CONTEXT ( ( #2260 ) ) GLOBAL_UNIT_ASSIGNED_CONTEXT ( ( #2263, #2262, #2261 ) ) REPRESENTATION_CONTEXT ( 'NONE', 'WORKASPACE' ) );
#2260 = UNCERTAINTY_MEASURE_WITH_UNIT (LENGTH_MEASURE( 1.000000000000000100E-005 ), #2263, 'distance_accuracy_value', 'NONE');
#2261 =( NAMED_UNIT ( * ) SI_UNIT ( $, .STERADIAN. ) SOLID_ANGLE_UNIT ( ) );
#2262 =( NAMED_UNIT ( * ) PLANE_ANGLE_UNIT ( ) SI_UNIT ( $, .RADIAN. ) );
#2263 =( LENGTH_UNIT ( ) NAMED_UNIT ( * ) SI_UNIT ( .MILLI., .METRE. ) );
#2264 = MECHANICAL_DESIGN_GEOMETRIC_PRESENTATION_REPRESENTATION (  '', ( #2266 ), #2259 ) ;
#2265 = PRESENTATION_LAYER_ASSIGNMENT (  '', '', ( #2266 ) ) ;
#2266 = STYLED_ITEM ( 'NONE', ( #2267 ), #4655 ) ;
#2267 = PRESENTATION_STYLE_ASSIGNMENT (( #2268 ) ) ;
#2268 = SURFACE_STYLE_USAGE ( .BOTH. , #2269 ) ;
#2269 = SURFACE_SIDE_STYLE ('',( #2270 ) ) ;
#2270 = SURFACE_STYLE_FILL_AREA ( #2271 ) ;
#2271 = FILL_AREA_STYLE ('',( #2301 ) ) ;
#2272 = COLOUR_RGB ( '',0.06274509803921568500, 0.06274509803921568500, 0.06274509803921568500 ) ;
#2273 = FACE_OUTER_BOUND ( 'NONE', #4656, .T. ) ;
#2274 =( BOUNDED_CURVE ( )  B_SPLINE_CURVE ( 3, ( #2179, #2178, #2177, #2176 ),
 .UNSPECIFIED., .F., .T. ) 
 B_SPLINE_CURVE_WITH_KNOTS ( ( 4, 4 ),
 ( 3.110983357879045600, 3.141141618872004900 ),
 .UNSPECIFIED. ) 
 CURVE ( )  GEOMETRIC_REPRESENTATION_ITEM ( )  RATIONAL_B_SPLINE_CURVE ( ( 1.000000000000000000, 0.9999242080439719700, 0.9999242080439719700, 1.000000000000000000 ) ) 
 REPRESENTATION_ITEM ( '' )  );
#2275 = CARTESIAN_POINT ( 'NONE',  ( -1.949963621929098300, 2.296240034887020900, 0.8447936897078616200 ) ) ;
#2276 = CARTESIAN_POINT ( 'NONE',  ( -1.950000000000000200, 2.293826904248039700, 0.8450000000000005300 ) ) ;
#2277 = CARTESIAN_POINT ( 'NONE',  ( -1.949999999999998400, 1.699999999999999700, 1.005000000000000600 ) ) ;
#2278 = DIRECTION ( 'NONE',  ( -0.0000000000000000000, -1.000000000000000000, -0.0000000000000000000 ) ) ;
#2279 = VECTOR ( 'NONE', #2278, 1000.000000000000000 ) ;
#2280 = CARTESIAN_POINT ( 'NONE',  ( -1.950000000000000000, 2.450000000000000200, 1.005000000000000600 ) ) ;
#2281 = LINE ( 'NONE', #2280, #2279 ) ;
#2282 = CARTESIAN_POINT ( 'NONE',  ( -1.950000000000000000, 0.8399999999999991900, 1.005000000000000600 ) ) ;
#2283 = DIRECTION ( 'NONE',  ( 2.710505431213759500E-015, 0.0000000000000000000, 1.000000000000000000 ) ) ;
#2284 = VECTOR ( 'NONE', #2283, 1000.000000000000000 ) ;
#2285 = CARTESIAN_POINT ( 'NONE',  ( -1.949999999999998800, 0.8399999999999994100, 0.8450000000000004200 ) ) ;
#2286 = LINE ( 'NONE', #2285, #2284 ) ;
#2287 = CARTESIAN_POINT ( 'NONE',  ( -1.950000000000000200, 0.8399999999999994100, 0.8450000000000005300 ) ) ;
#2288 = CARTESIAN_POINT ( 'NONE',  ( -1.949999999999998800, 1.699999999999999700, 0.8450000000000004200 ) ) ;
#2289 = DIRECTION ( 'NONE',  ( -0.0000000000000000000, -1.000000000000000000, -0.0000000000000000000 ) ) ;
#2290 = VECTOR ( 'NONE', #2289, 1000.000000000000000 ) ;
#2291 = CARTESIAN_POINT ( 'NONE',  ( -1.950000000000000200, 2.450000000000000200, 0.8450000000000005300 ) ) ;
#2292 = LINE ( 'NONE', #2291, #2290 ) ;
#2293 = DIRECTION ( 'NONE',  ( -1.355252715606880900E-015, 0.0000000000000000000, -1.000000000000000000 ) ) ;
#2294 = DIRECTION ( 'NONE',  ( 1.000000000000000000, 0.0000000000000000000, -1.355252715606880900E-015 ) ) ;
#2295 = CARTESIAN_POINT ( 'NONE',  ( -1.950000000000000000, 2.450000000000000200, 1.005000000000000600 ) ) ;
#2296 = AXIS2_PLACEMENT_3D ( 'NONE', #2295, #2294, #2293 ) ;
#2297 = PLANE ( 'NONE',  #2296 ) ;
#2298 = DIRECTION ( 'NONE',  ( -2.710505431213759500E-015, -0.0000000000000000000, -1.000000000000000000 ) ) ;
#2299 = VECTOR ( 'NONE', #2298, 1000.000000000000000 ) ;
#2300 = CARTESIAN_POINT ( 'NONE',  ( -1.949999999999998800, -0.8400000000000005200, 0.8450000000000004200 ) ) ;
#2301 = FILL_AREA_STYLE_COLOUR ( '', #2272 ) ;
#2302 = LINE ( 'NONE', #2300, #2299 ) ;
#2303 = DIRECTION ( 'NONE',  ( -0.0000000000000000000, -1.000000000000000000, -0.0000000000000000000 ) ) ;
#2304 = VECTOR ( 'NONE', #2303, 1000.000000000000000 ) ;
#2305 = CARTESIAN_POINT ( 'NONE',  ( -1.950000000000000000, 2.450000000000000200, 1.005000000000000600 ) ) ;
#2306 = LINE ( 'NONE', #2305, #2304 ) ;
#2307 = DIRECTION ( 'NONE',  ( -2.710505431213759500E-015, -0.0000000000000000000, -1.000000000000000000 ) ) ;
#2308 = VECTOR ( 'NONE', #2307, 1000.000000000000000 ) ;
#2309 = CARTESIAN_POINT ( 'NONE',  ( -1.949999999999998800, 0.4299999999999996000, 0.8450000000000004200 ) ) ;
#2310 = LINE ( 'NONE', #2309, #2308 ) ;
#2311 = CARTESIAN_POINT ( 'NONE',  ( -1.950000000000000000, 0.4299999999999998300, 1.005000000000000600 ) ) ;
#2312 = DIRECTION ( 'NONE',  ( -0.0000000000000000000, -1.000000000000000000, -0.0000000000000000000 ) ) ;
#2313 = VECTOR ( 'NONE', #2312, 1000.000000000000000 ) ;
#2314 = CARTESIAN_POINT ( 'NONE',  ( -1.950000000000000000, 2.450000000000000200, 1.005000000000000600 ) ) ;
#2315 = LINE ( 'NONE', #2314, #2313 ) ;
#2316 = CARTESIAN_POINT ( 'NONE',  ( -1.950000000000000000, -1.700000000000000600, 1.005000000000000600 ) ) ;
#2317 = DIRECTION ( 'NONE',  ( 2.710505431213759500E-015, 0.0000000000000000000, 1.000000000000000000 ) ) ;
#2318 = VECTOR ( 'NONE', #2317, 1000.000000000000000 ) ;
#2319 = CARTESIAN_POINT ( 'NONE',  ( -1.949999999999998800, -1.700000000000000600, 0.8450000000000004200 ) ) ;
#2320 = LINE ( 'NONE', #2319, #2318 ) ;
#2321 = CARTESIAN_POINT ( 'NONE',  ( -1.950000000000000200, -1.700000000000000600, 0.8450000000000005300 ) ) ;
#2322 = CARTESIAN_POINT ( 'NONE',  ( -1.949999999999998800, -0.8400000000000005200, 0.8450000000000004200 ) ) ;
#2323 = DIRECTION ( 'NONE',  ( 1.334663381620506100E-015, -0.1736481776669279200, 0.9848077530122085800 ) ) ;
#2324 = VECTOR ( 'NONE', #2323, 1000.000000000000000 ) ;
#2325 = CARTESIAN_POINT ( 'NONE',  ( -1.950000000000000000, -2.310382571414598900, 0.9388918542133502000 ) ) ;
#2326 = LINE ( 'NONE', #2325, #2324 ) ;
#2327 = CARTESIAN_POINT ( 'NONE',  ( -2.270417144850321200, -0.4300000000000007100, 0.8100730792182140300 ) ) ;
#2328 = CARTESIAN_POINT ( 'NONE',  ( -1.999999999999998700, -0.4300000000000007100, 0.8450000000000004200 ) ) ;
#2329 = DIRECTION ( 'NONE',  ( 0.0000000000000000000, 0.0000000000000000000, -1.000000000000000000 ) ) ;
#2330 = DIRECTION ( 'NONE',  ( 0.0000000000000000000, -1.000000000000000000, -0.0000000000000000000 ) ) ;
#2331 =( NAMED_UNIT ( * ) SI_UNIT ( $, .STERADIAN. ) SOLID_ANGLE_UNIT ( ) );
#2332 =( NAMED_UNIT ( * ) PLANE_ANGLE_UNIT ( ) SI_UNIT ( $, .RADIAN. ) );
#2333 =( LENGTH_UNIT ( ) NAMED_UNIT ( * ) SI_UNIT ( .MILLI., .METRE. ) );
#2334 = MECHANICAL_DESIGN_GEOMETRIC_PRESENTATION_REPRESENTATION (  '', ( #2336 ), #2463 ) ;
#2335 = PRESENTATION_LAYER_ASSIGNMENT (  '', '', ( #2336 ) ) ;
#2336 = STYLED_ITEM ( 'NONE', ( #2337 ), #4782 ) ;
#2337 = PRESENTATION_STYLE_ASSIGNMENT (( #2338 ) ) ;
#2338 = SURFACE_STYLE_USAGE ( .BOTH. , #2339 ) ;
#2339 = SURFACE_SIDE_STYLE ('',( #2340 ) ) ;
#2340 = SURFACE_STYLE_FILL_AREA ( #2341 ) ;
#2341 = FILL_AREA_STYLE ('',( #2348 ) ) ;
#2342 = COLOUR_RGB ( '',0.06274509803921568500, 0.06274509803921568500, 0.06274509803921568500 ) ;
#2343 = FACE_OUTER_BOUND ( 'NONE', #4783, .T. ) ;
#2344 = DIRECTION ( 'NONE',  ( -0.0000000000000000000, -1.000000000000000000, -0.0000000000000000000 ) ) ;
#2345 = VECTOR ( 'NONE', #2344, 1000.000000000000000 ) ;
#2346 = CARTESIAN_POINT ( 'NONE',  ( 1.950000000000000200, 2.450000000000000200, 0.8449999999999996400 ) ) ;
#2347 = LINE ( 'NONE', #2346, #2345 ) ;
#2348 = FILL_AREA_STYLE_COLOUR ( '', #2342 ) ;
#2349 = CARTESIAN_POINT ( 'NONE',  ( 1.950000000000000200, -2.293826904248040100, 0.8449999999999996400 ) ) ;
#2350 = DIRECTION ( 'NONE',  ( 1.334663381620506100E-015, 0.1736481776669279200, -0.9848077530122085800 ) ) ;
#2351 = VECTOR ( 'NONE', #2350, 1000.000000000000000 ) ;
#2352 = CARTESIAN_POINT ( 'NONE',  ( 1.950000000000000200, -2.296276412957922700, 0.8588918542133540100 ) ) ;
#2353 = LINE ( 'NONE', #2352, #2351 ) ;
#2354 = CARTESIAN_POINT ( 'NONE',  ( 1.949999999999998800, 0.8399999999999994100, 0.8450000000000004200 ) ) ;
#2355 = DIRECTION ( 'NONE',  ( -2.710505431213759500E-015, 0.0000000000000000000, 1.000000000000000000 ) ) ;
#2356 = VECTOR ( 'NONE', #2355, 1000.000000000000000 ) ;
#2357 = CARTESIAN_POINT ( 'NONE',  ( 1.949999999999998800, 0.8399999999999994100, 0.8450000000000004200 ) ) ;
#2358 = LINE ( 'NONE', #2357, #2356 ) ;
#2359 = CARTESIAN_POINT ( 'NONE',  ( -1.866923024200567700, -2.235415514904545400, 1.392835992937299300 ) ) ;
#2360 = DIRECTION ( 'NONE',  ( 0.0000000000000000000, -1.000000000000000000, 0.0000000000000000000 ) ) ;
#2361 = VECTOR ( 'NONE', #2360, 1000.000000000000000 ) ;
#2362 = CARTESIAN_POINT ( 'NONE',  ( -1.866923024200567700, 2.450000000000000200, 1.392835992937299300 ) ) ;
#2363 = LINE ( 'NONE', #2362, #2361 ) ;
#2364 = CARTESIAN_POINT ( 'NONE',  ( 1.949999999999998800, -2.110000000000000300, 0.8450000000000004200 ) ) ;
#2365 = DIRECTION ( 'NONE',  ( 0.0000000000000000000, 1.000000000000000000, 0.0000000000000000000 ) ) ;
#2366 = VECTOR ( 'NONE', #2365, 1000.000000000000000 ) ;
#2367 = CARTESIAN_POINT ( 'NONE',  ( 1.949999999999998800, -0.8400000000000005200, 0.8450000000000004200 ) ) ;
#2368 = LINE ( 'NONE', #2364, #2432 ) ;
#2369 = DIRECTION ( 'NONE',  ( -0.7071067811865479100, 0.0000000000000000000, -0.7071067811865471300 ) ) ;
#2370 = DIRECTION ( 'NONE',  ( 0.7071067811865471300, 0.0000000000000000000, -0.7071067811865479100 ) ) ;
#2371 = CARTESIAN_POINT ( 'NONE',  ( -1.884759017137866100, 2.450000000000000200, 1.375000000000000900 ) ) ;
#2372 = AXIS2_PLACEMENT_3D ( 'NONE', #2371, #2370, #2369 ) ;
#2373 = LINE ( 'NONE', #2367, #2366 ) ;
#2374 = PLANE ( 'NONE',  #2372 ) ;
#2375 =( GEOMETRIC_REPRESENTATION_CONTEXT ( 3 ) GLOBAL_UNCERTAINTY_ASSIGNED_CONTEXT ( ( #2376 ) ) GLOBAL_UNIT_ASSIGNED_CONTEXT ( ( #2379, #2378, #2377 ) ) REPRESENTATION_CONTEXT ( 'NONE', 'WORKASPACE' ) );
#2376 = UNCERTAINTY_MEASURE_WITH_UNIT (LENGTH_MEASURE( 1.000000000000000100E-005 ), #2379, 'distance_accuracy_value', 'NONE');
#2377 =( NAMED_UNIT ( * ) SI_UNIT ( $, .STERADIAN. ) SOLID_ANGLE_UNIT ( ) );
#2378 =( NAMED_UNIT ( * ) PLANE_ANGLE_UNIT ( ) SI_UNIT ( $, .RADIAN. ) );
#2379 =( LENGTH_UNIT ( ) NAMED_UNIT ( * ) SI_UNIT ( .MILLI., .METRE. ) );
#2380 = MECHANICAL_DESIGN_GEOMETRIC_PRESENTATION_REPRESENTATION (  '', ( #2382 ), #2375 ) ;
#2381 = PRESENTATION_LAYER_ASSIGNMENT (  '', '', ( #2382 ) ) ;
#2382 = STYLED_ITEM ( 'NONE', ( #2383 ), #4743 ) ;
#2383 = PRESENTATION_STYLE_ASSIGNMENT (( #2384 ) ) ;
#2384 = SURFACE_STYLE_USAGE ( .BOTH. , #2385 ) ;
#2385 = SURFACE_SIDE_STYLE ('',( #2386 ) ) ;
#2386 = SURFACE_STYLE_FILL_AREA ( #2387 ) ;
#2387 = FILL_AREA_STYLE ('',( #2392 ) ) ;
#2388 = CARTESIAN_POINT ( 'NONE',  ( -1.950000000000000000, 2.293826904248039700, 1.005000000000000600 ) ) ;
#2389 = CARTESIAN_POINT ( 'NONE',  ( -1.950000000000000000, 2.294643561884496500, 1.005000000000000600 ) ) ;
#2390 = CARTESIAN_POINT ( 'NONE',  ( -1.949987873057241100, 2.295447999734074900, 1.005068775309995600 ) ) ;
#2391 = CARTESIAN_POINT ( 'NONE',  ( -1.949963621929097900, 2.296240034887020900, 1.005206310292139800 ) ) ;
#2392 = FILL_AREA_STYLE_COLOUR ( '', #2394 ) ;
#2393 =( BOUNDED_CURVE ( )  B_SPLINE_CURVE ( 3, ( #2391, #2390, #2389, #2388 ),
 .UNSPECIFIED., .F., .T. ) 
 B_SPLINE_CURVE_WITH_KNOTS ( ( 4, 4 ),
 ( 0.0004510347177832296100, 0.03060929571074352500 ),
 .UNSPECIFIED. ) 
 CURVE ( )  GEOMETRIC_REPRESENTATION_ITEM ( )  RATIONAL_B_SPLINE_CURVE ( ( 1.000000000000000000, 0.9999242080439719700, 0.9999242080439719700, 1.000000000000000000 ) ) 
 REPRESENTATION_ITEM ( '' )  );
#2394 = COLOUR_RGB ( '',0.06274509803921568500, 0.06274509803921568500, 0.06274509803921568500 ) ;
#2395 = FACE_OUTER_BOUND ( 'NONE', #4704, .T. ) ;
#2396 = DIRECTION ( 'NONE',  ( 0.0000000000000000000, 1.000000000000000000, 0.0000000000000000000 ) ) ;
#2397 = VECTOR ( 'NONE', #2396, 1000.000000000000000 ) ;
#2398 = CARTESIAN_POINT ( 'NONE',  ( 1.949999999999998800, 0.4299999999999996000, 0.8450000000000004200 ) ) ;
#2399 = LINE ( 'NONE', #2398, #2397 ) ;
#2400 = DIRECTION ( 'NONE',  ( 0.0000000000000000000, 1.000000000000000000, 0.0000000000000000000 ) ) ;
#2401 = VECTOR ( 'NONE', #2400, 1000.000000000000000 ) ;
#2402 = UNCERTAINTY_MEASURE_WITH_UNIT (LENGTH_MEASURE( 1.000000000000000100E-005 ), #2405, 'distance_accuracy_value', 'NONE');
#2403 =( NAMED_UNIT ( * ) SI_UNIT ( $, .STERADIAN. ) SOLID_ANGLE_UNIT ( ) );
#2404 =( NAMED_UNIT ( * ) PLANE_ANGLE_UNIT ( ) SI_UNIT ( $, .RADIAN. ) );
#2405 =( LENGTH_UNIT ( ) NAMED_UNIT ( * ) SI_UNIT ( .MILLI., .METRE. ) );
#2406 = MECHANICAL_DESIGN_GEOMETRIC_PRESENTATION_REPRESENTATION (  '', ( #2434 ), #2549 ) ;
#2407 = FILL_AREA_STYLE_COLOUR ( '', #2408 ) ;
#2408 = COLOUR_RGB ( '',0.06274509803921568500, 0.06274509803921568500, 0.06274509803921568500 ) ;
#2409 = FACE_OUTER_BOUND ( 'NONE', #4765, .T. ) ;
#2410 = DIRECTION ( 'NONE',  ( 1.000000000000000000, 0.0000000000000000000, 0.0000000000000000000 ) ) ;
#2411 = DIRECTION ( 'NONE',  ( 0.0000000000000000000, 0.0000000000000000000, 1.000000000000000000 ) ) ;
#2412 = CARTESIAN_POINT ( 'NONE',  ( -0.9749999999999996400, 1.670000000000000400, 1.750000000000000000 ) ) ;
#2413 = AXIS2_PLACEMENT_3D ( 'NONE', #2412, #2411, #2410 ) ;
#2414 = CIRCLE ( 'NONE', #2413, 0.2925000000000003200 ) ;
#2415 = FILL_AREA_STYLE ('',( #2407 ) ) ;
#2416 = DIRECTION ( 'NONE',  ( -0.0000000000000000000, 1.000000000000000000, -0.0000000000000000000 ) ) ;
#2417 = VECTOR ( 'NONE', #2416, 1000.000000000000000 ) ;
#2418 = CARTESIAN_POINT ( 'NONE',  ( 1.751508428878013800, 2.450000000000000200, 1.749999999999999300 ) ) ;
#2419 = LINE ( 'NONE', #2418, #2417 ) ;
#2420 = CARTESIAN_POINT ( 'NONE',  ( 1.751508428878013800, -2.176569462076912500, 1.749999999999999300 ) ) ;
#2421 = DIRECTION ( 'NONE',  ( 1.000000000000000000, 0.0000000000000000000, -3.257431995932526300E-016 ) ) ;
#2422 = VECTOR ( 'NONE', #2421, 1000.000000000000000 ) ;
#2423 = CARTESIAN_POINT ( 'NONE',  ( 1.818636399372196600, -2.176569462076912500, 1.749999999999999300 ) ) ;
#2424 = LINE ( 'NONE', #2423, #2422 ) ;
#2425 = CARTESIAN_POINT ( 'NONE',  ( 1.949963621929098100, -2.296240034887020400, 0.8447936897078604000 ) ) ;
#2426 = CARTESIAN_POINT ( 'NONE',  ( 1.949987873057241300, -2.295447999734074900, 0.8449312246900045900 ) ) ;
#2427 = CARTESIAN_POINT ( 'NONE',  ( 1.950000000000000200, -2.294643561884496500, 0.8449999999999996400 ) ) ;
#2428 = CARTESIAN_POINT ( 'NONE',  ( 1.950000000000000200, -2.293826904248040100, 0.8449999999999996400 ) ) ;
#2429 = CARTESIAN_POINT ( 'NONE',  ( -1.476621932148018100, -2.176569462076912500, 1.750000000000000400 ) ) ;
#2430 =( BOUNDED_CURVE ( )  B_SPLINE_CURVE ( 3, ( #2428, #2427, #2426, #2425 ),
 .UNSPECIFIED., .F., .T. ) 
 B_SPLINE_CURVE_WITH_KNOTS ( ( 4, 4 ),
 ( 6.252576011468850200, 6.282734272461799400 ),
 .UNSPECIFIED. ) 
 CURVE ( )  GEOMETRIC_REPRESENTATION_ITEM ( )  RATIONAL_B_SPLINE_CURVE ( ( 1.000000000000000000, 0.9999242080439719700, 0.9999242080439719700, 1.000000000000000000 ) ) 
 REPRESENTATION_ITEM ( '' )  );
#2431 = DIRECTION ( 'NONE',  ( 0.0000000000000000000, 1.000000000000000000, 0.0000000000000000000 ) ) ;
#2432 = VECTOR ( 'NONE', #2431, 1000.000000000000000 ) ;
#2433 = PRESENTATION_LAYER_ASSIGNMENT (  '', '', ( #2434 ) ) ;
#2434 = STYLED_ITEM ( 'NONE', ( #2435 ), #4792 ) ;
#2435 = PRESENTATION_STYLE_ASSIGNMENT (( #2436 ) ) ;
#2436 = SURFACE_STYLE_USAGE ( .BOTH. , #2437 ) ;
#2437 = SURFACE_SIDE_STYLE ('',( #2438 ) ) ;
#2438 = SURFACE_STYLE_FILL_AREA ( #2439 ) ;
#2439 = FILL_AREA_STYLE ('',( #2446 ) ) ;
#2440 = COLOUR_RGB ( '',0.06274509803921568500, 0.06274509803921568500, 0.06274509803921568500 ) ;
#2441 = FACE_OUTER_BOUND ( 'NONE', #4793, .T. ) ;
#2442 = DIRECTION ( 'NONE',  ( -0.0000000000000000000, -1.000000000000000000, -0.0000000000000000000 ) ) ;
#2443 = VECTOR ( 'NONE', #2442, 1000.000000000000000 ) ;
#2444 = CARTESIAN_POINT ( 'NONE',  ( 1.950000000000000000, 2.450000000000000200, 1.004999999999999700 ) ) ;
#2445 = LINE ( 'NONE', #2444, #2443 ) ;
#2446 = FILL_AREA_STYLE_COLOUR ( '', #2440 ) ;
#2447 = DIRECTION ( 'NONE',  ( 2.710505431213759500E-015, -0.0000000000000000000, -1.000000000000000000 ) ) ;
#2448 = VECTOR ( 'NONE', #2447, 1000.000000000000000 ) ;
#2449 = CARTESIAN_POINT ( 'NONE',  ( 1.949999999999998800, -0.8400000000000005200, 0.8450000000000004200 ) ) ;
#2450 = LINE ( 'NONE', #2449, #2448 ) ;
#2451 = CARTESIAN_POINT ( 'NONE',  ( 1.950000000000000200, 0.4299999999999998300, 0.8449999999999996400 ) ) ;
#2452 = CARTESIAN_POINT ( 'NONE',  ( 1.949999999999998400, -0.4300000000000007100, 1.005000000000000600 ) ) ;
#2453 = CARTESIAN_POINT ( 'NONE',  ( 1.949999999999998800, -0.4300000000000007100, 0.8450000000000004200 ) ) ;
#2454 = DIRECTION ( 'NONE',  ( -2.710505431213759500E-015, 0.0000000000000000000, 1.000000000000000000 ) ) ;
#2455 = VECTOR ( 'NONE', #2454, 1000.000000000000000 ) ;
#2456 = CARTESIAN_POINT ( 'NONE',  ( 1.949999999999998800, -0.4300000000000007100, 0.8450000000000004200 ) ) ;
#2457 = DIRECTION ( 'NONE',  ( -1.355252715606880900E-015, 0.0000000000000000000, 1.000000000000000000 ) ) ;
#2458 = DIRECTION ( 'NONE',  ( -1.000000000000000000, 0.0000000000000000000, -1.355252715606880900E-015 ) ) ;
#2459 = CARTESIAN_POINT ( 'NONE',  ( 1.950000000000000000, 2.450000000000000200, 1.004999999999999700 ) ) ;
#2460 = AXIS2_PLACEMENT_3D ( 'NONE', #2459, #2458, #2457 ) ;
#2461 = LINE ( 'NONE', #2456, #2455 ) ;
#2462 = PLANE ( 'NONE',  #2460 ) ;
#2463 =( GEOMETRIC_REPRESENTATION_CONTEXT ( 3 ) GLOBAL_UNCERTAINTY_ASSIGNED_CONTEXT ( ( #2464 ) ) GLOBAL_UNIT_ASSIGNED_CONTEXT ( ( #2333, #2332, #2331 ) ) REPRESENTATION_CONTEXT ( 'NONE', 'WORKASPACE' ) );
#2464 = UNCERTAINTY_MEASURE_WITH_UNIT (LENGTH_MEASURE( 1.000000000000000100E-005 ), #2333, 'distance_accuracy_value', 'NONE');
#2465 = FILL_AREA_STYLE_COLOUR ( '', #2466 ) ;
#2466 = COLOUR_RGB ( '',0.09411764705882352800, 0.09411764705882352800, 0.09411764705882352800 ) ;
#2467 = FACE_OUTER_BOUND ( 'NONE', #4815, .T. ) ;
#2468 = DIRECTION ( 'NONE',  ( -2.710505431213759500E-015, 0.0000000000000000000, 1.000000000000000000 ) ) ;
#2469 = VECTOR ( 'NONE', #2468, 1000.000000000000000 ) ;
#2470 = CARTESIAN_POINT ( 'NONE',  ( 1.949999999999998800, -1.700000000000000600, 0.8450000000000004200 ) ) ;
#2471 = CARTESIAN_POINT ( 'NONE',  ( 1.949999999999998400, -1.700000000000000600, 1.005000000000000600 ) ) ;
#2472 = DIRECTION ( 'NONE',  ( -1.355252715606880900E-015, 0.0000000000000000000, 1.000000000000000000 ) ) ;
#2473 = DIRECTION ( 'NONE',  ( -1.000000000000000000, 0.0000000000000000000, -1.355252715606880900E-015 ) ) ;
#2474 = CARTESIAN_POINT ( 'NONE',  ( 1.950000000000000000, 2.450000000000000200, 1.004999999999999700 ) ) ;
#2475 = AXIS2_PLACEMENT_3D ( 'NONE', #2474, #2473, #2472 ) ;
#2476 = LINE ( 'NONE', #2470, #2469 ) ;
#2477 = PLANE ( 'NONE',  #2475 ) ;
#2478 =( GEOMETRIC_REPRESENTATION_CONTEXT ( 3 ) GLOBAL_UNCERTAINTY_ASSIGNED_CONTEXT ( ( #2479 ) ) GLOBAL_UNIT_ASSIGNED_CONTEXT ( ( #2482, #2481, #2480 ) ) REPRESENTATION_CONTEXT ( 'NONE', 'WORKASPACE' ) );
#2479 = UNCERTAINTY_MEASURE_WITH_UNIT (LENGTH_MEASURE( 1.000000000000000100E-005 ), #2482, 'distance_accuracy_value', 'NONE');
#2480 =( NAMED_UNIT ( * ) SI_UNIT ( $, .STERADIAN. ) SOLID_ANGLE_UNIT ( ) );
#2481 =( NAMED_UNIT ( * ) PLANE_ANGLE_UNIT ( ) SI_UNIT ( $, .RADIAN. ) );
#2482 =( LENGTH_UNIT ( ) NAMED_UNIT ( * ) SI_UNIT ( .MILLI., .METRE. ) );
#2483 = MECHANICAL_DESIGN_GEOMETRIC_PRESENTATION_REPRESENTATION (  '', ( #2485 ), #2478 ) ;
#2484 = PRESENTATION_LAYER_ASSIGNMENT (  '', '', ( #2485 ) ) ;
#2485 = STYLED_ITEM ( 'NONE', ( #2486 ), #4808 ) ;
#2486 = PRESENTATION_STYLE_ASSIGNMENT (( #2487 ) ) ;
#2487 = SURFACE_STYLE_USAGE ( .BOTH. , #2488 ) ;
#2488 = SURFACE_SIDE_STYLE ('',( #2489 ) ) ;
#2489 = SURFACE_STYLE_FILL_AREA ( #2490 ) ;
#2490 = FILL_AREA_STYLE ('',( #2522 ) ) ;
#2491 = COLOUR_RGB ( '',0.06274509803921568500, 0.06274509803921568500, 0.06274509803921568500 ) ;
#2492 = FACE_OUTER_BOUND ( 'NONE', #4809, .T. ) ;
#2493 = DIRECTION ( 'NONE',  ( -0.0000000000000000000, -0.0000000000000000000, 1.000000000000000000 ) ) ;
#2494 = VECTOR ( 'NONE', #2493, 1000.000000000000000 ) ;
#2495 = CARTESIAN_POINT ( 'NONE',  ( -0.6824999999999993300, 1.670000000000000400, 1.649999999999999900 ) ) ;
#2496 = DIRECTION ( 'NONE',  ( -0.7016738431598639200, 0.1237240302064815300, -0.7016738431598631400 ) ) ;
#2497 = VECTOR ( 'NONE', #2496, 1000.000000000000200 ) ;
#2498 = CARTESIAN_POINT ( 'NONE',  ( -1.890945339328153500, 2.239651297200620000, 1.368813677809713500 ) ) ;
#2499 = LINE ( 'NONE', #2498, #2497 ) ;
#2500 = DIRECTION ( 'NONE',  ( 0.1710878697460318000, -0.1710878697460329900, -0.9702875252478150300 ) ) ;
#2501 = VECTOR ( 'NONE', #2500, 1000.000000000000100 ) ;
#2502 = CARTESIAN_POINT ( 'NONE',  ( 1.952306109281093200, -2.298582522239015700, 0.9919214043600835800 ) ) ;
#2503 = DIRECTION ( 'NONE',  ( -0.1736481776669265000, 0.0000000000000000000, 0.9848077530122088000 ) ) ;
#2504 = DIRECTION ( 'NONE',  ( -0.9848077530122088000, 0.0000000000000000000, -0.1736481776669265000 ) ) ;
#2505 = CARTESIAN_POINT ( 'NONE',  ( 1.950000000000000000, 2.450000000000000200, 1.004999999999999700 ) ) ;
#2506 = AXIS2_PLACEMENT_3D ( 'NONE', #2505, #2504, #2503 ) ;
#2507 = LINE ( 'NONE', #2502, #2501 ) ;
#2508 = PLANE ( 'NONE',  #2506 ) ;
#2509 =( GEOMETRIC_REPRESENTATION_CONTEXT ( 3 ) GLOBAL_UNCERTAINTY_ASSIGNED_CONTEXT ( ( #2510 ) ) GLOBAL_UNIT_ASSIGNED_CONTEXT ( ( #2513, #2512, #2511 ) ) REPRESENTATION_CONTEXT ( 'NONE', 'WORKASPACE' ) );
#2510 = UNCERTAINTY_MEASURE_WITH_UNIT (LENGTH_MEASURE( 1.000000000000000100E-005 ), #2513, 'distance_accuracy_value', 'NONE');
#2511 =( NAMED_UNIT ( * ) SI_UNIT ( $, .STERADIAN. ) SOLID_ANGLE_UNIT ( ) );
#2512 =( NAMED_UNIT ( * ) PLANE_ANGLE_UNIT ( ) SI_UNIT ( $, .RADIAN. ) );
#2513 =( LENGTH_UNIT ( ) NAMED_UNIT ( * ) SI_UNIT ( .MILLI., .METRE. ) );
#2514 = MECHANICAL_DESIGN_GEOMETRIC_PRESENTATION_REPRESENTATION (  '', ( #2516 ), #2509 ) ;
#2515 = PRESENTATION_LAYER_ASSIGNMENT (  '', '', ( #2516 ) ) ;
#2516 = STYLED_ITEM ( 'NONE', ( #2517 ), #4764 ) ;
#2517 = PRESENTATION_STYLE_ASSIGNMENT (( #2518 ) ) ;
#2518 = SURFACE_STYLE_USAGE ( .BOTH. , #2519 ) ;
#2519 = SURFACE_SIDE_STYLE ('',( #2520 ) ) ;
#2520 = SURFACE_STYLE_FILL_AREA ( #2415 ) ;
#2521 = LINE ( 'NONE', #2495, #2494 ) ;
#2522 = FILL_AREA_STYLE_COLOUR ( '', #2491 ) ;
#2523 = DIRECTION ( 'NONE',  ( 1.000000000000000000, 0.0000000000000000000, 0.0000000000000000000 ) ) ;
#2524 = DIRECTION ( 'NONE',  ( 0.0000000000000000000, 0.0000000000000000000, 1.000000000000000000 ) ) ;
#2525 = CARTESIAN_POINT ( 'NONE',  ( -0.9749999999999996400, 1.670000000000000400, 1.750000000000000000 ) ) ;
#2526 = AXIS2_PLACEMENT_3D ( 'NONE', #2525, #2524, #2523 ) ;
#2527 = CIRCLE ( 'NONE', #2526, 0.2925000000000003200 ) ;
#2528 = CARTESIAN_POINT ( 'NONE',  ( 1.950000000000000200, -2.307933062704716800, 0.9249999999999978200 ) ) ;
#2529 = DIRECTION ( 'NONE',  ( 1.334663381620506100E-015, -0.1736481776669277500, -0.9848077530122085800 ) ) ;
#2530 = VECTOR ( 'NONE', #2529, 1000.000000000000000 ) ;
#2531 = CARTESIAN_POINT ( 'NONE',  ( 1.950000000000000200, -2.310382571414599800, 0.9111081457866424500 ) ) ;
#2532 = LINE ( 'NONE', #2531, #2530 ) ;
#2533 = CARTESIAN_POINT ( 'NONE',  ( 1.950000000000000000, -2.293826904248040100, 1.004999999999999700 ) ) ;
#2534 = DIRECTION ( 'NONE',  ( -0.0000000000000000000, -1.000000000000000000, -0.0000000000000000000 ) ) ;
#2535 = VECTOR ( 'NONE', #2534, 1000.000000000000000 ) ;
#2536 = CARTESIAN_POINT ( 'NONE',  ( 1.950000000000000000, 2.450000000000000200, 1.004999999999999700 ) ) ;
#2537 = LINE ( 'NONE', #2536, #2535 ) ;
#2538 = CARTESIAN_POINT ( 'NONE',  ( 1.950000000000000200, -2.110000000000001200, 0.8449999999999996400 ) ) ;
#2539 = CARTESIAN_POINT ( 'NONE',  ( 1.949999999999998400, -2.110000000000000300, 1.005000000000000600 ) ) ;
#2540 = DIRECTION ( 'NONE',  ( 2.710505431213759500E-015, -0.0000000000000000000, -1.000000000000000000 ) ) ;
#2541 = VECTOR ( 'NONE', #2540, 1000.000000000000000 ) ;
#2542 = CARTESIAN_POINT ( 'NONE',  ( 1.949999999999998800, -2.110000000000000300, 0.8450000000000004200 ) ) ;
#2543 = DIRECTION ( 'NONE',  ( -1.355252715606880900E-015, 0.0000000000000000000, 1.000000000000000000 ) ) ;
#2544 = DIRECTION ( 'NONE',  ( -1.000000000000000000, 0.0000000000000000000, -1.355252715606880900E-015 ) ) ;
#2545 = CARTESIAN_POINT ( 'NONE',  ( 1.950000000000000000, 2.450000000000000200, 1.004999999999999700 ) ) ;
#2546 = AXIS2_PLACEMENT_3D ( 'NONE', #2545, #2544, #2543 ) ;
#2547 = LINE ( 'NONE', #2542, #2541 ) ;
#2548 = PLANE ( 'NONE',  #2546 ) ;
#2549 =( GEOMETRIC_REPRESENTATION_CONTEXT ( 3 ) GLOBAL_UNCERTAINTY_ASSIGNED_CONTEXT ( ( #2402 ) ) GLOBAL_UNIT_ASSIGNED_CONTEXT ( ( #2405, #2404, #2403 ) ) REPRESENTATION_CONTEXT ( 'NONE', 'WORKASPACE' ) );
#2550 = DIRECTION ( 'NONE',  ( 1.000000000000000000, 5.421010862427523000E-015, 0.0000000000000000000 ) ) ;
#2551 = DIRECTION ( 'NONE',  ( -5.504638693030619500E-015, 1.000000000000000000, -0.0000000000000000000 ) ) ;
#2552 = CARTESIAN_POINT ( 'NONE',  ( 1.751508428878009200, -2.176569462076912500, 0.1800000000000000500 ) ) ;
#2553 = AXIS2_PLACEMENT_3D ( 'NONE', #2552, #2551, #2550 ) ;
#2554 = CIRCLE ( 'NONE', #2630, 0.08000000000000009900 ) ;
#2555 = DIRECTION ( 'NONE',  ( 1.000000000000000000, 0.0000000000000000000, 0.0000000000000000000 ) ) ;
#2556 = DIRECTION ( 'NONE',  ( 0.0000000000000000000, 1.000000000000000000, 0.0000000000000000000 ) ) ;
#2557 = AXIS2_PLACEMENT_3D ( 'NONE', #2560, #2556, #2555 ) ;
#2558 = SPHERICAL_SURFACE ( 'NONE', #2557, 0.08000000000000000200 ) ;
#2559 = CIRCLE ( 'NONE', #2553, 0.07999999999999998800 ) ;
#2560 = CARTESIAN_POINT ( 'NONE',  ( 1.751508428878008900, -2.176569462076912500, 0.1800000000000000500 ) ) ;
#2561 =( GEOMETRIC_REPRESENTATION_CONTEXT ( 3 ) GLOBAL_UNCERTAINTY_ASSIGNED_CONTEXT ( ( #2562 ) ) GLOBAL_UNIT_ASSIGNED_CONTEXT ( ( #2657, #2564, #2563 ) ) REPRESENTATION_CONTEXT ( 'NONE', 'WORKASPACE' ) );
#2562 = UNCERTAINTY_MEASURE_WITH_UNIT (LENGTH_MEASURE( 1.000000000000000100E-005 ), #2657, 'distance_accuracy_value', 'NONE');
#2563 =( NAMED_UNIT ( * ) SI_UNIT ( $, .STERADIAN. ) SOLID_ANGLE_UNIT ( ) );
#2564 =( NAMED_UNIT ( * ) PLANE_ANGLE_UNIT ( ) SI_UNIT ( $, .RADIAN. ) );
#2565 = CARTESIAN_POINT ( 'NONE',  ( -1.875715031971807900, 2.300776065170707400, 0.8844106500023217700 ) ) ;
#2566 =( GEOMETRIC_REPRESENTATION_CONTEXT ( 3 ) GLOBAL_UNCERTAINTY_ASSIGNED_CONTEXT ( ( #2567 ) ) GLOBAL_UNIT_ASSIGNED_CONTEXT ( ( #2584, #2583, #2582 ) ) REPRESENTATION_CONTEXT ( 'NONE', 'WORKASPACE' ) );
#2567 = UNCERTAINTY_MEASURE_WITH_UNIT (LENGTH_MEASURE( 1.000000000000000100E-005 ), #2584, 'distance_accuracy_value', 'NONE');
#2568 = CARTESIAN_POINT ( 'NONE',  ( -1.810354481705643800, -2.235415514904545800, 1.336267450442375300 ) ) ;
#2569 = AXIS2_PLACEMENT_3D ( 'NONE', #2568, #2581, #2580 ) ;
#2570 = SPHERICAL_SURFACE ( 'NONE', #2569, 0.08000000000000000200 ) ;
#2571 = CIRCLE ( 'NONE', #2579, 0.08000000000000011300 ) ;
#2572 =( GEOMETRIC_REPRESENTATION_CONTEXT ( 3 ) GLOBAL_UNCERTAINTY_ASSIGNED_CONTEXT ( ( #2575 ) ) GLOBAL_UNIT_ASSIGNED_CONTEXT ( ( #2656, #2574, #2573 ) ) REPRESENTATION_CONTEXT ( 'NONE', 'WORKASPACE' ) );
#2573 =( NAMED_UNIT ( * ) SI_UNIT ( $, .STERADIAN. ) SOLID_ANGLE_UNIT ( ) );
#2574 =( NAMED_UNIT ( * ) PLANE_ANGLE_UNIT ( ) SI_UNIT ( $, .RADIAN. ) );
#2575 = UNCERTAINTY_MEASURE_WITH_UNIT (LENGTH_MEASURE( 1.000000000000000100E-005 ), #2656, 'distance_accuracy_value', 'NONE');
#2576 = DIRECTION ( 'NONE',  ( 0.7071067811865474600, 0.0000000000000000000, -0.7071067811865474600 ) ) ;
#2577 = DIRECTION ( 'NONE',  ( -0.7016738431598643600, -0.1237240302064729200, -0.7016738431598643600 ) ) ;
#2578 = CARTESIAN_POINT ( 'NONE',  ( -1.476621932148018100, -2.176569462076912000, 1.670000000000000600 ) ) ;
#2579 = AXIS2_PLACEMENT_3D ( 'NONE', #2578, #2577, #2576 ) ;
#2580 = DIRECTION ( 'NONE',  ( 1.000000000000000000, 0.0000000000000000000, 0.0000000000000000000 ) ) ;
#2581 = DIRECTION ( 'NONE',  ( 0.0000000000000000000, 1.000000000000000000, 0.0000000000000000000 ) ) ;
#2582 =( NAMED_UNIT ( * ) SI_UNIT ( $, .STERADIAN. ) SOLID_ANGLE_UNIT ( ) );
#2583 =( NAMED_UNIT ( * ) PLANE_ANGLE_UNIT ( ) SI_UNIT ( $, .RADIAN. ) );
#2584 =( LENGTH_UNIT ( ) NAMED_UNIT ( * ) SI_UNIT ( .MILLI., .METRE. ) );
#2585 = MECHANICAL_DESIGN_GEOMETRIC_PRESENTATION_REPRESENTATION (  '', ( #2587 ), #2566 ) ;
#2586 = PRESENTATION_LAYER_ASSIGNMENT (  '', '', ( #2587 ) ) ;
#2587 = STYLED_ITEM ( 'NONE', ( #2588 ), #4859 ) ;
#2588 = PRESENTATION_STYLE_ASSIGNMENT (( #2589 ) ) ;
#2589 = SURFACE_STYLE_USAGE ( .BOTH. , #2590 ) ;
#2590 = SURFACE_SIDE_STYLE ('',( #2591 ) ) ;
#2591 = SURFACE_STYLE_FILL_AREA ( #2592 ) ;
#2592 = FILL_AREA_STYLE ('',( #2597 ) ) ;
#2593 = CARTESIAN_POINT ( 'NONE',  ( -1.869999999999999900, 2.373845653439876200, 1.011892761131280700 ) ) ;
#2594 = CARTESIAN_POINT ( 'NONE',  ( -1.915749908335965500, 2.373161011957889400, 1.015775555921024600 ) ) ;
#2595 = CARTESIAN_POINT ( 'NONE',  ( -1.948584093393584100, 2.341295056169459400, 1.013030005395240800 ) ) ;
#2596 = CARTESIAN_POINT ( 'NONE',  ( -1.949963621929097900, 2.296240034887020900, 1.005206310292139800 ) ) ;
#2597 = FILL_AREA_STYLE_COLOUR ( '', #2599 ) ;
#2598 =( BOUNDED_CURVE ( )  B_SPLINE_CURVE ( 3, ( #2596, #2595, #2594, #2593 ),
 .UNSPECIFIED., .F., .T. ) 
 B_SPLINE_CURVE_WITH_KNOTS ( ( 4, 4 ),
 ( 0.03015826099296052600, 1.570796326794895900 ),
 .UNSPECIFIED. ) 
 CURVE ( )  GEOMETRIC_REPRESENTATION_ITEM ( )  RATIONAL_B_SPLINE_CURVE ( ( 1.000000000000000000, 0.8117923620232512200, 0.8117923620232512200, 1.000000000000000000 ) ) 
 REPRESENTATION_ITEM ( '' )  );
#2599 = COLOUR_RGB ( '',0.09411764705882352800, 0.09411764705882352800, 0.09411764705882352800 ) ;
#2600 = FACE_OUTER_BOUND ( 'NONE', #4860, .T. ) ;
#2601 = DIRECTION ( 'NONE',  ( 0.0000000000000000000, 0.9848077530122086900, -0.1736481776669268600 ) ) ;
#2602 = DIRECTION ( 'NONE',  ( -1.334663381620506100E-015, -0.1736481776669277500, -0.9848077530122085800 ) ) ;
#2603 = CARTESIAN_POINT ( 'NONE',  ( -1.869999999999998800, -2.150783020227795600, 1.816242178851527300 ) ) ;
#2604 = AXIS2_PLACEMENT_3D ( 'NONE', #2603, #2602, #2601 ) ;
#2605 = CYLINDRICAL_SURFACE ( 'NONE', #2604, 0.08000000000000008500 ) ;
#2606 = CARTESIAN_POINT ( 'NONE',  ( -1.915749908335965900, 2.373161011957890300, 0.8342244440789762200 ) ) ;
#2607 = CARTESIAN_POINT ( 'NONE',  ( -1.870000000000000300, 2.373845653439876600, 0.8381072388687207400 ) ) ;
#2608 = FILL_AREA_STYLE_COLOUR ( '', #2610 ) ;
#2609 =( BOUNDED_CURVE ( )  B_SPLINE_CURVE ( 3, ( #2607, #2606, #2708, #2707 ),
 .UNSPECIFIED., .F., .T. ) 
 B_SPLINE_CURVE_WITH_KNOTS ( ( 4, 4 ),
 ( 1.570796326794899200, 3.111434392596840400 ),
 .UNSPECIFIED. ) 
 CURVE ( )  GEOMETRIC_REPRESENTATION_ITEM ( )  RATIONAL_B_SPLINE_CURVE ( ( 1.000000000000000000, 0.8117923620232501100, 0.8117923620232501100, 1.000000000000000000 ) ) 
 REPRESENTATION_ITEM ( '' )  );
#2610 = COLOUR_RGB ( '',0.09411764705882352800, 0.09411764705882352800, 0.09411764705882352800 ) ;
#2611 = FACE_OUTER_BOUND ( 'NONE', #4865, .T. ) ;
#2612 = DIRECTION ( 'NONE',  ( 0.0000000000000000000, 0.9848077530122086900, -0.1736481776669268600 ) ) ;
#2613 = DIRECTION ( 'NONE',  ( 0.1710878697460319300, -0.1710878697460328500, -0.9702875252478150300 ) ) ;
#2614 = AXIS2_PLACEMENT_3D ( 'NONE', #2565, #2613, #2612 ) ;
#2615 = CYLINDRICAL_SURFACE ( 'NONE', #2614, 0.08000000000000008500 ) ;
#2616 =( LENGTH_UNIT ( ) NAMED_UNIT ( * ) SI_UNIT ( .MILLI., .METRE. ) );
#2617 = MECHANICAL_DESIGN_GEOMETRIC_PRESENTATION_REPRESENTATION (  '', ( #2619 ), #2632 ) ;
#2618 = PRESENTATION_LAYER_ASSIGNMENT (  '', '', ( #2619 ) ) ;
#2619 = STYLED_ITEM ( 'NONE', ( #2620 ), #4847 ) ;
#2620 = PRESENTATION_STYLE_ASSIGNMENT (( #2621 ) ) ;
#2621 = SURFACE_STYLE_USAGE ( .BOTH. , #2622 ) ;
#2622 = SURFACE_SIDE_STYLE ('',( #2623 ) ) ;
#2623 = SURFACE_STYLE_FILL_AREA ( #2624 ) ;
#2624 = FILL_AREA_STYLE ('',( #2631 ) ) ;
#2625 = COLOUR_RGB ( '',0.09411764705882352800, 0.09411764705882352800, 0.09411764705882352800 ) ;
#2626 = FACE_OUTER_BOUND ( 'NONE', #4848, .T. ) ;
#2627 = DIRECTION ( 'NONE',  ( 0.0000000000000000000, -0.9848077530122085800, -0.1736481776669282200 ) ) ;
#2628 = DIRECTION ( 'NONE',  ( -1.868528734268702800E-014, 0.1736481776669281700, -0.9848077530122084600 ) ) ;
#2629 = CARTESIAN_POINT ( 'NONE',  ( 1.869999999999999900, -2.307933062704716800, 0.9249999999999993800 ) ) ;
#2630 = AXIS2_PLACEMENT_3D ( 'NONE', #2629, #2628, #2627 ) ;
#2631 = FILL_AREA_STYLE_COLOUR ( '', #2625 ) ;
#2632 =( GEOMETRIC_REPRESENTATION_CONTEXT ( 3 ) GLOBAL_UNCERTAINTY_ASSIGNED_CONTEXT ( ( #2633 ) ) GLOBAL_UNIT_ASSIGNED_CONTEXT ( ( #2616, #2635, #2634 ) ) REPRESENTATION_CONTEXT ( 'NONE', 'WORKASPACE' ) );
#2633 = UNCERTAINTY_MEASURE_WITH_UNIT (LENGTH_MEASURE( 1.000000000000000100E-005 ), #2616, 'distance_accuracy_value', 'NONE');
#2634 =( NAMED_UNIT ( * ) SI_UNIT ( $, .STERADIAN. ) SOLID_ANGLE_UNIT ( ) );
#2635 =( NAMED_UNIT ( * ) PLANE_ANGLE_UNIT ( ) SI_UNIT ( $, .RADIAN. ) );
#2636 = UNCERTAINTY_MEASURE_WITH_UNIT (LENGTH_MEASURE( 1.000000000000000100E-005 ), #2639, 'distance_accuracy_value', 'NONE');
#2637 =( NAMED_UNIT ( * ) SI_UNIT ( $, .STERADIAN. ) SOLID_ANGLE_UNIT ( ) );
#2638 =( NAMED_UNIT ( * ) PLANE_ANGLE_UNIT ( ) SI_UNIT ( $, .RADIAN. ) );
#2639 =( LENGTH_UNIT ( ) NAMED_UNIT ( * ) SI_UNIT ( .MILLI., .METRE. ) );
#2640 = MECHANICAL_DESIGN_GEOMETRIC_PRESENTATION_REPRESENTATION (  '', ( #2642 ), #2739 ) ;
#2641 = PRESENTATION_LAYER_ASSIGNMENT (  '', '', ( #2642 ) ) ;
#2642 = STYLED_ITEM ( 'NONE', ( #2643 ), #4823 ) ;
#2643 = PRESENTATION_STYLE_ASSIGNMENT (( #2644 ) ) ;
#2644 = SURFACE_STYLE_USAGE ( .BOTH. , #2645 ) ;
#2645 = SURFACE_SIDE_STYLE ('',( #2646 ) ) ;
#2646 = SURFACE_STYLE_FILL_AREA ( #2647 ) ;
#2647 = FILL_AREA_STYLE ('',( #2655 ) ) ;
#2648 = COLOUR_RGB ( '',0.09411764705882352800, 0.09411764705882352800, 0.09411764705882352800 ) ;
#2649 = FACE_OUTER_BOUND ( 'NONE', #4824, .T. ) ;
#2650 = DIRECTION ( 'NONE',  ( 8.131516293641284800E-015, 0.0000000000000000000, 1.000000000000000000 ) ) ;
#2651 = DIRECTION ( 'NONE',  ( 1.000000000000000000, -1.433805716639425600E-015, -8.131516293641283300E-015 ) ) ;
#2652 = CARTESIAN_POINT ( 'NONE',  ( -1.476621932148018700, -2.176569462076912500, 1.670000000000000400 ) ) ;
#2653 = AXIS2_PLACEMENT_3D ( 'NONE', #2652, #2651, #2650 ) ;
#2654 = CIRCLE ( 'NONE', #2653, 0.07999999999999998800 ) ;
#2655 = FILL_AREA_STYLE_COLOUR ( '', #2648 ) ;
#2656 =( LENGTH_UNIT ( ) NAMED_UNIT ( * ) SI_UNIT ( .MILLI., .METRE. ) );
#2657 =( LENGTH_UNIT ( ) NAMED_UNIT ( * ) SI_UNIT ( .MILLI., .METRE. ) );
#2658 = MECHANICAL_DESIGN_GEOMETRIC_PRESENTATION_REPRESENTATION (  '', ( #2660 ), #2561 ) ;
#2659 = PRESENTATION_LAYER_ASSIGNMENT (  '', '', ( #2660 ) ) ;
#2660 = STYLED_ITEM ( 'NONE', ( #2661 ), #4838 ) ;
#2661 = PRESENTATION_STYLE_ASSIGNMENT (( #2662 ) ) ;
#2662 = SURFACE_STYLE_USAGE ( .BOTH. , #2663 ) ;
#2663 = SURFACE_SIDE_STYLE ('',( #2664 ) ) ;
#2664 = SURFACE_STYLE_FILL_AREA ( #2665 ) ;
#2665 = FILL_AREA_STYLE ('',( #2672 ) ) ;
#2666 = COLOUR_RGB ( '',0.09411764705882352800, 0.09411764705882352800, 0.09411764705882352800 ) ;
#2667 = FACE_OUTER_BOUND ( 'NONE', #4839, .T. ) ;
#2668 = DIRECTION ( 'NONE',  ( 0.0000000000000000000, -1.084202172485504400E-014, -1.000000000000000000 ) ) ;
#2669 = DIRECTION ( 'NONE',  ( 1.911740955519230600E-015, 1.000000000000000000, -1.084202172485504600E-014 ) ) ;
#2670 = CARTESIAN_POINT ( 'NONE',  ( -1.751508428878013800, -2.176569462076911600, 0.1800000000000000200 ) ) ;
#2671 = AXIS2_PLACEMENT_3D ( 'NONE', #2670, #2669, #2668 ) ;
#2672 = FILL_AREA_STYLE_COLOUR ( '', #2666 ) ;
#2673 = DIRECTION ( 'NONE',  ( 1.000000000000000000, 0.0000000000000000000, 0.0000000000000000000 ) ) ;
#2674 = DIRECTION ( 'NONE',  ( 0.0000000000000000000, 1.000000000000000000, 0.0000000000000000000 ) ) ;
#2675 = AXIS2_PLACEMENT_3D ( 'NONE', #2678, #2674, #2673 ) ;
#2676 = SPHERICAL_SURFACE ( 'NONE', #2675, 0.08000000000000000200 ) ;
#2677 = CIRCLE ( 'NONE', #2671, 0.08000000000000000200 ) ;
#2678 = CARTESIAN_POINT ( 'NONE',  ( -1.751508428878013800, -2.176569462076912500, 0.1800000000000000500 ) ) ;
#2679 =( GEOMETRIC_REPRESENTATION_CONTEXT ( 3 ) GLOBAL_UNCERTAINTY_ASSIGNED_CONTEXT ( ( #2709 ) ) GLOBAL_UNIT_ASSIGNED_CONTEXT ( ( #2712, #2711, #2710 ) ) REPRESENTATION_CONTEXT ( 'NONE', 'WORKASPACE' ) );
#2680 = PRESENTATION_STYLE_ASSIGNMENT (( #2681 ) ) ;
#2681 = SURFACE_STYLE_USAGE ( .BOTH. , #2682 ) ;
#2682 = SURFACE_SIDE_STYLE ('',( #2683 ) ) ;
#2683 = SURFACE_STYLE_FILL_AREA ( #2684 ) ;
#2684 = FILL_AREA_STYLE ('',( #2465 ) ) ;
#2685 = MECHANICAL_DESIGN_GEOMETRIC_PRESENTATION_REPRESENTATION (  '', ( #2687 ), #2572 ) ;
#2686 = PRESENTATION_LAYER_ASSIGNMENT (  '', '', ( #2687 ) ) ;
#2687 = STYLED_ITEM ( 'NONE', ( #2680 ), #4814 ) ;
#2688 = DIRECTION ( 'NONE',  ( -0.7071067811865474600, 0.0000000000000000000, 0.7071067811865474600 ) ) ;
#2689 = DIRECTION ( 'NONE',  ( -0.7016738431598640300, 0.1237240302064815700, -0.7016738431598632500 ) ) ;
#2690 = AXIS2_PLACEMENT_3D ( 'NONE', #2693, #2689, #2688 ) ;
#2691 = CYLINDRICAL_SURFACE ( 'NONE', #2690, 0.08000000000000011300 ) ;
#2692 =( NAMED_UNIT ( * ) PLANE_ANGLE_UNIT ( ) SI_UNIT ( $, .RADIAN. ) );
#2693 = CARTESIAN_POINT ( 'NONE',  ( -1.846546367175404800, 2.241797120795575400, 1.300075564972614300 ) ) ;
#2694 =( GEOMETRIC_REPRESENTATION_CONTEXT ( 3 ) GLOBAL_UNCERTAINTY_ASSIGNED_CONTEXT ( ( #2695 ) ) GLOBAL_UNIT_ASSIGNED_CONTEXT ( ( #2698, #2697, #2696 ) ) REPRESENTATION_CONTEXT ( 'NONE', 'WORKASPACE' ) );
#2695 = UNCERTAINTY_MEASURE_WITH_UNIT (LENGTH_MEASURE( 1.000000000000000100E-005 ), #2698, 'distance_accuracy_value', 'NONE');
#2696 =( NAMED_UNIT ( * ) SI_UNIT ( $, .STERADIAN. ) SOLID_ANGLE_UNIT ( ) );
#2697 =( NAMED_UNIT ( * ) PLANE_ANGLE_UNIT ( ) SI_UNIT ( $, .RADIAN. ) );
#2698 =( LENGTH_UNIT ( ) NAMED_UNIT ( * ) SI_UNIT ( .MILLI., .METRE. ) );
#2699 = MECHANICAL_DESIGN_GEOMETRIC_PRESENTATION_REPRESENTATION (  '', ( #2701 ), #2694 ) ;
#2700 = PRESENTATION_LAYER_ASSIGNMENT (  '', '', ( #2701 ) ) ;
#2701 = STYLED_ITEM ( 'NONE', ( #2702 ), #4866 ) ;
#2702 = PRESENTATION_STYLE_ASSIGNMENT (( #2703 ) ) ;
#2703 = SURFACE_STYLE_USAGE ( .BOTH. , #2704 ) ;
#2704 = SURFACE_SIDE_STYLE ('',( #2705 ) ) ;
#2705 = SURFACE_STYLE_FILL_AREA ( #2706 ) ;
#2706 = FILL_AREA_STYLE ('',( #2608 ) ) ;
#2707 = CARTESIAN_POINT ( 'NONE',  ( -1.949963621929098300, 2.296240034887020900, 0.8447936897078616200 ) ) ;
#2708 = CARTESIAN_POINT ( 'NONE',  ( -1.948584093393585000, 2.341295056169459900, 0.8369699946047604000 ) ) ;
#2709 = UNCERTAINTY_MEASURE_WITH_UNIT (LENGTH_MEASURE( 1.000000000000000100E-005 ), #2712, 'distance_accuracy_value', 'NONE');
#2710 =( NAMED_UNIT ( * ) SI_UNIT ( $, .STERADIAN. ) SOLID_ANGLE_UNIT ( ) );
#2711 =( NAMED_UNIT ( * ) PLANE_ANGLE_UNIT ( ) SI_UNIT ( $, .RADIAN. ) );
#2712 =( LENGTH_UNIT ( ) NAMED_UNIT ( * ) SI_UNIT ( .MILLI., .METRE. ) );
#2713 = MECHANICAL_DESIGN_GEOMETRIC_PRESENTATION_REPRESENTATION (  '', ( #2715 ), #2679 ) ;
#2714 = PRESENTATION_LAYER_ASSIGNMENT (  '', '', ( #2715 ) ) ;
#2715 = STYLED_ITEM ( 'NONE', ( #2716 ), #4832 ) ;
#2716 = PRESENTATION_STYLE_ASSIGNMENT (( #2717 ) ) ;
#2717 = SURFACE_STYLE_USAGE ( .BOTH. , #2718 ) ;
#2718 = SURFACE_SIDE_STYLE ('',( #2719 ) ) ;
#2719 = SURFACE_STYLE_FILL_AREA ( #2720 ) ;
#2720 = FILL_AREA_STYLE ('',( #2728 ) ) ;
#2721 = COLOUR_RGB ( '',0.09411764705882352800, 0.09411764705882352800, 0.09411764705882352800 ) ;
#2722 = FACE_OUTER_BOUND ( 'NONE', #4833, .T. ) ;
#2723 = DIRECTION ( 'NONE',  ( 0.0000000000000000000, -1.084202172485504600E-014, -1.000000000000000000 ) ) ;
#2724 = DIRECTION ( 'NONE',  ( -1.336607747031786400E-014, 1.000000000000000000, -1.336607747031786400E-014 ) ) ;
#2725 = CARTESIAN_POINT ( 'NONE',  ( -1.810354481705643800, -2.235415514904545400, 1.336267450442375300 ) ) ;
#2726 = AXIS2_PLACEMENT_3D ( 'NONE', #2725, #2724, #2723 ) ;
#2727 = CIRCLE ( 'NONE', #2726, 0.07999999999999998800 ) ;
#2728 = FILL_AREA_STYLE_COLOUR ( '', #2721 ) ;
#2729 = DIRECTION ( 'NONE',  ( -0.7071067811865529000, 0.0000000000000000000, 0.7071067811865421300 ) ) ;
#2730 = DIRECTION ( 'NONE',  ( -0.7016738431598581500, -0.1237240302064821200, -0.7016738431598689200 ) ) ;
#2731 = CARTESIAN_POINT ( 'NONE',  ( -1.810354481705643600, -2.235415514904545400, 1.336267450442375900 ) ) ;
#2732 = AXIS2_PLACEMENT_3D ( 'NONE', #2731, #2730, #2729 ) ;
#2733 = CIRCLE ( 'NONE', #2732, 0.08000000000000011300 ) ;
#2734 = DIRECTION ( 'NONE',  ( -0.7071067811865474600, 0.0000000000000000000, 0.7071067811865474600 ) ) ;
#2735 = DIRECTION ( 'NONE',  ( -0.7016738431598639200, -0.1237240302064817900, -0.7016738431598631400 ) ) ;
#2736 = AXIS2_PLACEMENT_3D ( 'NONE', #2738, #2735, #2734 ) ;
#2737 = CYLINDRICAL_SURFACE ( 'NONE', #2736, 0.08000000000000011300 ) ;
#2738 = CARTESIAN_POINT ( 'NONE',  ( -1.421158179920979800, -2.166789706107956200, 1.725463752227038800 ) ) ;
#2739 =( GEOMETRIC_REPRESENTATION_CONTEXT ( 3 ) GLOBAL_UNCERTAINTY_ASSIGNED_CONTEXT ( ( #2636 ) ) GLOBAL_UNIT_ASSIGNED_CONTEXT ( ( #2639, #2638, #2637 ) ) REPRESENTATION_CONTEXT ( 'NONE', 'WORKASPACE' ) );
#2740 = CYLINDRICAL_SURFACE ( 'NONE', #2819, 0.08000000000000008500 ) ;
#2741 = CARTESIAN_POINT ( 'NONE',  ( 1.875715031971807700, 2.300776065170707000, 0.9655893499976783100 ) ) ;
#2742 =( GEOMETRIC_REPRESENTATION_CONTEXT ( 3 ) GLOBAL_UNCERTAINTY_ASSIGNED_CONTEXT ( ( #2743 ) ) GLOBAL_UNIT_ASSIGNED_CONTEXT ( ( #2746, #2745, #2744 ) ) REPRESENTATION_CONTEXT ( 'NONE', 'WORKASPACE' ) );
#2743 = UNCERTAINTY_MEASURE_WITH_UNIT (LENGTH_MEASURE( 1.000000000000000100E-005 ), #2746, 'distance_accuracy_value', 'NONE');
#2744 =( NAMED_UNIT ( * ) SI_UNIT ( $, .STERADIAN. ) SOLID_ANGLE_UNIT ( ) );
#2745 =( NAMED_UNIT ( * ) PLANE_ANGLE_UNIT ( ) SI_UNIT ( $, .RADIAN. ) );
#2746 =( LENGTH_UNIT ( ) NAMED_UNIT ( * ) SI_UNIT ( .MILLI., .METRE. ) );
#2747 = MECHANICAL_DESIGN_GEOMETRIC_PRESENTATION_REPRESENTATION (  '', ( #2749 ), #2742 ) ;
#2748 = PRESENTATION_LAYER_ASSIGNMENT (  '', '', ( #2749 ) ) ;
#2749 = STYLED_ITEM ( 'NONE', ( #2750 ), #4875 ) ;
#2750 = PRESENTATION_STYLE_ASSIGNMENT (( #2751 ) ) ;
#2751 = SURFACE_STYLE_USAGE ( .BOTH. , #2752 ) ;
#2752 = SURFACE_SIDE_STYLE ('',( #2753 ) ) ;
#2753 = SURFACE_STYLE_FILL_AREA ( #2754 ) ;
#2754 = FILL_AREA_STYLE ('',( #2931 ) ) ;
#2755 = CARTESIAN_POINT ( 'NONE',  ( 1.870000000000000100, 2.373845653439876200, 0.8381072388687193000 ) ) ;
#2756 = CARTESIAN_POINT ( 'NONE',  ( 1.915749908335966400, 2.373161011957889900, 0.8342244440789747800 ) ) ;
#2757 = CARTESIAN_POINT ( 'NONE',  ( 1.948584093393584700, 2.341295056169459400, 0.8369699946047588500 ) ) ;
#2758 = CARTESIAN_POINT ( 'NONE',  ( 1.949963621929098100, 2.296240034887020900, 0.8447936897078606200 ) ) ;
#2759 = UNCERTAINTY_MEASURE_WITH_UNIT (LENGTH_MEASURE( 1.000000000000000100E-005 ), #2762, 'distance_accuracy_value', 'NONE');
#2760 =( NAMED_UNIT ( * ) SI_UNIT ( $, .STERADIAN. ) SOLID_ANGLE_UNIT ( ) );
#2761 =( NAMED_UNIT ( * ) PLANE_ANGLE_UNIT ( ) SI_UNIT ( $, .RADIAN. ) );
#2762 =( LENGTH_UNIT ( ) NAMED_UNIT ( * ) SI_UNIT ( .MILLI., .METRE. ) );
#2763 = MECHANICAL_DESIGN_GEOMETRIC_PRESENTATION_REPRESENTATION (  '', ( #2765 ), #2902 ) ;
#2764 = PRESENTATION_LAYER_ASSIGNMENT (  '', '', ( #2765 ) ) ;
#2765 = STYLED_ITEM ( 'NONE', ( #2766 ), #4904 ) ;
#2766 = PRESENTATION_STYLE_ASSIGNMENT (( #2767 ) ) ;
#2767 = SURFACE_STYLE_USAGE ( .BOTH. , #2768 ) ;
#2768 = SURFACE_SIDE_STYLE ('',( #2769 ) ) ;
#2769 = SURFACE_STYLE_FILL_AREA ( #2770 ) ;
#2770 = FILL_AREA_STYLE ('',( #2778 ) ) ;
#2771 = COLOUR_RGB ( '',0.09411764705882352800, 0.09411764705882352800, 0.09411764705882352800 ) ;
#2772 = FACE_OUTER_BOUND ( 'NONE', #4905, .T. ) ;
#2773 = DIRECTION ( 'NONE',  ( -2.710505431213754000E-015, -1.000000000000000000, 0.0000000000000000000 ) ) ;
#2774 = DIRECTION ( 'NONE',  ( -1.000000000000000000, 2.752319346515295100E-015, 0.0000000000000000000 ) ) ;
#2775 = CARTESIAN_POINT ( 'NONE',  ( -1.751508428878013800, -2.176569462076912500, 0.1800000000000000500 ) ) ;
#2776 = AXIS2_PLACEMENT_3D ( 'NONE', #2775, #2774, #2773 ) ;
#2777 = CIRCLE ( 'NONE', #2776, 0.08000000000000021000 ) ;
#2778 = FILL_AREA_STYLE_COLOUR ( '', #2771 ) ;
#2779 = DIRECTION ( 'NONE',  ( 0.0000000000000000000, 0.0000000000000000000, -1.000000000000000000 ) ) ;
#2780 = DIRECTION ( 'NONE',  ( 1.000000000000000000, 0.0000000000000000000, 0.0000000000000000000 ) ) ;
#2781 = CARTESIAN_POINT ( 'NONE',  ( 1.751508428878009200, -2.176569462076912500, 0.1800000000000000800 ) ) ;
#2782 = AXIS2_PLACEMENT_3D ( 'NONE', #2781, #2780, #2779 ) ;
#2783 = CIRCLE ( 'NONE', #2782, 0.08000000000000000200 ) ;
#2784 = DIRECTION ( 'NONE',  ( 0.0000000000000000000, -0.9848077530122066900, 0.1736481776669383200 ) ) ;
#2785 = DIRECTION ( 'NONE',  ( 0.1710878697460401200, 0.1710878697460420400, 0.9702875252478121400 ) ) ;
#2786 = CARTESIAN_POINT ( 'NONE',  ( -1.810354481705643800, -2.235415514904546300, 1.336267450442375300 ) ) ;
#2787 = AXIS2_PLACEMENT_3D ( 'NONE', #2786, #2785, #2784 ) ;
#2788 = CIRCLE ( 'NONE', #2787, 0.07999999999999980700 ) ;
#2789 = DIRECTION ( 'NONE',  ( 1.000000000000000000, 0.0000000000000000000, 0.0000000000000000000 ) ) ;
#2790 = DIRECTION ( 'NONE',  ( 0.0000000000000000000, 1.000000000000000000, 0.0000000000000000000 ) ) ;
#2791 = AXIS2_PLACEMENT_3D ( 'NONE', #2795, #2790, #2789 ) ;
#2792 = SPHERICAL_SURFACE ( 'NONE', #2791, 0.08000000000000000200 ) ;
#2793 = COLOUR_RGB ( '',0.09411764705882352800, 0.09411764705882352800, 0.09411764705882352800 ) ;
#2794 = FACE_OUTER_BOUND ( 'NONE', #4883, .T. ) ;
#2795 = CARTESIAN_POINT ( 'NONE',  ( -1.476621932148018300, -2.176569462076912500, 1.670000000000000400 ) ) ;
#2796 =( GEOMETRIC_REPRESENTATION_CONTEXT ( 3 ) GLOBAL_UNCERTAINTY_ASSIGNED_CONTEXT ( ( #2797 ) ) GLOBAL_UNIT_ASSIGNED_CONTEXT ( ( #2800, #2799, #2798 ) ) REPRESENTATION_CONTEXT ( 'NONE', 'WORKASPACE' ) );
#2797 = UNCERTAINTY_MEASURE_WITH_UNIT (LENGTH_MEASURE( 1.000000000000000100E-005 ), #2800, 'distance_accuracy_value', 'NONE');
#2798 =( NAMED_UNIT ( * ) SI_UNIT ( $, .STERADIAN. ) SOLID_ANGLE_UNIT ( ) );
#2799 =( NAMED_UNIT ( * ) PLANE_ANGLE_UNIT ( ) SI_UNIT ( $, .RADIAN. ) );
#2800 =( LENGTH_UNIT ( ) NAMED_UNIT ( * ) SI_UNIT ( .MILLI., .METRE. ) );
#2801 = MECHANICAL_DESIGN_GEOMETRIC_PRESENTATION_REPRESENTATION (  '', ( #2803 ), #2796 ) ;
#2802 = PRESENTATION_LAYER_ASSIGNMENT (  '', '', ( #2803 ) ) ;
#2803 = STYLED_ITEM ( 'NONE', ( #2804 ), #4880 ) ;
#2804 = PRESENTATION_STYLE_ASSIGNMENT (( #2805 ) ) ;
#2805 = SURFACE_STYLE_USAGE ( .BOTH. , #2806 ) ;
#2806 = SURFACE_SIDE_STYLE ('',( #2807 ) ) ;
#2807 = SURFACE_STYLE_FILL_AREA ( #2808 ) ;
#2808 = FILL_AREA_STYLE ('',( #2816 ) ) ;
#2809 = COLOUR_RGB ( '',0.09411764705882352800, 0.09411764705882352800, 0.09411764705882352800 ) ;
#2810 = FACE_OUTER_BOUND ( 'NONE', #4830, .T. ) ;
#2811 = DIRECTION ( 'NONE',  ( 1.000000000000000000, -5.421010862427523000E-015, 0.0000000000000000000 ) ) ;
#2812 = DIRECTION ( 'NONE',  ( 7.666467083416860100E-015, 1.000000000000000000, -0.0000000000000000000 ) ) ;
#2813 = CARTESIAN_POINT ( 'NONE',  ( -1.476621932148018100, -2.176569462076912500, 1.670000000000000400 ) ) ;
#2814 = AXIS2_PLACEMENT_3D ( 'NONE', #2813, #2812, #2811 ) ;
#2815 = CIRCLE ( 'NONE', #2814, 0.07999999999999998800 ) ;
#2816 = FILL_AREA_STYLE_COLOUR ( '', #2809 ) ;
#2817 = DIRECTION ( 'NONE',  ( 0.0000000000000000000, -0.9848077530122086900, -0.1736481776669268600 ) ) ;
#2818 = DIRECTION ( 'NONE',  ( -0.1710878697460318000, -0.1710878697460327100, 0.9702875252478151400 ) ) ;
#2819 = AXIS2_PLACEMENT_3D ( 'NONE', #2741, #2818, #2817 ) ;
#2820 =( LENGTH_UNIT ( ) NAMED_UNIT ( * ) SI_UNIT ( .MILLI., .METRE. ) );
#2821 = MECHANICAL_DESIGN_GEOMETRIC_PRESENTATION_REPRESENTATION (  '', ( #2823 ), #3497 ) ;
#2822 = PRESENTATION_LAYER_ASSIGNMENT (  '', '', ( #2823 ) ) ;
#2823 = STYLED_ITEM ( 'NONE', ( #2824 ), #4913 ) ;
#2824 = PRESENTATION_STYLE_ASSIGNMENT (( #2825 ) ) ;
#2825 = SURFACE_STYLE_USAGE ( .BOTH. , #2826 ) ;
#2826 = SURFACE_SIDE_STYLE ('',( #2827 ) ) ;
#2827 = SURFACE_STYLE_FILL_AREA ( #2828 ) ;
#2828 = FILL_AREA_STYLE ('',( #2835 ) ) ;
#2829 = COLOUR_RGB ( '',0.09411764705882352800, 0.09411764705882352800, 0.09411764705882352800 ) ;
#2830 = DIRECTION ( 'NONE',  ( 0.0000000000000000000, -0.9848077530122086900, 0.1736481776669268600 ) ) ;
#2831 = DIRECTION ( 'NONE',  ( -0.1710878697460317700, 0.1710878697460330200, 0.9702875252478150300 ) ) ;
#2832 = AXIS2_PLACEMENT_3D ( 'NONE', #2836, #2831, #2830 ) ;
#2833 = CYLINDRICAL_SURFACE ( 'NONE', #2832, 0.08000000000000008500 ) ;
#2834 = FACE_OUTER_BOUND ( 'NONE', #4914, .T. ) ;
#2835 = FILL_AREA_STYLE_COLOUR ( '', #2829 ) ;
#2836 = CARTESIAN_POINT ( 'NONE',  ( 1.732286842018054200, -2.157347875216952800, 1.779011036103093300 ) ) ;
#2837 = UNCERTAINTY_MEASURE_WITH_UNIT (LENGTH_MEASURE( 1.000000000000000100E-005 ), #2840, 'distance_accuracy_value', 'NONE');
#2838 =( NAMED_UNIT ( * ) SI_UNIT ( $, .STERADIAN. ) SOLID_ANGLE_UNIT ( ) );
#2839 =( NAMED_UNIT ( * ) PLANE_ANGLE_UNIT ( ) SI_UNIT ( $, .RADIAN. ) );
#2840 =( LENGTH_UNIT ( ) NAMED_UNIT ( * ) SI_UNIT ( .MILLI., .METRE. ) );
#2841 = MECHANICAL_DESIGN_GEOMETRIC_PRESENTATION_REPRESENTATION (  '', ( #2843 ), #2929 ) ;
#2842 = PRESENTATION_LAYER_ASSIGNMENT (  '', '', ( #2843 ) ) ;
#2843 = STYLED_ITEM ( 'NONE', ( #2844 ), #4882 ) ;
#2844 = PRESENTATION_STYLE_ASSIGNMENT (( #2845 ) ) ;
#2845 = SURFACE_STYLE_USAGE ( .BOTH. , #2846 ) ;
#2846 = SURFACE_SIDE_STYLE ('',( #2847 ) ) ;
#2847 = SURFACE_STYLE_FILL_AREA ( #2848 ) ;
#2848 = FILL_AREA_STYLE ('',( #2849 ) ) ;
#2849 = FILL_AREA_STYLE_COLOUR ( '', #2793 ) ;
#2850 = DIRECTION ( 'NONE',  ( -0.9848077530122072400, 0.0000000000000000000, 0.1736481776669352400 ) ) ;
#2851 = DIRECTION ( 'NONE',  ( -0.1710878697460398200, -0.1710878697460328200, -0.9702875252478137000 ) ) ;
#2852 = AXIS2_PLACEMENT_3D ( 'NONE', #2854, #2851, #2850 ) ;
#2853 = CYLINDRICAL_SURFACE ( 'NONE', #2852, 0.07999999999999997400 ) ;
#2854 = CARTESIAN_POINT ( 'NONE',  ( -1.732286842018048200, -2.157347875216953700, 1.779011036103091100 ) ) ;
#2855 =( GEOMETRIC_REPRESENTATION_CONTEXT ( 3 ) GLOBAL_UNCERTAINTY_ASSIGNED_CONTEXT ( ( #2856 ) ) GLOBAL_UNIT_ASSIGNED_CONTEXT ( ( #2859, #2858, #2857 ) ) REPRESENTATION_CONTEXT ( 'NONE', 'WORKASPACE' ) );
#2856 = UNCERTAINTY_MEASURE_WITH_UNIT (LENGTH_MEASURE( 1.000000000000000100E-005 ), #2859, 'distance_accuracy_value', 'NONE');
#2857 =( NAMED_UNIT ( * ) SI_UNIT ( $, .STERADIAN. ) SOLID_ANGLE_UNIT ( ) );
#2858 =( NAMED_UNIT ( * ) PLANE_ANGLE_UNIT ( ) SI_UNIT ( $, .RADIAN. ) );
#2859 =( LENGTH_UNIT ( ) NAMED_UNIT ( * ) SI_UNIT ( .MILLI., .METRE. ) );
#2860 = MECHANICAL_DESIGN_GEOMETRIC_PRESENTATION_REPRESENTATION (  '', ( #2862 ), #2855 ) ;
#2861 = PRESENTATION_LAYER_ASSIGNMENT (  '', '', ( #2862 ) ) ;
#2862 = STYLED_ITEM ( 'NONE', ( #2863 ), #4890 ) ;
#2863 = PRESENTATION_STYLE_ASSIGNMENT (( #2864 ) ) ;
#2864 = SURFACE_STYLE_USAGE ( .BOTH. , #2865 ) ;
#2865 = SURFACE_SIDE_STYLE ('',( #2866 ) ) ;
#2866 = SURFACE_STYLE_FILL_AREA ( #2867 ) ;
#2867 = FILL_AREA_STYLE ('',( #2874 ) ) ;
#2868 = COLOUR_RGB ( '',0.09411764705882352800, 0.09411764705882352800, 0.09411764705882352800 ) ;
#2869 = DIRECTION ( 'NONE',  ( 0.0000000000000000000, 0.0000000000000000000, -1.000000000000000000 ) ) ;
#2870 = DIRECTION ( 'NONE',  ( 1.000000000000000000, 0.0000000000000000000, 0.0000000000000000000 ) ) ;
#2871 = AXIS2_PLACEMENT_3D ( 'NONE', #2875, #2870, #2869 ) ;
#2872 = CYLINDRICAL_SURFACE ( 'NONE', #2871, 0.08000000000000000200 ) ;
#2873 = FACE_OUTER_BOUND ( 'NONE', #4891, .T. ) ;
#2874 = FILL_AREA_STYLE_COLOUR ( '', #2868 ) ;
#2875 = CARTESIAN_POINT ( 'NONE',  ( -1.818636399372196600, -2.176569462076912500, 0.1800000000000000500 ) ) ;
#2876 =( GEOMETRIC_REPRESENTATION_CONTEXT ( 3 ) GLOBAL_UNCERTAINTY_ASSIGNED_CONTEXT ( ( #2877 ) ) GLOBAL_UNIT_ASSIGNED_CONTEXT ( ( #2880, #2879, #2878 ) ) REPRESENTATION_CONTEXT ( 'NONE', 'WORKASPACE' ) );
#2877 = UNCERTAINTY_MEASURE_WITH_UNIT (LENGTH_MEASURE( 1.000000000000000100E-005 ), #2880, 'distance_accuracy_value', 'NONE');
#2878 =( NAMED_UNIT ( * ) SI_UNIT ( $, .STERADIAN. ) SOLID_ANGLE_UNIT ( ) );
#2879 =( NAMED_UNIT ( * ) PLANE_ANGLE_UNIT ( ) SI_UNIT ( $, .RADIAN. ) );
#2880 =( LENGTH_UNIT ( ) NAMED_UNIT ( * ) SI_UNIT ( .MILLI., .METRE. ) );
#2881 = MECHANICAL_DESIGN_GEOMETRIC_PRESENTATION_REPRESENTATION (  '', ( #2883 ), #2876 ) ;
#2882 = PRESENTATION_LAYER_ASSIGNMENT (  '', '', ( #2883 ) ) ;
#2883 = STYLED_ITEM ( 'NONE', ( #2884 ), #4911 ) ;
#2884 = PRESENTATION_STYLE_ASSIGNMENT (( #2885 ) ) ;
#2885 = SURFACE_STYLE_USAGE ( .BOTH. , #2886 ) ;
#2886 = SURFACE_SIDE_STYLE ('',( #2887 ) ) ;
#2887 = SURFACE_STYLE_FILL_AREA ( #2888 ) ;
#2888 = FILL_AREA_STYLE ('',( #2896 ) ) ;
#2889 = COLOUR_RGB ( '',0.09411764705882352800, 0.09411764705882352800, 0.09411764705882352800 ) ;
#2890 = FACE_OUTER_BOUND ( 'NONE', #4912, .T. ) ;
#2891 = DIRECTION ( 'NONE',  ( -0.9848077530122074700, 0.0000000000000000000, 0.1736481776669339400 ) ) ;
#2892 = DIRECTION ( 'NONE',  ( -0.1710878697460391200, 0.1710878697460315700, -0.9702875252478140300 ) ) ;
#2893 = CARTESIAN_POINT ( 'NONE',  ( 1.751508428878008900, -2.176569462076912000, 0.1800000000000001000 ) ) ;
#2894 = AXIS2_PLACEMENT_3D ( 'NONE', #2893, #2892, #2891 ) ;
#2895 = CIRCLE ( 'NONE', #2894, 0.07999999999999996000 ) ;
#2896 = FILL_AREA_STYLE_COLOUR ( '', #2889 ) ;
#2897 = DIRECTION ( 'NONE',  ( 0.9848077530122074700, 0.0000000000000000000, -0.1736481776669339400 ) ) ;
#2898 = DIRECTION ( 'NONE',  ( 0.1710878697460389800, -0.1710878697460329900, 0.9702875252478138100 ) ) ;
#2899 = AXIS2_PLACEMENT_3D ( 'NONE', #2901, #2898, #2897 ) ;
#2900 = CYLINDRICAL_SURFACE ( 'NONE', #2899, 0.07999999999999996000 ) ;
#2901 = CARTESIAN_POINT ( 'NONE',  ( 1.732286842018049100, -2.157347875216952800, 0.07098896389690795300 ) ) ;
#2902 =( GEOMETRIC_REPRESENTATION_CONTEXT ( 3 ) GLOBAL_UNCERTAINTY_ASSIGNED_CONTEXT ( ( #2759 ) ) GLOBAL_UNIT_ASSIGNED_CONTEXT ( ( #2762, #2761, #2760 ) ) REPRESENTATION_CONTEXT ( 'NONE', 'WORKASPACE' ) );
#2903 =( GEOMETRIC_REPRESENTATION_CONTEXT ( 3 ) GLOBAL_UNCERTAINTY_ASSIGNED_CONTEXT ( ( #2904 ) ) GLOBAL_UNIT_ASSIGNED_CONTEXT ( ( #2907, #2906, #2905 ) ) REPRESENTATION_CONTEXT ( 'NONE', 'WORKASPACE' ) );
#2904 = UNCERTAINTY_MEASURE_WITH_UNIT (LENGTH_MEASURE( 1.000000000000000100E-005 ), #2907, 'distance_accuracy_value', 'NONE');
#2905 =( NAMED_UNIT ( * ) SI_UNIT ( $, .STERADIAN. ) SOLID_ANGLE_UNIT ( ) );
#2906 =( NAMED_UNIT ( * ) PLANE_ANGLE_UNIT ( ) SI_UNIT ( $, .RADIAN. ) );
#2907 =( LENGTH_UNIT ( ) NAMED_UNIT ( * ) SI_UNIT ( .MILLI., .METRE. ) );
#2908 = MECHANICAL_DESIGN_GEOMETRIC_PRESENTATION_REPRESENTATION (  '', ( #2910 ), #2903 ) ;
#2909 = PRESENTATION_LAYER_ASSIGNMENT (  '', '', ( #2910 ) ) ;
#2910 = STYLED_ITEM ( 'NONE', ( #2911 ), #4889 ) ;
#2911 = PRESENTATION_STYLE_ASSIGNMENT (( #2912 ) ) ;
#2912 = SURFACE_STYLE_USAGE ( .BOTH. , #2913 ) ;
#2913 = SURFACE_SIDE_STYLE ('',( #2914 ) ) ;
#2914 = SURFACE_STYLE_FILL_AREA ( #2915 ) ;
#2915 = FILL_AREA_STYLE ('',( #2922 ) ) ;
#2916 = COLOUR_RGB ( '',0.09411764705882352800, 0.09411764705882352800, 0.09411764705882352800 ) ;
#2917 = FACE_OUTER_BOUND ( 'NONE', #4897, .T. ) ;
#2918 = DIRECTION ( 'NONE',  ( -0.9848077530122081300, 0.0000000000000000000, -0.1736481776669299700 ) ) ;
#2919 = DIRECTION ( 'NONE',  ( 0.1710878697460350700, 0.1710878697460330400, -0.9702875252478144800 ) ) ;
#2920 = CARTESIAN_POINT ( 'NONE',  ( -1.751508428878014100, -2.176569462076912500, 0.1800000000000001000 ) ) ;
#2921 = AXIS2_PLACEMENT_3D ( 'NONE', #2920, #2919, #2918 ) ;
#2922 = FILL_AREA_STYLE_COLOUR ( '', #2916 ) ;
#2923 = DIRECTION ( 'NONE',  ( 0.0000000000000000000, 0.9848077530122085800, 0.1736481776669276900 ) ) ;
#2924 = DIRECTION ( 'NONE',  ( 0.1710878697460319300, 0.1710878697460332100, -0.9702875252478150300 ) ) ;
#2925 = AXIS2_PLACEMENT_3D ( 'NONE', #2928, #2924, #2923 ) ;
#2926 = CYLINDRICAL_SURFACE ( 'NONE', #2925, 0.08000000000000009900 ) ;
#2927 = CIRCLE ( 'NONE', #2921, 0.07999999999999990500 ) ;
#2928 = CARTESIAN_POINT ( 'NONE',  ( -1.732286842018054200, -2.157347875216951900, 0.07098896389690621800 ) ) ;
#2929 =( GEOMETRIC_REPRESENTATION_CONTEXT ( 3 ) GLOBAL_UNCERTAINTY_ASSIGNED_CONTEXT ( ( #2837 ) ) GLOBAL_UNIT_ASSIGNED_CONTEXT ( ( #2840, #2839, #2838 ) ) REPRESENTATION_CONTEXT ( 'NONE', 'WORKASPACE' ) );
#2930 = FACE_OUTER_BOUND ( 'NONE', #4876, .T. ) ;
#2931 = FILL_AREA_STYLE_COLOUR ( '', #2932 ) ;
#2932 = COLOUR_RGB ( '',0.09411764705882352800, 0.09411764705882352800, 0.09411764705882352800 ) ;
#2933 =( BOUNDED_CURVE ( )  B_SPLINE_CURVE ( 3, ( #2758, #2757, #2756, #2755 ),
 .UNSPECIFIED., .F., .T. ) 
 B_SPLINE_CURVE_WITH_KNOTS ( ( 4, 4 ),
 ( 0.03015826099295831500, 1.570796326794896800 ),
 .UNSPECIFIED. ) 
 CURVE ( )  GEOMETRIC_REPRESENTATION_ITEM ( )  RATIONAL_B_SPLINE_CURVE ( ( 1.000000000000000000, 0.8117923620232506700, 0.8117923620232506700, 1.000000000000000000 ) ) 
 REPRESENTATION_ITEM ( '' )  );
#2934 = DIRECTION ( 'NONE',  ( 0.9848077530122074700, 0.0000000000000000000, -0.1736481776669334400 ) ) ;
#2935 = DIRECTION ( 'NONE',  ( 0.1710878697460389800, 0.1710878697460326300, 0.9702875252478138100 ) ) ;
#2936 = AXIS2_PLACEMENT_3D ( 'NONE', #2938, #2935, #2934 ) ;
#2937 = CYLINDRICAL_SURFACE ( 'NONE', #2936, 0.08000000000000018200 ) ;
#2938 = CARTESIAN_POINT ( 'NONE',  ( 1.875715031971808100, 2.300776065170707400, 0.8844106500023213300 ) ) ;
#2939 =( GEOMETRIC_REPRESENTATION_CONTEXT ( 3 ) GLOBAL_UNCERTAINTY_ASSIGNED_CONTEXT ( ( #2940 ) ) GLOBAL_UNIT_ASSIGNED_CONTEXT ( ( #2943, #2942, #2941 ) ) REPRESENTATION_CONTEXT ( 'NONE', 'WORKASPACE' ) );
#2940 = UNCERTAINTY_MEASURE_WITH_UNIT (LENGTH_MEASURE( 1.000000000000000100E-005 ), #2943, 'distance_accuracy_value', 'NONE');
#2941 =( NAMED_UNIT ( * ) SI_UNIT ( $, .STERADIAN. ) SOLID_ANGLE_UNIT ( ) );
#2942 =( NAMED_UNIT ( * ) PLANE_ANGLE_UNIT ( ) SI_UNIT ( $, .RADIAN. ) );
#2943 =( LENGTH_UNIT ( ) NAMED_UNIT ( * ) SI_UNIT ( .MILLI., .METRE. ) );
#2944 = MECHANICAL_DESIGN_GEOMETRIC_PRESENTATION_REPRESENTATION (  '', ( #2946 ), #2939 ) ;
#2945 = PRESENTATION_LAYER_ASSIGNMENT (  '', '', ( #2946 ) ) ;
#2946 = STYLED_ITEM ( 'NONE', ( #2947 ), #4868 ) ;
#2947 = PRESENTATION_STYLE_ASSIGNMENT (( #2948 ) ) ;
#2948 = SURFACE_STYLE_USAGE ( .BOTH. , #2949 ) ;
#2949 = SURFACE_SIDE_STYLE ('',( #2950 ) ) ;
#2950 = SURFACE_STYLE_FILL_AREA ( #2951 ) ;
#2951 = FILL_AREA_STYLE ('',( #2952 ) ) ;
#2952 = FILL_AREA_STYLE_COLOUR ( '', #2953 ) ;
#2953 = COLOUR_RGB ( '',0.09411764705882352800, 0.09411764705882352800, 0.09411764705882352800 ) ;
#2954 = FACE_OUTER_BOUND ( 'NONE', #4869, .T. ) ;
#2955 = UNCERTAINTY_MEASURE_WITH_UNIT (LENGTH_MEASURE( 1.000000000000000100E-005 ), #2958, 'distance_accuracy_value', 'NONE');
#2956 =( NAMED_UNIT ( * ) SI_UNIT ( $, .STERADIAN. ) SOLID_ANGLE_UNIT ( ) );
#2957 =( NAMED_UNIT ( * ) PLANE_ANGLE_UNIT ( ) SI_UNIT ( $, .RADIAN. ) );
#2958 =( LENGTH_UNIT ( ) NAMED_UNIT ( * ) SI_UNIT ( .MILLI., .METRE. ) );
#2959 = MECHANICAL_DESIGN_GEOMETRIC_PRESENTATION_REPRESENTATION (  '', ( #2961 ), #82 ) ;
#2960 = PRESENTATION_LAYER_ASSIGNMENT (  '', '', ( #2961 ) ) ;
#2961 = STYLED_ITEM ( 'NONE', ( #2962 ), #3860 ) ;
#2962 = PRESENTATION_STYLE_ASSIGNMENT (( #2963 ) ) ;
#2963 = SURFACE_STYLE_USAGE ( .BOTH. , #2964 ) ;
#2964 = SURFACE_SIDE_STYLE ('',( #2965 ) ) ;
#2965 = SURFACE_STYLE_FILL_AREA ( #2972 ) ;
#2966 = COLOUR_RGB ( '',0.8784313725490196000, 0.8784313725490196000, 0.8784313725490196000 ) ;
#2967 = FACE_OUTER_BOUND ( 'NONE', #3861, .T. ) ;
#2968 = DIRECTION ( 'NONE',  ( -0.06975647374411816900, 0.0000000000000000000, -0.9975640502598247500 ) ) ;
#2969 = DIRECTION ( 'NONE',  ( 0.9975640502598247500, 0.0000000000000000000, -0.06975647374411816900 ) ) ;
#2970 = CARTESIAN_POINT ( 'NONE',  ( 3.005585789528317800, 1.904999999999999600, 0.07988051182470988500 ) ) ;
#2971 = AXIS2_PLACEMENT_3D ( 'NONE', #2970, #2969, #2968 ) ;
#2972 = FILL_AREA_STYLE ('',( #2973 ) ) ;
#2973 = FILL_AREA_STYLE_COLOUR ( '', #2966 ) ;
#2974 = PLANE ( 'NONE',  #2971 ) ;
#2975 =( GEOMETRIC_REPRESENTATION_CONTEXT ( 3 ) GLOBAL_UNCERTAINTY_ASSIGNED_CONTEXT ( ( #2976 ) ) GLOBAL_UNIT_ASSIGNED_CONTEXT ( ( #2979, #2978, #2977 ) ) REPRESENTATION_CONTEXT ( 'NONE', 'WORKASPACE' ) );
#2976 = UNCERTAINTY_MEASURE_WITH_UNIT (LENGTH_MEASURE( 1.000000000000000100E-005 ), #2979, 'distance_accuracy_value', 'NONE');
#2977 =( NAMED_UNIT ( * ) SI_UNIT ( $, .STERADIAN. ) SOLID_ANGLE_UNIT ( ) );
#2978 =( NAMED_UNIT ( * ) PLANE_ANGLE_UNIT ( ) SI_UNIT ( $, .RADIAN. ) );
#2979 =( LENGTH_UNIT ( ) NAMED_UNIT ( * ) SI_UNIT ( .MILLI., .METRE. ) );
#2980 = MECHANICAL_DESIGN_GEOMETRIC_PRESENTATION_REPRESENTATION (  '', ( #2982 ), #2975 ) ;
#2981 = PRESENTATION_LAYER_ASSIGNMENT (  '', '', ( #2982 ) ) ;
#2982 = STYLED_ITEM ( 'NONE', ( #2983 ), #3854 ) ;
#2983 = PRESENTATION_STYLE_ASSIGNMENT (( #2984 ) ) ;
#2984 = SURFACE_STYLE_USAGE ( .BOTH. , #2985 ) ;
#2985 = SURFACE_SIDE_STYLE ('',( #2986 ) ) ;
#2986 = SURFACE_STYLE_FILL_AREA ( #2987 ) ;
#2987 = FILL_AREA_STYLE ('',( #2994 ) ) ;
#2988 = COLOUR_RGB ( '',0.8784313725490196000, 0.8784313725490196000, 0.8784313725490196000 ) ;
#2989 = FACE_OUTER_BOUND ( 'NONE', #3855, .T. ) ;
#2990 = DIRECTION ( 'NONE',  ( -1.000000000000000000, -0.0000000000000000000, -0.0000000000000000000 ) ) ;
#2991 = VECTOR ( 'NONE', #2990, 1000.000000000000000 ) ;
#2992 = CARTESIAN_POINT ( 'NONE',  ( 1.999999999999998700, 2.109999999999999400, 0.8450000000000004200 ) ) ;
#2993 = LINE ( 'NONE', #2992, #2991 ) ;
#2994 = FILL_AREA_STYLE_COLOUR ( '', #2988 ) ;
#2995 = CARTESIAN_POINT ( 'NONE',  ( 2.423295732169007600, 0.8399999999999994100, 0.2008693074408585700 ) ) ;
#2996 = DIRECTION ( 'NONE',  ( 0.9975640502598247500, 0.0000000000000000000, -0.06975647374411819700 ) ) ;
#2997 = VECTOR ( 'NONE', #2996, 1000.000000000000000 ) ;
#2998 = CARTESIAN_POINT ( 'NONE',  ( 2.423295732169007600, 0.8399999999999994100, 0.2008693074408585700 ) ) ;
#2999 = LINE ( 'NONE', #2998, #2997 ) ;
#3000 = DIRECTION ( 'NONE',  ( 0.0000000000000000000, 1.000000000000000000, 0.0000000000000000000 ) ) ;
#3001 = VECTOR ( 'NONE', #3000, 1000.000000000000000 ) ;
#3002 = CARTESIAN_POINT ( 'NONE',  ( 2.200000000000000200, 0.6349999999999999000, 0.2500000000000000000 ) ) ;
#3003 = LINE ( 'NONE', #3002, #3001 ) ;
#3004 = CARTESIAN_POINT ( 'NONE',  ( 2.200000000000000200, 0.4299999999999996000, 0.2500000000000000000 ) ) ;
#3005 = DIRECTION ( 'NONE',  ( 0.0000000000000000000, 0.0000000000000000000, -1.000000000000000000 ) ) ;
#3006 = DIRECTION ( 'NONE',  ( -0.0000000000000000000, -1.000000000000000000, -0.0000000000000000000 ) ) ;
#3007 = CARTESIAN_POINT ( 'NONE',  ( 2.457460150826093600, 0.4299999999999996000, 0.2973500771900227100 ) ) ;
#3008 = AXIS2_PLACEMENT_3D ( 'NONE', #3007, #3006, #3005 ) ;
#3009 = CIRCLE ( 'NONE', #3008, 0.2617780721781255400 ) ;
#3010 = CARTESIAN_POINT ( 'NONE',  ( 2.200000000000000200, 0.8399999999999994100, 0.2500000000000000000 ) ) ;
#3011 = DIRECTION ( 'NONE',  ( 0.0000000000000000000, 0.0000000000000000000, -1.000000000000000000 ) ) ;
#3012 = DIRECTION ( 'NONE',  ( -0.0000000000000000000, -1.000000000000000000, -0.0000000000000000000 ) ) ;
#3013 = CARTESIAN_POINT ( 'NONE',  ( 2.457460150826093600, 0.8399999999999994100, 0.2973500771900227100 ) ) ;
#3014 = AXIS2_PLACEMENT_3D ( 'NONE', #3013, #3012, #3011 ) ;
#3015 = CIRCLE ( 'NONE', #3125, 0.2617780721781255400 ) ;
#3016 = DIRECTION ( 'NONE',  ( 0.0000000000000000000, 0.0000000000000000000, -1.000000000000000000 ) ) ;
#3017 = DIRECTION ( 'NONE',  ( -0.0000000000000000000, -1.000000000000000000, -0.0000000000000000000 ) ) ;
#3018 = AXIS2_PLACEMENT_3D ( 'NONE', #3021, #3017, #3016 ) ;
#3019 = CYLINDRICAL_SURFACE ( 'NONE', #3018, 0.2617780721781255400 ) ;
#3020 = CIRCLE ( 'NONE', #3014, 0.2617780721781255400 ) ;
#3021 = CARTESIAN_POINT ( 'NONE',  ( 2.457460150826093600, 0.6349999999999999000, 0.2973500771900227100 ) ) ;
#3022 =( GEOMETRIC_REPRESENTATION_CONTEXT ( 3 ) GLOBAL_UNCERTAINTY_ASSIGNED_CONTEXT ( ( #3023 ) ) GLOBAL_UNIT_ASSIGNED_CONTEXT ( ( #3026, #3025, #3024 ) ) REPRESENTATION_CONTEXT ( 'NONE', 'WORKASPACE' ) );
#3023 = UNCERTAINTY_MEASURE_WITH_UNIT (LENGTH_MEASURE( 1.000000000000000100E-005 ), #3026, 'distance_accuracy_value', 'NONE');
#3024 =( NAMED_UNIT ( * ) SI_UNIT ( $, .STERADIAN. ) SOLID_ANGLE_UNIT ( ) );
#3025 =( NAMED_UNIT ( * ) PLANE_ANGLE_UNIT ( ) SI_UNIT ( $, .RADIAN. ) );
#3026 =( LENGTH_UNIT ( ) NAMED_UNIT ( * ) SI_UNIT ( .MILLI., .METRE. ) );
#3027 = MECHANICAL_DESIGN_GEOMETRIC_PRESENTATION_REPRESENTATION (  '', ( #3029 ), #3022 ) ;
#3028 = PRESENTATION_LAYER_ASSIGNMENT (  '', '', ( #3029 ) ) ;
#3029 = STYLED_ITEM ( 'NONE', ( #3030 ), #3833 ) ;
#3030 = PRESENTATION_STYLE_ASSIGNMENT (( #3031 ) ) ;
#3031 = SURFACE_STYLE_USAGE ( .BOTH. , #3032 ) ;
#3032 = SURFACE_SIDE_STYLE ('',( #3033 ) ) ;
#3033 = SURFACE_STYLE_FILL_AREA ( #3034 ) ;
#3034 = FILL_AREA_STYLE ('',( #3040 ) ) ;
#3035 = COLOUR_RGB ( '',0.8784313725490196000, 0.8784313725490196000, 0.8784313725490196000 ) ;
#3036 = FACE_OUTER_BOUND ( 'NONE', #3834, .T. ) ;
#3037 = DIRECTION ( 'NONE',  ( 0.9975640502598247500, 0.0000000000000000000, -0.06975647374411819700 ) ) ;
#3038 = VECTOR ( 'NONE', #3037, 1000.000000000000000 ) ;
#3039 = CARTESIAN_POINT ( 'NONE',  ( 2.399999999999999900, 0.8399999999999994100, 0.04195608716610197500 ) ) ;
#3040 = FILL_AREA_STYLE_COLOUR ( '', #3035 ) ;
#3041 = DIRECTION ( 'NONE',  ( 0.0000000000000000000, -0.0000000000000000000, -1.000000000000000000 ) ) ;
#3042 = DIRECTION ( 'NONE',  ( 0.0000000000000000000, -1.000000000000000000, 0.0000000000000000000 ) ) ;
#3043 = CARTESIAN_POINT ( 'NONE',  ( 1.999999999999998700, 0.8399999999999994100, 0.8450000000000004200 ) ) ;
#3044 = AXIS2_PLACEMENT_3D ( 'NONE', #3043, #3042, #3041 ) ;
#3045 = PLANE ( 'NONE',  #3044 ) ;
#3046 = LINE ( 'NONE', #3039, #3038 ) ;
#3047 = FACE_OUTER_BOUND ( 'NONE', #3830, .T. ) ;
#3048 = DIRECTION ( 'NONE',  ( -1.000000000000000000, -0.0000000000000000000, -0.0000000000000000000 ) ) ;
#3049 = VECTOR ( 'NONE', #3048, 1000.000000000000000 ) ;
#3050 = CARTESIAN_POINT ( 'NONE',  ( 1.999999999999998700, 0.4299999999999996000, 0.8450000000000004200 ) ) ;
#3051 = LINE ( 'NONE', #3050, #3049 ) ;
#3052 = DIRECTION ( 'NONE',  ( -1.000000000000000000, -0.0000000000000000000, -0.0000000000000000000 ) ) ;
#3053 = VECTOR ( 'NONE', #3052, 1000.000000000000000 ) ;
#3054 = CARTESIAN_POINT ( 'NONE',  ( 1.999999999999998700, 0.8399999999999994100, 0.8450000000000004200 ) ) ;
#3055 = DIRECTION ( 'NONE',  ( 1.000000000000000000, 0.0000000000000000000, -0.0000000000000000000 ) ) ;
#3056 = DIRECTION ( 'NONE',  ( 0.0000000000000000000, 0.0000000000000000000, 1.000000000000000000 ) ) ;
#3057 = CARTESIAN_POINT ( 'NONE',  ( 1.999999999999998700, 0.4299999999999996000, 0.8450000000000004200 ) ) ;
#3058 = AXIS2_PLACEMENT_3D ( 'NONE', #3057, #3056, #3055 ) ;
#3059 = LINE ( 'NONE', #3054, #3053 ) ;
#3060 = PLANE ( 'NONE',  #3058 ) ;
#3061 =( GEOMETRIC_REPRESENTATION_CONTEXT ( 3 ) GLOBAL_UNCERTAINTY_ASSIGNED_CONTEXT ( ( #3062 ) ) GLOBAL_UNIT_ASSIGNED_CONTEXT ( ( #3065, #3064, #3063 ) ) REPRESENTATION_CONTEXT ( 'NONE', 'WORKASPACE' ) );
#3062 = UNCERTAINTY_MEASURE_WITH_UNIT (LENGTH_MEASURE( 1.000000000000000100E-005 ), #3065, 'distance_accuracy_value', 'NONE');
#3063 =( NAMED_UNIT ( * ) SI_UNIT ( $, .STERADIAN. ) SOLID_ANGLE_UNIT ( ) );
#3064 =( NAMED_UNIT ( * ) PLANE_ANGLE_UNIT ( ) SI_UNIT ( $, .RADIAN. ) );
#3065 =( LENGTH_UNIT ( ) NAMED_UNIT ( * ) SI_UNIT ( .MILLI., .METRE. ) );
#3066 = MECHANICAL_DESIGN_GEOMETRIC_PRESENTATION_REPRESENTATION (  '', ( #3068 ), #3061 ) ;
#3067 = PRESENTATION_LAYER_ASSIGNMENT (  '', '', ( #3068 ) ) ;
#3068 = STYLED_ITEM ( 'NONE', ( #3069 ), #3821 ) ;
#3069 = PRESENTATION_STYLE_ASSIGNMENT (( #3070 ) ) ;
#3070 = SURFACE_STYLE_USAGE ( .BOTH. , #3071 ) ;
#3071 = SURFACE_SIDE_STYLE ('',( #3072 ) ) ;
#3072 = SURFACE_STYLE_FILL_AREA ( #3073 ) ;
#3073 = FILL_AREA_STYLE ('',( #3080 ) ) ;
#3074 = COLOUR_RGB ( '',0.8784313725490196000, 0.8784313725490196000, 0.8784313725490196000 ) ;
#3075 = FACE_OUTER_BOUND ( 'NONE', #3822, .T. ) ;
#3076 = DIRECTION ( 'NONE',  ( 0.0000000000000000000, -1.000000000000000000, -0.0000000000000000000 ) ) ;
#3077 = VECTOR ( 'NONE', #3076, 1000.000000000000000 ) ;
#3078 = CARTESIAN_POINT ( 'NONE',  ( 1.999999999999998200, 0.4299999999999996000, 1.005000000000000600 ) ) ;
#3079 = LINE ( 'NONE', #3078, #3077 ) ;
#3080 = FILL_AREA_STYLE_COLOUR ( '', #3074 ) ;
#3081 = DIRECTION ( 'NONE',  ( 0.0000000000000000000, 0.0000000000000000000, 1.000000000000000000 ) ) ;
#3082 = DIRECTION ( 'NONE',  ( 0.0000000000000000000, 1.000000000000000000, -0.0000000000000000000 ) ) ;
#3083 = AXIS2_PLACEMENT_3D ( 'NONE', #3089, #3082, #3081 ) ;
#3084 = CIRCLE ( 'NONE', #3083, 0.2850348639089859100 ) ;
#3085 = DIRECTION ( 'NONE',  ( 0.1605805316733572300, 0.0000000000000000000, -0.9870227418086686700 ) ) ;
#3086 = DIRECTION ( 'NONE',  ( 0.9870227418086687800, -0.0000000000000000000, 0.1605805316733572600 ) ) ;
#3087 = CARTESIAN_POINT ( 'NONE',  ( 2.115913409923405800, 1.905000000000000000, 0.7668458207347689200 ) ) ;
#3088 = AXIS2_PLACEMENT_3D ( 'NONE', #3087, #3086, #3085 ) ;
#3089 = CARTESIAN_POINT ( 'NONE',  ( 2.000000000000000000, 0.8399999999999994100, 0.7199651360910145300 ) ) ;
#3090 = PLANE ( 'NONE',  #3088 ) ;
#3091 =( GEOMETRIC_REPRESENTATION_CONTEXT ( 3 ) GLOBAL_UNCERTAINTY_ASSIGNED_CONTEXT ( ( #3092 ) ) GLOBAL_UNIT_ASSIGNED_CONTEXT ( ( #3095, #3094, #3093 ) ) REPRESENTATION_CONTEXT ( 'NONE', 'WORKASPACE' ) );
#3092 = UNCERTAINTY_MEASURE_WITH_UNIT (LENGTH_MEASURE( 1.000000000000000100E-005 ), #3095, 'distance_accuracy_value', 'NONE');
#3093 =( NAMED_UNIT ( * ) SI_UNIT ( $, .STERADIAN. ) SOLID_ANGLE_UNIT ( ) );
#3094 =( NAMED_UNIT ( * ) PLANE_ANGLE_UNIT ( ) SI_UNIT ( $, .RADIAN. ) );
#3095 =( LENGTH_UNIT ( ) NAMED_UNIT ( * ) SI_UNIT ( .MILLI., .METRE. ) );
#3096 = MECHANICAL_DESIGN_GEOMETRIC_PRESENTATION_REPRESENTATION (  '', ( #3098 ), #3091 ) ;
#3097 = PRESENTATION_LAYER_ASSIGNMENT (  '', '', ( #3098 ) ) ;
#3098 = STYLED_ITEM ( 'NONE', ( #3099 ), #3809 ) ;
#3099 = PRESENTATION_STYLE_ASSIGNMENT (( #3100 ) ) ;
#3100 = SURFACE_STYLE_USAGE ( .BOTH. , #3101 ) ;
#3101 = SURFACE_SIDE_STYLE ('',( #3102 ) ) ;
#3102 = SURFACE_STYLE_FILL_AREA ( #3103 ) ;
#3103 = FILL_AREA_STYLE ('',( #3105 ) ) ;
#3104 = COLOUR_RGB ( '',0.8784313725490196000, 0.8784313725490196000, 0.8784313725490196000 ) ;
#3105 = FILL_AREA_STYLE_COLOUR ( '', #3104 ) ;
#3106 = FACE_OUTER_BOUND ( 'NONE', #3810, .T. ) ;
#3107 = CARTESIAN_POINT ( 'NONE',  ( -2.423295732169007600, -1.700000000000000200, 0.2008693074408586000 ) ) ;
#3108 = DIRECTION ( 'NONE',  ( -0.9975640502598247500, 0.0000000000000000000, -0.06975647374411818300 ) ) ;
#3109 = VECTOR ( 'NONE', #3108, 1000.000000000000000 ) ;
#3110 = CARTESIAN_POINT ( 'NONE',  ( -2.423295732169007600, -1.700000000000000200, 0.2008693074408586000 ) ) ;
#3111 = DIRECTION ( 'NONE',  ( 0.0000000000000000000, -1.000000000000000000, -0.0000000000000000000 ) ) ;
#3112 = CARTESIAN_POINT ( 'NONE',  ( -2.000000000000000000, -0.8400000000000005200, 0.7199651360910145300 ) ) ;
#3113 = AXIS2_PLACEMENT_3D ( 'NONE', #3112, #3111, #3153 ) ;
#3114 = DIRECTION ( 'NONE',  ( 0.0000000000000000000, 0.0000000000000000000, -1.000000000000000000 ) ) ;
#3115 = DIRECTION ( 'NONE',  ( 0.0000000000000000000, -1.000000000000000000, -0.0000000000000000000 ) ) ;
#3116 = AXIS2_PLACEMENT_3D ( 'NONE', #3154, #3115, #3114 ) ;
#3117 = CYLINDRICAL_SURFACE ( 'NONE', #3116, 0.2850348639089859100 ) ;
#3118 = CIRCLE ( 'NONE', #3113, 0.2850348639089859100 ) ;
#3119 = VECTOR ( 'NONE', #3182, 1000.000000000000000 ) ;
#3120 = CARTESIAN_POINT ( 'NONE',  ( -1.999999999999998700, -0.4300000000000007100, 0.8450000000000004200 ) ) ;
#3121 = LINE ( 'NONE', #3120, #3119 ) ;
#3122 = DIRECTION ( 'NONE',  ( 0.0000000000000000000, 0.0000000000000000000, 1.000000000000000000 ) ) ;
#3123 = DIRECTION ( 'NONE',  ( 0.0000000000000000000, 1.000000000000000000, 0.0000000000000000000 ) ) ;
#3124 = CARTESIAN_POINT ( 'NONE',  ( -2.457460150826093600, -2.110000000000000300, 0.2973500771900227100 ) ) ;
#3125 = AXIS2_PLACEMENT_3D ( 'NONE', #3124, #3123, #3122 ) ;
#3126 = DIRECTION ( 'NONE',  ( 0.9975640502598247500, 0.0000000000000000000, 0.06975647374411818300 ) ) ;
#3127 = DIRECTION ( 'NONE',  ( -0.06975647374411818300, 0.0000000000000000000, 0.9975640502598247500 ) ) ;
#3128 = CARTESIAN_POINT ( 'NONE',  ( -2.423295732169007600, -1.905000000000000000, 0.2008693074408586000 ) ) ;
#3129 = AXIS2_PLACEMENT_3D ( 'NONE', #3128, #3127, #3126 ) ;
#3130 = LINE ( 'NONE', #3110, #3109 ) ;
#3131 = PLANE ( 'NONE',  #3129 ) ;
#3132 =( GEOMETRIC_REPRESENTATION_CONTEXT ( 3 ) GLOBAL_UNCERTAINTY_ASSIGNED_CONTEXT ( ( #3133 ) ) GLOBAL_UNIT_ASSIGNED_CONTEXT ( ( #3136, #3135, #3134 ) ) REPRESENTATION_CONTEXT ( 'NONE', 'WORKASPACE' ) );
#3133 = UNCERTAINTY_MEASURE_WITH_UNIT (LENGTH_MEASURE( 1.000000000000000100E-005 ), #3136, 'distance_accuracy_value', 'NONE');
#3134 =( NAMED_UNIT ( * ) SI_UNIT ( $, .STERADIAN. ) SOLID_ANGLE_UNIT ( ) );
#3135 =( NAMED_UNIT ( * ) PLANE_ANGLE_UNIT ( ) SI_UNIT ( $, .RADIAN. ) );
#3136 =( LENGTH_UNIT ( ) NAMED_UNIT ( * ) SI_UNIT ( .MILLI., .METRE. ) );
#3137 = MECHANICAL_DESIGN_GEOMETRIC_PRESENTATION_REPRESENTATION (  '', ( #3139 ), #3132 ) ;
#3138 = PRESENTATION_LAYER_ASSIGNMENT (  '', '', ( #3139 ) ) ;
#3139 = STYLED_ITEM ( 'NONE', ( #3140 ), #3804 ) ;
#3140 = PRESENTATION_STYLE_ASSIGNMENT (( #3141 ) ) ;
#3141 = SURFACE_STYLE_USAGE ( .BOTH. , #3142 ) ;
#3142 = SURFACE_SIDE_STYLE ('',( #3143 ) ) ;
#3143 = SURFACE_STYLE_FILL_AREA ( #3144 ) ;
#3144 = FILL_AREA_STYLE ('',( #3151 ) ) ;
#3145 = COLOUR_RGB ( '',0.8784313725490196000, 0.8784313725490196000, 0.8784313725490196000 ) ;
#3146 = FACE_OUTER_BOUND ( 'NONE', #3805, .T. ) ;
#3147 = DIRECTION ( 'NONE',  ( -0.0000000000000000000, -1.000000000000000000, -0.0000000000000000000 ) ) ;
#3148 = VECTOR ( 'NONE', #3147, 1000.000000000000000 ) ;
#3149 = CARTESIAN_POINT ( 'NONE',  ( -2.399999999999999900, -1.905000000000000000, 0.04195608716610197500 ) ) ;
#3150 = LINE ( 'NONE', #3149, #3148 ) ;
#3151 = FILL_AREA_STYLE_COLOUR ( '', #3145 ) ;
#3152 = CARTESIAN_POINT ( 'NONE',  ( -1.999999999999998200, -0.8400000000000005200, 1.005000000000000600 ) ) ;
#3153 = DIRECTION ( 'NONE',  ( 0.0000000000000000000, 0.0000000000000000000, -1.000000000000000000 ) ) ;
#3154 = CARTESIAN_POINT ( 'NONE',  ( -2.000000000000000000, -0.6350000000000001200, 0.7199651360910145300 ) ) ;
#3155 =( GEOMETRIC_REPRESENTATION_CONTEXT ( 3 ) GLOBAL_UNCERTAINTY_ASSIGNED_CONTEXT ( ( #3156 ) ) GLOBAL_UNIT_ASSIGNED_CONTEXT ( ( #3159, #3158, #3157 ) ) REPRESENTATION_CONTEXT ( 'NONE', 'WORKASPACE' ) );
#3156 = UNCERTAINTY_MEASURE_WITH_UNIT (LENGTH_MEASURE( 1.000000000000000100E-005 ), #3159, 'distance_accuracy_value', 'NONE');
#3157 =( NAMED_UNIT ( * ) SI_UNIT ( $, .STERADIAN. ) SOLID_ANGLE_UNIT ( ) );
#3158 =( NAMED_UNIT ( * ) PLANE_ANGLE_UNIT ( ) SI_UNIT ( $, .RADIAN. ) );
#3159 =( LENGTH_UNIT ( ) NAMED_UNIT ( * ) SI_UNIT ( .MILLI., .METRE. ) );
#3160 = MECHANICAL_DESIGN_GEOMETRIC_PRESENTATION_REPRESENTATION (  '', ( #3162 ), #3155 ) ;
#3161 = PRESENTATION_LAYER_ASSIGNMENT (  '', '', ( #3162 ) ) ;
#3162 = STYLED_ITEM ( 'NONE', ( #3163 ), #3795 ) ;
#3163 = PRESENTATION_STYLE_ASSIGNMENT (( #3164 ) ) ;
#3164 = SURFACE_STYLE_USAGE ( .BOTH. , #3165 ) ;
#3165 = SURFACE_SIDE_STYLE ('',( #3166 ) ) ;
#3166 = SURFACE_STYLE_FILL_AREA ( #3167 ) ;
#3167 = FILL_AREA_STYLE ('',( #3174 ) ) ;
#3168 = COLOUR_RGB ( '',0.8784313725490196000, 0.8784313725490196000, 0.8784313725490196000 ) ;
#3169 = FACE_OUTER_BOUND ( 'NONE', #3796, .T. ) ;
#3170 = DIRECTION ( 'NONE',  ( 0.0000000000000000000, 0.0000000000000000000, -1.000000000000000000 ) ) ;
#3171 = DIRECTION ( 'NONE',  ( 0.0000000000000000000, -1.000000000000000000, -0.0000000000000000000 ) ) ;
#3172 = AXIS2_PLACEMENT_3D ( 'NONE', #3178, #3171, #3170 ) ;
#3173 = CIRCLE ( 'NONE', #3172, 0.1250348639089858000 ) ;
#3174 = FILL_AREA_STYLE_COLOUR ( '', #3168 ) ;
#3175 = DIRECTION ( 'NONE',  ( 0.0000000000000000000, -0.0000000000000000000, -1.000000000000000000 ) ) ;
#3176 = DIRECTION ( 'NONE',  ( 0.0000000000000000000, -1.000000000000000000, 0.0000000000000000000 ) ) ;
#3177 = AXIS2_PLACEMENT_3D ( 'NONE', #3179, #3176, #3175 ) ;
#3178 = CARTESIAN_POINT ( 'NONE',  ( -2.000000000000000000, -0.8400000000000005200, 0.7199651360910145300 ) ) ;
#3179 = CARTESIAN_POINT ( 'NONE',  ( -1.999999999999998700, -0.8400000000000005200, 0.8450000000000004200 ) ) ;
#3180 = PLANE ( 'NONE',  #3177 ) ;
#3181 = FACE_OUTER_BOUND ( 'NONE', #3793, .T. ) ;
#3182 = DIRECTION ( 'NONE',  ( 1.000000000000000000, -0.0000000000000000000, -0.0000000000000000000 ) ) ;
#3183 = DIRECTION ( 'NONE',  ( -0.0000000000000000000, -1.000000000000000000, -0.0000000000000000000 ) ) ;
#3184 = CARTESIAN_POINT ( 'NONE',  ( 1.950000000000000200, 2.450000000000000200, 0.8449999999999996400 ) ) ;
#3185 = LINE ( 'NONE', #3184, #3187 ) ;
#3186 = CARTESIAN_POINT ( 'NONE',  ( 1.950000000000000200, 1.699999999999999700, 0.8449999999999996400 ) ) ;
#3187 = VECTOR ( 'NONE', #3183, 1000.000000000000000 ) ;
#3188 = CARTESIAN_POINT ( 'NONE',  ( 1.950000000000000000, 2.307933062704717200, 0.9249999999999997100 ) ) ;
#3189 = DIRECTION ( 'NONE',  ( -1.334663381620506100E-015, 0.1736481776669275800, 0.9848077530122086900 ) ) ;
#3190 = VECTOR ( 'NONE', #3189, 999.9999999999998900 ) ;
#3191 =( NAMED_UNIT ( * ) PLANE_ANGLE_UNIT ( ) SI_UNIT ( $, .RADIAN. ) );
#3192 = CARTESIAN_POINT ( 'NONE',  ( -1.217499999999999800, 1.670000000000000400, 1.649999999999999900 ) ) ;
#3193 = PRESENTATION_STYLE_ASSIGNMENT (( #3194 ) ) ;
#3194 = SURFACE_STYLE_USAGE ( .BOTH. , #3195 ) ;
#3195 = SURFACE_SIDE_STYLE ('',( #3196 ) ) ;
#3196 = SURFACE_STYLE_FILL_AREA ( #3197 ) ;
#3197 = FILL_AREA_STYLE ('',( #3239 ) ) ;
#3198 = COLOUR_RGB ( '',0.06274509803921568500, 0.06274509803921568500, 0.06274509803921568500 ) ;
#3199 = FACE_OUTER_BOUND ( 'NONE', #4994, .T. ) ;
#3200 = VECTOR ( 'NONE', #3236, 1000.000000000000000 ) ;
#3201 = UNCERTAINTY_MEASURE_WITH_UNIT (LENGTH_MEASURE( 1.000000000000000100E-005 ), #3253, 'distance_accuracy_value', 'NONE');
#3202 =( NAMED_UNIT ( * ) SI_UNIT ( $, .STERADIAN. ) SOLID_ANGLE_UNIT ( ) );
#3203 =( GEOMETRIC_REPRESENTATION_CONTEXT ( 3 ) GLOBAL_UNCERTAINTY_ASSIGNED_CONTEXT ( ( #3201 ) ) GLOBAL_UNIT_ASSIGNED_CONTEXT ( ( #3253, #3254, #3202 ) ) REPRESENTATION_CONTEXT ( 'NONE', 'WORKASPACE' ) );
#3204 =( LENGTH_UNIT ( ) NAMED_UNIT ( * ) SI_UNIT ( .MILLI., .METRE. ) );
#3205 = MECHANICAL_DESIGN_GEOMETRIC_PRESENTATION_REPRESENTATION (  '', ( #3207 ), #3287 ) ;
#3206 = PRESENTATION_LAYER_ASSIGNMENT (  '', '', ( #3207 ) ) ;
#3207 = STYLED_ITEM ( 'NONE', ( #3193 ), #4993 ) ;
#3208 = CARTESIAN_POINT ( 'NONE',  ( -1.267500000000000100, 1.670000000000000400, 1.700000000000000000 ) ) ;
#3209 = CARTESIAN_POINT ( 'NONE',  ( -0.7324999999999993700, 1.670000000000000400, 1.649999999999999900 ) ) ;
#3210 = CARTESIAN_POINT ( 'NONE',  ( -1.950000000000000000, 2.450000000000000200, 1.005000000000000600 ) ) ;
#3211 = PLANE ( 'NONE',  #3216 ) ;
#3212 = UNCERTAINTY_MEASURE_WITH_UNIT (LENGTH_MEASURE( 1.000000000000000100E-005 ), #3204, 'distance_accuracy_value', 'NONE');
#3213 =( NAMED_UNIT ( * ) SI_UNIT ( $, .STERADIAN. ) SOLID_ANGLE_UNIT ( ) );
#3214 = CARTESIAN_POINT ( 'NONE',  ( 1.950000000000000000, 2.310382571414599800, 0.9388918542133537500 ) ) ;
#3215 = LINE ( 'NONE', #3214, #3190 ) ;
#3216 = AXIS2_PLACEMENT_3D ( 'NONE', #3210, #3219, #3218 ) ;
#3217 = CARTESIAN_POINT ( 'NONE',  ( 1.949999999999998400, 0.8399999999999994100, 1.005000000000000600 ) ) ;
#3218 = DIRECTION ( 'NONE',  ( -1.355252715606880900E-015, 0.0000000000000000000, -1.000000000000000000 ) ) ;
#3219 = DIRECTION ( 'NONE',  ( 1.000000000000000000, 0.0000000000000000000, -1.355252715606880900E-015 ) ) ;
#3220 = CARTESIAN_POINT ( 'NONE',  ( 1.950000000000000000, 2.293826904248039700, 1.004999999999999700 ) ) ;
#3221 = DIRECTION ( 'NONE',  ( -1.334663381620506100E-015, -0.1736481776669273900, 0.9848077530122086900 ) ) ;
#3222 = VECTOR ( 'NONE', #3221, 999.9999999999998900 ) ;
#3223 = CARTESIAN_POINT ( 'NONE',  ( 1.950000000000000000, 2.296276412957922700, 0.9911081457866451900 ) ) ;
#3224 = LINE ( 'NONE', #3223, #3222 ) ;
#3225 = LINE ( 'NONE', #3244, #3243 ) ;
#3226 = FILL_AREA_STYLE_COLOUR ( '', #3240 ) ;
#3227 = DIRECTION ( 'NONE',  ( -0.0000000000000000000, -1.000000000000000000, -0.0000000000000000000 ) ) ;
#3228 = VECTOR ( 'NONE', #3227, 1000.000000000000000 ) ;
#3229 = CARTESIAN_POINT ( 'NONE',  ( 1.950000000000000200, 2.450000000000000200, 0.8449999999999996400 ) ) ;
#3230 = LINE ( 'NONE', #3229, #3228 ) ;
#3231 = DIRECTION ( 'NONE',  ( 2.710505431213759500E-015, -0.0000000000000000000, -1.000000000000000000 ) ) ;
#3232 = CARTESIAN_POINT ( 'NONE',  ( 1.949999999999998800, 1.699999999999999700, 0.8450000000000004200 ) ) ;
#3233 = LINE ( 'NONE', #3232, #3235 ) ;
#3234 = CARTESIAN_POINT ( 'NONE',  ( 1.949999999999998400, 1.699999999999999700, 1.005000000000000600 ) ) ;
#3235 = VECTOR ( 'NONE', #3231, 1000.000000000000000 ) ;
#3236 = DIRECTION ( 'NONE',  ( -0.0000000000000000000, -1.000000000000000000, -0.0000000000000000000 ) ) ;
#3237 = CARTESIAN_POINT ( 'NONE',  ( 1.950000000000000000, 2.450000000000000200, 1.004999999999999700 ) ) ;
#3238 = LINE ( 'NONE', #3237, #3200 ) ;
#3239 = FILL_AREA_STYLE_COLOUR ( '', #3198 ) ;
#3240 = COLOUR_RGB ( '',0.06274509803921568500, 0.06274509803921568500, 0.06274509803921568500 ) ;
#3241 = FACE_OUTER_BOUND ( 'NONE', #4982, .T. ) ;
#3242 = DIRECTION ( 'NONE',  ( -0.0000000000000000000, -1.000000000000000000, -0.0000000000000000000 ) ) ;
#3243 = VECTOR ( 'NONE', #3242, 1000.000000000000000 ) ;
#3244 = CARTESIAN_POINT ( 'NONE',  ( 1.950000000000000000, 2.450000000000000200, 1.004999999999999700 ) ) ;
#3245 = STYLED_ITEM ( 'NONE', ( #3246 ), #4981 ) ;
#3246 = PRESENTATION_STYLE_ASSIGNMENT (( #3247 ) ) ;
#3247 = SURFACE_STYLE_USAGE ( .BOTH. , #3248 ) ;
#3248 = SURFACE_SIDE_STYLE ('',( #3249 ) ) ;
#3249 = SURFACE_STYLE_FILL_AREA ( #3250 ) ;
#3250 = FILL_AREA_STYLE ('',( #3226 ) ) ;
#3251 = MECHANICAL_DESIGN_GEOMETRIC_PRESENTATION_REPRESENTATION (  '', ( #3245 ), #3203 ) ;
#3252 = PRESENTATION_LAYER_ASSIGNMENT (  '', '', ( #3245 ) ) ;
#3253 =( LENGTH_UNIT ( ) NAMED_UNIT ( * ) SI_UNIT ( .MILLI., .METRE. ) );
#3254 =( NAMED_UNIT ( * ) PLANE_ANGLE_UNIT ( ) SI_UNIT ( $, .RADIAN. ) );
#3255 = PRESENTATION_LAYER_ASSIGNMENT (  '', '', ( #3256 ) ) ;
#3256 = STYLED_ITEM ( 'NONE', ( #3257 ), #5007 ) ;
#3257 = PRESENTATION_STYLE_ASSIGNMENT (( #3258 ) ) ;
#3258 = SURFACE_STYLE_USAGE ( .BOTH. , #3259 ) ;
#3259 = SURFACE_SIDE_STYLE ('',( #3301 ) ) ;
#3260 =( LENGTH_UNIT ( ) NAMED_UNIT ( * ) SI_UNIT ( .MILLI., .METRE. ) );
#3261 = MECHANICAL_DESIGN_GEOMETRIC_PRESENTATION_REPRESENTATION (  '', ( #3256 ), #3263 ) ;
#3262 = PLANE ( 'NONE',  #3264 ) ;
#3263 =( GEOMETRIC_REPRESENTATION_CONTEXT ( 3 ) GLOBAL_UNCERTAINTY_ASSIGNED_CONTEXT ( ( #3278 ) ) GLOBAL_UNIT_ASSIGNED_CONTEXT ( ( #3260, #3276, #3277 ) ) REPRESENTATION_CONTEXT ( 'NONE', 'WORKASPACE' ) );
#3264 = AXIS2_PLACEMENT_3D ( 'NONE', #3281, #3280, #3279 ) ;
#3265 = CARTESIAN_POINT ( 'NONE',  ( 1.950000000000000200, 2.293826904248039700, 0.8449999999999996400 ) ) ;
#3266 = CARTESIAN_POINT ( 'NONE',  ( 1.949999999999998400, 2.109999999999999400, 1.005000000000000600 ) ) ;
#3267 = LINE ( 'NONE', #3270, #3269 ) ;
#3268 = DIRECTION ( 'NONE',  ( -0.0000000000000000000, -1.000000000000000000, -0.0000000000000000000 ) ) ;
#3269 = VECTOR ( 'NONE', #3268, 1000.000000000000000 ) ;
#3270 = CARTESIAN_POINT ( 'NONE',  ( 1.950000000000000200, 2.450000000000000200, 0.8449999999999996400 ) ) ;
#3271 = CARTESIAN_POINT ( 'NONE',  ( 1.949999999999998800, 2.109999999999999400, 0.8450000000000004200 ) ) ;
#3272 = LINE ( 'NONE', #3271, #3275 ) ;
#3273 = CARTESIAN_POINT ( 'NONE',  ( 1.949999999999998800, 2.109999999999999400, 0.8450000000000004200 ) ) ;
#3274 = DIRECTION ( 'NONE',  ( -2.710505431213759500E-015, 0.0000000000000000000, 1.000000000000000000 ) ) ;
#3275 = VECTOR ( 'NONE', #3274, 1000.000000000000000 ) ;
#3276 =( NAMED_UNIT ( * ) PLANE_ANGLE_UNIT ( ) SI_UNIT ( $, .RADIAN. ) );
#3277 =( NAMED_UNIT ( * ) SI_UNIT ( $, .STERADIAN. ) SOLID_ANGLE_UNIT ( ) );
#3278 = UNCERTAINTY_MEASURE_WITH_UNIT (LENGTH_MEASURE( 1.000000000000000100E-005 ), #3260, 'distance_accuracy_value', 'NONE');
#3279 = DIRECTION ( 'NONE',  ( -1.355252715606880900E-015, 0.0000000000000000000, 1.000000000000000000 ) ) ;
#3280 = DIRECTION ( 'NONE',  ( -1.000000000000000000, 0.0000000000000000000, -1.355252715606880900E-015 ) ) ;
#3281 = CARTESIAN_POINT ( 'NONE',  ( 1.950000000000000000, 2.450000000000000200, 1.004999999999999700 ) ) ;
#3282 = CARTESIAN_POINT ( 'NONE',  ( 1.818636399372191200, -2.255354082317889500, 0.1661081457866458200 ) ) ;
#3283 = LINE ( 'NONE', #3282, #3285 ) ;
#3284 = DIRECTION ( 'NONE',  ( 1.000000000000000000, -0.0000000000000000000, -0.0000000000000000000 ) ) ;
#3285 = VECTOR ( 'NONE', #3284, 1000.000000000000000 ) ;
#3286 = PLANE ( 'NONE',  #3288 ) ;
#3287 =( GEOMETRIC_REPRESENTATION_CONTEXT ( 3 ) GLOBAL_UNCERTAINTY_ASSIGNED_CONTEXT ( ( #3212 ) ) GLOBAL_UNIT_ASSIGNED_CONTEXT ( ( #3204, #3191, #3213 ) ) REPRESENTATION_CONTEXT ( 'NONE', 'WORKASPACE' ) );
#3288 = AXIS2_PLACEMENT_3D ( 'NONE', #3291, #3290, #3289 ) ;
#3289 = DIRECTION ( 'NONE',  ( -1.355252715606880900E-015, 0.0000000000000000000, 1.000000000000000000 ) ) ;
#3290 = DIRECTION ( 'NONE',  ( -1.000000000000000000, 0.0000000000000000000, -1.355252715606880900E-015 ) ) ;
#3291 = CARTESIAN_POINT ( 'NONE',  ( 1.950000000000000000, 2.450000000000000200, 1.004999999999999700 ) ) ;
#3292 = VECTOR ( 'NONE', #3296, 1000.000000000000000 ) ;
#3293 = CARTESIAN_POINT ( 'NONE',  ( 1.949999999999998800, 0.4299999999999996000, 0.8450000000000004200 ) ) ;
#3294 = LINE ( 'NONE', #3293, #3292 ) ;
#3295 = CARTESIAN_POINT ( 'NONE',  ( 1.949999999999998400, 0.4299999999999996000, 1.005000000000000600 ) ) ;
#3296 = DIRECTION ( 'NONE',  ( 2.710505431213759500E-015, -0.0000000000000000000, -1.000000000000000000 ) ) ;
#3297 = DIRECTION ( 'NONE',  ( -0.0000000000000000000, -1.000000000000000000, -0.0000000000000000000 ) ) ;
#3298 = CARTESIAN_POINT ( 'NONE',  ( 1.950000000000000000, 2.450000000000000200, 1.004999999999999700 ) ) ;
#3299 = LINE ( 'NONE', #3298, #3305 ) ;
#3300 = FILL_AREA_STYLE_COLOUR ( '', #3303 ) ;
#3301 = SURFACE_STYLE_FILL_AREA ( #3302 ) ;
#3302 = FILL_AREA_STYLE ('',( #3300 ) ) ;
#3303 = COLOUR_RGB ( '',0.06274509803921568500, 0.06274509803921568500, 0.06274509803921568500 ) ;
#3304 = FACE_OUTER_BOUND ( 'NONE', #4773, .T. ) ;
#3305 = VECTOR ( 'NONE', #3297, 1000.000000000000000 ) ;
#3306 =( LENGTH_UNIT ( ) NAMED_UNIT ( * ) SI_UNIT ( .MILLI., .METRE. ) );
#3307 =( NAMED_UNIT ( * ) PLANE_ANGLE_UNIT ( ) SI_UNIT ( $, .RADIAN. ) );
#3308 =( NAMED_UNIT ( * ) SI_UNIT ( $, .STERADIAN. ) SOLID_ANGLE_UNIT ( ) );
#3309 = UNCERTAINTY_MEASURE_WITH_UNIT (LENGTH_MEASURE( 1.000000000000000100E-005 ), #3306, 'distance_accuracy_value', 'NONE');
#3310 = CARTESIAN_POINT ( 'NONE',  ( 1.751508428878009200, -2.255354082317889500, 0.1661081457866458200 ) ) ;
#3311 = DIRECTION ( 'NONE',  ( 1.000000000000000000, 0.0000000000000000000, 0.0000000000000000000 ) ) ;
#3312 = CARTESIAN_POINT ( 'NONE',  ( 1.869999999999999900, -2.307933062704716800, 0.9249999999999993800 ) ) ;
#3313 = AXIS2_PLACEMENT_3D ( 'NONE', #3312, #3311, #3316 ) ;
#3314 = CARTESIAN_POINT ( 'NONE',  ( 1.870000000000000100, 2.373845653439876200, 0.8381072388687193000 ) ) ;
#3315 = CARTESIAN_POINT ( 'NONE',  ( 1.751508428878008900, 2.255354082317889900, 0.1661081457866458700 ) ) ;
#3316 = DIRECTION ( 'NONE',  ( 0.0000000000000000000, 0.0000000000000000000, -1.000000000000000000 ) ) ;
#3317 = DIRECTION ( 'NONE',  ( -1.334663381620505900E-015, 0.1736481776669277500, 0.9848077530122085800 ) ) ;
#3318 = CARTESIAN_POINT ( 'NONE',  ( 1.869999999999999900, -2.375061033198899300, 1.004999999999999700 ) ) ;
#3319 = LINE ( 'NONE', #3318, #3386 ) ;
#3320 = MECHANICAL_DESIGN_GEOMETRIC_PRESENTATION_REPRESENTATION (  '', ( #3322 ), #3325 ) ;
#3321 = PRESENTATION_LAYER_ASSIGNMENT (  '', '', ( #3322 ) ) ;
#3322 = STYLED_ITEM ( 'NONE', ( #3323 ), #5013 ) ;
#3323 = PRESENTATION_STYLE_ASSIGNMENT (( #3335 ) ) ;
#3324 = AXIS2_PLACEMENT_3D ( 'NONE', #3328, #3327, #3329 ) ;
#3325 =( GEOMETRIC_REPRESENTATION_CONTEXT ( 3 ) GLOBAL_UNCERTAINTY_ASSIGNED_CONTEXT ( ( #3309 ) ) GLOBAL_UNIT_ASSIGNED_CONTEXT ( ( #3306, #3307, #3308 ) ) REPRESENTATION_CONTEXT ( 'NONE', 'WORKASPACE' ) );
#3326 = CYLINDRICAL_SURFACE ( 'NONE', #3324, 0.07999999999999998800 ) ;
#3327 = DIRECTION ( 'NONE',  ( -1.000000000000000000, -2.871865743529612100E-017, 1.628715997966262600E-016 ) ) ;
#3328 = CARTESIAN_POINT ( 'NONE',  ( -1.818636399372196300, -2.307933062704716800, 0.9250000000000000400 ) ) ;
#3329 = DIRECTION ( 'NONE',  ( 0.0000000000000000000, 0.0000000000000000000, 1.000000000000000000 ) ) ;
#3330 = DIRECTION ( 'NONE',  ( 0.0000000000000000000, 0.0000000000000000000, 1.000000000000000000 ) ) ;
#3331 = DIRECTION ( 'NONE',  ( -1.000000000000000000, -0.0000000000000000000, 0.0000000000000000000 ) ) ;
#3332 = CARTESIAN_POINT ( 'NONE',  ( -1.870000000000000100, -2.307933062704716800, 0.9250000000000000400 ) ) ;
#3333 = AXIS2_PLACEMENT_3D ( 'NONE', #3332, #3331, #3330 ) ;
#3334 = CIRCLE ( 'NONE', #3333, 0.07999999999999998800 ) ;
#3335 = SURFACE_STYLE_USAGE ( .BOTH. , #3336 ) ;
#3336 = SURFACE_SIDE_STYLE ('',( #3337 ) ) ;
#3337 = SURFACE_STYLE_FILL_AREA ( #3338 ) ;
#3338 = FILL_AREA_STYLE ('',( #3395 ) ) ;
#3339 = COLOUR_RGB ( '',0.09411764705882352800, 0.09411764705882352800, 0.09411764705882352800 ) ;
#3340 = FACE_OUTER_BOUND ( 'NONE', #5014, .T. ) ;
#3341 = DIRECTION ( 'NONE',  ( 0.1710878697460389800, -0.1710878697460329900, 0.9702875252478137000 ) ) ;
#3342 = PRESENTATION_LAYER_ASSIGNMENT (  '', '', ( #3343 ) ) ;
#3343 = STYLED_ITEM ( 'NONE', ( #3344 ), #5043 ) ;
#3344 = PRESENTATION_STYLE_ASSIGNMENT (( #3345 ) ) ;
#3345 = SURFACE_STYLE_USAGE ( .BOTH. , #3346 ) ;
#3346 = SURFACE_SIDE_STYLE ('',( #3347 ) ) ;
#3347 = SURFACE_STYLE_FILL_AREA ( #3348 ) ;
#3348 = FILL_AREA_STYLE ('',( #3376 ) ) ;
#3349 = COLOUR_RGB ( '',0.06274509803921568500, 0.06274509803921568500, 0.06274509803921568500 ) ;
#3350 = FACE_OUTER_BOUND ( 'NONE', #5044, .T. ) ;
#3351 = DIRECTION ( 'NONE',  ( -0.1710878697460319600, 0.1710878697460328800, 0.9702875252478150300 ) ) ;
#3352 = VECTOR ( 'NONE', #3351, 1000.000000000000000 ) ;
#3353 = CARTESIAN_POINT ( 'NONE',  ( -1.873521489040116800, 2.377367142479993100, 0.8580785956399168400 ) ) ;
#3354 = LINE ( 'NONE', #3353, #3352 ) ;
#3355 =( NAMED_UNIT ( * ) PLANE_ANGLE_UNIT ( ) SI_UNIT ( $, .RADIAN. ) );
#3356 =( LENGTH_UNIT ( ) NAMED_UNIT ( * ) SI_UNIT ( .MILLI., .METRE. ) );
#3357 = MECHANICAL_DESIGN_GEOMETRIC_PRESENTATION_REPRESENTATION (  '', ( #3343 ), #3383 ) ;
#3358 = UNCERTAINTY_MEASURE_WITH_UNIT (LENGTH_MEASURE( 1.000000000000000100E-005 ), #3356, 'distance_accuracy_value', 'NONE');
#3359 =( NAMED_UNIT ( * ) SI_UNIT ( $, .STERADIAN. ) SOLID_ANGLE_UNIT ( ) );
#3360 = CARTESIAN_POINT ( 'NONE',  ( -1.476621932148018700, -2.255354082317889500, 1.683891854213354700 ) ) ;
#3361 = DIRECTION ( 'NONE',  ( -1.000000000000000000, -3.577176578322415400E-033, 3.257431995932526300E-016 ) ) ;
#3362 = VECTOR ( 'NONE', #3361, 1000.000000000000000 ) ;
#3363 = CARTESIAN_POINT ( 'NONE',  ( -1.509759017137866100, -2.255354082317889500, 1.683891854213354700 ) ) ;
#3364 = VECTOR ( 'NONE', #3375, 1000.000000000000200 ) ;
#3365 = CARTESIAN_POINT ( 'NONE',  ( -1.873521489040116800, -2.377367142479992700, 0.9919214043600835800 ) ) ;
#3366 = LINE ( 'NONE', #3365, #3364 ) ;
#3367 = CARTESIAN_POINT ( 'NONE',  ( -1.810354481705643600, -2.314200135145521900, 1.350159304655730100 ) ) ;
#3368 = DIRECTION ( 'NONE',  ( -0.7016738431598639200, -0.1237240302064817900, -0.7016738431598631400 ) ) ;
#3369 = VECTOR ( 'NONE', #3368, 1000.000000000000000 ) ;
#3370 = CARTESIAN_POINT ( 'NONE',  ( -1.834376796833229600, -2.318435917441596900, 1.326136989528144300 ) ) ;
#3371 = DIRECTION ( 'NONE',  ( -0.1710878697460389800, -0.1710878697460326300, -0.9702875252478137000 ) ) ;
#3372 = VECTOR ( 'NONE', #3371, 1000.000000000000200 ) ;
#3373 = CARTESIAN_POINT ( 'NONE',  ( 1.742157888412307900, 2.246003541852188900, 0.1130785956399168600 ) ) ;
#3374 = LINE ( 'NONE', #3373, #3372 ) ;
#3375 = DIRECTION ( 'NONE',  ( -0.1710878697460398200, -0.1710878697460328200, -0.9702875252478135900 ) ) ;
#3376 = FILL_AREA_STYLE_COLOUR ( '', #3349 ) ;
#3377 = CARTESIAN_POINT ( 'NONE',  ( -1.751508428878014100, 2.255354082317889900, 0.1661081457866458700 ) ) ;
#3378 = DIRECTION ( 'NONE',  ( -1.000000000000000000, -0.0000000000000000000, 0.0000000000000000000 ) ) ;
#3379 = VECTOR ( 'NONE', #3378, 1000.000000000000000 ) ;
#3380 = CARTESIAN_POINT ( 'NONE',  ( -1.818636399372196600, 2.255354082317889900, 0.1661081457866458700 ) ) ;
#3381 = LINE ( 'NONE', #3380, #3379 ) ;
#3382 = CIRCLE ( 'NONE', #3313, 0.07999999999999998800 ) ;
#3383 =( GEOMETRIC_REPRESENTATION_CONTEXT ( 3 ) GLOBAL_UNCERTAINTY_ASSIGNED_CONTEXT ( ( #3358 ) ) GLOBAL_UNIT_ASSIGNED_CONTEXT ( ( #3356, #3355, #3359 ) ) REPRESENTATION_CONTEXT ( 'NONE', 'WORKASPACE' ) );
#3384 = LINE ( 'NONE', #3370, #3369 ) ;
#3385 = LINE ( 'NONE', #3389, #3388 ) ;
#3386 = VECTOR ( 'NONE', #3317, 1000.000000000000000 ) ;
#3387 = DIRECTION ( 'NONE',  ( -0.1710878697460317700, 0.1710878697460330700, 0.9702875252478150300 ) ) ;
#3388 = VECTOR ( 'NONE', #3387, 1000.000000000000100 ) ;
#3389 = CARTESIAN_POINT ( 'NONE',  ( 1.742157888412313200, -2.246003541852188400, 1.736921404360083100 ) ) ;
#3390 = LINE ( 'NONE', #3363, #3362 ) ;
#3391 = CARTESIAN_POINT ( 'NONE',  ( 1.751508428878014100, -2.255354082317889500, 1.683891854213353600 ) ) ;
#3392 = VECTOR ( 'NONE', #3341, 1000.000000000000100 ) ;
#3393 = CARTESIAN_POINT ( 'NONE',  ( 1.873521489040117100, -2.377367142479992700, 0.8580785956399164000 ) ) ;
#3394 = LINE ( 'NONE', #3393, #3392 ) ;
#3395 = FILL_AREA_STYLE_COLOUR ( '', #3339 ) ;
#3396 = DIRECTION ( 'NONE',  ( 0.1710878697460319300, 0.1710878697460332100, -0.9702875252478149200 ) ) ;
#3397 = VECTOR ( 'NONE', #3396, 1000.000000000000200 ) ;
#3398 = CARTESIAN_POINT ( 'NONE',  ( -1.742157888412313200, -2.246003541852188400, 0.1130785956399161700 ) ) ;
#3399 = MECHANICAL_DESIGN_GEOMETRIC_PRESENTATION_REPRESENTATION (  '', ( #3401 ), #3443 ) ;
#3400 = PRESENTATION_LAYER_ASSIGNMENT (  '', '', ( #3401 ) ) ;
#3401 = STYLED_ITEM ( 'NONE', ( #3402 ), #4958 ) ;
#3402 = PRESENTATION_STYLE_ASSIGNMENT (( #3403 ) ) ;
#3403 = SURFACE_STYLE_USAGE ( .BOTH. , #3404 ) ;
#3404 = SURFACE_SIDE_STYLE ('',( #3405 ) ) ;
#3405 = SURFACE_STYLE_FILL_AREA ( #3406 ) ;
#3406 = FILL_AREA_STYLE ('',( #3413 ) ) ;
#3407 = COLOUR_RGB ( '',0.09411764705882352800, 0.09411764705882352800, 0.09411764705882352800 ) ;
#3408 = FACE_OUTER_BOUND ( 'NONE', #4959, .T. ) ;
#3409 = DIRECTION ( 'NONE',  ( -2.710505431213754000E-015, 1.000000000000000000, 0.0000000000000000000 ) ) ;
#3410 = DIRECTION ( 'NONE',  ( 1.000000000000000000, 2.752319346515294800E-015, -0.0000000000000000000 ) ) ;
#3411 = CARTESIAN_POINT ( 'NONE',  ( 1.751508428878013800, -2.176569462076912500, 1.669999999999999500 ) ) ;
#3412 = AXIS2_PLACEMENT_3D ( 'NONE', #3411, #3410, #3409 ) ;
#3413 = FILL_AREA_STYLE_COLOUR ( '', #3407 ) ;
#3414 = DIRECTION ( 'NONE',  ( 0.0000000000000000000, 0.0000000000000000000, 1.000000000000000000 ) ) ;
#3415 = DIRECTION ( 'NONE',  ( -1.000000000000000000, 0.0000000000000000000, 3.257431995932526300E-016 ) ) ;
#3416 = AXIS2_PLACEMENT_3D ( 'NONE', #3419, #3415, #3414 ) ;
#3417 = CYLINDRICAL_SURFACE ( 'NONE', #3416, 0.07999999999999998800 ) ;
#3418 = CIRCLE ( 'NONE', #3412, 0.08000000000000021000 ) ;
#3419 = CARTESIAN_POINT ( 'NONE',  ( 1.818636399372196600, -2.176569462076912500, 1.669999999999999500 ) ) ;
#3420 =( GEOMETRIC_REPRESENTATION_CONTEXT ( 3 ) GLOBAL_UNCERTAINTY_ASSIGNED_CONTEXT ( ( #3421 ) ) GLOBAL_UNIT_ASSIGNED_CONTEXT ( ( #3445, #3444, #3422 ) ) REPRESENTATION_CONTEXT ( 'NONE', 'WORKASPACE' ) );
#3421 = UNCERTAINTY_MEASURE_WITH_UNIT (LENGTH_MEASURE( 1.000000000000000100E-005 ), #3445, 'distance_accuracy_value', 'NONE');
#3422 =( NAMED_UNIT ( * ) SI_UNIT ( $, .STERADIAN. ) SOLID_ANGLE_UNIT ( ) );
#3423 = CARTESIAN_POINT ( 'NONE',  ( 1.869999999999999900, -2.389167191655576300, 0.9249999999999969400 ) ) ;
#3424 = CARTESIAN_POINT ( 'NONE',  ( 1.870000000000000100, -2.373845653439875700, 0.8381072388687175200 ) ) ;
#3425 = VECTOR ( 'NONE', #3467, 1000.000000000000000 ) ;
#3426 = UNCERTAINTY_MEASURE_WITH_UNIT (LENGTH_MEASURE( 1.000000000000000100E-005 ), #3429, 'distance_accuracy_value', 'NONE');
#3427 =( NAMED_UNIT ( * ) SI_UNIT ( $, .STERADIAN. ) SOLID_ANGLE_UNIT ( ) );
#3428 =( NAMED_UNIT ( * ) PLANE_ANGLE_UNIT ( ) SI_UNIT ( $, .RADIAN. ) );
#3429 =( LENGTH_UNIT ( ) NAMED_UNIT ( * ) SI_UNIT ( .MILLI., .METRE. ) );
#3430 = CARTESIAN_POINT ( 'NONE',  ( -0.9749999999999996400, 1.670000000000000400, 1.649999999999999900 ) ) ;
#3431 = AXIS2_PLACEMENT_3D ( 'NONE', #3430, #3532, #3531 ) ;
#3432 = CIRCLE ( 'NONE', #3431, 0.2425000000000003000 ) ;
#3433 = DIRECTION ( 'NONE',  ( 0.0000000000000000000, 5.421010862427523000E-015, 1.000000000000000000 ) ) ;
#3434 = DIRECTION ( 'NONE',  ( -5.421010862427537200E-015, 1.000000000000000000, -5.421010862427537200E-015 ) ) ;
#3435 = CARTESIAN_POINT ( 'NONE',  ( -1.476621932148018100, 2.176569462076912500, 1.670000000000000600 ) ) ;
#3436 = AXIS2_PLACEMENT_3D ( 'NONE', #3435, #3434, #3433 ) ;
#3437 = DIRECTION ( 'NONE',  ( 0.0000000000000000000, 0.0000000000000000000, -1.000000000000000000 ) ) ;
#3438 = DIRECTION ( 'NONE',  ( 0.0000000000000000000, -1.000000000000000000, 0.0000000000000000000 ) ) ;
#3439 = AXIS2_PLACEMENT_3D ( 'NONE', #3442, #3438, #3437 ) ;
#3440 = CYLINDRICAL_SURFACE ( 'NONE', #3439, 0.07999999999999998800 ) ;
#3441 = CIRCLE ( 'NONE', #3436, 0.07999999999999998800 ) ;
#3442 = CARTESIAN_POINT ( 'NONE',  ( -1.476621932148018100, 2.450000000000000200, 1.670000000000000400 ) ) ;
#3443 =( GEOMETRIC_REPRESENTATION_CONTEXT ( 3 ) GLOBAL_UNCERTAINTY_ASSIGNED_CONTEXT ( ( #3426 ) ) GLOBAL_UNIT_ASSIGNED_CONTEXT ( ( #3429, #3428, #3427 ) ) REPRESENTATION_CONTEXT ( 'NONE', 'WORKASPACE' ) );
#3444 =( NAMED_UNIT ( * ) PLANE_ANGLE_UNIT ( ) SI_UNIT ( $, .RADIAN. ) );
#3445 =( LENGTH_UNIT ( ) NAMED_UNIT ( * ) SI_UNIT ( .MILLI., .METRE. ) );
#3446 = MECHANICAL_DESIGN_GEOMETRIC_PRESENTATION_REPRESENTATION (  '', ( #3448 ), #3420 ) ;
#3447 = PRESENTATION_LAYER_ASSIGNMENT (  '', '', ( #3448 ) ) ;
#3448 = STYLED_ITEM ( 'NONE', ( #3449 ), #4951 ) ;
#3449 = PRESENTATION_STYLE_ASSIGNMENT (( #3450 ) ) ;
#3450 = SURFACE_STYLE_USAGE ( .BOTH. , #3451 ) ;
#3451 = SURFACE_SIDE_STYLE ('',( #3456 ) ) ;
#3452 = DIRECTION ( 'NONE',  ( 0.7071067811865448000, 0.0000000000000000000, -0.7071067811865501300 ) ) ;
#3453 = DIRECTION ( 'NONE',  ( -0.7016738431598668100, 0.1237240302064806600, -0.7016738431598605900 ) ) ;
#3454 = AXIS2_PLACEMENT_3D ( 'NONE', #3480, #3453, #3452 ) ;
#3455 = CIRCLE ( 'NONE', #3454, 0.08000000000000011300 ) ;
#3456 = SURFACE_STYLE_FILL_AREA ( #3457 ) ;
#3457 = FILL_AREA_STYLE ('',( #3458 ) ) ;
#3458 = FILL_AREA_STYLE_COLOUR ( '', #3459 ) ;
#3459 = COLOUR_RGB ( '',0.09411764705882352800, 0.09411764705882352800, 0.09411764705882352800 ) ;
#3460 = DIRECTION ( 'NONE',  ( 0.9848077530122081300, 0.0000000000000000000, 0.1736481776669299700 ) ) ;
#3461 = DIRECTION ( 'NONE',  ( -0.1710878697460352400, 0.1710878697460321000, 0.9702875252478147000 ) ) ;
#3462 = CARTESIAN_POINT ( 'NONE',  ( 1.751508428878014100, -2.176569462076912500, 1.669999999999999500 ) ) ;
#3463 = AXIS2_PLACEMENT_3D ( 'NONE', #3462, #3461, #3460 ) ;
#3464 = CIRCLE ( 'NONE', #3463, 0.07999999999999990500 ) ;
#3465 = FACE_OUTER_BOUND ( 'NONE', #4952, .T. ) ;
#3466 = LINE ( 'NONE', #3423, #3425 ) ;
#3467 = DIRECTION ( 'NONE',  ( -1.334663381620506300E-015, -0.1736481776669279200, 0.9848077530122085800 ) ) ;
#3468 = CARTESIAN_POINT ( 'NONE',  ( 1.869999999999999900, -2.386717682945693300, 0.9111081457866451200 ) ) ;
#3469 = DIRECTION ( 'NONE',  ( -1.000000000000000000, -2.871865743529612100E-017, 1.628715997966262400E-016 ) ) ;
#3470 = VECTOR ( 'NONE', #3469, 1000.000000000000000 ) ;
#3471 = CARTESIAN_POINT ( 'NONE',  ( -1.818636399372196300, -2.386717682945693300, 0.9111081457866457800 ) ) ;
#3472 = LINE ( 'NONE', #3471, #3470 ) ;
#3473 = LINE ( 'NONE', #3477, #3476 ) ;
#3474 = CARTESIAN_POINT ( 'NONE',  ( -1.870000000000000100, -2.386717682945693300, 0.9111081457866457800 ) ) ;
#3475 = DIRECTION ( 'NONE',  ( -1.334663381620506300E-015, 0.1736481776669279200, -0.9848077530122085800 ) ) ;
#3476 = VECTOR ( 'NONE', #3475, 1000.000000000000000 ) ;
#3477 = CARTESIAN_POINT ( 'NONE',  ( -1.870000000000000100, -2.375061033198899700, 0.8450000000000004200 ) ) ;
#3478 = LINE ( 'NONE', #3398, #3397 ) ;
#3479 = CARTESIAN_POINT ( 'NONE',  ( -1.870000000000000100, -2.373845653439876200, 0.8381072388687198500 ) ) ;
#3480 = CARTESIAN_POINT ( 'NONE',  ( -1.476621932148018300, 2.176569462076912900, 1.670000000000000400 ) ) ;
#3481 = CARTESIAN_POINT ( 'NONE',  ( -1.751508428878014100, -2.255354082317889500, 0.1661081457866458400 ) ) ;
#3482 = DIRECTION ( 'NONE',  ( 0.0000000000000000000, 1.000000000000000000, 0.0000000000000000000 ) ) ;
#3483 = AXIS2_PLACEMENT_3D ( 'NONE', #3491, #3482, #3567 ) ;
#3484 = CARTESIAN_POINT ( 'NONE',  ( -1.948584093393584300, -2.341295056169459900, 1.013030005395241000 ) ) ;
#3485 = CARTESIAN_POINT ( 'NONE',  ( -1.949963621929097900, -2.296240034887021300, 1.005206310292139400 ) ) ;
#3486 = FILL_AREA_STYLE_COLOUR ( '', #3554 ) ;
#3487 =( BOUNDED_CURVE ( )  B_SPLINE_CURVE ( 3, ( #3485, #3484, #3524, #3523 ),
 .UNSPECIFIED., .F., .T. ) 
 B_SPLINE_CURVE_WITH_KNOTS ( ( 4, 4 ),
 ( 0.03015826099296494200, 1.570796326794896600 ),
 .UNSPECIFIED. ) 
 CURVE ( )  GEOMETRIC_REPRESENTATION_ITEM ( )  RATIONAL_B_SPLINE_CURVE ( ( 1.000000000000000000, 0.8117923620232521100, 0.8117923620232521100, 1.000000000000000000 ) ) 
 REPRESENTATION_ITEM ( '' )  );
#3488 = CARTESIAN_POINT ( 'NONE',  ( 1.751508428878013800, -2.176569462076912500, 1.669999999999999700 ) ) ;
#3489 = AXIS2_PLACEMENT_3D ( 'NONE', #3488, #3501, #3500 ) ;
#3490 = FACE_OUTER_BOUND ( 'NONE', #4920, .T. ) ;
#3491 = CARTESIAN_POINT ( 'NONE',  ( 1.751508428878013800, -2.176569462076912500, 1.669999999999999500 ) ) ;
#3492 = SURFACE_STYLE_USAGE ( .BOTH. , #3493 ) ;
#3493 = SURFACE_SIDE_STYLE ('',( #3494 ) ) ;
#3494 = SURFACE_STYLE_FILL_AREA ( #3495 ) ;
#3495 = FILL_AREA_STYLE ('',( #3499 ) ) ;
#3496 = COLOUR_RGB ( '',0.09411764705882352800, 0.09411764705882352800, 0.09411764705882352800 ) ;
#3497 =( GEOMETRIC_REPRESENTATION_CONTEXT ( 3 ) GLOBAL_UNCERTAINTY_ASSIGNED_CONTEXT ( ( #3560 ) ) GLOBAL_UNIT_ASSIGNED_CONTEXT ( ( #2820, #2692, #3511 ) ) REPRESENTATION_CONTEXT ( 'NONE', 'WORKASPACE' ) );
#3498 = UNCERTAINTY_MEASURE_WITH_UNIT (LENGTH_MEASURE( 1.000000000000000100E-005 ), #3517, 'distance_accuracy_value', 'NONE');
#3499 = FILL_AREA_STYLE_COLOUR ( '', #3496 ) ;
#3500 = DIRECTION ( 'NONE',  ( 0.0000000000000000000, 0.0000000000000000000, -1.000000000000000000 ) ) ;
#3501 = DIRECTION ( 'NONE',  ( -0.0000000000000000000, 1.000000000000000000, -0.0000000000000000000 ) ) ;
#3502 = DIRECTION ( 'NONE',  ( -1.334663381620506100E-015, 0.1736481776669279200, -0.9848077530122085800 ) ) ;
#3503 = AXIS2_PLACEMENT_3D ( 'NONE', #3507, #3502, #3548 ) ;
#3504 = CYLINDRICAL_SURFACE ( 'NONE', #3503, 0.08000000000000009900 ) ;
#3505 = FACE_OUTER_BOUND ( 'NONE', #4930, .T. ) ;
#3506 = FILL_AREA_STYLE_COLOUR ( '', #3547 ) ;
#3507 = CARTESIAN_POINT ( 'NONE',  ( -1.870000000000001000, -2.178144631693848400, 0.1889332308113451400 ) ) ;
#3508 =( GEOMETRIC_REPRESENTATION_CONTEXT ( 3 ) GLOBAL_UNCERTAINTY_ASSIGNED_CONTEXT ( ( #3509 ) ) GLOBAL_UNIT_ASSIGNED_CONTEXT ( ( #3563, #3562, #3510 ) ) REPRESENTATION_CONTEXT ( 'NONE', 'WORKASPACE' ) );
#3509 = UNCERTAINTY_MEASURE_WITH_UNIT (LENGTH_MEASURE( 1.000000000000000100E-005 ), #3563, 'distance_accuracy_value', 'NONE');
#3510 =( NAMED_UNIT ( * ) SI_UNIT ( $, .STERADIAN. ) SOLID_ANGLE_UNIT ( ) );
#3511 =( NAMED_UNIT ( * ) SI_UNIT ( $, .STERADIAN. ) SOLID_ANGLE_UNIT ( ) );
#3512 = AXIS2_PLACEMENT_3D ( 'NONE', #3558, #3557, #3556 ) ;
#3513 = CIRCLE ( 'NONE', #3512, 0.08000000000000021000 ) ;
#3514 = DIRECTION ( 'NONE',  ( 1.000000000000000000, 0.0000000000000000000, 0.0000000000000000000 ) ) ;
#3515 = DIRECTION ( 'NONE',  ( 0.0000000000000000000, 1.000000000000000000, 0.0000000000000000000 ) ) ;
#3516 = CARTESIAN_POINT ( 'NONE',  ( -1.476621932148018300, 2.176569462076912900, 1.670000000000000400 ) ) ;
#3517 =( LENGTH_UNIT ( ) NAMED_UNIT ( * ) SI_UNIT ( .MILLI., .METRE. ) );
#3518 = PRESENTATION_STYLE_ASSIGNMENT (( #3519 ) ) ;
#3519 = SURFACE_STYLE_USAGE ( .BOTH. , #3520 ) ;
#3520 = SURFACE_SIDE_STYLE ('',( #3521 ) ) ;
#3521 = SURFACE_STYLE_FILL_AREA ( #3522 ) ;
#3522 = FILL_AREA_STYLE ('',( #3486 ) ) ;
#3523 = CARTESIAN_POINT ( 'NONE',  ( -1.869999999999999900, -2.373845653439876200, 1.011892761131280000 ) ) ;
#3524 = CARTESIAN_POINT ( 'NONE',  ( -1.915749908335965700, -2.373161011957889900, 1.015775555921024600 ) ) ;
#3525 =( NAMED_UNIT ( * ) SI_UNIT ( $, .STERADIAN. ) SOLID_ANGLE_UNIT ( ) );
#3526 =( NAMED_UNIT ( * ) PLANE_ANGLE_UNIT ( ) SI_UNIT ( $, .RADIAN. ) );
#3527 = DIRECTION ( 'NONE',  ( 0.0000000000000000000, 0.1736481776669279200, -0.9848077530122085800 ) ) ;
#3528 = DIRECTION ( 'NONE',  ( 0.0000000000000000000, -0.9848077530122085800, -0.1736481776669279200 ) ) ;
#3529 = CARTESIAN_POINT ( 'NONE',  ( -1.818636399372196600, -2.243697432571095000, 0.1000000000000000200 ) ) ;
#3530 = AXIS2_PLACEMENT_3D ( 'NONE', #3529, #3528, #3527 ) ;
#3531 = DIRECTION ( 'NONE',  ( 1.000000000000000000, 0.0000000000000000000, 0.0000000000000000000 ) ) ;
#3532 = DIRECTION ( 'NONE',  ( 0.0000000000000000000, 0.0000000000000000000, 1.000000000000000000 ) ) ;
#3533 = PLANE ( 'NONE',  #3530 ) ;
#3534 =( GEOMETRIC_REPRESENTATION_CONTEXT ( 3 ) GLOBAL_UNCERTAINTY_ASSIGNED_CONTEXT ( ( #3535 ) ) GLOBAL_UNIT_ASSIGNED_CONTEXT ( ( #3538, #3537, #3536 ) ) REPRESENTATION_CONTEXT ( 'NONE', 'WORKASPACE' ) );
#3535 = UNCERTAINTY_MEASURE_WITH_UNIT (LENGTH_MEASURE( 1.000000000000000100E-005 ), #3538, 'distance_accuracy_value', 'NONE');
#3536 =( NAMED_UNIT ( * ) SI_UNIT ( $, .STERADIAN. ) SOLID_ANGLE_UNIT ( ) );
#3537 =( NAMED_UNIT ( * ) PLANE_ANGLE_UNIT ( ) SI_UNIT ( $, .RADIAN. ) );
#3538 =( LENGTH_UNIT ( ) NAMED_UNIT ( * ) SI_UNIT ( .MILLI., .METRE. ) );
#3539 = MECHANICAL_DESIGN_GEOMETRIC_PRESENTATION_REPRESENTATION (  '', ( #3541 ), #3534 ) ;
#3540 = PRESENTATION_LAYER_ASSIGNMENT (  '', '', ( #3541 ) ) ;
#3541 = STYLED_ITEM ( 'NONE', ( #3542 ), #4929 ) ;
#3542 = PRESENTATION_STYLE_ASSIGNMENT (( #3543 ) ) ;
#3543 = SURFACE_STYLE_USAGE ( .BOTH. , #3544 ) ;
#3544 = SURFACE_SIDE_STYLE ('',( #3545 ) ) ;
#3545 = SURFACE_STYLE_FILL_AREA ( #3546 ) ;
#3546 = FILL_AREA_STYLE ('',( #3506 ) ) ;
#3547 = COLOUR_RGB ( '',0.06274509803921568500, 0.06274509803921568500, 0.06274509803921568500 ) ;
#3548 = DIRECTION ( 'NONE',  ( 0.0000000000000000000, 0.9848077530122085800, 0.1736481776669278600 ) ) ;
#3549 = MECHANICAL_DESIGN_GEOMETRIC_PRESENTATION_REPRESENTATION (  '', ( #3551 ), #3559 ) ;
#3550 = PRESENTATION_LAYER_ASSIGNMENT (  '', '', ( #3551 ) ) ;
#3551 = STYLED_ITEM ( 'NONE', ( #3552 ), #4919 ) ;
#3552 = PRESENTATION_STYLE_ASSIGNMENT (( #3492 ) ) ;
#3553 = SPHERICAL_SURFACE ( 'NONE', #3483, 0.08000000000000000200 ) ;
#3554 = COLOUR_RGB ( '',0.09411764705882352800, 0.09411764705882352800, 0.09411764705882352800 ) ;
#3555 = FACE_OUTER_BOUND ( 'NONE', #5064, .T. ) ;
#3556 = DIRECTION ( 'NONE',  ( 2.710505431213754000E-015, -1.000000000000000000, 0.0000000000000000000 ) ) ;
#3557 = DIRECTION ( 'NONE',  ( 1.000000000000000000, 2.752319346515294800E-015, -0.0000000000000000000 ) ) ;
#3558 = CARTESIAN_POINT ( 'NONE',  ( -1.476621932148018100, 2.176569462076912900, 1.670000000000000400 ) ) ;
#3559 =( GEOMETRIC_REPRESENTATION_CONTEXT ( 3 ) GLOBAL_UNCERTAINTY_ASSIGNED_CONTEXT ( ( #3498 ) ) GLOBAL_UNIT_ASSIGNED_CONTEXT ( ( #3517, #3526, #3525 ) ) REPRESENTATION_CONTEXT ( 'NONE', 'WORKASPACE' ) );
#3560 = UNCERTAINTY_MEASURE_WITH_UNIT (LENGTH_MEASURE( 1.000000000000000100E-005 ), #2820, 'distance_accuracy_value', 'NONE');
#3561 = CIRCLE ( 'NONE', #3489, 0.07999999999999998800 ) ;
#3562 =( NAMED_UNIT ( * ) PLANE_ANGLE_UNIT ( ) SI_UNIT ( $, .RADIAN. ) );
#3563 =( LENGTH_UNIT ( ) NAMED_UNIT ( * ) SI_UNIT ( .MILLI., .METRE. ) );
#3564 = MECHANICAL_DESIGN_GEOMETRIC_PRESENTATION_REPRESENTATION (  '', ( #3566 ), #3508 ) ;
#3565 = PRESENTATION_LAYER_ASSIGNMENT (  '', '', ( #3566 ) ) ;
#3566 = STYLED_ITEM ( 'NONE', ( #3518 ), #4928 ) ;
#3567 = DIRECTION ( 'NONE',  ( 1.000000000000000000, 0.0000000000000000000, 0.0000000000000000000 ) ) ;
#3568 = SPHERICAL_SURFACE ( 'NONE', #3569, 0.08000000000000000200 ) ;
#3569 = AXIS2_PLACEMENT_3D ( 'NONE', #3516, #3515, #3514 ) ;
#3570 = EDGE_CURVE ( 'NONE', #3571, #3644, #5537, .T. ) ;
#3571 = VERTEX_POINT ( 'NONE', #5532 ) ;
#3572 = EDGE_CURVE ( 'NONE', #3573, #3608, #5531, .T. ) ;
#3573 = VERTEX_POINT ( 'NONE', #5527 ) ;
#3574 = ORIENTED_EDGE ( 'NONE', *, *, #3656, .T. ) ;
#3575 = ORIENTED_EDGE ( 'NONE', *, *, #3576, .F. ) ;
#3576 = EDGE_CURVE ( 'NONE', #3579, #3669, #5525, .T. ) ;
#3577 = EDGE_LOOP ( 'NONE', ( #3780, #3575, #3580, #3582 ) ) ;
#3578 = ADVANCED_FACE ( 'NONE', ( #5520 ), #5561, .F. ) ;
#3579 = VERTEX_POINT ( 'NONE', #5562 ) ;
#3580 = ORIENTED_EDGE ( 'NONE', *, *, #3614, .F. ) ;
#3581 = VERTEX_POINT ( 'NONE', #5557 ) ;
#3582 = ORIENTED_EDGE ( 'NONE', *, *, #3583, .T. ) ;
#3583 = EDGE_CURVE ( 'NONE', #3581, #3808, #5555, .T. ) ;
#3584 = ADVANCED_FACE ( 'NONE', ( #5550 ), #5591, .T. ) ;
#3585 = EDGE_LOOP ( 'NONE', ( #3611, #3609, #3610, #3588 ) ) ;
#3586 = EDGE_CURVE ( 'NONE', #3587, #3619, #5590, .T. ) ;
#3587 = VERTEX_POINT ( 'NONE', #5582 ) ;
#3588 = ORIENTED_EDGE ( 'NONE', *, *, #3589, .T. ) ;
#3589 = EDGE_CURVE ( 'NONE', #3587, #3613, #5581, .T. ) ;
#3590 = EDGE_LOOP ( 'NONE', ( #3602, #3625, #3626, #3629 ) ) ;
#3591 = EDGE_CURVE ( 'NONE', #3592, #3619, #5577, .T. ) ;
#3592 = VERTEX_POINT ( 'NONE', #5573 ) ;
#3593 = EDGE_CURVE ( 'NONE', #3608, #4644, #5572, .T. ) ;
#3594 = ADVANCED_FACE ( 'NONE', ( #5568 ), #5567, .T. ) ;
#3595 = EDGE_LOOP ( 'NONE', ( #3596, #3597, #3599, #3600, #3781, #3782, #3783, #3785, #3786, #3787, #3788, #3772 ) ) ;
#3596 = ORIENTED_EDGE ( 'NONE', *, *, #4484, .F. ) ;
#3597 = ORIENTED_EDGE ( 'NONE', *, *, #3598, .F. ) ;
#3598 = EDGE_CURVE ( 'NONE', #3662, #4608, #5637, .T. ) ;
#3599 = ORIENTED_EDGE ( 'NONE', *, *, #3661, .T. ) ;
#3600 = ORIENTED_EDGE ( 'NONE', *, *, #3627, .T. ) ;
#3601 = ADVANCED_FACE ( 'NONE', ( #5629 ), #5614, .T. ) ;
#3602 = ORIENTED_EDGE ( 'NONE', *, *, #3623, .T. ) ;
#3603 = ORIENTED_EDGE ( 'NONE', *, *, #3789, .T. ) ;
#3604 = ADVANCED_FACE ( 'NONE', ( #5607 ), #5469, .F. ) ;
#3605 = ORIENTED_EDGE ( 'NONE', *, *, #3589, .F. ) ;
#3606 = ORIENTED_EDGE ( 'NONE', *, *, #3607, .F. ) ;
#3607 = EDGE_CURVE ( 'NONE', #3608, #3587, #5465, .T. ) ;
#3608 = VERTEX_POINT ( 'NONE', #5460 ) ;
#3609 = ORIENTED_EDGE ( 'NONE', *, *, #3591, .T. ) ;
#3610 = ORIENTED_EDGE ( 'NONE', *, *, #3586, .F. ) ;
#3611 = ORIENTED_EDGE ( 'NONE', *, *, #3612, .T. ) ;
#3612 = EDGE_CURVE ( 'NONE', #3613, #3592, #5459, .T. ) ;
#3613 = VERTEX_POINT ( 'NONE', #5455 ) ;
#3614 = EDGE_CURVE ( 'NONE', #3581, #3579, #5454, .T. ) ;
#3615 = ORIENTED_EDGE ( 'NONE', *, *, #3616, .F. ) ;
#3616 = EDGE_CURVE ( 'NONE', #3573, #4483, #5450, .T. ) ;
#3617 = ORIENTED_EDGE ( 'NONE', *, *, #3572, .T. ) ;
#3618 = ORIENTED_EDGE ( 'NONE', *, *, #3593, .T. ) ;
#3619 = VERTEX_POINT ( 'NONE', #5446 ) ;
#3620 = ADVANCED_FACE ( 'NONE', ( #5445 ), #5715, .T. ) ;
#3621 = EDGE_LOOP ( 'NONE', ( #3622, #3615, #3617, #3618 ) ) ;
#3622 = ORIENTED_EDGE ( 'NONE', *, *, #4501, .F. ) ;
#3623 = EDGE_CURVE ( 'NONE', #3624, #3581, #5749, .T. ) ;
#3624 = VERTEX_POINT ( 'NONE', #5745 ) ;
#3625 = ORIENTED_EDGE ( 'NONE', *, *, #3614, .T. ) ;
#3626 = ORIENTED_EDGE ( 'NONE', *, *, #3627, .F. ) ;
#3627 = EDGE_CURVE ( 'NONE', #3628, #3579, #5783, .T. ) ;
#3628 = VERTEX_POINT ( 'NONE', #5779 ) ;
#3629 = ORIENTED_EDGE ( 'NONE', *, *, #3630, .T. ) ;
#3630 = EDGE_CURVE ( 'NONE', #3628, #3624, #5777, .T. ) ;
#3631 = EDGE_LOOP ( 'NONE', ( #3605, #3606, #3790, #3574 ) ) ;
#3632 = ORIENTED_EDGE ( 'NONE', *, *, #3591, .F. ) ;
#3633 = ORIENTED_EDGE ( 'NONE', *, *, #3985, .T. ) ;
#3634 = EDGE_LOOP ( 'NONE', ( #3901, #3910, #3911, #3907 ) ) ;
#3635 = ADVANCED_FACE ( 'NONE', ( #5773 ), #5792, .T. ) ;
#3636 = ADVANCED_FACE ( 'NONE', ( #5766 ), #5752, .F. ) ;
#3637 = EDGE_LOOP ( 'NONE', ( #3638, #3642, #3645, #3648 ) ) ;
#3638 = ORIENTED_EDGE ( 'NONE', *, *, #3639, .F. ) ;
#3639 = EDGE_CURVE ( 'NONE', #3640, #3641, #5751, .T. ) ;
#3640 = VERTEX_POINT ( 'NONE', #5673 ) ;
#3641 = VERTEX_POINT ( 'NONE', #5672 ) ;
#3642 = ORIENTED_EDGE ( 'NONE', *, *, #3643, .F. ) ;
#3643 = EDGE_CURVE ( 'NONE', #3644, #3640, #5671, .T. ) ;
#3644 = VERTEX_POINT ( 'NONE', #5667 ) ;
#3645 = ORIENTED_EDGE ( 'NONE', *, *, #3646, .F. ) ;
#3646 = EDGE_CURVE ( 'NONE', #3647, #3644, #5666, .T. ) ;
#3647 = VERTEX_POINT ( 'NONE', #5662 ) ;
#3648 = ORIENTED_EDGE ( 'NONE', *, *, #3649, .T. ) ;
#3649 = EDGE_CURVE ( 'NONE', #3647, #3641, #5661, .T. ) ;
#3650 = ORIENTED_EDGE ( 'NONE', *, *, #3784, .F. ) ;
#3651 = ORIENTED_EDGE ( 'NONE', *, *, #3652, .F. ) ;
#3652 = EDGE_CURVE ( 'NONE', #3653, #3662, #5657, .T. ) ;
#3653 = VERTEX_POINT ( 'NONE', #5653 ) ;
#3654 = ORIENTED_EDGE ( 'NONE', *, *, #3655, .T. ) ;
#3655 = EDGE_CURVE ( 'NONE', #3653, #3624, #5651, .T. ) ;
#3656 = EDGE_CURVE ( 'NONE', #3573, #3613, #5741, .T. ) ;
#3657 = ADVANCED_FACE ( 'NONE', ( #5737 ), #5721, .T. ) ;
#3658 = EDGE_LOOP ( 'NONE', ( #3659, #3660, #3651, #3654 ) ) ;
#3659 = ORIENTED_EDGE ( 'NONE', *, *, #3630, .F. ) ;
#3660 = ORIENTED_EDGE ( 'NONE', *, *, #3661, .F. ) ;
#3661 = EDGE_CURVE ( 'NONE', #3662, #3628, #5714, .T. ) ;
#3662 = VERTEX_POINT ( 'NONE', #5709 ) ;
#3663 = VERTEX_POINT ( 'NONE', #5708 ) ;
#3664 = ORIENTED_EDGE ( 'NONE', *, *, #3665, .T. ) ;
#3665 = EDGE_CURVE ( 'NONE', #3663, #3666, #5707, .T. ) ;
#3666 = VERTEX_POINT ( 'NONE', #5703 ) ;
#3667 = ORIENTED_EDGE ( 'NONE', *, *, #3668, .F. ) ;
#3668 = EDGE_CURVE ( 'NONE', #3669, #3666, #5702, .T. ) ;
#3669 = VERTEX_POINT ( 'NONE', #5698 ) ;
#3670 = ORIENTED_EDGE ( 'NONE', *, *, #3671, .T. ) ;
#3671 = EDGE_CURVE ( 'NONE', #3669, #3808, #5696, .T. ) ;
#3672 = ADVANCED_FACE ( 'NONE', ( #5692 ), #5947, .T. ) ;
#3673 = EDGE_LOOP ( 'NONE', ( #3674, #3675, #3632, #3603 ) ) ;
#3674 = ORIENTED_EDGE ( 'NONE', *, *, #3803, .F. ) ;
#3675 = ORIENTED_EDGE ( 'NONE', *, *, #3676, .F. ) ;
#3676 = EDGE_CURVE ( 'NONE', #3619, #3720, #5948, .T. ) ;
#3677 = ORIENTED_EDGE ( 'NONE', *, *, #4315, .F. ) ;
#3678 = ORIENTED_EDGE ( 'NONE', *, *, #4302, .F. ) ;
#3679 = ORIENTED_EDGE ( 'NONE', *, *, #3794, .F. ) ;
#3680 = ORIENTED_EDGE ( 'NONE', *, *, #3729, .T. ) ;
#3681 = ADVANCED_FACE ( 'NONE', ( #5938 ), #5834, .T. ) ;
#3682 = EDGE_LOOP ( 'NONE', ( #3683, #3684, #3686, #3687 ) ) ;
#3683 = ORIENTED_EDGE ( 'NONE', *, *, #4473, .F. ) ;
#3684 = ORIENTED_EDGE ( 'NONE', *, *, #3685, .F. ) ;
#3685 = EDGE_CURVE ( 'NONE', #3722, #4663, #5832, .T. ) ;
#3686 = ORIENTED_EDGE ( 'NONE', *, *, #3721, .T. ) ;
#3687 = ORIENTED_EDGE ( 'NONE', *, *, #3734, .T. ) ;
#3688 = ADVANCED_FACE ( 'NONE', ( #5825 ), #5822, .T. ) ;
#3689 = ORIENTED_EDGE ( 'NONE', *, *, #4313, .F. ) ;
#3690 = ORIENTED_EDGE ( 'NONE', *, *, #3724, .F. ) ;
#3691 = ORIENTED_EDGE ( 'NONE', *, *, #3685, .T. ) ;
#3692 = ADVANCED_FACE ( 'NONE', ( #5817 ), #6026, .T. ) ;
#3693 = EDGE_LOOP ( 'NONE', ( #3694, #3695, #3696, #3697 ) ) ;
#3694 = ORIENTED_EDGE ( 'NONE', *, *, #4363, .F. ) ;
#3695 = ORIENTED_EDGE ( 'NONE', *, *, #3708, .F. ) ;
#3696 = ORIENTED_EDGE ( 'NONE', *, *, #4292, .F. ) ;
#3697 = ORIENTED_EDGE ( 'NONE', *, *, #3715, .F. ) ;
#3698 = ADVANCED_FACE ( 'NONE', ( #6019 ), #6005, .T. ) ;
#3699 = EDGE_LOOP ( 'NONE', ( #3736, #3740, #3718, #3802 ) ) ;
#3700 = EDGE_LOOP ( 'NONE', ( #3701, #3702, #3703, #3704, #3705, #3706, #3707, #3709, #3710, #3689, #3690, #3691 ) ) ;
#3701 = ORIENTED_EDGE ( 'NONE', *, *, #4662, .F. ) ;
#3702 = ORIENTED_EDGE ( 'NONE', *, *, #3791, .F. ) ;
#3703 = ORIENTED_EDGE ( 'NONE', *, *, #4636, .T. ) ;
#3704 = ORIENTED_EDGE ( 'NONE', *, *, #4306, .T. ) ;
#3705 = ORIENTED_EDGE ( 'NONE', *, *, #4134, .T. ) ;
#3706 = ORIENTED_EDGE ( 'NONE', *, *, #4295, .T. ) ;
#3707 = ORIENTED_EDGE ( 'NONE', *, *, #3708, .T. ) ;
#3708 = EDGE_CURVE ( 'NONE', #4293, #4361, #6004, .T. ) ;
#3709 = ORIENTED_EDGE ( 'NONE', *, *, #4359, .F. ) ;
#3710 = ORIENTED_EDGE ( 'NONE', *, *, #4124, .F. ) ;
#3711 = ORIENTED_EDGE ( 'NONE', *, *, #4528, .T. ) ;
#3712 = ORIENTED_EDGE ( 'NONE', *, *, #4320, .T. ) ;
#3713 = ORIENTED_EDGE ( 'NONE', *, *, #4366, .T. ) ;
#3714 = ORIENTED_EDGE ( 'NONE', *, *, #3715, .T. ) ;
#3715 = EDGE_CURVE ( 'NONE', #4364, #4290, #5996, .T. ) ;
#3716 = ORIENTED_EDGE ( 'NONE', *, *, #4288, .F. ) ;
#3717 = VERTEX_POINT ( 'NONE', #5992 ) ;
#3718 = ORIENTED_EDGE ( 'NONE', *, *, #3719, .F. ) ;
#3719 = EDGE_CURVE ( 'NONE', #3720, #3717, #5991, .T. ) ;
#3720 = VERTEX_POINT ( 'NONE', #5987 ) ;
#3721 = EDGE_CURVE ( 'NONE', #3722, #3800, #5986, .T. ) ;
#3722 = VERTEX_POINT ( 'NONE', #5982 ) ;
#3723 = ORIENTED_EDGE ( 'NONE', *, *, #3724, .T. ) ;
#3724 = EDGE_CURVE ( 'NONE', #3722, #4638, #5980, .T. ) ;
#3725 = ADVANCED_FACE ( 'NONE', ( #5975 ), #5960, .T. ) ;
#3726 = EDGE_LOOP ( 'NONE', ( #3727, #3728, #3744, #3745 ) ) ;
#3727 = ORIENTED_EDGE ( 'NONE', *, *, #4504, .F. ) ;
#3728 = ORIENTED_EDGE ( 'NONE', *, *, #3729, .F. ) ;
#3729 = EDGE_CURVE ( 'NONE', #3742, #4643, #5959, .T. ) ;
#3730 = ORIENTED_EDGE ( 'NONE', *, *, #3731, .F. ) ;
#3731 = EDGE_CURVE ( 'NONE', #3742, #4637, #5951, .T. ) ;
#3732 = ORIENTED_EDGE ( 'NONE', *, *, #4654, .F. ) ;
#3733 = ORIENTED_EDGE ( 'NONE', *, *, #3734, .F. ) ;
#3734 = EDGE_CURVE ( 'NONE', #3800, #4604, #5920, .T. ) ;
#3735 = ORIENTED_EDGE ( 'NONE', *, *, #3799, .T. ) ;
#3736 = ORIENTED_EDGE ( 'NONE', *, *, #3737, .T. ) ;
#3737 = EDGE_CURVE ( 'NONE', #3738, #3739, #5916, .T. ) ;
#3738 = VERTEX_POINT ( 'NONE', #5912 ) ;
#3739 = VERTEX_POINT ( 'NONE', #5911 ) ;
#3740 = ORIENTED_EDGE ( 'NONE', *, *, #3741, .T. ) ;
#3741 = EDGE_CURVE ( 'NONE', #3739, #3717, #5910, .T. ) ;
#3742 = VERTEX_POINT ( 'NONE', #5906 ) ;
#3743 = ORIENTED_EDGE ( 'NONE', *, *, #3794, .T. ) ;
#3744 = ORIENTED_EDGE ( 'NONE', *, *, #3731, .T. ) ;
#3745 = ORIENTED_EDGE ( 'NONE', *, *, #3791, .T. ) ;
#3746 = ADVANCED_FACE ( 'NONE', ( #5905 ), #5889, .F. ) ;
#3747 = EDGE_LOOP ( 'NONE', ( #3748, #3752, #3755, #3758 ) ) ;
#3748 = ORIENTED_EDGE ( 'NONE', *, *, #3749, .F. ) ;
#3749 = EDGE_CURVE ( 'NONE', #3750, #3751, #5888, .T. ) ;
#3750 = VERTEX_POINT ( 'NONE', #5880 ) ;
#3751 = VERTEX_POINT ( 'NONE', #5879 ) ;
#3752 = ORIENTED_EDGE ( 'NONE', *, *, #3753, .F. ) ;
#3753 = EDGE_CURVE ( 'NONE', #3754, #3750, #5878, .T. ) ;
#3754 = VERTEX_POINT ( 'NONE', #5874 ) ;
#3755 = ORIENTED_EDGE ( 'NONE', *, *, #3756, .F. ) ;
#3756 = EDGE_CURVE ( 'NONE', #3757, #3754, #5873, .T. ) ;
#3757 = VERTEX_POINT ( 'NONE', #5869 ) ;
#3758 = ORIENTED_EDGE ( 'NONE', *, *, #3759, .T. ) ;
#3759 = EDGE_CURVE ( 'NONE', #3757, #3751, #5867, .T. ) ;
#3760 = ORIENTED_EDGE ( 'NONE', *, *, #3598, .T. ) ;
#3761 = ORIENTED_EDGE ( 'NONE', *, *, #3807, .F. ) ;
#3762 = ORIENTED_EDGE ( 'NONE', *, *, #3583, .F. ) ;
#3763 = ORIENTED_EDGE ( 'NONE', *, *, #3623, .F. ) ;
#3764 = ORIENTED_EDGE ( 'NONE', *, *, #3655, .F. ) ;
#3765 = ORIENTED_EDGE ( 'NONE', *, *, #4030, .T. ) ;
#3766 = ADVANCED_FACE ( 'NONE', ( #5863 ), #5848, .T. ) ;
#3767 = EDGE_LOOP ( 'NONE', ( #3768, #3769, #3770, #3650 ) ) ;
#3768 = ORIENTED_EDGE ( 'NONE', *, *, #3665, .F. ) ;
#3769 = ORIENTED_EDGE ( 'NONE', *, *, #3775, .F. ) ;
#3770 = ORIENTED_EDGE ( 'NONE', *, *, #3741, .F. ) ;
#3771 = ORIENTED_EDGE ( 'NONE', *, *, #3652, .T. ) ;
#3772 = ORIENTED_EDGE ( 'NONE', *, *, #3616, .T. ) ;
#3773 = ORIENTED_EDGE ( 'NONE', *, *, #3719, .T. ) ;
#3774 = ORIENTED_EDGE ( 'NONE', *, *, #3775, .T. ) ;
#3775 = EDGE_CURVE ( 'NONE', #3717, #3663, #5847, .T. ) ;
#3776 = ORIENTED_EDGE ( 'NONE', *, *, #3593, .F. ) ;
#3777 = ORIENTED_EDGE ( 'NONE', *, *, #3607, .T. ) ;
#3778 = ORIENTED_EDGE ( 'NONE', *, *, #3586, .T. ) ;
#3779 = ORIENTED_EDGE ( 'NONE', *, *, #3676, .T. ) ;
#3780 = ORIENTED_EDGE ( 'NONE', *, *, #3671, .F. ) ;
#3781 = ORIENTED_EDGE ( 'NONE', *, *, #3576, .T. ) ;
#3782 = ORIENTED_EDGE ( 'NONE', *, *, #3668, .T. ) ;
#3783 = ORIENTED_EDGE ( 'NONE', *, *, #3784, .T. ) ;
#3784 = EDGE_CURVE ( 'NONE', #3666, #3739, #5839, .T. ) ;
#3785 = ORIENTED_EDGE ( 'NONE', *, *, #3737, .F. ) ;
#3786 = ORIENTED_EDGE ( 'NONE', *, *, #3789, .F. ) ;
#3787 = ORIENTED_EDGE ( 'NONE', *, *, #3612, .F. ) ;
#3788 = ORIENTED_EDGE ( 'NONE', *, *, #3656, .F. ) ;
#3789 = EDGE_CURVE ( 'NONE', #3592, #3738, #3015, .T. ) ;
#3790 = ORIENTED_EDGE ( 'NONE', *, *, #3572, .F. ) ;
#3791 = EDGE_CURVE ( 'NONE', #4637, #4660, #3121, .T. ) ;
#3792 = ADVANCED_FACE ( 'NONE', ( #3181 ), #3180, .T. ) ;
#3793 = EDGE_LOOP ( 'NONE', ( #3732, #3733, #3735, #3711, #3712, #3713, #3714, #3716, #3677, #3678, #3679, #3680 ) ) ;
#3794 = EDGE_CURVE ( 'NONE', #3742, #4303, #3173, .T. ) ;
#3795 = ADVANCED_FACE ( 'NONE', ( #3169 ), #3117, .T. ) ;
#3796 = EDGE_LOOP ( 'NONE', ( #3797, #3798, #3801, #3723 ) ) ;
#3797 = ORIENTED_EDGE ( 'NONE', *, *, #4632, .F. ) ;
#3798 = ORIENTED_EDGE ( 'NONE', *, *, #3799, .F. ) ;
#3799 = EDGE_CURVE ( 'NONE', #3800, #4529, #3118, .T. ) ;
#3800 = VERTEX_POINT ( 'NONE', #3152 ) ;
#3801 = ORIENTED_EDGE ( 'NONE', *, *, #3721, .F. ) ;
#3802 = ORIENTED_EDGE ( 'NONE', *, *, #3803, .T. ) ;
#3803 = EDGE_CURVE ( 'NONE', #3720, #3738, #3150, .T. ) ;
#3804 = ADVANCED_FACE ( 'NONE', ( #3146 ), #3131, .T. ) ;
#3805 = EDGE_LOOP ( 'NONE', ( #3806, #3664, #3667, #3670 ) ) ;
#3806 = ORIENTED_EDGE ( 'NONE', *, *, #3807, .T. ) ;
#3807 = EDGE_CURVE ( 'NONE', #3808, #3663, #3130, .T. ) ;
#3808 = VERTEX_POINT ( 'NONE', #3107 ) ;
#3809 = ADVANCED_FACE ( 'NONE', ( #3106 ), #3090, .F. ) ;
#3810 = EDGE_LOOP ( 'NONE', ( #3811, #3812, #4032, #4035 ) ) ;
#3811 = ORIENTED_EDGE ( 'NONE', *, *, #3985, .F. ) ;
#3812 = ORIENTED_EDGE ( 'NONE', *, *, #3986, .F. ) ;
#3813 = ORIENTED_EDGE ( 'NONE', *, *, #3818, .T. ) ;
#3814 = ORIENTED_EDGE ( 'NONE', *, *, #3975, .T. ) ;
#3815 = ORIENTED_EDGE ( 'NONE', *, *, #3919, .T. ) ;
#3816 = ORIENTED_EDGE ( 'NONE', *, *, #3846, .T. ) ;
#3817 = ORIENTED_EDGE ( 'NONE', *, *, #4096, .F. ) ;
#3818 = EDGE_CURVE ( 'NONE', #3944, #3976, #3084, .T. ) ;
#3819 = ORIENTED_EDGE ( 'NONE', *, *, #3820, .T. ) ;
#3820 = EDGE_CURVE ( 'NONE', #3944, #3941, #3079, .T. ) ;
#3821 = ADVANCED_FACE ( 'NONE', ( #3075 ), #3060, .F. ) ;
#3822 = EDGE_LOOP ( 'NONE', ( #3823, #3824, #3826, #3827 ) ) ;
#3823 = ORIENTED_EDGE ( 'NONE', *, *, #4741, .T. ) ;
#3824 = ORIENTED_EDGE ( 'NONE', *, *, #3825, .F. ) ;
#3825 = EDGE_CURVE ( 'NONE', #3930, #4776, #3059, .T. ) ;
#3826 = ORIENTED_EDGE ( 'NONE', *, *, #3936, .F. ) ;
#3827 = ORIENTED_EDGE ( 'NONE', *, *, #3828, .T. ) ;
#3828 = EDGE_CURVE ( 'NONE', #3934, #4788, #3051, .T. ) ;
#3829 = ADVANCED_FACE ( 'NONE', ( #3047 ), #3045, .F. ) ;
#3830 = EDGE_LOOP ( 'NONE', ( #3831, #3925, #3813, #3814, #3815, #3816, #3817, #4066, #4067, #4068, #4069, #4070 ) ) ;
#3831 = ORIENTED_EDGE ( 'NONE', *, *, #4775, .T. ) ;
#3832 = EDGE_CURVE ( 'NONE', #4001, #3995, #3046, .T. ) ;
#3833 = ADVANCED_FACE ( 'NONE', ( #3036 ), #3019, .T. ) ;
#3834 = EDGE_LOOP ( 'NONE', ( #3835, #3838, #3839, #3842 ) ) ;
#3835 = ORIENTED_EDGE ( 'NONE', *, *, #3836, .T. ) ;
#3836 = EDGE_CURVE ( 'NONE', #3837, #4001, #3020, .T. ) ;
#3837 = VERTEX_POINT ( 'NONE', #3010 ) ;
#3838 = ORIENTED_EDGE ( 'NONE', *, *, #4000, .T. ) ;
#3839 = ORIENTED_EDGE ( 'NONE', *, *, #3840, .F. ) ;
#3840 = EDGE_CURVE ( 'NONE', #3841, #3998, #3009, .T. ) ;
#3841 = VERTEX_POINT ( 'NONE', #3004 ) ;
#3842 = ORIENTED_EDGE ( 'NONE', *, *, #3843, .T. ) ;
#3843 = EDGE_CURVE ( 'NONE', #3841, #3837, #3003, .T. ) ;
#3844 = EDGE_LOOP ( 'NONE', ( #3951, #3917, #3918, #3921 ) ) ;
#3845 = ORIENTED_EDGE ( 'NONE', *, *, #3846, .F. ) ;
#3846 = EDGE_CURVE ( 'NONE', #3847, #3928, #2999, .T. ) ;
#3847 = VERTEX_POINT ( 'NONE', #2995 ) ;
#3848 = EDGE_LOOP ( 'NONE', ( #3849, #3850, #3865, #3866 ) ) ;
#3849 = ORIENTED_EDGE ( 'NONE', *, *, #4738, .T. ) ;
#3850 = ORIENTED_EDGE ( 'NONE', *, *, #3851, .F. ) ;
#3851 = EDGE_CURVE ( 'NONE', #4012, #4997, #2993, .T. ) ;
#3852 = ORIENTED_EDGE ( 'NONE', *, *, #3954, .F. ) ;
#3853 = ORIENTED_EDGE ( 'NONE', *, *, #3893, .T. ) ;
#3854 = ADVANCED_FACE ( 'NONE', ( #2989 ), #2974, .T. ) ;
#3855 = EDGE_LOOP ( 'NONE', ( #3856, #3857, #3858, #3859 ) ) ;
#3856 = ORIENTED_EDGE ( 'NONE', *, *, #3749, .T. ) ;
#3857 = ORIENTED_EDGE ( 'NONE', *, *, #3882, .T. ) ;
#3858 = ORIENTED_EDGE ( 'NONE', *, *, #3639, .T. ) ;
#3859 = ORIENTED_EDGE ( 'NONE', *, *, #4009, .T. ) ;
#3860 = ADVANCED_FACE ( 'NONE', ( #2967 ), #90, .F. ) ;
#3861 = EDGE_LOOP ( 'NONE', ( #3862, #3845, #3927, #3988 ) ) ;
#3862 = ORIENTED_EDGE ( 'NONE', *, *, #3863, .F. ) ;
#3863 = EDGE_CURVE ( 'NONE', #3928, #3929, #167, .T. ) ;
#3864 = VERTEX_POINT ( 'NONE', #89 ) ;
#3865 = ORIENTED_EDGE ( 'NONE', *, *, #4015, .F. ) ;
#3866 = ORIENTED_EDGE ( 'NONE', *, *, #3867, .T. ) ;
#3867 = EDGE_CURVE ( 'NONE', #4013, #4987, #88, .T. ) ;
#3868 = ADVANCED_FACE ( 'NONE', ( #76 ), #74, .F. ) ;
#3869 = EDGE_LOOP ( 'NONE', ( #3870, #3871, #3873, #3874, #3875, #4007, #4008, #4010, #3899, #4003, #4004, #4005 ) ) ;
#3870 = ORIENTED_EDGE ( 'NONE', *, *, #4996, .T. ) ;
#3871 = ORIENTED_EDGE ( 'NONE', *, *, #3872, .F. ) ;
#3872 = EDGE_CURVE ( 'NONE', #3958, #4998, #61, .T. ) ;
#3873 = ORIENTED_EDGE ( 'NONE', *, *, #3957, .T. ) ;
#3874 = ORIENTED_EDGE ( 'NONE', *, *, #4019, .T. ) ;
#3875 = ORIENTED_EDGE ( 'NONE', *, *, #3905, .T. ) ;
#3876 = ORIENTED_EDGE ( 'NONE', *, *, #3867, .F. ) ;
#3877 = ORIENTED_EDGE ( 'NONE', *, *, #4018, .T. ) ;
#3878 = ORIENTED_EDGE ( 'NONE', *, *, #3986, .T. ) ;
#3879 = ORIENTED_EDGE ( 'NONE', *, *, #3570, .T. ) ;
#3880 = ORIENTED_EDGE ( 'NONE', *, *, #3643, .T. ) ;
#3881 = ORIENTED_EDGE ( 'NONE', *, *, #3882, .F. ) ;
#3882 = EDGE_CURVE ( 'NONE', #3751, #3640, #95, .T. ) ;
#3883 = ORIENTED_EDGE ( 'NONE', *, *, #3759, .F. ) ;
#3884 = ORIENTED_EDGE ( 'NONE', *, *, #3902, .F. ) ;
#3885 = ORIENTED_EDGE ( 'NONE', *, *, #4025, .F. ) ;
#3886 = ORIENTED_EDGE ( 'NONE', *, *, #3872, .T. ) ;
#3887 = ADVANCED_FACE ( 'NONE', ( #72 ), #71, .F. ) ;
#3888 = EDGE_LOOP ( 'NONE', ( #3889, #3876, #3877, #3878, #3879, #3880, #3881, #3883, #3884, #3885, #3852, #3853 ) ) ;
#3889 = ORIENTED_EDGE ( 'NONE', *, *, #4989, .T. ) ;
#3890 = ADVANCED_FACE ( 'NONE', ( #68 ), #46, .F. ) ;
#3891 = ORIENTED_EDGE ( 'NONE', *, *, #4456, .T. ) ;
#3892 = ORIENTED_EDGE ( 'NONE', *, *, #3893, .F. ) ;
#3893 = EDGE_CURVE ( 'NONE', #3896, #4990, #45, .T. ) ;
#3894 = ORIENTED_EDGE ( 'NONE', *, *, #3960, .F. ) ;
#3895 = ADVANCED_FACE ( 'NONE', ( #36 ), #19, .T. ) ;
#3896 = VERTEX_POINT ( 'NONE', #20 ) ;
#3897 = EDGE_CURVE ( 'NONE', #4012, #4034, #14, .T. ) ;
#3898 = ORIENTED_EDGE ( 'NONE', *, *, #3897, .T. ) ;
#3899 = ORIENTED_EDGE ( 'NONE', *, *, #3965, .F. ) ;
#3900 = ADVANCED_FACE ( 'NONE', ( #9 ), #162, .F. ) ;
#3901 = ORIENTED_EDGE ( 'NONE', *, *, #3902, .T. ) ;
#3902 = EDGE_CURVE ( 'NONE', #3909, #3757, #163, .T. ) ;
#3903 = ORIENTED_EDGE ( 'NONE', *, *, #4646, .F. ) ;
#3904 = EDGE_LOOP ( 'NONE', ( #4028, #4029, #3771, #3760 ) ) ;
#3905 = EDGE_CURVE ( 'NONE', #3906, #3754, #154, .T. ) ;
#3906 = VERTEX_POINT ( 'NONE', #139 ) ;
#3907 = ORIENTED_EDGE ( 'NONE', *, *, #3908, .T. ) ;
#3908 = EDGE_CURVE ( 'NONE', #3906, #3909, #138, .T. ) ;
#3909 = VERTEX_POINT ( 'NONE', #134 ) ;
#3910 = ORIENTED_EDGE ( 'NONE', *, *, #3756, .T. ) ;
#3911 = ORIENTED_EDGE ( 'NONE', *, *, #3905, .F. ) ;
#3912 = ORIENTED_EDGE ( 'NONE', *, *, #3913, .F. ) ;
#3913 = EDGE_CURVE ( 'NONE', #3914, #3841, #133, .T. ) ;
#3914 = VERTEX_POINT ( 'NONE', #129 ) ;
#3915 = ORIENTED_EDGE ( 'NONE', *, *, #3967, .F. ) ;
#3916 = VERTEX_POINT ( 'NONE', #128 ) ;
#3917 = ORIENTED_EDGE ( 'NONE', *, *, #3923, .T. ) ;
#3918 = ORIENTED_EDGE ( 'NONE', *, *, #3919, .F. ) ;
#3919 = EDGE_CURVE ( 'NONE', #3920, #3847, #127, .T. ) ;
#3920 = VERTEX_POINT ( 'NONE', #122 ) ;
#3921 = ORIENTED_EDGE ( 'NONE', *, *, #3981, .T. ) ;
#3922 = EDGE_LOOP ( 'NONE', ( #3983, #3912, #3915, #3969 ) ) ;
#3923 = EDGE_CURVE ( 'NONE', #3924, #3847, #121, .T. ) ;
#3924 = VERTEX_POINT ( 'NONE', #117 ) ;
#3925 = ORIENTED_EDGE ( 'NONE', *, *, #3926, .F. ) ;
#3926 = EDGE_CURVE ( 'NONE', #3944, #4984, #116, .T. ) ;
#3927 = ORIENTED_EDGE ( 'NONE', *, *, #3923, .F. ) ;
#3928 = VERTEX_POINT ( 'NONE', #112 ) ;
#3929 = VERTEX_POINT ( 'NONE', #111 ) ;
#3930 = VERTEX_POINT ( 'NONE', #110 ) ;
#3931 = ORIENTED_EDGE ( 'NONE', *, *, #3967, .T. ) ;
#3932 = ORIENTED_EDGE ( 'NONE', *, *, #3933, .F. ) ;
#3933 = EDGE_CURVE ( 'NONE', #3934, #3914, #109, .T. ) ;
#3934 = VERTEX_POINT ( 'NONE', #104 ) ;
#3935 = ORIENTED_EDGE ( 'NONE', *, *, #3936, .T. ) ;
#3936 = EDGE_CURVE ( 'NONE', #3934, #3930, #102, .T. ) ;
#3937 = ADVANCED_FACE ( 'NONE', ( #183 ), #148, .T. ) ;
#3938 = EDGE_LOOP ( 'NONE', ( #3939, #3942, #3943, #3819 ) ) ;
#3939 = ORIENTED_EDGE ( 'NONE', *, *, #3940, .T. ) ;
#3940 = EDGE_CURVE ( 'NONE', #3941, #3979, #149, .T. ) ;
#3941 = VERTEX_POINT ( 'NONE', #322 ) ;
#3942 = ORIENTED_EDGE ( 'NONE', *, *, #3978, .T. ) ;
#3943 = ORIENTED_EDGE ( 'NONE', *, *, #3818, .F. ) ;
#3944 = VERTEX_POINT ( 'NONE', #321 ) ;
#3945 = ORIENTED_EDGE ( 'NONE', *, *, #3946, .T. ) ;
#3946 = EDGE_CURVE ( 'NONE', #3979, #3916, #323, .T. ) ;
#3947 = ADVANCED_FACE ( 'NONE', ( #187 ), #369, .F. ) ;
#3948 = ORIENTED_EDGE ( 'NONE', *, *, #3949, .T. ) ;
#3949 = EDGE_CURVE ( 'NONE', #3930, #3968, #370, .T. ) ;
#3950 = ADVANCED_FACE ( 'NONE', ( #360 ), #291, .F. ) ;
#3951 = ORIENTED_EDGE ( 'NONE', *, *, #3952, .T. ) ;
#3952 = EDGE_CURVE ( 'NONE', #3916, #3924, #278, .T. ) ;
#3953 = ORIENTED_EDGE ( 'NONE', *, *, #3954, .T. ) ;
#3954 = EDGE_CURVE ( 'NONE', #3896, #4023, #273, .T. ) ;
#3955 = ORIENTED_EDGE ( 'NONE', *, *, #4022, .T. ) ;
#3956 = ORIENTED_EDGE ( 'NONE', *, *, #3957, .F. ) ;
#3957 = EDGE_CURVE ( 'NONE', #3958, #4020, #268, .T. ) ;
#3958 = VERTEX_POINT ( 'NONE', #263 ) ;
#3959 = ORIENTED_EDGE ( 'NONE', *, *, #3960, .T. ) ;
#3960 = EDGE_CURVE ( 'NONE', #3958, #3896, #261, .T. ) ;
#3961 = ADVANCED_FACE ( 'NONE', ( #257 ), #239, .F. ) ;
#3962 = ORIENTED_EDGE ( 'NONE', *, *, #3570, .F. ) ;
#3963 = EDGE_LOOP ( 'NONE', ( #3964, #3984, #3962, #3633 ) ) ;
#3964 = ORIENTED_EDGE ( 'NONE', *, *, #3965, .T. ) ;
#3965 = EDGE_CURVE ( 'NONE', #3966, #3647, #238, .T. ) ;
#3966 = VERTEX_POINT ( 'NONE', #229 ) ;
#3967 = EDGE_CURVE ( 'NONE', #3968, #3914, #220, .T. ) ;
#3968 = VERTEX_POINT ( 'NONE', #216 ) ;
#3969 = ORIENTED_EDGE ( 'NONE', *, *, #3970, .T. ) ;
#3970 = EDGE_CURVE ( 'NONE', #3968, #3837, #214, .T. ) ;
#3971 = ADVANCED_FACE ( 'NONE', ( #210 ), #282, .F. ) ;
#3972 = EDGE_LOOP ( 'NONE', ( #3973, #3974, #3977, #3945 ) ) ;
#3973 = ORIENTED_EDGE ( 'NONE', *, *, #3981, .F. ) ;
#3974 = ORIENTED_EDGE ( 'NONE', *, *, #3975, .F. ) ;
#3975 = EDGE_CURVE ( 'NONE', #3976, #3920, #281, .T. ) ;
#3976 = VERTEX_POINT ( 'NONE', #195 ) ;
#3977 = ORIENTED_EDGE ( 'NONE', *, *, #3978, .F. ) ;
#3978 = EDGE_CURVE ( 'NONE', #3979, #3976, #194, .T. ) ;
#3979 = VERTEX_POINT ( 'NONE', #399 ) ;
#3980 = EDGE_LOOP ( 'NONE', ( #3948, #3931, #3932, #3935 ) ) ;
#3981 = EDGE_CURVE ( 'NONE', #3920, #3916, #397, .T. ) ;
#3982 = ADVANCED_FACE ( 'NONE', ( #393 ), #378, .F. ) ;
#3983 = ORIENTED_EDGE ( 'NONE', *, *, #3843, .F. ) ;
#3984 = ORIENTED_EDGE ( 'NONE', *, *, #3646, .T. ) ;
#3985 = EDGE_CURVE ( 'NONE', #3571, #3966, #320, .T. ) ;
#3986 = EDGE_CURVE ( 'NONE', #4031, #3571, #316, .T. ) ;
#3987 = ADVANCED_FACE ( 'NONE', ( #311 ), #295, .T. ) ;
#3988 = ORIENTED_EDGE ( 'NONE', *, *, #3989, .T. ) ;
#3989 = EDGE_CURVE ( 'NONE', #3924, #3929, #343, .T. ) ;
#3990 = ADVANCED_FACE ( 'NONE', ( #339 ), #596, .F. ) ;
#3991 = EDGE_LOOP ( 'NONE', ( #3992, #3996, #3999, #4002 ) ) ;
#3992 = ORIENTED_EDGE ( 'NONE', *, *, #3993, .F. ) ;
#3993 = EDGE_CURVE ( 'NONE', #3994, #3995, #589, .T. ) ;
#3994 = VERTEX_POINT ( 'NONE', #585 ) ;
#3995 = VERTEX_POINT ( 'NONE', #584 ) ;
#3996 = ORIENTED_EDGE ( 'NONE', *, *, #3997, .F. ) ;
#3997 = EDGE_CURVE ( 'NONE', #3998, #3994, #425, .T. ) ;
#3998 = VERTEX_POINT ( 'NONE', #421 ) ;
#3999 = ORIENTED_EDGE ( 'NONE', *, *, #4000, .F. ) ;
#4000 = EDGE_CURVE ( 'NONE', #4001, #3998, #488, .T. ) ;
#4001 = VERTEX_POINT ( 'NONE', #484 ) ;
#4002 = ORIENTED_EDGE ( 'NONE', *, *, #3832, .T. ) ;
#4003 = ORIENTED_EDGE ( 'NONE', *, *, #4036, .F. ) ;
#4004 = ORIENTED_EDGE ( 'NONE', *, *, #3897, .F. ) ;
#4005 = ORIENTED_EDGE ( 'NONE', *, *, #3851, .T. ) ;
#4006 = EDGE_LOOP ( 'NONE', ( #3891, #3892, #3894, #3886 ) ) ;
#4007 = ORIENTED_EDGE ( 'NONE', *, *, #3753, .T. ) ;
#4008 = ORIENTED_EDGE ( 'NONE', *, *, #4009, .F. ) ;
#4009 = EDGE_CURVE ( 'NONE', #3641, #3750, #595, .T. ) ;
#4010 = ORIENTED_EDGE ( 'NONE', *, *, #3649, .F. ) ;
#4011 = ORIENTED_EDGE ( 'NONE', *, *, #4033, .T. ) ;
#4012 = VERTEX_POINT ( 'NONE', #591 ) ;
#4013 = VERTEX_POINT ( 'NONE', #590 ) ;
#4014 = ORIENTED_EDGE ( 'NONE', *, *, #4015, .T. ) ;
#4015 = EDGE_CURVE ( 'NONE', #4013, #4012, #581, .T. ) ;
#4016 = EDGE_LOOP ( 'NONE', ( #3953, #3955, #3956, #3959 ) ) ;
#4017 = ORIENTED_EDGE ( 'NONE', *, *, #4018, .F. ) ;
#4018 = EDGE_CURVE ( 'NONE', #4013, #4031, #577, .T. ) ;
#4019 = EDGE_CURVE ( 'NONE', #4020, #3906, #601, .T. ) ;
#4020 = VERTEX_POINT ( 'NONE', #597 ) ;
#4021 = ORIENTED_EDGE ( 'NONE', *, *, #4022, .F. ) ;
#4022 = EDGE_CURVE ( 'NONE', #4023, #4020, #629, .T. ) ;
#4023 = VERTEX_POINT ( 'NONE', #625 ) ;
#4024 = ORIENTED_EDGE ( 'NONE', *, *, #4025, .T. ) ;
#4025 = EDGE_CURVE ( 'NONE', #4023, #3909, #623, .T. ) ;
#4026 = ADVANCED_FACE ( 'NONE', ( #619 ), #603, .F. ) ;
#4027 = EDGE_LOOP ( 'NONE', ( #3898, #4011, #4017, #4014 ) ) ;
#4028 = ORIENTED_EDGE ( 'NONE', *, *, #4467, .F. ) ;
#4029 = ORIENTED_EDGE ( 'NONE', *, *, #4030, .F. ) ;
#4030 = EDGE_CURVE ( 'NONE', #3653, #4647, #540, .T. ) ;
#4031 = VERTEX_POINT ( 'NONE', #536 ) ;
#4032 = ORIENTED_EDGE ( 'NONE', *, *, #4033, .F. ) ;
#4033 = EDGE_CURVE ( 'NONE', #4034, #4031, #535, .T. ) ;
#4034 = VERTEX_POINT ( 'NONE', #418 ) ;
#4035 = ORIENTED_EDGE ( 'NONE', *, *, #4036, .T. ) ;
#4036 = EDGE_CURVE ( 'NONE', #4034, #3966, #416, .T. ) ;
#4037 = ADVANCED_FACE ( 'NONE', ( #412 ), #530, .F. ) ;
#4038 = EDGE_LOOP ( 'NONE', ( #4039, #4040, #4021, #4024 ) ) ;
#4039 = ORIENTED_EDGE ( 'NONE', *, *, #3908, .F. ) ;
#4040 = ORIENTED_EDGE ( 'NONE', *, *, #4019, .F. ) ;
#4041 = ADVANCED_FACE ( 'NONE', ( #524 ), #529, .T. ) ;
#4042 = EDGE_LOOP ( 'NONE', ( #3903, #3776, #3777, #3778, #3779, #3773, #3774, #3761, #3762, #3763, #3764, #3765 ) ) ;
#4043 = ORIENTED_EDGE ( 'NONE', *, *, #4155, .F. ) ;
#4044 = ORIENTED_EDGE ( 'NONE', *, *, #3989, .F. ) ;
#4045 = ORIENTED_EDGE ( 'NONE', *, *, #3952, .F. ) ;
#4046 = ORIENTED_EDGE ( 'NONE', *, *, #3946, .F. ) ;
#4047 = ORIENTED_EDGE ( 'NONE', *, *, #3940, .F. ) ;
#4048 = ORIENTED_EDGE ( 'NONE', *, *, #4075, .T. ) ;
#4049 = ADVANCED_FACE ( 'NONE', ( #517 ), #503, .T. ) ;
#4050 = EDGE_LOOP ( 'NONE', ( #4051, #4052, #4053, #4054 ) ) ;
#4051 = ORIENTED_EDGE ( 'NONE', *, *, #3863, .T. ) ;
#4052 = ORIENTED_EDGE ( 'NONE', *, *, #4065, .T. ) ;
#4053 = ORIENTED_EDGE ( 'NONE', *, *, #3993, .T. ) ;
#4054 = ORIENTED_EDGE ( 'NONE', *, *, #4096, .T. ) ;
#4055 = EDGE_LOOP ( 'NONE', ( #4082, #4086, #4089, #4092 ) ) ;
#4056 = ORIENTED_EDGE ( 'NONE', *, *, #3926, .T. ) ;
#4057 = ADVANCED_FACE ( 'NONE', ( #497 ), #502, .F. ) ;
#4058 = ORIENTED_EDGE ( 'NONE', *, *, #5003, .T. ) ;
#4059 = ORIENTED_EDGE ( 'NONE', *, *, #3828, .F. ) ;
#4060 = ORIENTED_EDGE ( 'NONE', *, *, #3933, .T. ) ;
#4061 = ORIENTED_EDGE ( 'NONE', *, *, #3913, .T. ) ;
#4062 = ORIENTED_EDGE ( 'NONE', *, *, #3840, .T. ) ;
#4063 = ORIENTED_EDGE ( 'NONE', *, *, #3997, .T. ) ;
#4064 = ORIENTED_EDGE ( 'NONE', *, *, #4065, .F. ) ;
#4065 = EDGE_CURVE ( 'NONE', #3929, #3994, #495, .T. ) ;
#4066 = ORIENTED_EDGE ( 'NONE', *, *, #3832, .F. ) ;
#4067 = ORIENTED_EDGE ( 'NONE', *, *, #3836, .F. ) ;
#4068 = ORIENTED_EDGE ( 'NONE', *, *, #3970, .F. ) ;
#4069 = ORIENTED_EDGE ( 'NONE', *, *, #3949, .F. ) ;
#4070 = ORIENTED_EDGE ( 'NONE', *, *, #3825, .T. ) ;
#4071 = ADVANCED_FACE ( 'NONE', ( #482 ), #467, .F. ) ;
#4072 = EDGE_LOOP ( 'NONE', ( #4073, #4074, #4076, #4056 ) ) ;
#4073 = ORIENTED_EDGE ( 'NONE', *, *, #4453, .T. ) ;
#4074 = ORIENTED_EDGE ( 'NONE', *, *, #4075, .F. ) ;
#4075 = EDGE_CURVE ( 'NONE', #3941, #5004, #462, .T. ) ;
#4076 = ORIENTED_EDGE ( 'NONE', *, *, #3820, .F. ) ;
#4077 = EDGE_LOOP ( 'NONE', ( #4058, #4059, #4060, #4061, #4062, #4063, #4064, #4044, #4045, #4046, #4047, #4048 ) ) ;
#4078 = EDGE_CURVE ( 'NONE', #4079, #4091, #457, .T. ) ;
#4079 = VERTEX_POINT ( 'NONE', #452 ) ;
#4080 = ORIENTED_EDGE ( 'NONE', *, *, #4090, .T. ) ;
#4081 = ADVANCED_FACE ( 'NONE', ( #451 ), #436, .F. ) ;
#4082 = ORIENTED_EDGE ( 'NONE', *, *, #4083, .F. ) ;
#4083 = EDGE_CURVE ( 'NONE', #4084, #4085, #433, .T. ) ;
#4084 = VERTEX_POINT ( 'NONE', #427 ) ;
#4085 = VERTEX_POINT ( 'NONE', #426 ) ;
#4086 = ORIENTED_EDGE ( 'NONE', *, *, #4087, .F. ) ;
#4087 = EDGE_CURVE ( 'NONE', #4088, #4084, #571, .T. ) ;
#4088 = VERTEX_POINT ( 'NONE', #567 ) ;
#4089 = ORIENTED_EDGE ( 'NONE', *, *, #4090, .F. ) ;
#4090 = EDGE_CURVE ( 'NONE', #4091, #4088, #566, .T. ) ;
#4091 = VERTEX_POINT ( 'NONE', #562 ) ;
#4092 = ORIENTED_EDGE ( 'NONE', *, *, #4093, .T. ) ;
#4093 = EDGE_CURVE ( 'NONE', #4091, #4085, #560, .T. ) ;
#4094 = ADVANCED_FACE ( 'NONE', ( #556 ), #685, .F. ) ;
#4095 = EDGE_LOOP ( 'NONE', ( #4354, #4390, #4393, #4396 ) ) ;
#4096 = EDGE_CURVE ( 'NONE', #3995, #3928, #684, .T. ) ;
#4097 = ORIENTED_EDGE ( 'NONE', *, *, #4098, .F. ) ;
#4098 = EDGE_CURVE ( 'NONE', #4099, #4088, #635, .T. ) ;
#4099 = VERTEX_POINT ( 'NONE', #630 ) ;
#4100 = ORIENTED_EDGE ( 'NONE', *, *, #4101, .T. ) ;
#4101 = EDGE_CURVE ( 'NONE', #4099, #4079, #826, .T. ) ;
#4102 = ADVANCED_FACE ( 'NONE', ( #822 ), #806, .F. ) ;
#4103 = EDGE_LOOP ( 'NONE', ( #4104, #4105, #4108, #4111 ) ) ;
#4104 = ORIENTED_EDGE ( 'NONE', *, *, #4194, .F. ) ;
#4105 = ORIENTED_EDGE ( 'NONE', *, *, #4106, .F. ) ;
#4106 = EDGE_CURVE ( 'NONE', #4107, #4192, #805, .T. ) ;
#4107 = VERTEX_POINT ( 'NONE', #798 ) ;
#4108 = ORIENTED_EDGE ( 'NONE', *, *, #4109, .F. ) ;
#4109 = EDGE_CURVE ( 'NONE', #4110, #4107, #797, .T. ) ;
#4110 = VERTEX_POINT ( 'NONE', #793 ) ;
#4111 = ORIENTED_EDGE ( 'NONE', *, *, #4112, .T. ) ;
#4112 = EDGE_CURVE ( 'NONE', #4110, #4198, #791, .T. ) ;
#4113 = ADVANCED_FACE ( 'NONE', ( #699 ), #747, .F. ) ;
#4114 = EDGE_LOOP ( 'NONE', ( #4115, #4116, #4043, #4223 ) ) ;
#4115 = ORIENTED_EDGE ( 'NONE', *, *, #4101, .F. ) ;
#4116 = ORIENTED_EDGE ( 'NONE', *, *, #4117, .F. ) ;
#4117 = EDGE_CURVE ( 'NONE', #4118, #4099, #746, .T. ) ;
#4118 = VERTEX_POINT ( 'NONE', #738 ) ;
#4119 = VERTEX_POINT ( 'NONE', #737 ) ;
#4120 = ORIENTED_EDGE ( 'NONE', *, *, #4121, .F. ) ;
#4121 = EDGE_CURVE ( 'NONE', #4122, #4119, #707, .T. ) ;
#4122 = VERTEX_POINT ( 'NONE', #703 ) ;
#4123 = ORIENTED_EDGE ( 'NONE', *, *, #4124, .T. ) ;
#4124 = EDGE_CURVE ( 'NONE', #4122, #4360, #701, .T. ) ;
#4125 = ADVANCED_FACE ( 'NONE', ( #702 ), #718, .T. ) ;
#4126 = ORIENTED_EDGE ( 'NONE', *, *, #5644, .T. ) ;
#4127 = ADVANCED_FACE ( 'NONE', ( #712 ), #717, .T. ) ;
#4128 = EDGE_LOOP ( 'NONE', ( #4622, #4623, #4624, #4613, #4614, #4615, #4616, #4618, #4619, #4620, #4621, #4625 ) ) ;
#4129 = ORIENTED_EDGE ( 'NONE', *, *, #5414, .T. ) ;
#4130 = EDGE_CURVE ( 'NONE', #5415, #4679, #683, .T. ) ;
#4131 = ORIENTED_EDGE ( 'NONE', *, *, #4130, .F. ) ;
#4132 = ORIENTED_EDGE ( 'NONE', *, *, #4298, .F. ) ;
#4133 = ORIENTED_EDGE ( 'NONE', *, *, #4134, .F. ) ;
#4134 = EDGE_CURVE ( 'NONE', #4135, #4296, #679, .T. ) ;
#4135 = VERTEX_POINT ( 'NONE', #674 ) ;
#4136 = ORIENTED_EDGE ( 'NONE', *, *, #4137, .F. ) ;
#4137 = EDGE_CURVE ( 'NONE', #4138, #4135, #673, .T. ) ;
#4138 = VERTEX_POINT ( 'NONE', #669 ) ;
#4139 = ORIENTED_EDGE ( 'NONE', *, *, #4228, .F. ) ;
#4140 = ORIENTED_EDGE ( 'NONE', *, *, #4384, .F. ) ;
#4141 = VERTEX_POINT ( 'NONE', #668 ) ;
#4142 = ORIENTED_EDGE ( 'NONE', *, *, #4155, .T. ) ;
#4143 = ORIENTED_EDGE ( 'NONE', *, *, #4144, .F. ) ;
#4144 = EDGE_CURVE ( 'NONE', #4145, #4118, #667, .T. ) ;
#4145 = VERTEX_POINT ( 'NONE', #662 ) ;
#4146 = ORIENTED_EDGE ( 'NONE', *, *, #4147, .T. ) ;
#4147 = EDGE_CURVE ( 'NONE', #4145, #4141, #661, .T. ) ;
#4148 = EDGE_CURVE ( 'NONE', #4149, #4110, #657, .T. ) ;
#4149 = VERTEX_POINT ( 'NONE', #648 ) ;
#4150 = ORIENTED_EDGE ( 'NONE', *, *, #4404, .T. ) ;
#4151 = ADVANCED_FACE ( 'NONE', ( #647 ), #762, .F. ) ;
#4152 = EDGE_LOOP ( 'NONE', ( #4153, #4154, #4225, #4226 ) ) ;
#4153 = ORIENTED_EDGE ( 'NONE', *, *, #4450, .T. ) ;
#4154 = ORIENTED_EDGE ( 'NONE', *, *, #4224, .F. ) ;
#4155 = EDGE_CURVE ( 'NONE', #4429, #4118, #761, .T. ) ;
#4156 = ORIENTED_EDGE ( 'NONE', *, *, #4197, .F. ) ;
#4157 = ORIENTED_EDGE ( 'NONE', *, *, #4112, .F. ) ;
#4158 = ORIENTED_EDGE ( 'NONE', *, *, #4148, .F. ) ;
#4159 = ORIENTED_EDGE ( 'NONE', *, *, #4109, .T. ) ;
#4160 = ORIENTED_EDGE ( 'NONE', *, *, #4181, .F. ) ;
#4161 = ORIENTED_EDGE ( 'NONE', *, *, #4338, .F. ) ;
#4162 = ORIENTED_EDGE ( 'NONE', *, *, #4325, .F. ) ;
#4163 = ORIENTED_EDGE ( 'NONE', *, *, #4378, .T. ) ;
#4164 = EDGE_LOOP ( 'NONE', ( #4169, #4170, #4171, #4172 ) ) ;
#4165 = ORIENTED_EDGE ( 'NONE', *, *, #4236, .T. ) ;
#4166 = ORIENTED_EDGE ( 'NONE', *, *, #4167, .F. ) ;
#4167 = EDGE_CURVE ( 'NONE', #4210, #4233, #753, .T. ) ;
#4168 = ADVANCED_FACE ( 'NONE', ( #778 ), #787, .T. ) ;
#4169 = ORIENTED_EDGE ( 'NONE', *, *, #4208, .T. ) ;
#4170 = ORIENTED_EDGE ( 'NONE', *, *, #4167, .T. ) ;
#4171 = ORIENTED_EDGE ( 'NONE', *, *, #4232, .T. ) ;
#4172 = ORIENTED_EDGE ( 'NONE', *, *, #4408, .T. ) ;
#4173 = CLOSED_SHELL ( 'NONE', ( #5087, #4543, #4808, #4792, #4782, #5007, #4993, #4981, #4606, #4655, #4670, #4599, #4743, #4442, #4764, #4715, #4558, #4518, #4584, #4525, #4549, #4569, #4485, #5043, #4929, #5013, #5053, #5059, #4847, #4928, #5071, #5079, #4880, #4823, #4890, #4882, #4889, #4904, #4911, #4951, #4958, #4814, #4832, #4838, #4913, #4919, #4866, #5228, #5163, #5254, #5262, #5273, #5169, #5176, #5229, #5120, #5125, #5226, #4859, #4868, #4875, #5374, #5309, #5126, #5301, #5146, #5152, #5382, #5388, #5241, #5135, #5162, #5390, #5105, #5113, #5217, #5205, #5291, #5275, #5095, #5187, #5339, #5183, #5091, #5335, #5492, #5416, #5642, #5474, #5427, #5504, #5398, #5488, #4127, #4626, #4285, #4299, #4370, #4316, #4125, #4310, #4633, #3795, #3725, #3792, #3681, #3688, #3692, #3698, #3804, #3672, #3578, #3584, #3601, #3604, #3657, #3620, #3594, #3635, #4041, #3766, #3746, #3636, #3987, #3900, #3809, #4037, #4026, #3895, #3961, #3868, #3890, #3887, #3854, #3860, #3990, #3833, #3950, #3982, #3971, #3947, #3937, #3821, #3829, #4071, #4057, #4049, #4081, #4094, #4283, #4398, #4102, #4113, #4211, #4239, #4400, #4350, #4151, #4212, #4437, #4205, #4229, #4342, #4381, #4264, #4248, #4339, #4322, #4333, #4277, #4374, #4176, #4168 ) ) ;
#4174 = ORIENTED_EDGE ( 'NONE', *, *, #4276, .F. ) ;
#4175 = ORIENTED_EDGE ( 'NONE', *, *, #4344, .T. ) ;
#4176 = ADVANCED_FACE ( 'NONE', ( #782 ), #781, .F. ) ;
#4177 = EDGE_LOOP ( 'NONE', ( #4178, #4174, #4175, #4179, #4180, #4165, #4166, #4139, #4140, #4161, #4162, #4163 ) ) ;
#4178 = ORIENTED_EDGE ( 'NONE', *, *, #4795, .T. ) ;
#4179 = ORIENTED_EDGE ( 'NONE', *, *, #4268, .T. ) ;
#4180 = ORIENTED_EDGE ( 'NONE', *, *, #4416, .T. ) ;
#4181 = EDGE_CURVE ( 'NONE', #4182, #4107, #847, .T. ) ;
#4182 = VERTEX_POINT ( 'NONE', #842 ) ;
#4183 = EDGE_LOOP ( 'NONE', ( #4240, #4142, #4143, #4146 ) ) ;
#4184 = EDGE_CURVE ( 'NONE', #4145, #4787, #840, .T. ) ;
#4185 = ORIENTED_EDGE ( 'NONE', *, *, #4144, .T. ) ;
#4186 = ORIENTED_EDGE ( 'NONE', *, *, #4117, .T. ) ;
#4187 = ORIENTED_EDGE ( 'NONE', *, *, #4098, .T. ) ;
#4188 = ORIENTED_EDGE ( 'NONE', *, *, #4087, .T. ) ;
#4189 = ORIENTED_EDGE ( 'NONE', *, *, #4190, .F. ) ;
#4190 = EDGE_CURVE ( 'NONE', #4389, #4084, #1008, .T. ) ;
#4191 = ORIENTED_EDGE ( 'NONE', *, *, #4397, .F. ) ;
#4192 = VERTEX_POINT ( 'NONE', #1009 ) ;
#4193 = ORIENTED_EDGE ( 'NONE', *, *, #4194, .T. ) ;
#4194 = EDGE_CURVE ( 'NONE', #4192, #4198, #1016, .T. ) ;
#4195 = ORIENTED_EDGE ( 'NONE', *, *, #4078, .T. ) ;
#4196 = ORIENTED_EDGE ( 'NONE', *, *, #4197, .T. ) ;
#4197 = EDGE_CURVE ( 'NONE', #4198, #4395, #1012, .T. ) ;
#4198 = VERTEX_POINT ( 'NONE', #1071 ) ;
#4199 = ORIENTED_EDGE ( 'NONE', *, *, #4394, .T. ) ;
#4200 = ORIENTED_EDGE ( 'NONE', *, *, #4201, .F. ) ;
#4201 = EDGE_CURVE ( 'NONE', #4192, #4392, #1069, .T. ) ;
#4202 = ORIENTED_EDGE ( 'NONE', *, *, #4425, .T. ) ;
#4203 = ORIENTED_EDGE ( 'NONE', *, *, #4355, .T. ) ;
#4204 = ORIENTED_EDGE ( 'NONE', *, *, #4190, .T. ) ;
#4205 = ADVANCED_FACE ( 'NONE', ( #1070 ), #1049, .F. ) ;
#4206 = EDGE_LOOP ( 'NONE', ( #4207, #4217, #4220, #4227 ) ) ;
#4207 = ORIENTED_EDGE ( 'NONE', *, *, #4208, .F. ) ;
#4208 = EDGE_CURVE ( 'NONE', #4209, #4210, #1048, .T. ) ;
#4209 = VERTEX_POINT ( 'NONE', #1040 ) ;
#4210 = VERTEX_POINT ( 'NONE', #1039 ) ;
#4211 = ADVANCED_FACE ( 'NONE', ( #1038 ), #1020, .F. ) ;
#4212 = ADVANCED_FACE ( 'NONE', ( #1021 ), #1006, .F. ) ;
#4213 = EDGE_LOOP ( 'NONE', ( #4214, #4215, #4216, #4432, #4433, #4434, #4424, #4426, #4427, #4428, #4435, #4436 ) ) ;
#4214 = ORIENTED_EDGE ( 'NONE', *, *, #4789, .T. ) ;
#4215 = ORIENTED_EDGE ( 'NONE', *, *, #4349, .F. ) ;
#4216 = ORIENTED_EDGE ( 'NONE', *, *, #4181, .T. ) ;
#4217 = ORIENTED_EDGE ( 'NONE', *, *, #4218, .F. ) ;
#4218 = EDGE_CURVE ( 'NONE', #4219, #4209, #1004, .T. ) ;
#4219 = VERTEX_POINT ( 'NONE', #997 ) ;
#4220 = ORIENTED_EDGE ( 'NONE', *, *, #4221, .F. ) ;
#4221 = EDGE_CURVE ( 'NONE', #4222, #4219, #996, .T. ) ;
#4222 = VERTEX_POINT ( 'NONE', #992 ) ;
#4223 = ORIENTED_EDGE ( 'NONE', *, *, #4399, .T. ) ;
#4224 = EDGE_CURVE ( 'NONE', #4141, #4535, #955, .T. ) ;
#4225 = ORIENTED_EDGE ( 'NONE', *, *, #4147, .F. ) ;
#4226 = ORIENTED_EDGE ( 'NONE', *, *, #4184, .T. ) ;
#4227 = ORIENTED_EDGE ( 'NONE', *, *, #4228, .T. ) ;
#4228 = EDGE_CURVE ( 'NONE', #4222, #4210, #950, .T. ) ;
#4229 = ADVANCED_FACE ( 'NONE', ( #946 ), #931, .F. ) ;
#4230 = EDGE_LOOP ( 'NONE', ( #4231, #4235, #4417, #4270 ) ) ;
#4231 = ORIENTED_EDGE ( 'NONE', *, *, #4232, .F. ) ;
#4232 = EDGE_CURVE ( 'NONE', #4233, #4234, #930, .T. ) ;
#4233 = VERTEX_POINT ( 'NONE', #922 ) ;
#4234 = VERTEX_POINT ( 'NONE', #921 ) ;
#4235 = ORIENTED_EDGE ( 'NONE', *, *, #4236, .F. ) ;
#4236 = EDGE_CURVE ( 'NONE', #3864, #4233, #920, .T. ) ;
#4237 = ORIENTED_EDGE ( 'NONE', *, *, #4238, .T. ) ;
#4238 = EDGE_CURVE ( 'NONE', #4182, #4149, #915, .T. ) ;
#4239 = ADVANCED_FACE ( 'NONE', ( #911 ), #978, .T. ) ;
#4240 = ORIENTED_EDGE ( 'NONE', *, *, #4241, .T. ) ;
#4241 = EDGE_CURVE ( 'NONE', #4141, #4429, #979, .T. ) ;
#4242 = EDGE_LOOP ( 'NONE', ( #4195, #4080, #4097, #4100 ) ) ;
#4243 = ORIENTED_EDGE ( 'NONE', *, *, #4244, .F. ) ;
#4244 = EDGE_CURVE ( 'NONE', #4245, #4269, #970, .T. ) ;
#4245 = VERTEX_POINT ( 'NONE', #877 ) ;
#4246 = ORIENTED_EDGE ( 'NONE', *, *, #4247, .T. ) ;
#4247 = EDGE_CURVE ( 'NONE', #4245, #4321, #875, .T. ) ;
#4248 = ADVANCED_FACE ( 'NONE', ( #871 ), #856, .F. ) ;
#4249 = EDGE_LOOP ( 'NONE', ( #4250, #4251, #4254, #4337 ) ) ;
#4250 = ORIENTED_EDGE ( 'NONE', *, *, #4263, .F. ) ;
#4251 = ORIENTED_EDGE ( 'NONE', *, *, #4252, .F. ) ;
#4252 = EDGE_CURVE ( 'NONE', #4253, #4261, #855, .T. ) ;
#4253 = VERTEX_POINT ( 'NONE', #904 ) ;
#4254 = ORIENTED_EDGE ( 'NONE', *, *, #4335, .F. ) ;
#4255 = EDGE_LOOP ( 'NONE', ( #4343, #4258, #4415, #4257 ) ) ;
#4256 = VERTEX_POINT ( 'NONE', #903 ) ;
#4257 = ORIENTED_EDGE ( 'NONE', *, *, #4271, .T. ) ;
#4258 = ORIENTED_EDGE ( 'NONE', *, *, #4411, .T. ) ;
#4259 = ORIENTED_EDGE ( 'NONE', *, *, #4260, .F. ) ;
#4260 = EDGE_CURVE ( 'NONE', #4261, #4219, #902, .T. ) ;
#4261 = VERTEX_POINT ( 'NONE', #897 ) ;
#4262 = ORIENTED_EDGE ( 'NONE', *, *, #4263, .T. ) ;
#4263 = EDGE_CURVE ( 'NONE', #4261, #4272, #895, .T. ) ;
#4264 = ADVANCED_FACE ( 'NONE', ( #891 ), #965, .F. ) ;
#4265 = EDGE_LOOP ( 'NONE', ( #4266, #4267, #4243, #4246 ) ) ;
#4266 = ORIENTED_EDGE ( 'NONE', *, *, #4271, .F. ) ;
#4267 = ORIENTED_EDGE ( 'NONE', *, *, #4268, .F. ) ;
#4268 = EDGE_CURVE ( 'NONE', #4269, #4256, #960, .T. ) ;
#4269 = VERTEX_POINT ( 'NONE', #956 ) ;
#4270 = ORIENTED_EDGE ( 'NONE', *, *, #4347, .T. ) ;
#4271 = EDGE_CURVE ( 'NONE', #4256, #4321, #324, .T. ) ;
#4272 = VERTEX_POINT ( 'NONE', #1214 ) ;
#4273 = ORIENTED_EDGE ( 'NONE', *, *, #4221, .T. ) ;
#4274 = ORIENTED_EDGE ( 'NONE', *, *, #4346, .F. ) ;
#4275 = ORIENTED_EDGE ( 'NONE', *, *, #4276, .T. ) ;
#4276 = EDGE_CURVE ( 'NONE', #4423, #4797, #1218, .T. ) ;
#4277 = ADVANCED_FACE ( 'NONE', ( #1226 ), #1099, .F. ) ;
#4278 = EDGE_LOOP ( 'NONE', ( #4279, #4280, #4385, #4386, #4387, #4388, #4407, #4409, #4410, #4348, #4372, #4373 ) ) ;
#4279 = ORIENTED_EDGE ( 'NONE', *, *, #4811, .T. ) ;
#4280 = ORIENTED_EDGE ( 'NONE', *, *, #4281, .F. ) ;
#4281 = EDGE_CURVE ( 'NONE', #4330, #4813, #1230, .T. ) ;
#4282 = EDGE_CURVE ( 'NONE', #4321, #4341, #1215, .T. ) ;
#4283 = ADVANCED_FACE ( 'NONE', ( #1103 ), #1204, .T. ) ;
#4284 = EDGE_LOOP ( 'NONE', ( #4196, #4199, #4200, #4193 ) ) ;
#4285 = ADVANCED_FACE ( 'NONE', ( #1205 ), #1241, .T. ) ;
#4286 = EDGE_LOOP ( 'NONE', ( #4287, #4291, #4294, #4297 ) ) ;
#4287 = ORIENTED_EDGE ( 'NONE', *, *, #4288, .T. ) ;
#4288 = EDGE_CURVE ( 'NONE', #4289, #4290, #1153, .T. ) ;
#4289 = VERTEX_POINT ( 'NONE', #1149 ) ;
#4290 = VERTEX_POINT ( 'NONE', #1148 ) ;
#4291 = ORIENTED_EDGE ( 'NONE', *, *, #4292, .T. ) ;
#4292 = EDGE_CURVE ( 'NONE', #4290, #4293, #1147, .T. ) ;
#4293 = VERTEX_POINT ( 'NONE', #1143 ) ;
#4294 = ORIENTED_EDGE ( 'NONE', *, *, #4295, .F. ) ;
#4295 = EDGE_CURVE ( 'NONE', #4296, #4293, #1142, .T. ) ;
#4296 = VERTEX_POINT ( 'NONE', #1138 ) ;
#4297 = ORIENTED_EDGE ( 'NONE', *, *, #4298, .T. ) ;
#4298 = EDGE_CURVE ( 'NONE', #4296, #4289, #1132, .T. ) ;
#4299 = ADVANCED_FACE ( 'NONE', ( #1128 ), #1199, .T. ) ;
#4300 = EDGE_LOOP ( 'NONE', ( #4301, #4304, #4305, #4308 ) ) ;
#4301 = ORIENTED_EDGE ( 'NONE', *, *, #4302, .T. ) ;
#4302 = EDGE_CURVE ( 'NONE', #4303, #4138, #1198, .T. ) ;
#4303 = VERTEX_POINT ( 'NONE', #1190 ) ;
#4304 = ORIENTED_EDGE ( 'NONE', *, *, #4137, .T. ) ;
#4305 = ORIENTED_EDGE ( 'NONE', *, *, #4306, .F. ) ;
#4306 = EDGE_CURVE ( 'NONE', #4307, #4135, #1097, .T. ) ;
#4307 = VERTEX_POINT ( 'NONE', #1093 ) ;
#4308 = ORIENTED_EDGE ( 'NONE', *, *, #4309, .T. ) ;
#4309 = EDGE_CURVE ( 'NONE', #4307, #4303, #1091, .T. ) ;
#4310 = ADVANCED_FACE ( 'NONE', ( #1087 ), #1219, .T. ) ;
#4311 = EDGE_LOOP ( 'NONE', ( #4312, #4639, #4640, #4530 ) ) ;
#4312 = ORIENTED_EDGE ( 'NONE', *, *, #4313, .T. ) ;
#4313 = EDGE_CURVE ( 'NONE', #4638, #4122, #1188, .T. ) ;
#4314 = ORIENTED_EDGE ( 'NONE', *, *, #4315, .T. ) ;
#4315 = EDGE_CURVE ( 'NONE', #4138, #4289, #1179, .T. ) ;
#4316 = ADVANCED_FACE ( 'NONE', ( #1174 ), #1234, .F. ) ;
#4317 = EDGE_LOOP ( 'NONE', ( #4318, #4319, #4120, #4123 ) ) ;
#4318 = ORIENTED_EDGE ( 'NONE', *, *, #4369, .F. ) ;
#4319 = ORIENTED_EDGE ( 'NONE', *, *, #4320, .F. ) ;
#4320 = EDGE_CURVE ( 'NONE', #4119, #4367, #144, .T. ) ;
#4321 = VERTEX_POINT ( 'NONE', #1438 ) ;
#4322 = ADVANCED_FACE ( 'NONE', ( #1303 ), #1371, .T. ) ;
#4323 = EDGE_LOOP ( 'NONE', ( #4324, #4327, #4328, #4331 ) ) ;
#4324 = ORIENTED_EDGE ( 'NONE', *, *, #4325, .T. ) ;
#4325 = EDGE_CURVE ( 'NONE', #4326, #4336, #1366, .T. ) ;
#4326 = VERTEX_POINT ( 'NONE', #1367 ) ;
#4327 = ORIENTED_EDGE ( 'NONE', *, *, #4335, .T. ) ;
#4328 = ORIENTED_EDGE ( 'NONE', *, *, #4329, .F. ) ;
#4329 = EDGE_CURVE ( 'NONE', #4330, #4253, #1467, .T. ) ;
#4330 = VERTEX_POINT ( 'NONE', #1462 ) ;
#4331 = ORIENTED_EDGE ( 'NONE', *, *, #4332, .T. ) ;
#4332 = EDGE_CURVE ( 'NONE', #4330, #4326, #1460, .T. ) ;
#4333 = ADVANCED_FACE ( 'NONE', ( #1456 ), #1441, .F. ) ;
#4334 = EDGE_LOOP ( 'NONE', ( #4412, #4413, #4274, #4275 ) ) ;
#4335 = EDGE_CURVE ( 'NONE', #4336, #4253, #1418, .T. ) ;
#4336 = VERTEX_POINT ( 'NONE', #1410 ) ;
#4337 = ORIENTED_EDGE ( 'NONE', *, *, #4338, .T. ) ;
#4338 = EDGE_CURVE ( 'NONE', #4336, #4272, #1408, .T. ) ;
#4339 = ADVANCED_FACE ( 'NONE', ( #1404 ), #1385, .F. ) ;
#4340 = EDGE_LOOP ( 'NONE', ( #4418, #4421, #4422, #4345 ) ) ;
#4341 = VERTEX_POINT ( 'NONE', #1386 ) ;
#4342 = ADVANCED_FACE ( 'NONE', ( #1381 ), #1428, .T. ) ;
#4343 = ORIENTED_EDGE ( 'NONE', *, *, #4282, .T. ) ;
#4344 = EDGE_CURVE ( 'NONE', #4423, #4269, #1429, .T. ) ;
#4345 = ORIENTED_EDGE ( 'NONE', *, *, #4346, .T. ) ;
#4346 = EDGE_CURVE ( 'NONE', #4423, #4420, #1420, .T. ) ;
#4347 = EDGE_CURVE ( 'NONE', #4341, #4234, #1324, .T. ) ;
#4348 = ORIENTED_EDGE ( 'NONE', *, *, #4247, .F. ) ;
#4349 = EDGE_CURVE ( 'NONE', #4182, #4533, #1320, .T. ) ;
#4350 = ADVANCED_FACE ( 'NONE', ( #1358 ), #1356, .F. ) ;
#4351 = EDGE_LOOP ( 'NONE', ( #4352, #4353, #4185, #4186, #4187, #4188, #4189, #4191, #4156, #4157, #4158, #4150 ) ) ;
#4352 = ORIENTED_EDGE ( 'NONE', *, *, #4785, .T. ) ;
#4353 = ORIENTED_EDGE ( 'NONE', *, *, #4184, .F. ) ;
#4354 = ORIENTED_EDGE ( 'NONE', *, *, #4355, .F. ) ;
#4355 = EDGE_CURVE ( 'NONE', #4356, #4389, #1357, .T. ) ;
#4356 = VERTEX_POINT ( 'NONE', #1348 ) ;
#4357 = EDGE_LOOP ( 'NONE', ( #4358, #4362, #4365, #4368 ) ) ;
#4358 = ORIENTED_EDGE ( 'NONE', *, *, #4359, .T. ) ;
#4359 = EDGE_CURVE ( 'NONE', #4360, #4361, #1347, .T. ) ;
#4360 = VERTEX_POINT ( 'NONE', #1343 ) ;
#4361 = VERTEX_POINT ( 'NONE', #1342 ) ;
#4362 = ORIENTED_EDGE ( 'NONE', *, *, #4363, .T. ) ;
#4363 = EDGE_CURVE ( 'NONE', #4361, #4364, #1341, .T. ) ;
#4364 = VERTEX_POINT ( 'NONE', #1337 ) ;
#4365 = ORIENTED_EDGE ( 'NONE', *, *, #4366, .F. ) ;
#4366 = EDGE_CURVE ( 'NONE', #4367, #4364, #1336, .T. ) ;
#4367 = VERTEX_POINT ( 'NONE', #1332 ) ;
#4368 = ORIENTED_EDGE ( 'NONE', *, *, #4369, .T. ) ;
#4369 = EDGE_CURVE ( 'NONE', #4367, #4360, #1330, .T. ) ;
#4370 = ADVANCED_FACE ( 'NONE', ( #1317 ), #1291, .T. ) ;
#4371 = EDGE_LOOP ( 'NONE', ( #4132, #4133, #4136, #4314 ) ) ;
#4372 = ORIENTED_EDGE ( 'NONE', *, *, #4419, .F. ) ;
#4373 = ORIENTED_EDGE ( 'NONE', *, *, #4414, .T. ) ;
#4374 = ADVANCED_FACE ( 'NONE', ( #1292 ), #1269, .F. ) ;
#4375 = EDGE_LOOP ( 'NONE', ( #4376, #4377, #4379, #4380 ) ) ;
#4376 = ORIENTED_EDGE ( 'NONE', *, *, #4725, .T. ) ;
#4377 = ORIENTED_EDGE ( 'NONE', *, *, #4378, .F. ) ;
#4378 = EDGE_CURVE ( 'NONE', #4326, #4796, #1268, .T. ) ;
#4379 = ORIENTED_EDGE ( 'NONE', *, *, #4332, .F. ) ;
#4380 = ORIENTED_EDGE ( 'NONE', *, *, #4281, .T. ) ;
#4381 = ADVANCED_FACE ( 'NONE', ( #1259 ), #1657, .F. ) ;
#4382 = EDGE_LOOP ( 'NONE', ( #4383, #4273, #4259, #4262 ) ) ;
#4383 = ORIENTED_EDGE ( 'NONE', *, *, #4384, .T. ) ;
#4384 = EDGE_CURVE ( 'NONE', #4272, #4222, #1658, .T. ) ;
#4385 = ORIENTED_EDGE ( 'NONE', *, *, #4329, .T. ) ;
#4386 = ORIENTED_EDGE ( 'NONE', *, *, #4252, .T. ) ;
#4387 = ORIENTED_EDGE ( 'NONE', *, *, #4260, .T. ) ;
#4388 = ORIENTED_EDGE ( 'NONE', *, *, #4218, .T. ) ;
#4389 = VERTEX_POINT ( 'NONE', #1521 ) ;
#4390 = ORIENTED_EDGE ( 'NONE', *, *, #4391, .F. ) ;
#4391 = EDGE_CURVE ( 'NONE', #4392, #4356, #1520, .T. ) ;
#4392 = VERTEX_POINT ( 'NONE', #1516 ) ;
#4393 = ORIENTED_EDGE ( 'NONE', *, *, #4394, .F. ) ;
#4394 = EDGE_CURVE ( 'NONE', #4395, #4392, #1515, .T. ) ;
#4395 = VERTEX_POINT ( 'NONE', #1651 ) ;
#4396 = ORIENTED_EDGE ( 'NONE', *, *, #4397, .T. ) ;
#4397 = EDGE_CURVE ( 'NONE', #4395, #4389, #1649, .T. ) ;
#4398 = ADVANCED_FACE ( 'NONE', ( #1645 ), #1629, .F. ) ;
#4399 = EDGE_CURVE ( 'NONE', #4429, #4079, #1599, .T. ) ;
#4400 = ADVANCED_FACE ( 'NONE', ( #1595 ), #1580, .F. ) ;
#4401 = EDGE_LOOP ( 'NONE', ( #4402, #4403, #4405, #4406 ) ) ;
#4402 = ORIENTED_EDGE ( 'NONE', *, *, #4747, .T. ) ;
#4403 = ORIENTED_EDGE ( 'NONE', *, *, #4404, .F. ) ;
#4404 = EDGE_CURVE ( 'NONE', #4149, #4786, #1579, .T. ) ;
#4405 = ORIENTED_EDGE ( 'NONE', *, *, #4238, .F. ) ;
#4406 = ORIENTED_EDGE ( 'NONE', *, *, #4349, .T. ) ;
#4407 = ORIENTED_EDGE ( 'NONE', *, *, #4408, .F. ) ;
#4408 = EDGE_CURVE ( 'NONE', #4234, #4209, #1551, .T. ) ;
#4409 = ORIENTED_EDGE ( 'NONE', *, *, #4347, .F. ) ;
#4410 = ORIENTED_EDGE ( 'NONE', *, *, #4282, .F. ) ;
#4411 = EDGE_CURVE ( 'NONE', #4341, #3864, #1547, .T. ) ;
#4412 = ORIENTED_EDGE ( 'NONE', *, *, #4750, .T. ) ;
#4413 = ORIENTED_EDGE ( 'NONE', *, *, #4414, .F. ) ;
#4414 = EDGE_CURVE ( 'NONE', #4420, #4812, #1543, .T. ) ;
#4415 = ORIENTED_EDGE ( 'NONE', *, *, #4416, .F. ) ;
#4416 = EDGE_CURVE ( 'NONE', #4256, #3864, #1539, .T. ) ;
#4417 = ORIENTED_EDGE ( 'NONE', *, *, #4411, .F. ) ;
#4418 = ORIENTED_EDGE ( 'NONE', *, *, #4419, .T. ) ;
#4419 = EDGE_CURVE ( 'NONE', #4420, #4245, #1534, .T. ) ;
#4420 = VERTEX_POINT ( 'NONE', #1529 ) ;
#4421 = ORIENTED_EDGE ( 'NONE', *, *, #4244, .T. ) ;
#4422 = ORIENTED_EDGE ( 'NONE', *, *, #4344, .F. ) ;
#4423 = VERTEX_POINT ( 'NONE', #1528 ) ;
#4424 = ORIENTED_EDGE ( 'NONE', *, *, #4425, .F. ) ;
#4425 = EDGE_CURVE ( 'NONE', #4085, #4356, #1513, .T. ) ;
#4426 = ORIENTED_EDGE ( 'NONE', *, *, #4093, .F. ) ;
#4427 = ORIENTED_EDGE ( 'NONE', *, *, #4078, .F. ) ;
#4428 = ORIENTED_EDGE ( 'NONE', *, *, #4399, .F. ) ;
#4429 = VERTEX_POINT ( 'NONE', #1509 ) ;
#4430 = ORIENTED_EDGE ( 'NONE', *, *, #4148, .T. ) ;
#4431 = EDGE_LOOP ( 'NONE', ( #4430, #4159, #4160, #4237 ) ) ;
#4432 = ORIENTED_EDGE ( 'NONE', *, *, #4106, .T. ) ;
#4433 = ORIENTED_EDGE ( 'NONE', *, *, #4201, .T. ) ;
#4434 = ORIENTED_EDGE ( 'NONE', *, *, #4391, .T. ) ;
#4435 = ORIENTED_EDGE ( 'NONE', *, *, #4241, .F. ) ;
#4436 = ORIENTED_EDGE ( 'NONE', *, *, #4224, .T. ) ;
#4437 = ADVANCED_FACE ( 'NONE', ( #1508 ), #1492, .T. ) ;
#4438 = EDGE_LOOP ( 'NONE', ( #4439, #4202, #4203, #4204 ) ) ;
#4439 = ORIENTED_EDGE ( 'NONE', *, *, #4083, .T. ) ;
#4440 = ORIENTED_EDGE ( 'NONE', *, *, #4441, .T. ) ;
#4441 = EDGE_CURVE ( 'NONE', #4772, #4716, #1491, .T. ) ;
#4442 = ADVANCED_FACE ( 'NONE', ( #1482, #1481 ), #1663, .F. ) ;
#4443 = EDGE_LOOP ( 'NONE', ( #4444, #4448, #4755, #4758 ) ) ;
#4444 = ORIENTED_EDGE ( 'NONE', *, *, #4445, .T. ) ;
#4445 = EDGE_CURVE ( 'NONE', #4446, #4447, #1662, .T. ) ;
#4446 = VERTEX_POINT ( 'NONE', #1621 ) ;
#4447 = VERTEX_POINT ( 'NONE', #1620 ) ;
#4448 = ORIENTED_EDGE ( 'NONE', *, *, #4449, .T. ) ;
#4449 = EDGE_CURVE ( 'NONE', #4447, #4754, #1619, .T. ) ;
#4450 = EDGE_CURVE ( 'NONE', #4787, #4535, #1615, .T. ) ;
#4451 = ORIENTED_EDGE ( 'NONE', *, *, #5006, .F. ) ;
#4452 = ORIENTED_EDGE ( 'NONE', *, *, #4453, .F. ) ;
#4453 = EDGE_CURVE ( 'NONE', #4984, #5004, #1611, .T. ) ;
#4454 = ORIENTED_EDGE ( 'NONE', *, *, #4992, .F. ) ;
#4455 = ORIENTED_EDGE ( 'NONE', *, *, #4456, .F. ) ;
#4456 = EDGE_CURVE ( 'NONE', #4998, #4990, #1607, .T. ) ;
#4457 = ORIENTED_EDGE ( 'NONE', *, *, #4980, .F. ) ;
#4458 = ORIENTED_EDGE ( 'NONE', *, *, #4459, .T. ) ;
#4459 = EDGE_CURVE ( 'NONE', #4978, #4460, #1601, .T. ) ;
#4460 = VERTEX_POINT ( 'NONE', #1603 ) ;
#4461 = ORIENTED_EDGE ( 'NONE', *, *, #4612, .T. ) ;
#4462 = ORIENTED_EDGE ( 'NONE', *, *, #4463, .T. ) ;
#4463 = EDGE_CURVE ( 'NONE', #4472, #4464, #1602, .T. ) ;
#4464 = VERTEX_POINT ( 'NONE', #1564 ) ;
#4465 = ORIENTED_EDGE ( 'NONE', *, *, #4705, .T. ) ;
#4466 = ORIENTED_EDGE ( 'NONE', *, *, #4467, .T. ) ;
#4467 = EDGE_CURVE ( 'NONE', #4647, #4608, #1563, .T. ) ;
#4468 = ORIENTED_EDGE ( 'NONE', *, *, #4648, .T. ) ;
#4469 = ORIENTED_EDGE ( 'NONE', *, *, #4473, .T. ) ;
#4470 = ORIENTED_EDGE ( 'NONE', *, *, #4471, .T. ) ;
#4471 = EDGE_CURVE ( 'NONE', #4610, #4472, #1558, .T. ) ;
#4472 = VERTEX_POINT ( 'NONE', #1557 ) ;
#4473 = EDGE_CURVE ( 'NONE', #4663, #4604, #1559, .T. ) ;
#4474 = ORIENTED_EDGE ( 'NONE', *, *, #4652, .T. ) ;
#4475 = ORIENTED_EDGE ( 'NONE', *, *, #4681, .T. ) ;
#4476 = EDGE_CURVE ( 'NONE', #4679, #4649, #1674, .T. ) ;
#4477 = ORIENTED_EDGE ( 'NONE', *, *, #4476, .T. ) ;
#4478 = VERTEX_POINT ( 'NONE', #1670 ) ;
#4479 = VERTEX_POINT ( 'NONE', #1669 ) ;
#4480 = EDGE_CURVE ( 'NONE', #4478, #4682, #1668, .T. ) ;
#4481 = EDGE_CURVE ( 'NONE', #4479, #4478, #1695, .T. ) ;
#4482 = ORIENTED_EDGE ( 'NONE', *, *, #4480, .T. ) ;
#4483 = VERTEX_POINT ( 'NONE', #1691 ) ;
#4484 = EDGE_CURVE ( 'NONE', #4608, #4483, #1689, .T. ) ;
#4485 = ADVANCED_FACE ( 'NONE', ( #1685 ), #1899, .F. ) ;
#4486 = EDGE_LOOP ( 'NONE', ( #4487, #4491, #4494, #5063, #5038, #5041 ) ) ;
#4487 = ORIENTED_EDGE ( 'NONE', *, *, #4488, .T. ) ;
#4488 = EDGE_CURVE ( 'NONE', #4489, #4490, #1898, .T. ) ;
#4489 = VERTEX_POINT ( 'NONE', #1890 ) ;
#4490 = VERTEX_POINT ( 'NONE', #1889 ) ;
#4491 = ORIENTED_EDGE ( 'NONE', *, *, #4492, .T. ) ;
#4492 = EDGE_CURVE ( 'NONE', #4490, #4493, #1888, .T. ) ;
#4493 = VERTEX_POINT ( 'NONE', #1884 ) ;
#4494 = ORIENTED_EDGE ( 'NONE', *, *, #4495, .T. ) ;
#4495 = EDGE_CURVE ( 'NONE', #4493, #5022, #1883, .T. ) ;
#4496 = VERTEX_POINT ( 'NONE', #1823 ) ;
#4497 = ORIENTED_EDGE ( 'NONE', *, *, #4498, .T. ) ;
#4498 = EDGE_CURVE ( 'NONE', #4496, #4665, #1822, .T. ) ;
#4499 = ORIENTED_EDGE ( 'NONE', *, *, #4669, .F. ) ;
#4500 = ORIENTED_EDGE ( 'NONE', *, *, #4501, .T. ) ;
#4501 = EDGE_CURVE ( 'NONE', #4483, #4644, #1817, .T. ) ;
#4502 = ORIENTED_EDGE ( 'NONE', *, *, #4602, .F. ) ;
#4503 = ORIENTED_EDGE ( 'NONE', *, *, #4504, .T. ) ;
#4504 = EDGE_CURVE ( 'NONE', #4643, #4660, #1813, .T. ) ;
#4505 = ORIENTED_EDGE ( 'NONE', *, *, #4658, .F. ) ;
#4506 = ORIENTED_EDGE ( 'NONE', *, *, #4573, .T. ) ;
#4507 = EDGE_CURVE ( 'NONE', #4508, #4509, #1809, .T. ) ;
#4508 = VERTEX_POINT ( 'NONE', #1805 ) ;
#4509 = VERTEX_POINT ( 'NONE', #1804 ) ;
#4510 = ORIENTED_EDGE ( 'NONE', *, *, #4511, .T. ) ;
#4511 = EDGE_CURVE ( 'NONE', #4509, #4512, #1803, .T. ) ;
#4512 = VERTEX_POINT ( 'NONE', #1799 ) ;
#4513 = ORIENTED_EDGE ( 'NONE', *, *, #4514, .T. ) ;
#4514 = EDGE_CURVE ( 'NONE', #4512, #4515, #1798, .T. ) ;
#4515 = VERTEX_POINT ( 'NONE', #1794 ) ;
#4516 = ORIENTED_EDGE ( 'NONE', *, *, #4517, .T. ) ;
#4517 = EDGE_CURVE ( 'NONE', #4515, #4508, #1792, .T. ) ;
#4518 = ADVANCED_FACE ( 'NONE', ( #1788 ), #1855, .F. ) ;
#4519 = EDGE_LOOP ( 'NONE', ( #4520, #4497, #4499, #4500, #4502, #4503, #4505, #4506, #4574, #4575, #4578, #4685, #4580, #4582 ) ) ;
#4520 = ORIENTED_EDGE ( 'NONE', *, *, #4521, .T. ) ;
#4521 = EDGE_CURVE ( 'NONE', #4522, #4496, #1854, .T. ) ;
#4522 = VERTEX_POINT ( 'NONE', #1846 ) ;
#4523 = ORIENTED_EDGE ( 'NONE', *, *, #4524, .T. ) ;
#4524 = EDGE_CURVE ( 'NONE', #4592, #4684, #1844, .T. ) ;
#4525 = ADVANCED_FACE ( 'NONE', ( #1840 ), #1740, .F. ) ;
#4526 = EDGE_LOOP ( 'NONE', ( #4527, #4545, #4547, #4548 ) ) ;
#4527 = ORIENTED_EDGE ( 'NONE', *, *, #4565, .F. ) ;
#4528 = EDGE_CURVE ( 'NONE', #4529, #4119, #1736, .T. ) ;
#4529 = VERTEX_POINT ( 'NONE', #1732 ) ;
#4530 = ORIENTED_EDGE ( 'NONE', *, *, #4632, .T. ) ;
#4531 = ORIENTED_EDGE ( 'NONE', *, *, #4532, .F. ) ;
#4532 = EDGE_CURVE ( 'NONE', #4533, #4812, #1731, .T. ) ;
#4533 = VERTEX_POINT ( 'NONE', #1727 ) ;
#4534 = ORIENTED_EDGE ( 'NONE', *, *, #4789, .F. ) ;
#4535 = VERTEX_POINT ( 'NONE', #1726 ) ;
#4536 = ORIENTED_EDGE ( 'NONE', *, *, #4537, .T. ) ;
#4537 = EDGE_CURVE ( 'NONE', #4968, #4970, #1725, .T. ) ;
#4538 = ORIENTED_EDGE ( 'NONE', *, *, #4539, .F. ) ;
#4539 = EDGE_CURVE ( 'NONE', #4540, #4970, #1720, .T. ) ;
#4540 = VERTEX_POINT ( 'NONE', #1715 ) ;
#4541 = ORIENTED_EDGE ( 'NONE', *, *, #4542, .F. ) ;
#4542 = EDGE_CURVE ( 'NONE', #4969, #4540, #1713, .T. ) ;
#4543 = ADVANCED_FACE ( 'NONE', ( #1714 ), #1878, .F. ) ;
#4544 = EDGE_LOOP ( 'NONE', ( #4634, #4635, #3730, #3743 ) ) ;
#4545 = ORIENTED_EDGE ( 'NONE', *, *, #4546, .T. ) ;
#4546 = EDGE_CURVE ( 'NONE', #4970, #4540, #1879, .T. ) ;
#4547 = ORIENTED_EDGE ( 'NONE', *, *, #4807, .T. ) ;
#4548 = ORIENTED_EDGE ( 'NONE', *, *, #4762, .T. ) ;
#4549 = ADVANCED_FACE ( 'NONE', ( #1869 ), #1772, .T. ) ;
#4550 = EDGE_LOOP ( 'NONE', ( #4551, #4568 ) ) ;
#4551 = ORIENTED_EDGE ( 'NONE', *, *, #4552, .T. ) ;
#4552 = EDGE_CURVE ( 'NONE', #4969, #4968, #1766, .T. ) ;
#4553 = ORIENTED_EDGE ( 'NONE', *, *, #4554, .T. ) ;
#4554 = EDGE_CURVE ( 'NONE', #4561, #4555, #1762, .T. ) ;
#4555 = VERTEX_POINT ( 'NONE', #1758 ) ;
#4556 = ORIENTED_EDGE ( 'NONE', *, *, #4557, .T. ) ;
#4557 = EDGE_CURVE ( 'NONE', #4555, #4732, #1756, .T. ) ;
#4558 = ADVANCED_FACE ( 'NONE', ( #1752 ), #1948, .F. ) ;
#4559 = EDGE_LOOP ( 'NONE', ( #4560, #4510, #4513, #4516 ) ) ;
#4560 = ORIENTED_EDGE ( 'NONE', *, *, #4507, .T. ) ;
#4561 = VERTEX_POINT ( 'NONE', #2043 ) ;
#4562 = EDGE_LOOP ( 'NONE', ( #4563, #4564, #4804, #4806 ) ) ;
#4563 = ORIENTED_EDGE ( 'NONE', *, *, #4539, .T. ) ;
#4564 = ORIENTED_EDGE ( 'NONE', *, *, #4565, .T. ) ;
#4565 = EDGE_CURVE ( 'NONE', #4970, #4566, #1947, .T. ) ;
#4566 = VERTEX_POINT ( 'NONE', #1910 ) ;
#4567 = VERTEX_POINT ( 'NONE', #1909 ) ;
#4568 = ORIENTED_EDGE ( 'NONE', *, *, #4967, .T. ) ;
#4569 = ADVANCED_FACE ( 'NONE', ( #1908 ), #2101, .F. ) ;
#4570 = EDGE_LOOP ( 'NONE', ( #4571, #4691, #4694, #4697, #4700, #4593, #4596 ) ) ;
#4571 = ORIENTED_EDGE ( 'NONE', *, *, #4689, .T. ) ;
#4572 = VERTEX_POINT ( 'NONE', #2096 ) ;
#4573 = EDGE_CURVE ( 'NONE', #4659, #4675, #2095, .T. ) ;
#4574 = ORIENTED_EDGE ( 'NONE', *, *, #4673, .F. ) ;
#4575 = ORIENTED_EDGE ( 'NONE', *, *, #4576, .T. ) ;
#4576 = EDGE_CURVE ( 'NONE', #4674, #4577, #2091, .T. ) ;
#4577 = VERTEX_POINT ( 'NONE', #2087 ) ;
#4578 = ORIENTED_EDGE ( 'NONE', *, *, #4579, .F. ) ;
#4579 = EDGE_CURVE ( 'NONE', #4684, #4577, #2086, .T. ) ;
#4580 = ORIENTED_EDGE ( 'NONE', *, *, #4581, .T. ) ;
#4581 = EDGE_CURVE ( 'NONE', #4687, #4688, #2082, .T. ) ;
#4582 = ORIENTED_EDGE ( 'NONE', *, *, #4583, .T. ) ;
#4583 = EDGE_CURVE ( 'NONE', #4688, #4522, #2078, .T. ) ;
#4584 = ADVANCED_FACE ( 'NONE', ( #2073 ), #2044, .F. ) ;
#4585 = EDGE_LOOP ( 'NONE', ( #4586, #4587, #4589, #4590, #4523 ) ) ;
#4586 = ORIENTED_EDGE ( 'NONE', *, *, #4579, .T. ) ;
#4587 = ORIENTED_EDGE ( 'NONE', *, *, #4588, .T. ) ;
#4588 = EDGE_CURVE ( 'NONE', #4577, #4478, #2060, .T. ) ;
#4589 = ORIENTED_EDGE ( 'NONE', *, *, #4481, .F. ) ;
#4590 = ORIENTED_EDGE ( 'NONE', *, *, #4591, .T. ) ;
#4591 = EDGE_CURVE ( 'NONE', #4479, #4592, #2056, .T. ) ;
#4592 = VERTEX_POINT ( 'NONE', #2051 ) ;
#4593 = ORIENTED_EDGE ( 'NONE', *, *, #4594, .T. ) ;
#4594 = EDGE_CURVE ( 'NONE', #4702, #4595, #2052, .T. ) ;
#4595 = VERTEX_POINT ( 'NONE', #2036 ) ;
#4596 = ORIENTED_EDGE ( 'NONE', *, *, #4597, .T. ) ;
#4597 = EDGE_CURVE ( 'NONE', #4595, #4572, #2035, .T. ) ;
#4598 = EDGE_CURVE ( 'NONE', #4682, #4674, #2030, .T. ) ;
#4599 = ADVANCED_FACE ( 'NONE', ( #2026 ), #1943, .F. ) ;
#4600 = EDGE_LOOP ( 'NONE', ( #4609, #4482, #4475, #4477, #4468, #4469, #4474, #4466, #4461, #4470, #4462, #4465, #4706, #4703 ) ) ;
#4601 = ORIENTED_EDGE ( 'NONE', *, *, #4602, .T. ) ;
#4602 = EDGE_CURVE ( 'NONE', #4643, #4644, #1942, .T. ) ;
#4603 = ORIENTED_EDGE ( 'NONE', *, *, #4652, .F. ) ;
#4604 = VERTEX_POINT ( 'NONE', #1929 ) ;
#4605 = VERTEX_POINT ( 'NONE', #1928 ) ;
#4606 = ADVANCED_FACE ( 'NONE', ( #1927 ), #1979, .F. ) ;
#4607 = ORIENTED_EDGE ( 'NONE', *, *, #4476, .F. ) ;
#4608 = VERTEX_POINT ( 'NONE', #1974 ) ;
#4609 = ORIENTED_EDGE ( 'NONE', *, *, #4481, .T. ) ;
#4610 = VERTEX_POINT ( 'NONE', #1973 ) ;
#4611 = ORIENTED_EDGE ( 'NONE', *, *, #4484, .T. ) ;
#4612 = EDGE_CURVE ( 'NONE', #4608, #4610, #1972, .T. ) ;
#4613 = ORIENTED_EDGE ( 'NONE', *, *, #5404, .T. ) ;
#4614 = ORIENTED_EDGE ( 'NONE', *, *, #5190, .T. ) ;
#4615 = ORIENTED_EDGE ( 'NONE', *, *, #5318, .T. ) ;
#4616 = ORIENTED_EDGE ( 'NONE', *, *, #4617, .T. ) ;
#4617 = EDGE_CURVE ( 'NONE', #5316, #5342, #1967, .T. ) ;
#4618 = ORIENTED_EDGE ( 'NONE', *, *, #5093, .F. ) ;
#4619 = ORIENTED_EDGE ( 'NONE', *, *, #5498, .F. ) ;
#4620 = ORIENTED_EDGE ( 'NONE', *, *, #5507, .F. ) ;
#4621 = ORIENTED_EDGE ( 'NONE', *, *, #5503, .F. ) ;
#4622 = ORIENTED_EDGE ( 'NONE', *, *, #4678, .F. ) ;
#4623 = ORIENTED_EDGE ( 'NONE', *, *, #5433, .F. ) ;
#4624 = ORIENTED_EDGE ( 'NONE', *, *, #5478, .T. ) ;
#4625 = ORIENTED_EDGE ( 'NONE', *, *, #4130, .T. ) ;
#4626 = ADVANCED_FACE ( 'NONE', ( #1963 ), #1935, .T. ) ;
#4627 = EDGE_LOOP ( 'NONE', ( #4628, #4629, #4630, #4631 ) ) ;
#4628 = ORIENTED_EDGE ( 'NONE', *, *, #5344, .F. ) ;
#4629 = ORIENTED_EDGE ( 'NONE', *, *, #4617, .F. ) ;
#4630 = ORIENTED_EDGE ( 'NONE', *, *, #5201, .F. ) ;
#4631 = ORIENTED_EDGE ( 'NONE', *, *, #5482, .F. ) ;
#4632 = EDGE_CURVE ( 'NONE', #4529, #4638, #1934, .T. ) ;
#4633 = ADVANCED_FACE ( 'NONE', ( #2005 ), #2111, .F. ) ;
#4634 = ORIENTED_EDGE ( 'NONE', *, *, #4309, .F. ) ;
#4635 = ORIENTED_EDGE ( 'NONE', *, *, #4636, .F. ) ;
#4636 = EDGE_CURVE ( 'NONE', #4637, #4307, #2112, .T. ) ;
#4637 = VERTEX_POINT ( 'NONE', #2328 ) ;
#4638 = VERTEX_POINT ( 'NONE', #2327 ) ;
#4639 = ORIENTED_EDGE ( 'NONE', *, *, #4121, .T. ) ;
#4640 = ORIENTED_EDGE ( 'NONE', *, *, #4528, .F. ) ;
#4641 = ORIENTED_EDGE ( 'NONE', *, *, #4642, .T. ) ;
#4642 = EDGE_CURVE ( 'NONE', #4665, #4605, #2326, .T. ) ;
#4643 = VERTEX_POINT ( 'NONE', #2322 ) ;
#4644 = VERTEX_POINT ( 'NONE', #2321 ) ;
#4645 = ORIENTED_EDGE ( 'NONE', *, *, #4646, .T. ) ;
#4646 = EDGE_CURVE ( 'NONE', #4644, #4647, #2320, .T. ) ;
#4647 = VERTEX_POINT ( 'NONE', #2316 ) ;
#4648 = EDGE_CURVE ( 'NONE', #4649, #4663, #2315, .T. ) ;
#4649 = VERTEX_POINT ( 'NONE', #2311 ) ;
#4650 = ORIENTED_EDGE ( 'NONE', *, *, #4651, .T. ) ;
#4651 = EDGE_CURVE ( 'NONE', #4649, #4659, #2310, .T. ) ;
#4652 = EDGE_CURVE ( 'NONE', #4604, #4647, #2306, .T. ) ;
#4653 = ORIENTED_EDGE ( 'NONE', *, *, #4654, .T. ) ;
#4654 = EDGE_CURVE ( 'NONE', #4604, #4643, #2302, .T. ) ;
#4655 = ADVANCED_FACE ( 'NONE', ( #2273 ), #2258, .F. ) ;
#4656 = EDGE_LOOP ( 'NONE', ( #4657, #4661, #4664, #4650 ) ) ;
#4657 = ORIENTED_EDGE ( 'NONE', *, *, #4658, .T. ) ;
#4658 = EDGE_CURVE ( 'NONE', #4659, #4660, #2257, .T. ) ;
#4659 = VERTEX_POINT ( 'NONE', #2249 ) ;
#4660 = VERTEX_POINT ( 'NONE', #2248 ) ;
#4661 = ORIENTED_EDGE ( 'NONE', *, *, #4662, .T. ) ;
#4662 = EDGE_CURVE ( 'NONE', #4660, #4663, #2209, .T. ) ;
#4663 = VERTEX_POINT ( 'NONE', #2205 ) ;
#4664 = ORIENTED_EDGE ( 'NONE', *, *, #4648, .F. ) ;
#4665 = VERTEX_POINT ( 'NONE', #2204 ) ;
#4666 = ORIENTED_EDGE ( 'NONE', *, *, #4667, .T. ) ;
#4667 = EDGE_CURVE ( 'NONE', #4605, #4610, #2203, .T. ) ;
#4668 = EDGE_LOOP ( 'NONE', ( #4601, #4645, #4603, #4653 ) ) ;
#4669 = EDGE_CURVE ( 'NONE', #4483, #4665, #2198, .T. ) ;
#4670 = ADVANCED_FACE ( 'NONE', ( #2194 ), #2297, .F. ) ;
#4671 = EDGE_LOOP ( 'NONE', ( #4672, #4677, #4680, #4683 ) ) ;
#4672 = ORIENTED_EDGE ( 'NONE', *, *, #4673, .T. ) ;
#4673 = EDGE_CURVE ( 'NONE', #4674, #4675, #2292, .T. ) ;
#4674 = VERTEX_POINT ( 'NONE', #2288 ) ;
#4675 = VERTEX_POINT ( 'NONE', #2287 ) ;
#4676 = ORIENTED_EDGE ( 'NONE', *, *, #4669, .T. ) ;
#4677 = ORIENTED_EDGE ( 'NONE', *, *, #4678, .T. ) ;
#4678 = EDGE_CURVE ( 'NONE', #4675, #4679, #2286, .T. ) ;
#4679 = VERTEX_POINT ( 'NONE', #2282 ) ;
#4680 = ORIENTED_EDGE ( 'NONE', *, *, #4681, .F. ) ;
#4681 = EDGE_CURVE ( 'NONE', #4682, #4679, #2281, .T. ) ;
#4682 = VERTEX_POINT ( 'NONE', #2277 ) ;
#4683 = ORIENTED_EDGE ( 'NONE', *, *, #4598, .T. ) ;
#4684 = VERTEX_POINT ( 'NONE', #2276 ) ;
#4685 = ORIENTED_EDGE ( 'NONE', *, *, #4686, .T. ) ;
#4686 = EDGE_CURVE ( 'NONE', #4684, #4687, #2274, .T. ) ;
#4687 = VERTEX_POINT ( 'NONE', #2275 ) ;
#4688 = VERTEX_POINT ( 'NONE', #2175 ) ;
#4689 = EDGE_CURVE ( 'NONE', #4572, #4690, #2174, .T. ) ;
#4690 = VERTEX_POINT ( 'NONE', #2170 ) ;
#4691 = ORIENTED_EDGE ( 'NONE', *, *, #4692, .T. ) ;
#4692 = EDGE_CURVE ( 'NONE', #4690, #4693, #2169, .T. ) ;
#4693 = VERTEX_POINT ( 'NONE', #2165 ) ;
#4694 = ORIENTED_EDGE ( 'NONE', *, *, #4695, .T. ) ;
#4695 = EDGE_CURVE ( 'NONE', #4693, #4696, #2164, .T. ) ;
#4696 = VERTEX_POINT ( 'NONE', #2160 ) ;
#4697 = ORIENTED_EDGE ( 'NONE', *, *, #4698, .T. ) ;
#4698 = EDGE_CURVE ( 'NONE', #4696, #4699, #2159, .T. ) ;
#4699 = VERTEX_POINT ( 'NONE', #2155 ) ;
#4700 = ORIENTED_EDGE ( 'NONE', *, *, #4701, .T. ) ;
#4701 = EDGE_CURVE ( 'NONE', #4699, #4702, #2154, .T. ) ;
#4702 = VERTEX_POINT ( 'NONE', #2150 ) ;
#4703 = ORIENTED_EDGE ( 'NONE', *, *, #4742, .T. ) ;
#4704 = EDGE_LOOP ( 'NONE', ( #4744, #4768, #4770, #4440 ) ) ;
#4705 = EDGE_CURVE ( 'NONE', #4464, #4707, #2149, .T. ) ;
#4706 = ORIENTED_EDGE ( 'NONE', *, *, #4709, .T. ) ;
#4707 = VERTEX_POINT ( 'NONE', #2145 ) ;
#4708 = VERTEX_POINT ( 'NONE', #2144 ) ;
#4709 = EDGE_CURVE ( 'NONE', #4707, #4708, #2143, .T. ) ;
#4710 = ORIENTED_EDGE ( 'NONE', *, *, #4711, .T. ) ;
#4711 = EDGE_CURVE ( 'NONE', #4460, #4712, #2139, .T. ) ;
#4712 = VERTEX_POINT ( 'NONE', #2135 ) ;
#4713 = ORIENTED_EDGE ( 'NONE', *, *, #4714, .T. ) ;
#4714 = EDGE_CURVE ( 'NONE', #4712, #4719, #2133, .T. ) ;
#4715 = ADVANCED_FACE ( 'NONE', ( #2129 ), #2244, .F. ) ;
#4716 = VERTEX_POINT ( 'NONE', #2239 ) ;
#4717 = VERTEX_POINT ( 'NONE', #2238 ) ;
#4718 = VERTEX_POINT ( 'NONE', #2237 ) ;
#4719 = VERTEX_POINT ( 'NONE', #2236 ) ;
#4720 = VERTEX_POINT ( 'NONE', #2235 ) ;
#4721 = ORIENTED_EDGE ( 'NONE', *, *, #4722, .T. ) ;
#4722 = EDGE_CURVE ( 'NONE', #4720, #4800, #2234, .T. ) ;
#4723 = ORIENTED_EDGE ( 'NONE', *, *, #4799, .F. ) ;
#4724 = ORIENTED_EDGE ( 'NONE', *, *, #4725, .F. ) ;
#4725 = EDGE_CURVE ( 'NONE', #4813, #4796, #2229, .T. ) ;
#4726 = ORIENTED_EDGE ( 'NONE', *, *, #4791, .F. ) ;
#4727 = ORIENTED_EDGE ( 'NONE', *, *, #4450, .F. ) ;
#4728 = EDGE_CURVE ( 'NONE', #4716, #4718, #2225, .T. ) ;
#4729 = EDGE_LOOP ( 'NONE', ( #4730, #4734, #4736, #4737, #4739, #4740, #4745, #4746, #4748, #4749, #4751, #4752, #4553, #4556 ) ) ;
#4730 = ORIENTED_EDGE ( 'NONE', *, *, #4731, .T. ) ;
#4731 = EDGE_CURVE ( 'NONE', #4732, #4733, #2221, .T. ) ;
#4732 = VERTEX_POINT ( 'NONE', #2217 ) ;
#4733 = VERTEX_POINT ( 'NONE', #2216 ) ;
#4734 = ORIENTED_EDGE ( 'NONE', *, *, #4735, .T. ) ;
#4735 = EDGE_CURVE ( 'NONE', #4733, #4999, #2215, .T. ) ;
#4736 = ORIENTED_EDGE ( 'NONE', *, *, #4972, .T. ) ;
#4737 = ORIENTED_EDGE ( 'NONE', *, *, #4738, .F. ) ;
#4738 = EDGE_CURVE ( 'NONE', #4987, #4997, #2107, .T. ) ;
#4739 = ORIENTED_EDGE ( 'NONE', *, *, #4986, .T. ) ;
#4740 = ORIENTED_EDGE ( 'NONE', *, *, #4741, .F. ) ;
#4741 = EDGE_CURVE ( 'NONE', #4788, #4776, #2399, .T. ) ;
#4742 = EDGE_CURVE ( 'NONE', #4708, #4479, #2393, .T. ) ;
#4743 = ADVANCED_FACE ( 'NONE', ( #2395 ), #2374, .F. ) ;
#4744 = ORIENTED_EDGE ( 'NONE', *, *, #4728, .T. ) ;
#4745 = ORIENTED_EDGE ( 'NONE', *, *, #5001, .T. ) ;
#4746 = ORIENTED_EDGE ( 'NONE', *, *, #4747, .F. ) ;
#4747 = EDGE_CURVE ( 'NONE', #4533, #4786, #2373, .T. ) ;
#4748 = ORIENTED_EDGE ( 'NONE', *, *, #4532, .T. ) ;
#4749 = ORIENTED_EDGE ( 'NONE', *, *, #4750, .F. ) ;
#4750 = EDGE_CURVE ( 'NONE', #4797, #4812, #2368, .T. ) ;
#4751 = ORIENTED_EDGE ( 'NONE', *, *, #4781, .T. ) ;
#4752 = ORIENTED_EDGE ( 'NONE', *, *, #4753, .T. ) ;
#4753 = EDGE_CURVE ( 'NONE', #4779, #4561, #2430, .T. ) ;
#4754 = VERTEX_POINT ( 'NONE', #2429 ) ;
#4755 = ORIENTED_EDGE ( 'NONE', *, *, #4756, .T. ) ;
#4756 = EDGE_CURVE ( 'NONE', #4754, #4757, #2424, .T. ) ;
#4757 = VERTEX_POINT ( 'NONE', #2420 ) ;
#4758 = ORIENTED_EDGE ( 'NONE', *, *, #4759, .T. ) ;
#4759 = EDGE_CURVE ( 'NONE', #4757, #4446, #2419, .T. ) ;
#4760 = EDGE_LOOP ( 'NONE', ( #4761, #4763 ) ) ;
#4761 = ORIENTED_EDGE ( 'NONE', *, *, #4762, .F. ) ;
#4762 = EDGE_CURVE ( 'NONE', #4567, #4566, #2414, .T. ) ;
#4763 = ORIENTED_EDGE ( 'NONE', *, *, #4805, .F. ) ;
#4764 = ADVANCED_FACE ( 'NONE', ( #2409 ), #2508, .F. ) ;
#4765 = EDGE_LOOP ( 'NONE', ( #4766, #4721, #4723, #4724, #4726, #4727, #4451, #4452, #4454, #4455, #4457, #4458, #4710, #4713 ) ) ;
#4766 = ORIENTED_EDGE ( 'NONE', *, *, #4767, .T. ) ;
#4767 = EDGE_CURVE ( 'NONE', #4719, #4720, #2507, .T. ) ;
#4768 = ORIENTED_EDGE ( 'NONE', *, *, #4769, .T. ) ;
#4769 = EDGE_CURVE ( 'NONE', #4718, #4717, #2499, .T. ) ;
#4770 = ORIENTED_EDGE ( 'NONE', *, *, #4771, .T. ) ;
#4771 = EDGE_CURVE ( 'NONE', #4717, #4772, #2363, .T. ) ;
#4772 = VERTEX_POINT ( 'NONE', #2359 ) ;
#4773 = EDGE_LOOP ( 'NONE', ( #4774, #4985, #4988, #4991 ) ) ;
#4774 = ORIENTED_EDGE ( 'NONE', *, *, #4775, .F. ) ;
#4775 = EDGE_CURVE ( 'NONE', #4776, #4984, #2358, .T. ) ;
#4776 = VERTEX_POINT ( 'NONE', #2354 ) ;
#4777 = ORIENTED_EDGE ( 'NONE', *, *, #4778, .T. ) ;
#4778 = EDGE_CURVE ( 'NONE', #4803, #4779, #2353, .T. ) ;
#4779 = VERTEX_POINT ( 'NONE', #2349 ) ;
#4780 = ORIENTED_EDGE ( 'NONE', *, *, #4781, .F. ) ;
#4781 = EDGE_CURVE ( 'NONE', #4797, #4779, #2347, .T. ) ;
#4782 = ADVANCED_FACE ( 'NONE', ( #2343 ), #2462, .F. ) ;
#4783 = EDGE_LOOP ( 'NONE', ( #4784, #5000, #5002, #5005 ) ) ;
#4784 = ORIENTED_EDGE ( 'NONE', *, *, #4785, .F. ) ;
#4785 = EDGE_CURVE ( 'NONE', #4786, #4787, #2461, .T. ) ;
#4786 = VERTEX_POINT ( 'NONE', #2453 ) ;
#4787 = VERTEX_POINT ( 'NONE', #2452 ) ;
#4788 = VERTEX_POINT ( 'NONE', #2451 ) ;
#4789 = EDGE_CURVE ( 'NONE', #4535, #4533, #2450, .T. ) ;
#4790 = ORIENTED_EDGE ( 'NONE', *, *, #4791, .T. ) ;
#4791 = EDGE_CURVE ( 'NONE', #4535, #4813, #2445, .T. ) ;
#4792 = ADVANCED_FACE ( 'NONE', ( #2441 ), #2548, .F. ) ;
#4793 = EDGE_LOOP ( 'NONE', ( #4794, #4798, #4801, #4777, #4780 ) ) ;
#4794 = ORIENTED_EDGE ( 'NONE', *, *, #4795, .F. ) ;
#4795 = EDGE_CURVE ( 'NONE', #4796, #4797, #2547, .T. ) ;
#4796 = VERTEX_POINT ( 'NONE', #2539 ) ;
#4797 = VERTEX_POINT ( 'NONE', #2538 ) ;
#4798 = ORIENTED_EDGE ( 'NONE', *, *, #4799, .T. ) ;
#4799 = EDGE_CURVE ( 'NONE', #4796, #4800, #2537, .T. ) ;
#4800 = VERTEX_POINT ( 'NONE', #2533 ) ;
#4801 = ORIENTED_EDGE ( 'NONE', *, *, #4802, .T. ) ;
#4802 = EDGE_CURVE ( 'NONE', #4800, #4803, #2532, .T. ) ;
#4803 = VERTEX_POINT ( 'NONE', #2528 ) ;
#4804 = ORIENTED_EDGE ( 'NONE', *, *, #4805, .T. ) ;
#4805 = EDGE_CURVE ( 'NONE', #4566, #4567, #2527, .T. ) ;
#4806 = ORIENTED_EDGE ( 'NONE', *, *, #4807, .F. ) ;
#4807 = EDGE_CURVE ( 'NONE', #4540, #4567, #2521, .T. ) ;
#4808 = ADVANCED_FACE ( 'NONE', ( #2492 ), #2477, .F. ) ;
#4809 = EDGE_LOOP ( 'NONE', ( #4810, #4531, #4534, #4790 ) ) ;
#4810 = ORIENTED_EDGE ( 'NONE', *, *, #4811, .F. ) ;
#4811 = EDGE_CURVE ( 'NONE', #4812, #4813, #2476, .T. ) ;
#4812 = VERTEX_POINT ( 'NONE', #2210 ) ;
#4813 = VERTEX_POINT ( 'NONE', #2471 ) ;
#4814 = ADVANCED_FACE ( 'NONE', ( #2467 ), #2570, .T. ) ;
#4815 = EDGE_LOOP ( 'NONE', ( #4816, #4817, #4818 ) ) ;
#4816 = ORIENTED_EDGE ( 'NONE', *, *, #4895, .T. ) ;
#4817 = ORIENTED_EDGE ( 'NONE', *, *, #4828, .T. ) ;
#4818 = ORIENTED_EDGE ( 'NONE', *, *, #4831, .F. ) ;
#4819 = ORIENTED_EDGE ( 'NONE', *, *, #4820, .F. ) ;
#4820 = EDGE_CURVE ( 'NONE', #5031, #4716, #2571, .T. ) ;
#4821 = ORIENTED_EDGE ( 'NONE', *, *, #4822, .F. ) ;
#4822 = EDGE_CURVE ( 'NONE', #4754, #5031, #2654, .T. ) ;
#4823 = ADVANCED_FACE ( 'NONE', ( #2649 ), #2737, .T. ) ;
#4824 = EDGE_LOOP ( 'NONE', ( #4825, #4826, #4827, #4829 ) ) ;
#4825 = ORIENTED_EDGE ( 'NONE', *, *, #4820, .T. ) ;
#4826 = ORIENTED_EDGE ( 'NONE', *, *, #4441, .F. ) ;
#4827 = ORIENTED_EDGE ( 'NONE', *, *, #4828, .F. ) ;
#4828 = EDGE_CURVE ( 'NONE', #5034, #4772, #2733, .T. ) ;
#4829 = ORIENTED_EDGE ( 'NONE', *, *, #5033, .F. ) ;
#4830 = EDGE_LOOP ( 'NONE', ( #4878, #4819, #4821 ) ) ;
#4831 = EDGE_CURVE ( 'NONE', #4464, #4772, #2727, .T. ) ;
#4832 = ADVANCED_FACE ( 'NONE', ( #2722 ), #2676, .T. ) ;
#4833 = EDGE_LOOP ( 'NONE', ( #4834, #4835, #4836 ) ) ;
#4834 = ORIENTED_EDGE ( 'NONE', *, *, #4902, .T. ) ;
#4835 = ORIENTED_EDGE ( 'NONE', *, *, #4887, .T. ) ;
#4836 = ORIENTED_EDGE ( 'NONE', *, *, #4837, .F. ) ;
#4837 = EDGE_CURVE ( 'NONE', #4515, #4522, #2677, .T. ) ;
#4838 = ADVANCED_FACE ( 'NONE', ( #2667 ), #2558, .T. ) ;
#4839 = EDGE_LOOP ( 'NONE', ( #4840, #4841, #4842 ) ) ;
#4840 = ORIENTED_EDGE ( 'NONE', *, *, #4909, .T. ) ;
#4841 = ORIENTED_EDGE ( 'NONE', *, *, #4899, .T. ) ;
#4842 = ORIENTED_EDGE ( 'NONE', *, *, #4843, .F. ) ;
#4843 = EDGE_CURVE ( 'NONE', #4555, #4512, #2559, .T. ) ;
#4844 = ORIENTED_EDGE ( 'NONE', *, *, #5019, .T. ) ;
#4845 = ORIENTED_EDGE ( 'NONE', *, *, #4846, .F. ) ;
#4846 = EDGE_CURVE ( 'NONE', #4803, #4934, #2554, .T. ) ;
#4847 = ADVANCED_FACE ( 'NONE', ( #2626 ), #2605, .T. ) ;
#4848 = EDGE_LOOP ( 'NONE', ( #4849, #4850, #4924, #4926, #4927 ) ) ;
#4849 = ORIENTED_EDGE ( 'NONE', *, *, #5058, .T. ) ;
#4850 = ORIENTED_EDGE ( 'NONE', *, *, #5046, .F. ) ;
#4851 = EDGE_LOOP ( 'NONE', ( #4852, #5250, #5251, #5253 ) ) ;
#4852 = ORIENTED_EDGE ( 'NONE', *, *, #4837, .T. ) ;
#4853 = EDGE_LOOP ( 'NONE', ( #4854, #4855, #4856, #4858 ) ) ;
#4854 = ORIENTED_EDGE ( 'NONE', *, *, #5181, .T. ) ;
#4855 = ORIENTED_EDGE ( 'NONE', *, *, #4698, .F. ) ;
#4856 = ORIENTED_EDGE ( 'NONE', *, *, #4857, .F. ) ;
#4857 = EDGE_CURVE ( 'NONE', #4708, #4696, #2598, .T. ) ;
#4858 = ORIENTED_EDGE ( 'NONE', *, *, #4709, .F. ) ;
#4859 = ADVANCED_FACE ( 'NONE', ( #2600 ), #2615, .T. ) ;
#4860 = EDGE_LOOP ( 'NONE', ( #4861, #4862, #4863, #4867 ) ) ;
#4861 = ORIENTED_EDGE ( 'NONE', *, *, #5234, .T. ) ;
#4862 = ORIENTED_EDGE ( 'NONE', *, *, #4581, .F. ) ;
#4863 = ORIENTED_EDGE ( 'NONE', *, *, #4864, .F. ) ;
#4864 = EDGE_CURVE ( 'NONE', #4489, #4687, #2609, .T. ) ;
#4865 = EDGE_LOOP ( 'NONE', ( #5264, #5265, #5266, #5227 ) ) ;
#4866 = ADVANCED_FACE ( 'NONE', ( #2611 ), #2691, .T. ) ;
#4867 = ORIENTED_EDGE ( 'NONE', *, *, #5042, .F. ) ;
#4868 = ADVANCED_FACE ( 'NONE', ( #2954 ), #2937, .T. ) ;
#4869 = EDGE_LOOP ( 'NONE', ( #4870, #4871, #4872, #4874 ) ) ;
#4870 = ORIENTED_EDGE ( 'NONE', *, *, #5124, .T. ) ;
#4871 = ORIENTED_EDGE ( 'NONE', *, *, #5037, .F. ) ;
#4872 = ORIENTED_EDGE ( 'NONE', *, *, #4873, .F. ) ;
#4873 = EDGE_CURVE ( 'NONE', #4733, #5022, #2933, .T. ) ;
#4874 = ORIENTED_EDGE ( 'NONE', *, *, #4731, .F. ) ;
#4875 = ADVANCED_FACE ( 'NONE', ( #2930 ), #2740, .T. ) ;
#4876 = EDGE_LOOP ( 'NONE', ( #4877, #5370, #5371, #5373 ) ) ;
#4877 = ORIENTED_EDGE ( 'NONE', *, *, #5240, .T. ) ;
#4878 = ORIENTED_EDGE ( 'NONE', *, *, #4879, .F. ) ;
#4879 = EDGE_CURVE ( 'NONE', #4716, #4754, #2815, .T. ) ;
#4880 = ADVANCED_FACE ( 'NONE', ( #2810 ), #2792, .T. ) ;
#4881 = ORIENTED_EDGE ( 'NONE', *, *, #5062, .T. ) ;
#4882 = ADVANCED_FACE ( 'NONE', ( #2794 ), #2926, .T. ) ;
#4883 = EDGE_LOOP ( 'NONE', ( #4884, #4885, #4886, #4888 ) ) ;
#4884 = ORIENTED_EDGE ( 'NONE', *, *, #5068, .T. ) ;
#4885 = ORIENTED_EDGE ( 'NONE', *, *, #4521, .F. ) ;
#4886 = ORIENTED_EDGE ( 'NONE', *, *, #4887, .F. ) ;
#4887 = EDGE_CURVE ( 'NONE', #4943, #4522, #2927, .T. ) ;
#4888 = ORIENTED_EDGE ( 'NONE', *, *, #4942, .F. ) ;
#4889 = ADVANCED_FACE ( 'NONE', ( #2917 ), #2872, .T. ) ;
#4890 = ADVANCED_FACE ( 'NONE', ( #2873 ), #2853, .T. ) ;
#4891 = EDGE_LOOP ( 'NONE', ( #4892, #4893, #4894, #4896 ) ) ;
#4892 = ORIENTED_EDGE ( 'NONE', *, *, #4925, .T. ) ;
#4893 = ORIENTED_EDGE ( 'NONE', *, *, #5036, .F. ) ;
#4894 = ORIENTED_EDGE ( 'NONE', *, *, #4895, .F. ) ;
#4895 = EDGE_CURVE ( 'NONE', #4464, #5034, #2788, .T. ) ;
#4896 = ORIENTED_EDGE ( 'NONE', *, *, #4463, .F. ) ;
#4897 = EDGE_LOOP ( 'NONE', ( #4898, #4900, #4901, #4903 ) ) ;
#4898 = ORIENTED_EDGE ( 'NONE', *, *, #4899, .F. ) ;
#4899 = EDGE_CURVE ( 'NONE', #5010, #4512, #2783, .T. ) ;
#4900 = ORIENTED_EDGE ( 'NONE', *, *, #5009, .F. ) ;
#4901 = ORIENTED_EDGE ( 'NONE', *, *, #4902, .F. ) ;
#4902 = EDGE_CURVE ( 'NONE', #4515, #4943, #2777, .T. ) ;
#4903 = ORIENTED_EDGE ( 'NONE', *, *, #4514, .F. ) ;
#4904 = ADVANCED_FACE ( 'NONE', ( #2772 ), #2900, .T. ) ;
#4905 = EDGE_LOOP ( 'NONE', ( #4906, #4907, #4908, #4910 ) ) ;
#4906 = ORIENTED_EDGE ( 'NONE', *, *, #5076, .T. ) ;
#4907 = ORIENTED_EDGE ( 'NONE', *, *, #5012, .F. ) ;
#4908 = ORIENTED_EDGE ( 'NONE', *, *, #4909, .F. ) ;
#4909 = EDGE_CURVE ( 'NONE', #4555, #5010, #2895, .T. ) ;
#4910 = ORIENTED_EDGE ( 'NONE', *, *, #4554, .F. ) ;
#4911 = ADVANCED_FACE ( 'NONE', ( #2890 ), #2833, .T. ) ;
#4912 = EDGE_LOOP ( 'NONE', ( #4946, #4947, #4948, #4950 ) ) ;
#4913 = ADVANCED_FACE ( 'NONE', ( #2834 ), #3553, .T. ) ;
#4914 = EDGE_LOOP ( 'NONE', ( #4915, #4916, #4917 ) ) ;
#4915 = ORIENTED_EDGE ( 'NONE', *, *, #4956, .T. ) ;
#4916 = ORIENTED_EDGE ( 'NONE', *, *, #4949, .T. ) ;
#4917 = ORIENTED_EDGE ( 'NONE', *, *, #4918, .F. ) ;
#4918 = EDGE_CURVE ( 'NONE', #4757, #4719, #3561, .T. ) ;
#4919 = ADVANCED_FACE ( 'NONE', ( #3490 ), #3568, .T. ) ;
#4920 = EDGE_LOOP ( 'NONE', ( #4921, #4923, #4945 ) ) ;
#4921 = ORIENTED_EDGE ( 'NONE', *, *, #4922, .F. ) ;
#4922 = EDGE_CURVE ( 'NONE', #4702, #4447, #3513, .T. ) ;
#4923 = ORIENTED_EDGE ( 'NONE', *, *, #4944, .F. ) ;
#4924 = ORIENTED_EDGE ( 'NONE', *, *, #4925, .F. ) ;
#4925 = EDGE_CURVE ( 'NONE', #4472, #5047, #3487, .T. ) ;
#4926 = ORIENTED_EDGE ( 'NONE', *, *, #4471, .F. ) ;
#4927 = ORIENTED_EDGE ( 'NONE', *, *, #4667, .F. ) ;
#4928 = ADVANCED_FACE ( 'NONE', ( #3555 ), #3504, .T. ) ;
#4929 = ADVANCED_FACE ( 'NONE', ( #3505 ), #3533, .T. ) ;
#4930 = EDGE_LOOP ( 'NONE', ( #4931, #4935, #4938, #4941, #5008, #5011 ) ) ;
#4931 = ORIENTED_EDGE ( 'NONE', *, *, #4932, .T. ) ;
#4932 = EDGE_CURVE ( 'NONE', #4933, #4934, #3466, .T. ) ;
#4933 = VERTEX_POINT ( 'NONE', #3424 ) ;
#4934 = VERTEX_POINT ( 'NONE', #3468 ) ;
#4935 = ORIENTED_EDGE ( 'NONE', *, *, #4936, .T. ) ;
#4936 = EDGE_CURVE ( 'NONE', #4934, #4937, #3472, .T. ) ;
#4937 = VERTEX_POINT ( 'NONE', #3474 ) ;
#4938 = ORIENTED_EDGE ( 'NONE', *, *, #4939, .T. ) ;
#4939 = EDGE_CURVE ( 'NONE', #4937, #4940, #3473, .T. ) ;
#4940 = VERTEX_POINT ( 'NONE', #3479 ) ;
#4941 = ORIENTED_EDGE ( 'NONE', *, *, #4942, .T. ) ;
#4942 = EDGE_CURVE ( 'NONE', #4940, #4943, #3478, .T. ) ;
#4943 = VERTEX_POINT ( 'NONE', #3481 ) ;
#4944 = EDGE_CURVE ( 'NONE', #4718, #4702, #3455, .T. ) ;
#4945 = ORIENTED_EDGE ( 'NONE', *, *, #4963, .T. ) ;
#4946 = ORIENTED_EDGE ( 'NONE', *, *, #5084, .T. ) ;
#4947 = ORIENTED_EDGE ( 'NONE', *, *, #4767, .F. ) ;
#4948 = ORIENTED_EDGE ( 'NONE', *, *, #4949, .F. ) ;
#4949 = EDGE_CURVE ( 'NONE', #5028, #4719, #3464, .T. ) ;
#4950 = ORIENTED_EDGE ( 'NONE', *, *, #5027, .F. ) ;
#4951 = ADVANCED_FACE ( 'NONE', ( #3465 ), #3417, .T. ) ;
#4952 = EDGE_LOOP ( 'NONE', ( #4953, #4954, #4955, #4957 ) ) ;
#4953 = ORIENTED_EDGE ( 'NONE', *, *, #4822, .T. ) ;
#4954 = ORIENTED_EDGE ( 'NONE', *, *, #5030, .F. ) ;
#4955 = ORIENTED_EDGE ( 'NONE', *, *, #4956, .F. ) ;
#4956 = EDGE_CURVE ( 'NONE', #4757, #5028, #3418, .T. ) ;
#4957 = ORIENTED_EDGE ( 'NONE', *, *, #4756, .F. ) ;
#4958 = ADVANCED_FACE ( 'NONE', ( #3408 ), #3440, .T. ) ;
#4959 = EDGE_LOOP ( 'NONE', ( #4960, #4961, #4962, #4964 ) ) ;
#4960 = ORIENTED_EDGE ( 'NONE', *, *, #4879, .T. ) ;
#4961 = ORIENTED_EDGE ( 'NONE', *, *, #4449, .F. ) ;
#4962 = ORIENTED_EDGE ( 'NONE', *, *, #4963, .F. ) ;
#4963 = EDGE_CURVE ( 'NONE', #4718, #4447, #3441, .T. ) ;
#4964 = ORIENTED_EDGE ( 'NONE', *, *, #4728, .F. ) ;
#4965 = EDGE_LOOP ( 'NONE', ( #4966, #4536, #4538, #4541 ) ) ;
#4966 = ORIENTED_EDGE ( 'NONE', *, *, #4967, .F. ) ;
#4967 = EDGE_CURVE ( 'NONE', #4968, #4969, #3432, .T. ) ;
#4968 = VERTEX_POINT ( 'NONE', #3192 ) ;
#4969 = VERTEX_POINT ( 'NONE', #3209 ) ;
#4970 = VERTEX_POINT ( 'NONE', #3208 ) ;
#4971 = ORIENTED_EDGE ( 'NONE', *, *, #4972, .F. ) ;
#4972 = EDGE_CURVE ( 'NONE', #4999, #4997, #3230, .T. ) ;
#4973 = ORIENTED_EDGE ( 'NONE', *, *, #4974, .T. ) ;
#4974 = EDGE_CURVE ( 'NONE', #4999, #4975, #3215, .T. ) ;
#4975 = VERTEX_POINT ( 'NONE', #3188 ) ;
#4976 = ORIENTED_EDGE ( 'NONE', *, *, #4977, .T. ) ;
#4977 = EDGE_CURVE ( 'NONE', #4975, #4978, #3224, .T. ) ;
#4978 = VERTEX_POINT ( 'NONE', #3220 ) ;
#4979 = ORIENTED_EDGE ( 'NONE', *, *, #4980, .T. ) ;
#4980 = EDGE_CURVE ( 'NONE', #4978, #4998, #3225, .T. ) ;
#4981 = ADVANCED_FACE ( 'NONE', ( #3241 ), #3211, .F. ) ;
#4982 = EDGE_LOOP ( 'NONE', ( #4983, #4611, #4676, #4641, #4666 ) ) ;
#4983 = ORIENTED_EDGE ( 'NONE', *, *, #4612, .F. ) ;
#4984 = VERTEX_POINT ( 'NONE', #3217 ) ;
#4985 = ORIENTED_EDGE ( 'NONE', *, *, #4986, .F. ) ;
#4986 = EDGE_CURVE ( 'NONE', #4987, #4776, #3185, .T. ) ;
#4987 = VERTEX_POINT ( 'NONE', #3186 ) ;
#4988 = ORIENTED_EDGE ( 'NONE', *, *, #4989, .F. ) ;
#4989 = EDGE_CURVE ( 'NONE', #4990, #4987, #3233, .T. ) ;
#4990 = VERTEX_POINT ( 'NONE', #3234 ) ;
#4991 = ORIENTED_EDGE ( 'NONE', *, *, #4992, .T. ) ;
#4992 = EDGE_CURVE ( 'NONE', #4990, #4984, #3238, .T. ) ;
#4993 = ADVANCED_FACE ( 'NONE', ( #3199 ), #3286, .F. ) ;
#4994 = EDGE_LOOP ( 'NONE', ( #4995, #4971, #4973, #4976, #4979 ) ) ;
#4995 = ORIENTED_EDGE ( 'NONE', *, *, #4996, .F. ) ;
#4996 = EDGE_CURVE ( 'NONE', #4997, #4998, #3272, .T. ) ;
#4997 = VERTEX_POINT ( 'NONE', #3273 ) ;
#4998 = VERTEX_POINT ( 'NONE', #3266 ) ;
#4999 = VERTEX_POINT ( 'NONE', #3265 ) ;
#5000 = ORIENTED_EDGE ( 'NONE', *, *, #5001, .F. ) ;
#5001 = EDGE_CURVE ( 'NONE', #4788, #4786, #3267, .T. ) ;
#5002 = ORIENTED_EDGE ( 'NONE', *, *, #5003, .F. ) ;
#5003 = EDGE_CURVE ( 'NONE', #5004, #4788, #3294, .T. ) ;
#5004 = VERTEX_POINT ( 'NONE', #3295 ) ;
#5005 = ORIENTED_EDGE ( 'NONE', *, *, #5006, .T. ) ;
#5006 = EDGE_CURVE ( 'NONE', #5004, #4787, #3299, .T. ) ;
#5007 = ADVANCED_FACE ( 'NONE', ( #3304 ), #3262, .F. ) ;
#5008 = ORIENTED_EDGE ( 'NONE', *, *, #5009, .T. ) ;
#5009 = EDGE_CURVE ( 'NONE', #4943, #5010, #3283, .T. ) ;
#5010 = VERTEX_POINT ( 'NONE', #3310 ) ;
#5011 = ORIENTED_EDGE ( 'NONE', *, *, #5012, .T. ) ;
#5012 = EDGE_CURVE ( 'NONE', #5010, #4933, #3394, .T. ) ;
#5013 = ADVANCED_FACE ( 'NONE', ( #3340 ), #3326, .T. ) ;
#5014 = EDGE_LOOP ( 'NONE', ( #5015, #5017, #5018, #5020 ) ) ;
#5015 = ORIENTED_EDGE ( 'NONE', *, *, #5016, .F. ) ;
#5016 = EDGE_CURVE ( 'NONE', #4937, #5048, #3334, .T. ) ;
#5017 = ORIENTED_EDGE ( 'NONE', *, *, #4936, .F. ) ;
#5018 = ORIENTED_EDGE ( 'NONE', *, *, #5019, .F. ) ;
#5019 = EDGE_CURVE ( 'NONE', #5051, #4934, #3382, .T. ) ;
#5020 = ORIENTED_EDGE ( 'NONE', *, *, #5050, .F. ) ;
#5021 = EDGE_LOOP ( 'NONE', ( #5054, #5056, #5057 ) ) ;
#5022 = VERTEX_POINT ( 'NONE', #3314 ) ;
#5023 = VERTEX_POINT ( 'NONE', #3315 ) ;
#5024 = ORIENTED_EDGE ( 'NONE', *, *, #5025, .T. ) ;
#5025 = EDGE_CURVE ( 'NONE', #5051, #5052, #3319, .T. ) ;
#5026 = ORIENTED_EDGE ( 'NONE', *, *, #5027, .T. ) ;
#5027 = EDGE_CURVE ( 'NONE', #5052, #5028, #3385, .T. ) ;
#5028 = VERTEX_POINT ( 'NONE', #3391 ) ;
#5029 = ORIENTED_EDGE ( 'NONE', *, *, #5030, .T. ) ;
#5030 = EDGE_CURVE ( 'NONE', #5028, #5031, #3390, .T. ) ;
#5031 = VERTEX_POINT ( 'NONE', #3360 ) ;
#5032 = ORIENTED_EDGE ( 'NONE', *, *, #5033, .T. ) ;
#5033 = EDGE_CURVE ( 'NONE', #5031, #5034, #3384, .T. ) ;
#5034 = VERTEX_POINT ( 'NONE', #3367 ) ;
#5035 = ORIENTED_EDGE ( 'NONE', *, *, #5036, .T. ) ;
#5036 = EDGE_CURVE ( 'NONE', #5034, #5047, #3366, .T. ) ;
#5037 = EDGE_CURVE ( 'NONE', #5022, #5023, #3374, .T. ) ;
#5038 = ORIENTED_EDGE ( 'NONE', *, *, #5039, .T. ) ;
#5039 = EDGE_CURVE ( 'NONE', #5023, #5040, #3381, .T. ) ;
#5040 = VERTEX_POINT ( 'NONE', #3377 ) ;
#5041 = ORIENTED_EDGE ( 'NONE', *, *, #5042, .T. ) ;
#5042 = EDGE_CURVE ( 'NONE', #5040, #4489, #3354, .T. ) ;
#5043 = ADVANCED_FACE ( 'NONE', ( #3350 ), #6038, .T. ) ;
#5044 = EDGE_LOOP ( 'NONE', ( #5045, #5049, #5024, #5026, #5029, #5032, #5035 ) ) ;
#5045 = ORIENTED_EDGE ( 'NONE', *, *, #5046, .T. ) ;
#5046 = EDGE_CURVE ( 'NONE', #5047, #5048, #6031, .T. ) ;
#5047 = VERTEX_POINT ( 'NONE', #6044 ) ;
#5048 = VERTEX_POINT ( 'NONE', #6042 ) ;
#5049 = ORIENTED_EDGE ( 'NONE', *, *, #5050, .T. ) ;
#5050 = EDGE_CURVE ( 'NONE', #5048, #5051, #6043, .T. ) ;
#5051 = VERTEX_POINT ( 'NONE', #6062 ) ;
#5052 = VERTEX_POINT ( 'NONE', #6066 ) ;
#5053 = ADVANCED_FACE ( 'NONE', ( #6065 ), #6080, .T. ) ;
#5054 = ORIENTED_EDGE ( 'NONE', *, *, #5055, .F. ) ;
#5055 = EDGE_CURVE ( 'NONE', #4937, #4605, #6089, .T. ) ;
#5056 = ORIENTED_EDGE ( 'NONE', *, *, #5016, .T. ) ;
#5057 = ORIENTED_EDGE ( 'NONE', *, *, #5058, .F. ) ;
#5058 = EDGE_CURVE ( 'NONE', #4605, #5048, #6119, .T. ) ;
#5059 = ADVANCED_FACE ( 'NONE', ( #6120 ), #6111, .T. ) ;
#5060 = EDGE_LOOP ( 'NONE', ( #5061, #4844, #4845 ) ) ;
#5061 = ORIENTED_EDGE ( 'NONE', *, *, #5062, .F. ) ;
#5062 = EDGE_CURVE ( 'NONE', #5051, #4803, #6091, .T. ) ;
#5063 = ORIENTED_EDGE ( 'NONE', *, *, #5037, .T. ) ;
#5064 = EDGE_LOOP ( 'NONE', ( #5065, #5066, #5067, #5069, #5070 ) ) ;
#5065 = ORIENTED_EDGE ( 'NONE', *, *, #4642, .F. ) ;
#5066 = ORIENTED_EDGE ( 'NONE', *, *, #4498, .F. ) ;
#5067 = ORIENTED_EDGE ( 'NONE', *, *, #5068, .F. ) ;
#5068 = EDGE_CURVE ( 'NONE', #4940, #4496, #6195, .T. ) ;
#5069 = ORIENTED_EDGE ( 'NONE', *, *, #4939, .F. ) ;
#5070 = ORIENTED_EDGE ( 'NONE', *, *, #5055, .T. ) ;
#5071 = ADVANCED_FACE ( 'NONE', ( #6233 ), #6141, .T. ) ;
#5072 = EDGE_LOOP ( 'NONE', ( #5073, #5074, #5075, #5077, #5078 ) ) ;
#5073 = ORIENTED_EDGE ( 'NONE', *, *, #4846, .T. ) ;
#5074 = ORIENTED_EDGE ( 'NONE', *, *, #4932, .F. ) ;
#5075 = ORIENTED_EDGE ( 'NONE', *, *, #5076, .F. ) ;
#5076 = EDGE_CURVE ( 'NONE', #4561, #4933, #6199, .T. ) ;
#5077 = ORIENTED_EDGE ( 'NONE', *, *, #4753, .F. ) ;
#5078 = ORIENTED_EDGE ( 'NONE', *, *, #4778, .F. ) ;
#5079 = ADVANCED_FACE ( 'NONE', ( #6137 ), #6155, .T. ) ;
#5080 = EDGE_LOOP ( 'NONE', ( #5081, #5082, #5083, #5085, #4881 ) ) ;
#5081 = ORIENTED_EDGE ( 'NONE', *, *, #4802, .F. ) ;
#5082 = ORIENTED_EDGE ( 'NONE', *, *, #4722, .F. ) ;
#5083 = ORIENTED_EDGE ( 'NONE', *, *, #5084, .F. ) ;
#5084 = EDGE_CURVE ( 'NONE', #5052, #4720, #6131, .T. ) ;
#5085 = ORIENTED_EDGE ( 'NONE', *, *, #5025, .F. ) ;
#5086 = MANIFOLD_SOLID_BREP ( 'NONE', #4173 ) ;
#5087 = ADVANCED_FACE ( 'NONE', ( #6250 ), #6247, .F. ) ;
#5088 = ORIENTED_EDGE ( 'NONE', *, *, #5089, .F. ) ;
#5089 = EDGE_CURVE ( 'NONE', #4707, #4717, #6325, .T. ) ;
#5090 = ORIENTED_EDGE ( 'NONE', *, *, #4705, .F. ) ;
#5091 = ADVANCED_FACE ( 'NONE', ( #6313 ), #6300, .T. ) ;
#5092 = ORIENTED_EDGE ( 'NONE', *, *, #5093, .T. ) ;
#5093 = EDGE_CURVE ( 'NONE', #5094, #5342, #6272, .T. ) ;
#5094 = VERTEX_POINT ( 'NONE', #6324 ) ;
#5095 = ADVANCED_FACE ( 'NONE', ( #6323 ), #6361, .T. ) ;
#5096 = ORIENTED_EDGE ( 'NONE', *, *, #5296, .F. ) ;
#5097 = VERTEX_POINT ( 'NONE', #6357 ) ;
#5098 = ORIENTED_EDGE ( 'NONE', *, *, #5099, .T. ) ;
#5099 = EDGE_CURVE ( 'NONE', #5110, #5139, #6342, .T. ) ;
#5100 = EDGE_LOOP ( 'NONE', ( #5101, #5102, #5103, #5111 ) ) ;
#5101 = ORIENTED_EDGE ( 'NONE', *, *, #5296, .T. ) ;
#5102 = ORIENTED_EDGE ( 'NONE', *, *, #5365, .T. ) ;
#5103 = ORIENTED_EDGE ( 'NONE', *, *, #5107, .F. ) ;
#5104 = VERTEX_POINT ( 'NONE', #6337 ) ;
#5105 = ADVANCED_FACE ( 'NONE', ( #6336 ), #6430, .T. ) ;
#5106 = ORIENTED_EDGE ( 'NONE', *, *, #5109, .F. ) ;
#5107 = EDGE_CURVE ( 'NONE', #5108, #5363, #6553, .T. ) ;
#5108 = VERTEX_POINT ( 'NONE', #6547 ) ;
#5109 = EDGE_CURVE ( 'NONE', #5110, #5097, #6522, .T. ) ;
#5110 = VERTEX_POINT ( 'NONE', #6504 ) ;
#5111 = ORIENTED_EDGE ( 'NONE', *, *, #5112, .T. ) ;
#5112 = EDGE_CURVE ( 'NONE', #5108, #5104, #6492, .T. ) ;
#5113 = ADVANCED_FACE ( 'NONE', ( #6479 ), #6449, .T. ) ;
#5114 = EDGE_LOOP ( 'NONE', ( #5208, #5211, #5212, #5215 ) ) ;
#5115 = ORIENTED_EDGE ( 'NONE', *, *, #5116, .F. ) ;
#5116 = EDGE_CURVE ( 'NONE', #5117, #5222, #6481, .T. ) ;
#5117 = VERTEX_POINT ( 'NONE', #6498 ) ;
#5118 = ORIENTED_EDGE ( 'NONE', *, *, #5119, .T. ) ;
#5119 = EDGE_CURVE ( 'NONE', #5117, #5104, #6496, .T. ) ;
#5120 = ADVANCED_FACE ( 'NONE', ( #6417 ), #6466, .T. ) ;
#5121 = ORIENTED_EDGE ( 'NONE', *, *, #5271, .T. ) ;
#5122 = ORIENTED_EDGE ( 'NONE', *, *, #5257, .T. ) ;
#5123 = ORIENTED_EDGE ( 'NONE', *, *, #5124, .F. ) ;
#5124 = EDGE_CURVE ( 'NONE', #4732, #5023, #6576, .T. ) ;
#5125 = ADVANCED_FACE ( 'NONE', ( #6626 ), #6659, .T. ) ;
#5126 = ADVANCED_FACE ( 'NONE', ( #6693 ), #6746, .T. ) ;
#5127 = EDGE_LOOP ( 'NONE', ( #5128, #5129, #5297, #5299, #5300 ) ) ;
#5128 = ORIENTED_EDGE ( 'NONE', *, *, #4873, .T. ) ;
#5129 = ORIENTED_EDGE ( 'NONE', *, *, #4495, .F. ) ;
#5130 = ORIENTED_EDGE ( 'NONE', *, *, #5131, .F. ) ;
#5131 = EDGE_CURVE ( 'NONE', #5132, #5249, #6756, .T. ) ;
#5132 = VERTEX_POINT ( 'NONE', #6747 ) ;
#5133 = ORIENTED_EDGE ( 'NONE', *, *, #5134, .T. ) ;
#5134 = EDGE_CURVE ( 'NONE', #5132, #5245, #6782, .T. ) ;
#5135 = ADVANCED_FACE ( 'NONE', ( #6754 ), #6732, .T. ) ;
#5136 = EDGE_LOOP ( 'NONE', ( #5137, #5141, #5158, #5160 ) ) ;
#5137 = ORIENTED_EDGE ( 'NONE', *, *, #5138, .T. ) ;
#5138 = EDGE_CURVE ( 'NONE', #5139, #5140, #6730, .T. ) ;
#5139 = VERTEX_POINT ( 'NONE', #6751 ) ;
#5140 = VERTEX_POINT ( 'NONE', #6750 ) ;
#5141 = ORIENTED_EDGE ( 'NONE', *, *, #5142, .T. ) ;
#5142 = EDGE_CURVE ( 'NONE', #5140, #5143, #6721, .T. ) ;
#5143 = VERTEX_POINT ( 'NONE', #6745 ) ;
#5144 = VERTEX_POINT ( 'NONE', #6744 ) ;
#5145 = ORIENTED_EDGE ( 'NONE', *, *, #5372, .T. ) ;
#5146 = ADVANCED_FACE ( 'NONE', ( #6743 ), #6373, .T. ) ;
#5147 = EDGE_LOOP ( 'NONE', ( #5148, #5149, #5150 ) ) ;
#5148 = ORIENTED_EDGE ( 'NONE', *, *, #5313, .T. ) ;
#5149 = ORIENTED_EDGE ( 'NONE', *, *, #5379, .T. ) ;
#5150 = ORIENTED_EDGE ( 'NONE', *, *, #5151, .F. ) ;
#5151 = EDGE_CURVE ( 'NONE', #4490, #4693, #6299, .T. ) ;
#5152 = ADVANCED_FACE ( 'NONE', ( #6379 ), #6331, .T. ) ;
#5153 = EDGE_LOOP ( 'NONE', ( #5154, #5155, #5156 ) ) ;
#5154 = ORIENTED_EDGE ( 'NONE', *, *, #5306, .T. ) ;
#5155 = ORIENTED_EDGE ( 'NONE', *, *, #5298, .T. ) ;
#5156 = ORIENTED_EDGE ( 'NONE', *, *, #5157, .F. ) ;
#5157 = EDGE_CURVE ( 'NONE', #4690, #4493, #6384, .T. ) ;
#5158 = ORIENTED_EDGE ( 'NONE', *, *, #5159, .F. ) ;
#5159 = EDGE_CURVE ( 'NONE', #5144, #5143, #6386, .T. ) ;
#5160 = ORIENTED_EDGE ( 'NONE', *, *, #5161, .T. ) ;
#5161 = EDGE_CURVE ( 'NONE', #5144, #5139, #6403, .T. ) ;
#5162 = ADVANCED_FACE ( 'NONE', ( #6348 ), #6364, .T. ) ;
#5163 = ADVANCED_FACE ( 'NONE', ( #6398 ), #6228, .T. ) ;
#5164 = ORIENTED_EDGE ( 'NONE', *, *, #4918, .T. ) ;
#5165 = ORIENTED_EDGE ( 'NONE', *, *, #4714, .F. ) ;
#5166 = ORIENTED_EDGE ( 'NONE', *, *, #5167, .F. ) ;
#5167 = EDGE_CURVE ( 'NONE', #4446, #4712, #6179, .T. ) ;
#5168 = ORIENTED_EDGE ( 'NONE', *, *, #4759, .F. ) ;
#5169 = ADVANCED_FACE ( 'NONE', ( #6180 ), #6187, .T. ) ;
#5170 = EDGE_LOOP ( 'NONE', ( #5171, #5172, #5173, #5175 ) ) ;
#5171 = ORIENTED_EDGE ( 'NONE', *, *, #4922, .T. ) ;
#5172 = ORIENTED_EDGE ( 'NONE', *, *, #4445, .F. ) ;
#5173 = ORIENTED_EDGE ( 'NONE', *, *, #5174, .F. ) ;
#5174 = EDGE_CURVE ( 'NONE', #4595, #4446, #6224, .T. ) ;
#5175 = ORIENTED_EDGE ( 'NONE', *, *, #4594, .F. ) ;
#5176 = ADVANCED_FACE ( 'NONE', ( #6210 ), #6467, .T. ) ;
#5177 = EDGE_LOOP ( 'NONE', ( #5178, #5179, #5180 ) ) ;
#5178 = ORIENTED_EDGE ( 'NONE', *, *, #5089, .T. ) ;
#5179 = ORIENTED_EDGE ( 'NONE', *, *, #5267, .T. ) ;
#5180 = ORIENTED_EDGE ( 'NONE', *, *, #5181, .F. ) ;
#5181 = EDGE_CURVE ( 'NONE', #4707, #4699, #6423, .T. ) ;
#5182 = ORIENTED_EDGE ( 'NONE', *, *, #5325, .F. ) ;
#5183 = ADVANCED_FACE ( 'NONE', ( #6429 ), #6526, .T. ) ;
#5184 = EDGE_LOOP ( 'NONE', ( #5194, #5200, #5317, #5357 ) ) ;
#5185 = ORIENTED_EDGE ( 'NONE', *, *, #5290, .F. ) ;
#5186 = ORIENTED_EDGE ( 'NONE', *, *, #5322, .T. ) ;
#5187 = ADVANCED_FACE ( 'NONE', ( #6570 ), #6474, .T. ) ;
#5188 = EDGE_LOOP ( 'NONE', ( #5338, #5337, #5355, #5356, #5326, #5419, #5353, #5330, #5331, #5332, #5185, #5186 ) ) ;
#5189 = ORIENTED_EDGE ( 'NONE', *, *, #5190, .F. ) ;
#5190 = EDGE_CURVE ( 'NONE', #5191, #5319, #6510, .T. ) ;
#5191 = VERTEX_POINT ( 'NONE', #6494 ) ;
#5192 = ORIENTED_EDGE ( 'NONE', *, *, #5193, .F. ) ;
#5193 = EDGE_CURVE ( 'NONE', #5489, #5191, #6463, .T. ) ;
#5194 = ORIENTED_EDGE ( 'NONE', *, *, #5195, .T. ) ;
#5195 = EDGE_CURVE ( 'NONE', #5196, #5197, #6545, .T. ) ;
#5196 = VERTEX_POINT ( 'NONE', #6584 ) ;
#5197 = VERTEX_POINT ( 'NONE', #6583 ) ;
#5198 = ORIENTED_EDGE ( 'NONE', *, *, #5159, .T. ) ;
#5199 = ORIENTED_EDGE ( 'NONE', *, *, #4480, .F. ) ;
#5200 = ORIENTED_EDGE ( 'NONE', *, *, #5201, .T. ) ;
#5201 = EDGE_CURVE ( 'NONE', #5197, #5316, #6519, .T. ) ;
#5202 = EDGE_LOOP ( 'NONE', ( #5203, #5204, #5088, #5090 ) ) ;
#5203 = ORIENTED_EDGE ( 'NONE', *, *, #4831, .T. ) ;
#5204 = ORIENTED_EDGE ( 'NONE', *, *, #4771, .F. ) ;
#5205 = ADVANCED_FACE ( 'NONE', ( #6515 ), #6487, .T. ) ;
#5206 = EDGE_LOOP ( 'NONE', ( #5207, #5283, #5286, #5289 ) ) ;
#5207 = ORIENTED_EDGE ( 'NONE', *, *, #5216, .F. ) ;
#5208 = ORIENTED_EDGE ( 'NONE', *, *, #5209, .T. ) ;
#5209 = EDGE_CURVE ( 'NONE', #5210, #5110, #6531, .T. ) ;
#5210 = VERTEX_POINT ( 'NONE', #6620 ) ;
#5211 = ORIENTED_EDGE ( 'NONE', *, *, #5109, .T. ) ;
#5212 = ORIENTED_EDGE ( 'NONE', *, *, #5213, .F. ) ;
#5213 = EDGE_CURVE ( 'NONE', #5214, #5097, #6596, .T. ) ;
#5214 = VERTEX_POINT ( 'NONE', #6597 ) ;
#5215 = ORIENTED_EDGE ( 'NONE', *, *, #5216, .T. ) ;
#5216 = EDGE_CURVE ( 'NONE', #5214, #5210, #6605, .T. ) ;
#5217 = ADVANCED_FACE ( 'NONE', ( #6601 ), #7364, .F. ) ;
#5218 = EDGE_LOOP ( 'NONE', ( #5219, #5220, #5115, #5118 ) ) ;
#5219 = ORIENTED_EDGE ( 'NONE', *, *, #5112, .F. ) ;
#5220 = ORIENTED_EDGE ( 'NONE', *, *, #5221, .F. ) ;
#5221 = EDGE_CURVE ( 'NONE', #5222, #5108, #7360, .T. ) ;
#5222 = VERTEX_POINT ( 'NONE', #7346 ) ;
#5223 = ORIENTED_EDGE ( 'NONE', *, *, #5116, .T. ) ;
#5224 = ORIENTED_EDGE ( 'NONE', *, *, #5225, .T. ) ;
#5225 = EDGE_CURVE ( 'NONE', #5222, #4577, #7352, .T. ) ;
#5226 = ADVANCED_FACE ( 'NONE', ( #7310 ), #7357, .T. ) ;
#5227 = ORIENTED_EDGE ( 'NONE', *, *, #4769, .F. ) ;
#5228 = ADVANCED_FACE ( 'NONE', ( #7326 ), #7341, .T. ) ;
#5229 = ADVANCED_FACE ( 'NONE', ( #6675 ), #6660, .T. ) ;
#5230 = EDGE_LOOP ( 'NONE', ( #5231, #5232, #5233 ) ) ;
#5231 = ORIENTED_EDGE ( 'NONE', *, *, #5260, .T. ) ;
#5232 = ORIENTED_EDGE ( 'NONE', *, *, #5252, .T. ) ;
#5233 = ORIENTED_EDGE ( 'NONE', *, *, #5234, .F. ) ;
#5234 = EDGE_CURVE ( 'NONE', #5040, #4688, #6669, .T. ) ;
#5235 = EDGE_LOOP ( 'NONE', ( #5121, #5122, #5123 ) ) ;
#5236 = EDGE_LOOP ( 'NONE', ( #5237, #5238, #5239 ) ) ;
#5237 = ORIENTED_EDGE ( 'NONE', *, *, #5174, .T. ) ;
#5238 = ORIENTED_EDGE ( 'NONE', *, *, #5167, .T. ) ;
#5239 = ORIENTED_EDGE ( 'NONE', *, *, #5240, .F. ) ;
#5240 = EDGE_CURVE ( 'NONE', #4595, #4712, #6642, .T. ) ;
#5241 = ADVANCED_FACE ( 'NONE', ( #6643 ), #6708, .T. ) ;
#5242 = EDGE_LOOP ( 'NONE', ( #5243, #5247, #5130, #5133 ) ) ;
#5243 = ORIENTED_EDGE ( 'NONE', *, *, #5244, .T. ) ;
#5244 = EDGE_CURVE ( 'NONE', #5245, #5246, #6713, .T. ) ;
#5245 = VERTEX_POINT ( 'NONE', #6714 ) ;
#5246 = VERTEX_POINT ( 'NONE', #6709 ) ;
#5247 = ORIENTED_EDGE ( 'NONE', *, *, #5248, .T. ) ;
#5248 = EDGE_CURVE ( 'NONE', #5246, #5249, #6695, .T. ) ;
#5249 = VERTEX_POINT ( 'NONE', #6795 ) ;
#5250 = ORIENTED_EDGE ( 'NONE', *, *, #4583, .F. ) ;
#5251 = ORIENTED_EDGE ( 'NONE', *, *, #5252, .F. ) ;
#5252 = EDGE_CURVE ( 'NONE', #4508, #4688, #6793, .T. ) ;
#5253 = ORIENTED_EDGE ( 'NONE', *, *, #4517, .F. ) ;
#5254 = ADVANCED_FACE ( 'NONE', ( #6803 ), #6815, .T. ) ;
#5255 = EDGE_LOOP ( 'NONE', ( #5256, #5258, #5259, #5261 ) ) ;
#5256 = ORIENTED_EDGE ( 'NONE', *, *, #5257, .F. ) ;
#5257 = EDGE_CURVE ( 'NONE', #4509, #5023, #6821, .T. ) ;
#5258 = ORIENTED_EDGE ( 'NONE', *, *, #4507, .F. ) ;
#5259 = ORIENTED_EDGE ( 'NONE', *, *, #5260, .F. ) ;
#5260 = EDGE_CURVE ( 'NONE', #5040, #4508, #6812, .T. ) ;
#5261 = ORIENTED_EDGE ( 'NONE', *, *, #5039, .F. ) ;
#5262 = ADVANCED_FACE ( 'NONE', ( #6843 ), #6928, .T. ) ;
#5263 = EDGE_LOOP ( 'NONE', ( #5268, #5269, #5270, #5272 ) ) ;
#5264 = ORIENTED_EDGE ( 'NONE', *, *, #4944, .T. ) ;
#5265 = ORIENTED_EDGE ( 'NONE', *, *, #4701, .F. ) ;
#5266 = ORIENTED_EDGE ( 'NONE', *, *, #5267, .F. ) ;
#5267 = EDGE_CURVE ( 'NONE', #4717, #4699, #6867, .T. ) ;
#5268 = ORIENTED_EDGE ( 'NONE', *, *, #4843, .T. ) ;
#5269 = ORIENTED_EDGE ( 'NONE', *, *, #4511, .F. ) ;
#5270 = ORIENTED_EDGE ( 'NONE', *, *, #5271, .F. ) ;
#5271 = EDGE_CURVE ( 'NONE', #4732, #4509, #6904, .T. ) ;
#5272 = ORIENTED_EDGE ( 'NONE', *, *, #4557, .F. ) ;
#5273 = ADVANCED_FACE ( 'NONE', ( #6905 ), #6853, .T. ) ;
#5274 = EDGE_LOOP ( 'NONE', ( #5164, #5165, #5166, #5168 ) ) ;
#5275 = ADVANCED_FACE ( 'NONE', ( #6835 ), #6845, .T. ) ;
#5276 = EDGE_LOOP ( 'NONE', ( #5277, #5278, #5280, #5281, #5282, #5198, #5323, #5327, #5328, #5096, #5351, #5352 ) ) ;
#5277 = ORIENTED_EDGE ( 'NONE', *, *, #4598, .F. ) ;
#5278 = ORIENTED_EDGE ( 'NONE', *, *, #5279, .F. ) ;
#5279 = EDGE_CURVE ( 'NONE', #5285, #4682, #6846, .T. ) ;
#5280 = ORIENTED_EDGE ( 'NONE', *, *, #5284, .T. ) ;
#5281 = ORIENTED_EDGE ( 'NONE', *, *, #5213, .T. ) ;
#5282 = ORIENTED_EDGE ( 'NONE', *, *, #5393, .T. ) ;
#5283 = ORIENTED_EDGE ( 'NONE', *, *, #5284, .F. ) ;
#5284 = EDGE_CURVE ( 'NONE', #5285, #5214, #6850, .T. ) ;
#5285 = VERTEX_POINT ( 'NONE', #6886 ) ;
#5286 = ORIENTED_EDGE ( 'NONE', *, *, #5287, .F. ) ;
#5287 = EDGE_CURVE ( 'NONE', #5288, #5285, #6885, .T. ) ;
#5288 = VERTEX_POINT ( 'NONE', #6923 ) ;
#5289 = ORIENTED_EDGE ( 'NONE', *, *, #5290, .T. ) ;
#5290 = EDGE_CURVE ( 'NONE', #5288, #5210, #6900, .T. ) ;
#5291 = ADVANCED_FACE ( 'NONE', ( #6895 ), #6987, .T. ) ;
#5292 = EDGE_LOOP ( 'NONE', ( #5293, #5294, #5223, #5224 ) ) ;
#5293 = ORIENTED_EDGE ( 'NONE', *, *, #4576, .F. ) ;
#5294 = ORIENTED_EDGE ( 'NONE', *, *, #5295, .F. ) ;
#5295 = EDGE_CURVE ( 'NONE', #5117, #4674, #7095, .T. ) ;
#5296 = EDGE_CURVE ( 'NONE', #5104, #5366, #6994, .T. ) ;
#5297 = ORIENTED_EDGE ( 'NONE', *, *, #5298, .F. ) ;
#5298 = EDGE_CURVE ( 'NONE', #4975, #4493, #6990, .T. ) ;
#5299 = ORIENTED_EDGE ( 'NONE', *, *, #4974, .F. ) ;
#5300 = ORIENTED_EDGE ( 'NONE', *, *, #4735, .F. ) ;
#5301 = ADVANCED_FACE ( 'NONE', ( #7084 ), #6944, .T. ) ;
#5302 = EDGE_LOOP ( 'NONE', ( #5303, #5304, #5305, #5307, #5145 ) ) ;
#5303 = ORIENTED_EDGE ( 'NONE', *, *, #4459, .F. ) ;
#5304 = ORIENTED_EDGE ( 'NONE', *, *, #4977, .F. ) ;
#5305 = ORIENTED_EDGE ( 'NONE', *, *, #5306, .F. ) ;
#5306 = EDGE_CURVE ( 'NONE', #4690, #4975, #7053, .T. ) ;
#5307 = ORIENTED_EDGE ( 'NONE', *, *, #4689, .F. ) ;
#5308 = ORIENTED_EDGE ( 'NONE', *, *, #4742, .F. ) ;
#5309 = ADVANCED_FACE ( 'NONE', ( #7049 ), #6934, .T. ) ;
#5310 = ORIENTED_EDGE ( 'NONE', *, *, #4686, .F. ) ;
#5311 = ORIENTED_EDGE ( 'NONE', *, *, #4524, .F. ) ;
#5312 = ORIENTED_EDGE ( 'NONE', *, *, #5313, .F. ) ;
#5313 = EDGE_CURVE ( 'NONE', #4490, #4592, #6943, .T. ) ;
#5314 = ORIENTED_EDGE ( 'NONE', *, *, #4488, .F. ) ;
#5315 = ORIENTED_EDGE ( 'NONE', *, *, #4864, .T. ) ;
#5316 = VERTEX_POINT ( 'NONE', #6995 ) ;
#5317 = ORIENTED_EDGE ( 'NONE', *, *, #5318, .F. ) ;
#5318 = EDGE_CURVE ( 'NONE', #5319, #5316, #7005, .T. ) ;
#5319 = VERTEX_POINT ( 'NONE', #7001 ) ;
#5320 = EDGE_LOOP ( 'NONE', ( #5092, #5343, #5346, #5333 ) ) ;
#5321 = ORIENTED_EDGE ( 'NONE', *, *, #5322, .F. ) ;
#5322 = EDGE_CURVE ( 'NONE', #5288, #4478, #7000, .T. ) ;
#5323 = ORIENTED_EDGE ( 'NONE', *, *, #5325, .T. ) ;
#5324 = EDGE_LOOP ( 'NONE', ( #5199, #5321, #5350, #5329 ) ) ;
#5325 = EDGE_CURVE ( 'NONE', #5143, #5246, #7009, .T. ) ;
#5326 = ORIENTED_EDGE ( 'NONE', *, *, #5362, .T. ) ;
#5327 = ORIENTED_EDGE ( 'NONE', *, *, #5244, .F. ) ;
#5328 = ORIENTED_EDGE ( 'NONE', *, *, #5368, .F. ) ;
#5329 = ORIENTED_EDGE ( 'NONE', *, *, #5279, .T. ) ;
#5330 = ORIENTED_EDGE ( 'NONE', *, *, #5138, .F. ) ;
#5331 = ORIENTED_EDGE ( 'NONE', *, *, #5099, .F. ) ;
#5332 = ORIENTED_EDGE ( 'NONE', *, *, #5209, .F. ) ;
#5333 = ORIENTED_EDGE ( 'NONE', *, *, #5334, .T. ) ;
#5334 = EDGE_CURVE ( 'NONE', #5348, #5094, #7014, .T. ) ;
#5335 = ADVANCED_FACE ( 'NONE', ( #7010 ), #6952, .T. ) ;
#5336 = ORIENTED_EDGE ( 'NONE', *, *, #5358, .F. ) ;
#5337 = ORIENTED_EDGE ( 'NONE', *, *, #5225, .F. ) ;
#5338 = ORIENTED_EDGE ( 'NONE', *, *, #4588, .F. ) ;
#5339 = ADVANCED_FACE ( 'NONE', ( #6953 ), #6957, .T. ) ;
#5340 = EDGE_LOOP ( 'NONE', ( #5341, #5420, #5421, #5182 ) ) ;
#5341 = ORIENTED_EDGE ( 'NONE', *, *, #5142, .F. ) ;
#5342 = VERTEX_POINT ( 'NONE', #6948 ) ;
#5343 = ORIENTED_EDGE ( 'NONE', *, *, #5344, .T. ) ;
#5344 = EDGE_CURVE ( 'NONE', #5342, #5345, #6947, .T. ) ;
#5345 = VERTEX_POINT ( 'NONE', #7039 ) ;
#5346 = ORIENTED_EDGE ( 'NONE', *, *, #5347, .F. ) ;
#5347 = EDGE_CURVE ( 'NONE', #5348, #5345, #7038, .T. ) ;
#5348 = VERTEX_POINT ( 'NONE', #6981 ) ;
#5349 = EDGE_LOOP ( 'NONE', ( #5336, #5189, #5192, #5490 ) ) ;
#5350 = ORIENTED_EDGE ( 'NONE', *, *, #5287, .T. ) ;
#5351 = ORIENTED_EDGE ( 'NONE', *, *, #5119, .F. ) ;
#5352 = ORIENTED_EDGE ( 'NONE', *, *, #5295, .T. ) ;
#5353 = ORIENTED_EDGE ( 'NONE', *, *, #5354, .T. ) ;
#5354 = EDGE_CURVE ( 'NONE', #5249, #5140, #6980, .T. ) ;
#5355 = ORIENTED_EDGE ( 'NONE', *, *, #5221, .T. ) ;
#5356 = ORIENTED_EDGE ( 'NONE', *, *, #5107, .T. ) ;
#5357 = ORIENTED_EDGE ( 'NONE', *, *, #5358, .T. ) ;
#5358 = EDGE_CURVE ( 'NONE', #5319, #5196, #7019, .T. ) ;
#5359 = EDGE_LOOP ( 'NONE', ( #5360, #5361, #5364, #5367 ) ) ;
#5360 = ORIENTED_EDGE ( 'NONE', *, *, #5134, .F. ) ;
#5361 = ORIENTED_EDGE ( 'NONE', *, *, #5362, .F. ) ;
#5362 = EDGE_CURVE ( 'NONE', #5363, #5132, #6939, .T. ) ;
#5363 = VERTEX_POINT ( 'NONE', #7034 ) ;
#5364 = ORIENTED_EDGE ( 'NONE', *, *, #5365, .F. ) ;
#5365 = EDGE_CURVE ( 'NONE', #5366, #5363, #7033, .T. ) ;
#5366 = VERTEX_POINT ( 'NONE', #7029 ) ;
#5367 = ORIENTED_EDGE ( 'NONE', *, *, #5368, .T. ) ;
#5368 = EDGE_CURVE ( 'NONE', #5366, #5245, #7044, .T. ) ;
#5369 = EDGE_LOOP ( 'NONE', ( #5391, #5392, #5106, #5098 ) ) ;
#5370 = ORIENTED_EDGE ( 'NONE', *, *, #4711, .F. ) ;
#5371 = ORIENTED_EDGE ( 'NONE', *, *, #5372, .F. ) ;
#5372 = EDGE_CURVE ( 'NONE', #4572, #4460, #7090, .T. ) ;
#5373 = ORIENTED_EDGE ( 'NONE', *, *, #4597, .F. ) ;
#5374 = ADVANCED_FACE ( 'NONE', ( #7089 ), #7228, .T. ) ;
#5375 = EDGE_LOOP ( 'NONE', ( #5376, #5377, #5378, #5380, #5308 ) ) ;
#5376 = ORIENTED_EDGE ( 'NONE', *, *, #4857, .T. ) ;
#5377 = ORIENTED_EDGE ( 'NONE', *, *, #4695, .F. ) ;
#5378 = ORIENTED_EDGE ( 'NONE', *, *, #5379, .F. ) ;
#5379 = EDGE_CURVE ( 'NONE', #4592, #4693, #7193, .T. ) ;
#5380 = ORIENTED_EDGE ( 'NONE', *, *, #4591, .F. ) ;
#5381 = EDGE_LOOP ( 'NONE', ( #5310, #5311, #5312, #5314, #5315 ) ) ;
#5382 = ADVANCED_FACE ( 'NONE', ( #7169 ), #7215, .T. ) ;
#5383 = EDGE_LOOP ( 'NONE', ( #5384, #5385, #5386, #5387 ) ) ;
#5384 = ORIENTED_EDGE ( 'NONE', *, *, #5151, .T. ) ;
#5385 = ORIENTED_EDGE ( 'NONE', *, *, #4692, .F. ) ;
#5386 = ORIENTED_EDGE ( 'NONE', *, *, #5157, .T. ) ;
#5387 = ORIENTED_EDGE ( 'NONE', *, *, #4492, .F. ) ;
#5388 = ADVANCED_FACE ( 'NONE', ( #7165 ), #7295, .F. ) ;
#5389 = EDGE_LOOP ( 'NONE', ( #5394, #5395, #5396, #5397 ) ) ;
#5390 = ADVANCED_FACE ( 'NONE', ( #7296 ), #7277, .F. ) ;
#5391 = ORIENTED_EDGE ( 'NONE', *, *, #5161, .F. ) ;
#5392 = ORIENTED_EDGE ( 'NONE', *, *, #5393, .F. ) ;
#5393 = EDGE_CURVE ( 'NONE', #5097, #5144, #7272, .T. ) ;
#5394 = ORIENTED_EDGE ( 'NONE', *, *, #4537, .F. ) ;
#5395 = ORIENTED_EDGE ( 'NONE', *, *, #4552, .F. ) ;
#5396 = ORIENTED_EDGE ( 'NONE', *, *, #4542, .T. ) ;
#5397 = ORIENTED_EDGE ( 'NONE', *, *, #4546, .F. ) ;
#5398 = ADVANCED_FACE ( 'NONE', ( #7273 ), #7263, .T. ) ;
#5399 = EDGE_LOOP ( 'NONE', ( #5400, #5401, #5645, #5646, #5647, #5648, #5481, #5483, #5484, #5485, #5486, #5487 ) ) ;
#5400 = ORIENTED_EDGE ( 'NONE', *, *, #4651, .F. ) ;
#5401 = ORIENTED_EDGE ( 'NONE', *, *, #5644, .F. ) ;
#5402 = ORIENTED_EDGE ( 'NONE', *, *, #5193, .T. ) ;
#5403 = VERTEX_POINT ( 'NONE', #7258 ) ;
#5404 = EDGE_CURVE ( 'NONE', #5408, #5191, #7257, .T. ) ;
#5405 = ORIENTED_EDGE ( 'NONE', *, *, #5417, .T. ) ;
#5406 = EDGE_LOOP ( 'NONE', ( #5643, #5422, #5500, #5640 ) ) ;
#5407 = ORIENTED_EDGE ( 'NONE', *, *, #5404, .F. ) ;
#5408 = VERTEX_POINT ( 'NONE', #7253 ) ;
#5409 = ORIENTED_EDGE ( 'NONE', *, *, #5641, .F. ) ;
#5410 = ORIENTED_EDGE ( 'NONE', *, *, #5411, .F. ) ;
#5411 = EDGE_CURVE ( 'NONE', #5412, #5639, #7252, .T. ) ;
#5412 = VERTEX_POINT ( 'NONE', #7247 ) ;
#5413 = ORIENTED_EDGE ( 'NONE', *, *, #5414, .F. ) ;
#5414 = EDGE_CURVE ( 'NONE', #5415, #5412, #7246, .T. ) ;
#5415 = VERTEX_POINT ( 'NONE', #7242 ) ;
#5416 = ADVANCED_FACE ( 'NONE', ( #7241 ), #7149, .T. ) ;
#5417 = EDGE_CURVE ( 'NONE', #5408, #5472, #7148, .T. ) ;
#5418 = EDGE_CURVE ( 'NONE', #5473, #5435, #7140, .T. ) ;
#5419 = ORIENTED_EDGE ( 'NONE', *, *, #5131, .T. ) ;
#5420 = ORIENTED_EDGE ( 'NONE', *, *, #5354, .F. ) ;
#5421 = ORIENTED_EDGE ( 'NONE', *, *, #5248, .F. ) ;
#5422 = ORIENTED_EDGE ( 'NONE', *, *, #5418, .T. ) ;
#5423 = EDGE_CURVE ( 'NONE', #5424, #5479, #7136, .T. ) ;
#5424 = VERTEX_POINT ( 'NONE', #7132 ) ;
#5425 = ORIENTED_EDGE ( 'NONE', *, *, #5426, .T. ) ;
#5426 = EDGE_CURVE ( 'NONE', #5424, #5472, #7190, .T. ) ;
#5427 = ADVANCED_FACE ( 'NONE', ( #7191 ), #7128, .T. ) ;
#5428 = EDGE_LOOP ( 'NONE', ( #5409, #5410, #5413, #5502 ) ) ;
#5429 = ORIENTED_EDGE ( 'NONE', *, *, #5430, .F. ) ;
#5430 = EDGE_CURVE ( 'NONE', #5424, #4659, #7124, .T. ) ;
#5431 = ORIENTED_EDGE ( 'NONE', *, *, #5423, .T. ) ;
#5432 = ORIENTED_EDGE ( 'NONE', *, *, #5433, .T. ) ;
#5433 = EDGE_CURVE ( 'NONE', #5479, #4675, #7120, .T. ) ;
#5434 = EDGE_CURVE ( 'NONE', #5435, #5348, #7116, .T. ) ;
#5435 = VERTEX_POINT ( 'NONE', #7213 ) ;
#5436 = ORIENTED_EDGE ( 'NONE', *, *, #5418, .F. ) ;
#5437 = STYLED_ITEM ( 'NONE', ( #5438 ), #3620 ) ;
#5438 = PRESENTATION_STYLE_ASSIGNMENT (( #5439 ) ) ;
#5439 = SURFACE_STYLE_USAGE ( .BOTH. , #5440 ) ;
#5440 = SURFACE_SIDE_STYLE ('',( #5441 ) ) ;
#5441 = SURFACE_STYLE_FILL_AREA ( #5442 ) ;
#5442 = FILL_AREA_STYLE ('',( #5443 ) ) ;
#5443 = FILL_AREA_STYLE_COLOUR ( '', #5444 ) ;
#5444 = COLOUR_RGB ( '',0.8784313725490196000, 0.8784313725490196000, 0.8784313725490196000 ) ;
#5445 = FACE_OUTER_BOUND ( 'NONE', #3621, .T. ) ;
#5446 = CARTESIAN_POINT ( 'NONE',  ( -2.200000000000000200, -1.700000000000000600, 0.2500000000000000000 ) ) ;
#5447 = DIRECTION ( 'NONE',  ( 1.000000000000000000, -0.0000000000000000000, -0.0000000000000000000 ) ) ;
#5448 = VECTOR ( 'NONE', #5447, 1000.000000000000000 ) ;
#5449 = CARTESIAN_POINT ( 'NONE',  ( -1.999999999999998700, -2.110000000000000300, 0.8450000000000004200 ) ) ;
#5450 = LINE ( 'NONE', #5449, #5448 ) ;
#5451 = DIRECTION ( 'NONE',  ( 0.0000000000000000000, -1.000000000000000000, 0.0000000000000000000 ) ) ;
#5452 = VECTOR ( 'NONE', #5451, 1000.000000000000000 ) ;
#5453 = CARTESIAN_POINT ( 'NONE',  ( -2.357107326951333200, -1.905000000000000000, 0.2772240449449657800 ) ) ;
#5454 = LINE ( 'NONE', #5453, #5452 ) ;
#5455 = CARTESIAN_POINT ( 'NONE',  ( -2.115913409923405800, -2.110000000000000300, 0.7668458207347690300 ) ) ;
#5456 = DIRECTION ( 'NONE',  ( -0.1605805316733572300, 0.0000000000000000000, -0.9870227418086686700 ) ) ;
#5457 = VECTOR ( 'NONE', #5456, 1000.000000000000100 ) ;
#5458 = CARTESIAN_POINT ( 'NONE',  ( -2.115913409923405800, -2.110000000000000300, 0.7668458207347690300 ) ) ;
#5459 = LINE ( 'NONE', #5458, #5457 ) ;
#5460 = CARTESIAN_POINT ( 'NONE',  ( -1.999999999999998700, -1.700000000000000600, 0.8450000000000004200 ) ) ;
#5461 = DIRECTION ( 'NONE',  ( 0.0000000000000000000, 0.0000000000000000000, -1.000000000000000000 ) ) ;
#5462 = DIRECTION ( 'NONE',  ( 0.0000000000000000000, -1.000000000000000000, -0.0000000000000000000 ) ) ;
#5463 = CARTESIAN_POINT ( 'NONE',  ( -2.000000000000000000, -1.700000000000000600, 0.7199651360910145300 ) ) ;
#5464 = AXIS2_PLACEMENT_3D ( 'NONE', #5463, #5462, #5461 ) ;
#5465 = CIRCLE ( 'NONE', #5464, 0.1250348639089858000 ) ;
#5466 = DIRECTION ( 'NONE',  ( 0.0000000000000000000, 0.0000000000000000000, -1.000000000000000000 ) ) ;
#5467 = DIRECTION ( 'NONE',  ( 0.0000000000000000000, -1.000000000000000000, -0.0000000000000000000 ) ) ;
#5468 = AXIS2_PLACEMENT_3D ( 'NONE', #5470, #5467, #5466 ) ;
#5469 = CYLINDRICAL_SURFACE ( 'NONE', #5468, 0.1250348639089858000 ) ;
#5470 = CARTESIAN_POINT ( 'NONE',  ( -2.000000000000000000, -1.905000000000000000, 0.7199651360910145300 ) ) ;
#5471 = EDGE_CURVE ( 'NONE', #5472, #5489, #7212, .T. ) ;
#5472 = VERTEX_POINT ( 'NONE', #7208 ) ;
#5473 = VERTEX_POINT ( 'NONE', #7207 ) ;
#5474 = ADVANCED_FACE ( 'NONE', ( #7206 ), #7410, .F. ) ;
#5475 = EDGE_LOOP ( 'NONE', ( #5476, #5477, #5480, #5425 ) ) ;
#5476 = ORIENTED_EDGE ( 'NONE', *, *, #5417, .F. ) ;
#5477 = ORIENTED_EDGE ( 'NONE', *, *, #5478, .F. ) ;
#5478 = EDGE_CURVE ( 'NONE', #5479, #5408, #7367, .T. ) ;
#5479 = VERTEX_POINT ( 'NONE', #7398 ) ;
#5480 = ORIENTED_EDGE ( 'NONE', *, *, #5423, .F. ) ;
#5481 = ORIENTED_EDGE ( 'NONE', *, *, #5482, .T. ) ;
#5482 = EDGE_CURVE ( 'NONE', #5345, #5197, #7372, .T. ) ;
#5483 = ORIENTED_EDGE ( 'NONE', *, *, #5195, .F. ) ;
#5484 = ORIENTED_EDGE ( 'NONE', *, *, #5491, .F. ) ;
#5485 = ORIENTED_EDGE ( 'NONE', *, *, #5471, .F. ) ;
#5486 = ORIENTED_EDGE ( 'NONE', *, *, #5426, .F. ) ;
#5487 = ORIENTED_EDGE ( 'NONE', *, *, #5430, .T. ) ;
#5488 = ADVANCED_FACE ( 'NONE', ( #7368 ), #7451, .T. ) ;
#5489 = VERTEX_POINT ( 'NONE', #7450 ) ;
#5490 = ORIENTED_EDGE ( 'NONE', *, *, #5491, .T. ) ;
#5491 = EDGE_CURVE ( 'NONE', #5489, #5196, #7416, .T. ) ;
#5492 = ADVANCED_FACE ( 'NONE', ( #7417 ), #7384, .F. ) ;
#5493 = EDGE_LOOP ( 'NONE', ( #5494, #5495, #5436, #5638 ) ) ;
#5494 = ORIENTED_EDGE ( 'NONE', *, *, #5334, .F. ) ;
#5495 = ORIENTED_EDGE ( 'NONE', *, *, #5434, .F. ) ;
#5496 = EDGE_LOOP ( 'NONE', ( #4607, #4131, #4129, #4126 ) ) ;
#5497 = ORIENTED_EDGE ( 'NONE', *, *, #5471, .T. ) ;
#5498 = EDGE_CURVE ( 'NONE', #5473, #5094, #7393, .T. ) ;
#5499 = EDGE_LOOP ( 'NONE', ( #5497, #5402, #5407, #5405 ) ) ;
#5500 = ORIENTED_EDGE ( 'NONE', *, *, #5501, .F. ) ;
#5501 = EDGE_CURVE ( 'NONE', #5639, #5435, #7423, .T. ) ;
#5502 = ORIENTED_EDGE ( 'NONE', *, *, #5503, .T. ) ;
#5503 = EDGE_CURVE ( 'NONE', #5415, #5403, #7430, .T. ) ;
#5504 = ADVANCED_FACE ( 'NONE', ( #7447 ), #7404, .T. ) ;
#5505 = EDGE_LOOP ( 'NONE', ( #5506, #5429, #5431, #5432 ) ) ;
#5506 = ORIENTED_EDGE ( 'NONE', *, *, #4573, .F. ) ;
#5507 = EDGE_CURVE ( 'NONE', #5403, #5473, #7504, .T. ) ;
#5508 =( NAMED_UNIT ( * ) SI_UNIT ( $, .STERADIAN. ) SOLID_ANGLE_UNIT ( ) );
#5509 =( NAMED_UNIT ( * ) PLANE_ANGLE_UNIT ( ) SI_UNIT ( $, .RADIAN. ) );
#5510 =( LENGTH_UNIT ( ) NAMED_UNIT ( * ) SI_UNIT ( .MILLI., .METRE. ) );
#5511 = MECHANICAL_DESIGN_GEOMETRIC_PRESENTATION_REPRESENTATION (  '', ( #5513 ), #5564 ) ;
#5512 = PRESENTATION_LAYER_ASSIGNMENT (  '', '', ( #5513 ) ) ;
#5513 = STYLED_ITEM ( 'NONE', ( #5514 ), #3578 ) ;
#5514 = PRESENTATION_STYLE_ASSIGNMENT (( #5515 ) ) ;
#5515 = SURFACE_STYLE_USAGE ( .BOTH. , #5516 ) ;
#5516 = SURFACE_SIDE_STYLE ('',( #5517 ) ) ;
#5517 = SURFACE_STYLE_FILL_AREA ( #5518 ) ;
#5518 = FILL_AREA_STYLE ('',( #5526 ) ) ;
#5519 = COLOUR_RGB ( '',0.8784313725490196000, 0.8784313725490196000, 0.8784313725490196000 ) ;
#5520 = FACE_OUTER_BOUND ( 'NONE', #3577, .T. ) ;
#5521 = DIRECTION ( 'NONE',  ( 0.0000000000000000000, 0.0000000000000000000, 1.000000000000000000 ) ) ;
#5522 = DIRECTION ( 'NONE',  ( 0.0000000000000000000, 1.000000000000000000, 0.0000000000000000000 ) ) ;
#5523 = CARTESIAN_POINT ( 'NONE',  ( -2.457460150826093600, -2.110000000000000300, 0.2973500771900227100 ) ) ;
#5524 = AXIS2_PLACEMENT_3D ( 'NONE', #5523, #5522, #5521 ) ;
#5525 = CIRCLE ( 'NONE', #5524, 0.1023510939539382000 ) ;
#5526 = FILL_AREA_STYLE_COLOUR ( '', #5519 ) ;
#5527 = CARTESIAN_POINT ( 'NONE',  ( -1.999999999999998700, -2.110000000000000300, 0.8450000000000004200 ) ) ;
#5528 = DIRECTION ( 'NONE',  ( 0.0000000000000000000, 1.000000000000000000, 0.0000000000000000000 ) ) ;
#5529 = VECTOR ( 'NONE', #5528, 1000.000000000000000 ) ;
#5530 = CARTESIAN_POINT ( 'NONE',  ( -1.999999999999998700, -2.110000000000000300, 0.8450000000000004200 ) ) ;
#5531 = LINE ( 'NONE', #5530, #5529 ) ;
#5532 = CARTESIAN_POINT ( 'NONE',  ( 2.200000000000000200, 1.699999999999999700, 0.2500000000000000000 ) ) ;
#5533 = DIRECTION ( 'NONE',  ( 0.0000000000000000000, 0.0000000000000000000, -1.000000000000000000 ) ) ;
#5534 = DIRECTION ( 'NONE',  ( -0.0000000000000000000, -1.000000000000000000, -0.0000000000000000000 ) ) ;
#5535 = CARTESIAN_POINT ( 'NONE',  ( 2.457460150826093600, 1.699999999999999700, 0.2973500771900227100 ) ) ;
#5536 = AXIS2_PLACEMENT_3D ( 'NONE', #5535, #5534, #5533 ) ;
#5537 = CIRCLE ( 'NONE', #5536, 0.2617780721781255400 ) ;
#5538 =( NAMED_UNIT ( * ) SI_UNIT ( $, .STERADIAN. ) SOLID_ANGLE_UNIT ( ) );
#5539 =( NAMED_UNIT ( * ) PLANE_ANGLE_UNIT ( ) SI_UNIT ( $, .RADIAN. ) );
#5540 =( LENGTH_UNIT ( ) NAMED_UNIT ( * ) SI_UNIT ( .MILLI., .METRE. ) );
#5541 = MECHANICAL_DESIGN_GEOMETRIC_PRESENTATION_REPRESENTATION (  '', ( #5543 ), #5592 ) ;
#5542 = PRESENTATION_LAYER_ASSIGNMENT (  '', '', ( #5543 ) ) ;
#5543 = STYLED_ITEM ( 'NONE', ( #5544 ), #3584 ) ;
#5544 = PRESENTATION_STYLE_ASSIGNMENT (( #5545 ) ) ;
#5545 = SURFACE_STYLE_USAGE ( .BOTH. , #5546 ) ;
#5546 = SURFACE_SIDE_STYLE ('',( #5547 ) ) ;
#5547 = SURFACE_STYLE_FILL_AREA ( #5548 ) ;
#5548 = FILL_AREA_STYLE ('',( #5556 ) ) ;
#5549 = COLOUR_RGB ( '',0.8784313725490196000, 0.8784313725490196000, 0.8784313725490196000 ) ;
#5550 = FACE_OUTER_BOUND ( 'NONE', #3585, .T. ) ;
#5551 = DIRECTION ( 'NONE',  ( 0.0000000000000000000, 0.0000000000000000000, 1.000000000000000000 ) ) ;
#5552 = DIRECTION ( 'NONE',  ( 0.0000000000000000000, 1.000000000000000000, 0.0000000000000000000 ) ) ;
#5553 = CARTESIAN_POINT ( 'NONE',  ( -2.457460150826093600, -1.700000000000000400, 0.2973500771900227100 ) ) ;
#5554 = AXIS2_PLACEMENT_3D ( 'NONE', #5553, #5552, #5551 ) ;
#5555 = CIRCLE ( 'NONE', #5554, 0.1023510939539378200 ) ;
#5556 = FILL_AREA_STYLE_COLOUR ( '', #5549 ) ;
#5557 = CARTESIAN_POINT ( 'NONE',  ( -2.357107326951333200, -1.700000000000000400, 0.2772240449449657800 ) ) ;
#5558 = DIRECTION ( 'NONE',  ( 0.0000000000000000000, 0.0000000000000000000, 1.000000000000000000 ) ) ;
#5559 = DIRECTION ( 'NONE',  ( 0.0000000000000000000, 1.000000000000000000, 0.0000000000000000000 ) ) ;
#5560 = AXIS2_PLACEMENT_3D ( 'NONE', #5563, #5559, #5558 ) ;
#5561 = CYLINDRICAL_SURFACE ( 'NONE', #5560, 0.1023510939539380400 ) ;
#5562 = CARTESIAN_POINT ( 'NONE',  ( -2.357107326951332700, -2.110000000000000300, 0.2772240449449658900 ) ) ;
#5563 = CARTESIAN_POINT ( 'NONE',  ( -2.457460150826093600, -1.905000000000000000, 0.2973500771900227100 ) ) ;
#5564 =( GEOMETRIC_REPRESENTATION_CONTEXT ( 3 ) GLOBAL_UNCERTAINTY_ASSIGNED_CONTEXT ( ( #5565 ) ) GLOBAL_UNIT_ASSIGNED_CONTEXT ( ( #5510, #5509, #5508 ) ) REPRESENTATION_CONTEXT ( 'NONE', 'WORKASPACE' ) );
#5565 = UNCERTAINTY_MEASURE_WITH_UNIT (LENGTH_MEASURE( 1.000000000000000100E-005 ), #5510, 'distance_accuracy_value', 'NONE');
#5566 = CARTESIAN_POINT ( 'NONE',  ( -1.999999999999998700, -2.110000000000000300, 0.8450000000000004200 ) ) ;
#5567 = PLANE ( 'NONE',  #5636 ) ;
#5568 = FACE_OUTER_BOUND ( 'NONE', #3595, .T. ) ;
#5569 = DIRECTION ( 'NONE',  ( 1.000000000000000000, -0.0000000000000000000, -0.0000000000000000000 ) ) ;
#5570 = VECTOR ( 'NONE', #5569, 1000.000000000000000 ) ;
#5571 = CARTESIAN_POINT ( 'NONE',  ( -1.999999999999998700, -1.700000000000000600, 0.8450000000000004200 ) ) ;
#5572 = LINE ( 'NONE', #5571, #5570 ) ;
#5573 = CARTESIAN_POINT ( 'NONE',  ( -2.200000000000000200, -2.110000000000000300, 0.2500000000000000000 ) ) ;
#5574 = DIRECTION ( 'NONE',  ( 0.0000000000000000000, 1.000000000000000000, 0.0000000000000000000 ) ) ;
#5575 = VECTOR ( 'NONE', #5574, 1000.000000000000000 ) ;
#5576 = CARTESIAN_POINT ( 'NONE',  ( -2.200000000000000200, -1.905000000000000000, 0.2499999999999998900 ) ) ;
#5577 = LINE ( 'NONE', #5576, #5575 ) ;
#5578 = DIRECTION ( 'NONE',  ( 0.0000000000000000000, -1.000000000000000000, -0.0000000000000000000 ) ) ;
#5579 = VECTOR ( 'NONE', #5578, 1000.000000000000000 ) ;
#5580 = CARTESIAN_POINT ( 'NONE',  ( -2.115913409923405800, -1.905000000000000000, 0.7668458207347690300 ) ) ;
#5581 = LINE ( 'NONE', #5580, #5579 ) ;
#5582 = CARTESIAN_POINT ( 'NONE',  ( -2.115913409923405800, -1.700000000000000600, 0.7668458207347690300 ) ) ;
#5583 = DIRECTION ( 'NONE',  ( -0.1605805316733572300, 0.0000000000000000000, -0.9870227418086686700 ) ) ;
#5584 = VECTOR ( 'NONE', #5583, 1000.000000000000100 ) ;
#5585 = CARTESIAN_POINT ( 'NONE',  ( -2.115913409923405800, -1.700000000000000600, 0.7668458207347690300 ) ) ;
#5586 = DIRECTION ( 'NONE',  ( -0.1605805316733572300, 0.0000000000000000000, -0.9870227418086686700 ) ) ;
#5587 = DIRECTION ( 'NONE',  ( 0.9870227418086687800, 0.0000000000000000000, -0.1605805316733572600 ) ) ;
#5588 = CARTESIAN_POINT ( 'NONE',  ( -2.115913409923405800, -1.905000000000000000, 0.7668458207347690300 ) ) ;
#5589 = AXIS2_PLACEMENT_3D ( 'NONE', #5588, #5587, #5586 ) ;
#5590 = LINE ( 'NONE', #5585, #5584 ) ;
#5591 = PLANE ( 'NONE',  #5589 ) ;
#5592 =( GEOMETRIC_REPRESENTATION_CONTEXT ( 3 ) GLOBAL_UNCERTAINTY_ASSIGNED_CONTEXT ( ( #5593 ) ) GLOBAL_UNIT_ASSIGNED_CONTEXT ( ( #5540, #5539, #5538 ) ) REPRESENTATION_CONTEXT ( 'NONE', 'WORKASPACE' ) );
#5593 = UNCERTAINTY_MEASURE_WITH_UNIT (LENGTH_MEASURE( 1.000000000000000100E-005 ), #5540, 'distance_accuracy_value', 'NONE');
#5594 =( GEOMETRIC_REPRESENTATION_CONTEXT ( 3 ) GLOBAL_UNCERTAINTY_ASSIGNED_CONTEXT ( ( #5595 ) ) GLOBAL_UNIT_ASSIGNED_CONTEXT ( ( #5598, #5597, #5596 ) ) REPRESENTATION_CONTEXT ( 'NONE', 'WORKASPACE' ) );
#5595 = UNCERTAINTY_MEASURE_WITH_UNIT (LENGTH_MEASURE( 1.000000000000000100E-005 ), #5598, 'distance_accuracy_value', 'NONE');
#5596 =( NAMED_UNIT ( * ) SI_UNIT ( $, .STERADIAN. ) SOLID_ANGLE_UNIT ( ) );
#5597 =( NAMED_UNIT ( * ) PLANE_ANGLE_UNIT ( ) SI_UNIT ( $, .RADIAN. ) );
#5598 =( LENGTH_UNIT ( ) NAMED_UNIT ( * ) SI_UNIT ( .MILLI., .METRE. ) );
#5599 = MECHANICAL_DESIGN_GEOMETRIC_PRESENTATION_REPRESENTATION (  '', ( #5601 ), #5594 ) ;
#5600 = PRESENTATION_LAYER_ASSIGNMENT (  '', '', ( #5601 ) ) ;
#5601 = STYLED_ITEM ( 'NONE', ( #5602 ), #3604 ) ;
#5602 = PRESENTATION_STYLE_ASSIGNMENT (( #5603 ) ) ;
#5603 = SURFACE_STYLE_USAGE ( .BOTH. , #5604 ) ;
#5604 = SURFACE_SIDE_STYLE ('',( #5605 ) ) ;
#5605 = SURFACE_STYLE_FILL_AREA ( #5612 ) ;
#5606 = COLOUR_RGB ( '',0.8784313725490196000, 0.8784313725490196000, 0.8784313725490196000 ) ;
#5607 = FACE_OUTER_BOUND ( 'NONE', #3631, .T. ) ;
#5608 = DIRECTION ( 'NONE',  ( 0.1605805316733572300, 0.0000000000000000000, 0.9870227418086686700 ) ) ;
#5609 = DIRECTION ( 'NONE',  ( -0.9870227418086687800, -0.0000000000000000000, 0.1605805316733572600 ) ) ;
#5610 = CARTESIAN_POINT ( 'NONE',  ( -2.270417144850321200, -1.905000000000000000, 0.8100730792182140300 ) ) ;
#5611 = AXIS2_PLACEMENT_3D ( 'NONE', #5610, #5609, #5608 ) ;
#5612 = FILL_AREA_STYLE ('',( #5613 ) ) ;
#5613 = FILL_AREA_STYLE_COLOUR ( '', #5606 ) ;
#5614 = PLANE ( 'NONE',  #5611 ) ;
#5615 =( GEOMETRIC_REPRESENTATION_CONTEXT ( 3 ) GLOBAL_UNCERTAINTY_ASSIGNED_CONTEXT ( ( #5616 ) ) GLOBAL_UNIT_ASSIGNED_CONTEXT ( ( #5619, #5618, #5617 ) ) REPRESENTATION_CONTEXT ( 'NONE', 'WORKASPACE' ) );
#5616 = UNCERTAINTY_MEASURE_WITH_UNIT (LENGTH_MEASURE( 1.000000000000000100E-005 ), #5619, 'distance_accuracy_value', 'NONE');
#5617 =( NAMED_UNIT ( * ) SI_UNIT ( $, .STERADIAN. ) SOLID_ANGLE_UNIT ( ) );
#5618 =( NAMED_UNIT ( * ) PLANE_ANGLE_UNIT ( ) SI_UNIT ( $, .RADIAN. ) );
#5619 =( LENGTH_UNIT ( ) NAMED_UNIT ( * ) SI_UNIT ( .MILLI., .METRE. ) );
#5620 = MECHANICAL_DESIGN_GEOMETRIC_PRESENTATION_REPRESENTATION (  '', ( #5622 ), #5615 ) ;
#5621 = PRESENTATION_LAYER_ASSIGNMENT (  '', '', ( #5622 ) ) ;
#5622 = STYLED_ITEM ( 'NONE', ( #5623 ), #3601 ) ;
#5623 = PRESENTATION_STYLE_ASSIGNMENT (( #5624 ) ) ;
#5624 = SURFACE_STYLE_USAGE ( .BOTH. , #5625 ) ;
#5625 = SURFACE_SIDE_STYLE ('',( #5626 ) ) ;
#5626 = SURFACE_STYLE_FILL_AREA ( #5627 ) ;
#5627 = FILL_AREA_STYLE ('',( #5633 ) ) ;
#5628 = COLOUR_RGB ( '',0.8784313725490196000, 0.8784313725490196000, 0.8784313725490196000 ) ;
#5629 = FACE_OUTER_BOUND ( 'NONE', #3590, .T. ) ;
#5630 = DIRECTION ( 'NONE',  ( 1.000000000000000000, -0.0000000000000000000, -0.0000000000000000000 ) ) ;
#5631 = VECTOR ( 'NONE', #5630, 1000.000000000000000 ) ;
#5632 = CARTESIAN_POINT ( 'NONE',  ( -1.999999999999998200, -2.110000000000000300, 1.005000000000000600 ) ) ;
#5633 = FILL_AREA_STYLE_COLOUR ( '', #5628 ) ;
#5634 = DIRECTION ( 'NONE',  ( 0.0000000000000000000, -0.0000000000000000000, -1.000000000000000000 ) ) ;
#5635 = DIRECTION ( 'NONE',  ( 0.0000000000000000000, -1.000000000000000000, 0.0000000000000000000 ) ) ;
#5636 = AXIS2_PLACEMENT_3D ( 'NONE', #5566, #5635, #5634 ) ;
#5637 = LINE ( 'NONE', #5632, #5631 ) ;
#5638 = ORIENTED_EDGE ( 'NONE', *, *, #5498, .T. ) ;
#5639 = VERTEX_POINT ( 'NONE', #7495 ) ;
#5640 = ORIENTED_EDGE ( 'NONE', *, *, #5641, .T. ) ;
#5641 = EDGE_CURVE ( 'NONE', #5639, #5403, #7482, .T. ) ;
#5642 = ADVANCED_FACE ( 'NONE', ( #7494 ), #7496, .T. ) ;
#5643 = ORIENTED_EDGE ( 'NONE', *, *, #5507, .T. ) ;
#5644 = EDGE_CURVE ( 'NONE', #5412, #4649, #7490, .T. ) ;
#5645 = ORIENTED_EDGE ( 'NONE', *, *, #5411, .T. ) ;
#5646 = ORIENTED_EDGE ( 'NONE', *, *, #5501, .T. ) ;
#5647 = ORIENTED_EDGE ( 'NONE', *, *, #5434, .T. ) ;
#5648 = ORIENTED_EDGE ( 'NONE', *, *, #5347, .T. ) ;
#5649 = CARTESIAN_POINT ( 'NONE',  ( -2.000000000000000000, -1.700000000000000600, 0.7199651360910145300 ) ) ;
#5650 = AXIS2_PLACEMENT_3D ( 'NONE', #5649, #5744, #5743 ) ;
#5651 = CIRCLE ( 'NONE', #5650, 0.2850348639089859100 ) ;
#5652 = CARTESIAN_POINT ( 'NONE',  ( -2.000000000000000000, -2.110000000000000300, 0.7199651360910145300 ) ) ;
#5653 = CARTESIAN_POINT ( 'NONE',  ( -1.999999999999998200, -1.700000000000000600, 1.005000000000000600 ) ) ;
#5654 = DIRECTION ( 'NONE',  ( -0.0000000000000000000, -1.000000000000000000, -0.0000000000000000000 ) ) ;
#5655 = VECTOR ( 'NONE', #5654, 1000.000000000000000 ) ;
#5656 = CARTESIAN_POINT ( 'NONE',  ( -1.999999999999998200, -2.110000000000000300, 1.005000000000000600 ) ) ;
#5657 = LINE ( 'NONE', #5656, #5655 ) ;
#5658 = DIRECTION ( 'NONE',  ( 0.9975640502598247500, 0.0000000000000000000, -0.06975647374411818300 ) ) ;
#5659 = VECTOR ( 'NONE', #5658, 1000.000000000000000 ) ;
#5660 = CARTESIAN_POINT ( 'NONE',  ( 2.399999999999999900, 2.109999999999999400, 0.04195608716610197500 ) ) ;
#5661 = LINE ( 'NONE', #5660, #5659 ) ;
#5662 = CARTESIAN_POINT ( 'NONE',  ( 2.399999999999999900, 2.109999999999999400, 0.04195608716610197500 ) ) ;
#5663 = DIRECTION ( 'NONE',  ( -0.0000000000000000000, -1.000000000000000000, -0.0000000000000000000 ) ) ;
#5664 = VECTOR ( 'NONE', #5663, 1000.000000000000000 ) ;
#5665 = CARTESIAN_POINT ( 'NONE',  ( 2.399999999999999900, 1.905000000000000000, 0.04195608716610197500 ) ) ;
#5666 = LINE ( 'NONE', #5665, #5664 ) ;
#5667 = CARTESIAN_POINT ( 'NONE',  ( 2.399999999999999900, 1.699999999999999700, 0.04195608716610197500 ) ) ;
#5668 = DIRECTION ( 'NONE',  ( 0.9975640502598247500, 0.0000000000000000000, -0.06975647374411818300 ) ) ;
#5669 = VECTOR ( 'NONE', #5668, 1000.000000000000000 ) ;
#5670 = CARTESIAN_POINT ( 'NONE',  ( 2.399999999999999900, 1.699999999999999700, 0.04195608716610197500 ) ) ;
#5671 = LINE ( 'NONE', #5670, #5669 ) ;
#5672 = CARTESIAN_POINT ( 'NONE',  ( 3.000000000000000000, 2.109999999999999400, -6.776263578034402700E-018 ) ) ;
#5673 = CARTESIAN_POINT ( 'NONE',  ( 3.000000000000000000, 1.699999999999999700, -1.016439536705160400E-017 ) ) ;
#5674 = DIRECTION ( 'NONE',  ( 0.0000000000000000000, 1.000000000000000000, 0.0000000000000000000 ) ) ;
#5675 = VECTOR ( 'NONE', #5674, 1000.000000000000000 ) ;
#5676 = CARTESIAN_POINT ( 'NONE',  ( 3.000000000000000000, 1.905000000000000000, -6.776263578034402700E-018 ) ) ;
#5677 = DIRECTION ( 'NONE',  ( 0.9975640502598247500, 0.0000000000000000000, -0.06975647374411818300 ) ) ;
#5678 = DIRECTION ( 'NONE',  ( 0.06975647374411818300, -0.0000000000000000000, 0.9975640502598247500 ) ) ;
#5679 = CARTESIAN_POINT ( 'NONE',  ( 2.399999999999999900, 1.905000000000000000, 0.04195608716610197500 ) ) ;
#5680 =( NAMED_UNIT ( * ) SI_UNIT ( $, .STERADIAN. ) SOLID_ANGLE_UNIT ( ) );
#5681 =( NAMED_UNIT ( * ) PLANE_ANGLE_UNIT ( ) SI_UNIT ( $, .RADIAN. ) );
#5682 =( LENGTH_UNIT ( ) NAMED_UNIT ( * ) SI_UNIT ( .MILLI., .METRE. ) );
#5683 = MECHANICAL_DESIGN_GEOMETRIC_PRESENTATION_REPRESENTATION (  '', ( #5685 ), #5950 ) ;
#5684 = PRESENTATION_LAYER_ASSIGNMENT (  '', '', ( #5685 ) ) ;
#5685 = STYLED_ITEM ( 'NONE', ( #5686 ), #3672 ) ;
#5686 = PRESENTATION_STYLE_ASSIGNMENT (( #5687 ) ) ;
#5687 = SURFACE_STYLE_USAGE ( .BOTH. , #5688 ) ;
#5688 = SURFACE_SIDE_STYLE ('',( #5689 ) ) ;
#5689 = SURFACE_STYLE_FILL_AREA ( #5690 ) ;
#5690 = FILL_AREA_STYLE ('',( #5697 ) ) ;
#5691 = COLOUR_RGB ( '',0.8784313725490196000, 0.8784313725490196000, 0.8784313725490196000 ) ;
#5692 = FACE_OUTER_BOUND ( 'NONE', #3673, .T. ) ;
#5693 = DIRECTION ( 'NONE',  ( 0.0000000000000000000, 1.000000000000000000, 0.0000000000000000000 ) ) ;
#5694 = VECTOR ( 'NONE', #5693, 1000.000000000000000 ) ;
#5695 = CARTESIAN_POINT ( 'NONE',  ( -2.423295732169007600, -1.905000000000000000, 0.2008693074408586000 ) ) ;
#5696 = LINE ( 'NONE', #5695, #5694 ) ;
#5697 = FILL_AREA_STYLE_COLOUR ( '', #5691 ) ;
#5698 = CARTESIAN_POINT ( 'NONE',  ( -2.423295732169007600, -2.110000000000000300, 0.2008693074408585400 ) ) ;
#5699 = DIRECTION ( 'NONE',  ( -0.9975640502598247500, 0.0000000000000000000, -0.06975647374411818300 ) ) ;
#5700 = VECTOR ( 'NONE', #5699, 1000.000000000000000 ) ;
#5701 = CARTESIAN_POINT ( 'NONE',  ( -2.423295732169007600, -2.110000000000000300, 0.2008693074408585400 ) ) ;
#5702 = LINE ( 'NONE', #5701, #5700 ) ;
#5703 = CARTESIAN_POINT ( 'NONE',  ( -3.011171579056634700, -2.110000000000000300, 0.1597610236494197100 ) ) ;
#5704 = DIRECTION ( 'NONE',  ( 0.0000000000000000000, -1.000000000000000000, 0.0000000000000000000 ) ) ;
#5705 = VECTOR ( 'NONE', #5704, 1000.000000000000000 ) ;
#5706 = CARTESIAN_POINT ( 'NONE',  ( -3.011171579056634700, -1.905000000000000000, 0.1597610236494198000 ) ) ;
#5707 = LINE ( 'NONE', #5706, #5705 ) ;
#5708 = CARTESIAN_POINT ( 'NONE',  ( -3.011171579056634700, -1.700000000000000200, 0.1597610236494198000 ) ) ;
#5709 = CARTESIAN_POINT ( 'NONE',  ( -1.999999999999998200, -2.110000000000000300, 1.005000000000000600 ) ) ;
#5710 = DIRECTION ( 'NONE',  ( 0.0000000000000000000, 0.0000000000000000000, -1.000000000000000000 ) ) ;
#5711 = DIRECTION ( 'NONE',  ( 0.0000000000000000000, -1.000000000000000000, -0.0000000000000000000 ) ) ;
#5712 = CARTESIAN_POINT ( 'NONE',  ( -2.000000000000000000, -2.110000000000000300, 0.7199651360910145300 ) ) ;
#5713 = AXIS2_PLACEMENT_3D ( 'NONE', #5712, #5711, #5710 ) ;
#5714 = CIRCLE ( 'NONE', #5713, 0.2850348639089859100 ) ;
#5715 = PLANE ( 'NONE',  #5787 ) ;
#5716 =( GEOMETRIC_REPRESENTATION_CONTEXT ( 3 ) GLOBAL_UNCERTAINTY_ASSIGNED_CONTEXT ( ( #5807 ) ) GLOBAL_UNIT_ASSIGNED_CONTEXT ( ( #5717, #5789, #5771 ) ) REPRESENTATION_CONTEXT ( 'NONE', 'WORKASPACE' ) );
#5717 =( LENGTH_UNIT ( ) NAMED_UNIT ( * ) SI_UNIT ( .MILLI., .METRE. ) );
#5718 = DIRECTION ( 'NONE',  ( 0.0000000000000000000, 0.0000000000000000000, -1.000000000000000000 ) ) ;
#5719 = DIRECTION ( 'NONE',  ( 0.0000000000000000000, -1.000000000000000000, -0.0000000000000000000 ) ) ;
#5720 = AXIS2_PLACEMENT_3D ( 'NONE', #5722, #5719, #5718 ) ;
#5721 = CYLINDRICAL_SURFACE ( 'NONE', #5720, 0.2850348639089859100 ) ;
#5722 = CARTESIAN_POINT ( 'NONE',  ( -2.000000000000000000, -1.905000000000000000, 0.7199651360910145300 ) ) ;
#5723 =( GEOMETRIC_REPRESENTATION_CONTEXT ( 3 ) GLOBAL_UNCERTAINTY_ASSIGNED_CONTEXT ( ( #5724 ) ) GLOBAL_UNIT_ASSIGNED_CONTEXT ( ( #5727, #5726, #5725 ) ) REPRESENTATION_CONTEXT ( 'NONE', 'WORKASPACE' ) );
#5724 = UNCERTAINTY_MEASURE_WITH_UNIT (LENGTH_MEASURE( 1.000000000000000100E-005 ), #5727, 'distance_accuracy_value', 'NONE');
#5725 =( NAMED_UNIT ( * ) SI_UNIT ( $, .STERADIAN. ) SOLID_ANGLE_UNIT ( ) );
#5726 =( NAMED_UNIT ( * ) PLANE_ANGLE_UNIT ( ) SI_UNIT ( $, .RADIAN. ) );
#5727 =( LENGTH_UNIT ( ) NAMED_UNIT ( * ) SI_UNIT ( .MILLI., .METRE. ) );
#5728 = MECHANICAL_DESIGN_GEOMETRIC_PRESENTATION_REPRESENTATION (  '', ( #5730 ), #5723 ) ;
#5729 = PRESENTATION_LAYER_ASSIGNMENT (  '', '', ( #5730 ) ) ;
#5730 = STYLED_ITEM ( 'NONE', ( #5731 ), #3657 ) ;
#5731 = PRESENTATION_STYLE_ASSIGNMENT (( #5732 ) ) ;
#5732 = SURFACE_STYLE_USAGE ( .BOTH. , #5733 ) ;
#5733 = SURFACE_SIDE_STYLE ('',( #5734 ) ) ;
#5734 = SURFACE_STYLE_FILL_AREA ( #5735 ) ;
#5735 = FILL_AREA_STYLE ('',( #5742 ) ) ;
#5736 = COLOUR_RGB ( '',0.8784313725490196000, 0.8784313725490196000, 0.8784313725490196000 ) ;
#5737 = FACE_OUTER_BOUND ( 'NONE', #3658, .T. ) ;
#5738 = DIRECTION ( 'NONE',  ( 0.0000000000000000000, 0.0000000000000000000, -1.000000000000000000 ) ) ;
#5739 = DIRECTION ( 'NONE',  ( 0.0000000000000000000, -1.000000000000000000, -0.0000000000000000000 ) ) ;
#5740 = AXIS2_PLACEMENT_3D ( 'NONE', #5652, #5739, #5738 ) ;
#5741 = CIRCLE ( 'NONE', #5740, 0.1250348639089858000 ) ;
#5742 = FILL_AREA_STYLE_COLOUR ( '', #5736 ) ;
#5743 = DIRECTION ( 'NONE',  ( 0.0000000000000000000, 0.0000000000000000000, -1.000000000000000000 ) ) ;
#5744 = DIRECTION ( 'NONE',  ( 0.0000000000000000000, -1.000000000000000000, -0.0000000000000000000 ) ) ;
#5745 = CARTESIAN_POINT ( 'NONE',  ( -2.270417144850321200, -1.700000000000000400, 0.8100730792182140300 ) ) ;
#5746 = DIRECTION ( 'NONE',  ( -0.1605805316733572300, 0.0000000000000000000, -0.9870227418086686700 ) ) ;
#5747 = VECTOR ( 'NONE', #5746, 1000.000000000000100 ) ;
#5748 = CARTESIAN_POINT ( 'NONE',  ( -2.270417144850321200, -1.700000000000000400, 0.8100730792182140300 ) ) ;
#5749 = LINE ( 'NONE', #5748, #5747 ) ;
#5750 = AXIS2_PLACEMENT_3D ( 'NONE', #5679, #5678, #5677 ) ;
#5751 = LINE ( 'NONE', #5676, #5675 ) ;
#5752 = PLANE ( 'NONE',  #5750 ) ;
#5753 =( GEOMETRIC_REPRESENTATION_CONTEXT ( 3 ) GLOBAL_UNCERTAINTY_ASSIGNED_CONTEXT ( ( #5754 ) ) GLOBAL_UNIT_ASSIGNED_CONTEXT ( ( #5757, #5756, #5755 ) ) REPRESENTATION_CONTEXT ( 'NONE', 'WORKASPACE' ) );
#5754 = UNCERTAINTY_MEASURE_WITH_UNIT (LENGTH_MEASURE( 1.000000000000000100E-005 ), #5757, 'distance_accuracy_value', 'NONE');
#5755 =( NAMED_UNIT ( * ) SI_UNIT ( $, .STERADIAN. ) SOLID_ANGLE_UNIT ( ) );
#5756 =( NAMED_UNIT ( * ) PLANE_ANGLE_UNIT ( ) SI_UNIT ( $, .RADIAN. ) );
#5757 =( LENGTH_UNIT ( ) NAMED_UNIT ( * ) SI_UNIT ( .MILLI., .METRE. ) );
#5758 = MECHANICAL_DESIGN_GEOMETRIC_PRESENTATION_REPRESENTATION (  '', ( #5760 ), #5753 ) ;
#5759 = PRESENTATION_LAYER_ASSIGNMENT (  '', '', ( #5760 ) ) ;
#5760 = STYLED_ITEM ( 'NONE', ( #5761 ), #3636 ) ;
#5761 = PRESENTATION_STYLE_ASSIGNMENT (( #5762 ) ) ;
#5762 = SURFACE_STYLE_USAGE ( .BOTH. , #5763 ) ;
#5763 = SURFACE_SIDE_STYLE ('',( #5764 ) ) ;
#5764 = SURFACE_STYLE_FILL_AREA ( #5769 ) ;
#5765 = COLOUR_RGB ( '',0.8784313725490196000, 0.8784313725490196000, 0.8784313725490196000 ) ;
#5766 = FACE_OUTER_BOUND ( 'NONE', #3637, .T. ) ;
#5767 = DIRECTION ( 'NONE',  ( 1.000000000000000000, 0.0000000000000000000, -0.0000000000000000000 ) ) ;
#5768 = DIRECTION ( 'NONE',  ( 0.0000000000000000000, -0.0000000000000000000, 1.000000000000000000 ) ) ;
#5769 = FILL_AREA_STYLE ('',( #5770 ) ) ;
#5770 = FILL_AREA_STYLE_COLOUR ( '', #5765 ) ;
#5771 =( NAMED_UNIT ( * ) SI_UNIT ( $, .STERADIAN. ) SOLID_ANGLE_UNIT ( ) );
#5772 = MECHANICAL_DESIGN_GEOMETRIC_PRESENTATION_REPRESENTATION (  '', ( #5437 ), #5716 ) ;
#5773 = FACE_OUTER_BOUND ( 'NONE', #3904, .T. ) ;
#5774 = DIRECTION ( 'NONE',  ( -0.0000000000000000000, 1.000000000000000000, 0.0000000000000000000 ) ) ;
#5775 = VECTOR ( 'NONE', #5774, 1000.000000000000000 ) ;
#5776 = CARTESIAN_POINT ( 'NONE',  ( -2.270417144850321200, -1.905000000000000000, 0.8100730792182140300 ) ) ;
#5777 = LINE ( 'NONE', #5776, #5775 ) ;
#5778 = FILL_AREA_STYLE_COLOUR ( '', #5806 ) ;
#5779 = CARTESIAN_POINT ( 'NONE',  ( -2.270417144850321200, -2.110000000000000300, 0.8100730792182140300 ) ) ;
#5780 = DIRECTION ( 'NONE',  ( -0.1605805316733572300, 0.0000000000000000000, -0.9870227418086686700 ) ) ;
#5781 = VECTOR ( 'NONE', #5780, 1000.000000000000100 ) ;
#5782 = CARTESIAN_POINT ( 'NONE',  ( -2.270417144850321200, -2.110000000000000300, 0.8100730792182140300 ) ) ;
#5783 = LINE ( 'NONE', #5782, #5781 ) ;
#5784 = DIRECTION ( 'NONE',  ( -1.000000000000000000, 0.0000000000000000000, -0.0000000000000000000 ) ) ;
#5785 = DIRECTION ( 'NONE',  ( 0.0000000000000000000, 0.0000000000000000000, -1.000000000000000000 ) ) ;
#5786 = CARTESIAN_POINT ( 'NONE',  ( -1.999999999999998700, -2.110000000000000300, 0.8450000000000004200 ) ) ;
#5787 = AXIS2_PLACEMENT_3D ( 'NONE', #5786, #5785, #5784 ) ;
#5788 = PRESENTATION_LAYER_ASSIGNMENT (  '', '', ( #5437 ) ) ;
#5789 =( NAMED_UNIT ( * ) PLANE_ANGLE_UNIT ( ) SI_UNIT ( $, .RADIAN. ) );
#5790 = CARTESIAN_POINT ( 'NONE',  ( -1.999999999999998200, -2.110000000000000300, 1.005000000000000600 ) ) ;
#5791 = AXIS2_PLACEMENT_3D ( 'NONE', #5790, #5768, #5767 ) ;
#5792 = PLANE ( 'NONE',  #5791 ) ;
#5793 =( GEOMETRIC_REPRESENTATION_CONTEXT ( 3 ) GLOBAL_UNCERTAINTY_ASSIGNED_CONTEXT ( ( #5794 ) ) GLOBAL_UNIT_ASSIGNED_CONTEXT ( ( #5797, #5796, #5795 ) ) REPRESENTATION_CONTEXT ( 'NONE', 'WORKASPACE' ) );
#5794 = UNCERTAINTY_MEASURE_WITH_UNIT (LENGTH_MEASURE( 1.000000000000000100E-005 ), #5797, 'distance_accuracy_value', 'NONE');
#5795 =( NAMED_UNIT ( * ) SI_UNIT ( $, .STERADIAN. ) SOLID_ANGLE_UNIT ( ) );
#5796 =( NAMED_UNIT ( * ) PLANE_ANGLE_UNIT ( ) SI_UNIT ( $, .RADIAN. ) );
#5797 =( LENGTH_UNIT ( ) NAMED_UNIT ( * ) SI_UNIT ( .MILLI., .METRE. ) );
#5798 = MECHANICAL_DESIGN_GEOMETRIC_PRESENTATION_REPRESENTATION (  '', ( #5800 ), #5793 ) ;
#5799 = PRESENTATION_LAYER_ASSIGNMENT (  '', '', ( #5800 ) ) ;
#5800 = STYLED_ITEM ( 'NONE', ( #5801 ), #3635 ) ;
#5801 = PRESENTATION_STYLE_ASSIGNMENT (( #5802 ) ) ;
#5802 = SURFACE_STYLE_USAGE ( .BOTH. , #5803 ) ;
#5803 = SURFACE_SIDE_STYLE ('',( #5804 ) ) ;
#5804 = SURFACE_STYLE_FILL_AREA ( #5805 ) ;
#5805 = FILL_AREA_STYLE ('',( #5778 ) ) ;
#5806 = COLOUR_RGB ( '',0.8784313725490196000, 0.8784313725490196000, 0.8784313725490196000 ) ;
#5807 = UNCERTAINTY_MEASURE_WITH_UNIT (LENGTH_MEASURE( 1.000000000000000100E-005 ), #5717, 'distance_accuracy_value', 'NONE');
#5808 =( LENGTH_UNIT ( ) NAMED_UNIT ( * ) SI_UNIT ( .MILLI., .METRE. ) );
#5809 = MECHANICAL_DESIGN_GEOMETRIC_PRESENTATION_REPRESENTATION (  '', ( #5811 ), #6027 ) ;
#5810 = PRESENTATION_LAYER_ASSIGNMENT (  '', '', ( #5811 ) ) ;
#5811 = STYLED_ITEM ( 'NONE', ( #5812 ), #3692 ) ;
#5812 = PRESENTATION_STYLE_ASSIGNMENT (( #5813 ) ) ;
#5813 = SURFACE_STYLE_USAGE ( .BOTH. , #5814 ) ;
#5814 = SURFACE_SIDE_STYLE ('',( #5815 ) ) ;
#5815 = SURFACE_STYLE_FILL_AREA ( #5823 ) ;
#5816 = COLOUR_RGB ( '',0.8784313725490196000, 0.8784313725490196000, 0.8784313725490196000 ) ;
#5817 = FACE_OUTER_BOUND ( 'NONE', #3693, .T. ) ;
#5818 = DIRECTION ( 'NONE',  ( 0.0000000000000000000, 0.0000000000000000000, 1.000000000000000000 ) ) ;
#5819 = DIRECTION ( 'NONE',  ( 0.0000000000000000000, 1.000000000000000000, -0.0000000000000000000 ) ) ;
#5820 = CARTESIAN_POINT ( 'NONE',  ( -1.999999999999998700, -0.4300000000000007100, 0.8450000000000004200 ) ) ;
#5821 = AXIS2_PLACEMENT_3D ( 'NONE', #5820, #5819, #5818 ) ;
#5822 = PLANE ( 'NONE',  #5821 ) ;
#5823 = FILL_AREA_STYLE ('',( #5824 ) ) ;
#5824 = FILL_AREA_STYLE_COLOUR ( '', #5816 ) ;
#5825 = FACE_OUTER_BOUND ( 'NONE', #3700, .T. ) ;
#5826 = DIRECTION ( 'NONE',  ( 1.000000000000000000, -0.0000000000000000000, -0.0000000000000000000 ) ) ;
#5827 = VECTOR ( 'NONE', #5826, 1000.000000000000000 ) ;
#5828 = CARTESIAN_POINT ( 'NONE',  ( -1.999999999999998200, -0.4300000000000007100, 1.005000000000000600 ) ) ;
#5829 = DIRECTION ( 'NONE',  ( 1.000000000000000000, 0.0000000000000000000, -0.0000000000000000000 ) ) ;
#5830 = DIRECTION ( 'NONE',  ( 0.0000000000000000000, -0.0000000000000000000, 1.000000000000000000 ) ) ;
#5831 = AXIS2_PLACEMENT_3D ( 'NONE', #5833, #5830, #5829 ) ;
#5832 = LINE ( 'NONE', #5828, #5827 ) ;
#5833 = CARTESIAN_POINT ( 'NONE',  ( -1.999999999999998200, -0.8400000000000005200, 1.005000000000000600 ) ) ;
#5834 = PLANE ( 'NONE',  #5831 ) ;
#5835 = UNCERTAINTY_MEASURE_WITH_UNIT (LENGTH_MEASURE( 1.000000000000000100E-005 ), #5682, 'distance_accuracy_value', 'NONE');
#5836 = DIRECTION ( 'NONE',  ( 0.06975647374411816900, 0.0000000000000000000, -0.9975640502598247500 ) ) ;
#5837 = VECTOR ( 'NONE', #5836, 1000.000000000000100 ) ;
#5838 = CARTESIAN_POINT ( 'NONE',  ( -3.010462538693471100, -2.110000000000000300, 0.1496212740532759400 ) ) ;
#5839 = LINE ( 'NONE', #5838, #5837 ) ;
#5840 = DIRECTION ( 'NONE',  ( -0.06975647374411816900, 0.0000000000000000000, 0.9975640502598247500 ) ) ;
#5841 = VECTOR ( 'NONE', #5840, 1000.000000000000100 ) ;
#5842 = CARTESIAN_POINT ( 'NONE',  ( -3.010462538693471100, -1.700000000000000600, 0.1496212740532759400 ) ) ;
#5843 = DIRECTION ( 'NONE',  ( -0.06975647374411816900, 0.0000000000000000000, 0.9975640502598247500 ) ) ;
#5844 = DIRECTION ( 'NONE',  ( -0.9975640502598247500, 0.0000000000000000000, -0.06975647374411816900 ) ) ;
#5845 = CARTESIAN_POINT ( 'NONE',  ( -3.005585789528317800, -1.905000000000000200, 0.07988051182470991300 ) ) ;
#5846 = AXIS2_PLACEMENT_3D ( 'NONE', #5845, #5844, #5843 ) ;
#5847 = LINE ( 'NONE', #5842, #5841 ) ;
#5848 = PLANE ( 'NONE',  #5846 ) ;
#5849 =( GEOMETRIC_REPRESENTATION_CONTEXT ( 3 ) GLOBAL_UNCERTAINTY_ASSIGNED_CONTEXT ( ( #5850 ) ) GLOBAL_UNIT_ASSIGNED_CONTEXT ( ( #5853, #5852, #5851 ) ) REPRESENTATION_CONTEXT ( 'NONE', 'WORKASPACE' ) );
#5850 = UNCERTAINTY_MEASURE_WITH_UNIT (LENGTH_MEASURE( 1.000000000000000100E-005 ), #5853, 'distance_accuracy_value', 'NONE');
#5851 =( NAMED_UNIT ( * ) SI_UNIT ( $, .STERADIAN. ) SOLID_ANGLE_UNIT ( ) );
#5852 =( NAMED_UNIT ( * ) PLANE_ANGLE_UNIT ( ) SI_UNIT ( $, .RADIAN. ) );
#5853 =( LENGTH_UNIT ( ) NAMED_UNIT ( * ) SI_UNIT ( .MILLI., .METRE. ) );
#5854 = MECHANICAL_DESIGN_GEOMETRIC_PRESENTATION_REPRESENTATION (  '', ( #5856 ), #5849 ) ;
#5855 = PRESENTATION_LAYER_ASSIGNMENT (  '', '', ( #5856 ) ) ;
#5856 = STYLED_ITEM ( 'NONE', ( #5857 ), #3766 ) ;
#5857 = PRESENTATION_STYLE_ASSIGNMENT (( #5858 ) ) ;
#5858 = SURFACE_STYLE_USAGE ( .BOTH. , #5859 ) ;
#5859 = SURFACE_SIDE_STYLE ('',( #5860 ) ) ;
#5860 = SURFACE_STYLE_FILL_AREA ( #5861 ) ;
#5861 = FILL_AREA_STYLE ('',( #5868 ) ) ;
#5862 = COLOUR_RGB ( '',0.8784313725490196000, 0.8784313725490196000, 0.8784313725490196000 ) ;
#5863 = FACE_OUTER_BOUND ( 'NONE', #3767, .T. ) ;
#5864 = DIRECTION ( 'NONE',  ( 0.9975640502598247500, 0.0000000000000000000, -0.06975647374411818300 ) ) ;
#5865 = VECTOR ( 'NONE', #5864, 1000.000000000000000 ) ;
#5866 = CARTESIAN_POINT ( 'NONE',  ( 2.423295732169007600, 1.699999999999999500, 0.2008693074408584600 ) ) ;
#5867 = LINE ( 'NONE', #5866, #5865 ) ;
#5868 = FILL_AREA_STYLE_COLOUR ( '', #5862 ) ;
#5869 = CARTESIAN_POINT ( 'NONE',  ( 2.423295732169007600, 1.699999999999999500, 0.2008693074408584600 ) ) ;
#5870 = DIRECTION ( 'NONE',  ( 0.0000000000000000000, 1.000000000000000000, 0.0000000000000000000 ) ) ;
#5871 = VECTOR ( 'NONE', #5870, 1000.000000000000000 ) ;
#5872 = CARTESIAN_POINT ( 'NONE',  ( 2.423295732169007600, 1.905000000000000000, 0.2008693074408584600 ) ) ;
#5873 = LINE ( 'NONE', #5872, #5871 ) ;
#5874 = CARTESIAN_POINT ( 'NONE',  ( 2.423295732169007600, 2.109999999999999400, 0.2008693074408585700 ) ) ;
#5875 = DIRECTION ( 'NONE',  ( 0.9975640502598247500, 0.0000000000000000000, -0.06975647374411818300 ) ) ;
#5876 = VECTOR ( 'NONE', #5875, 1000.000000000000000 ) ;
#5877 = CARTESIAN_POINT ( 'NONE',  ( 2.423295732169007600, 2.109999999999999400, 0.2008693074408585700 ) ) ;
#5878 = LINE ( 'NONE', #5877, #5876 ) ;
#5879 = CARTESIAN_POINT ( 'NONE',  ( 3.011171579056634700, 1.699999999999999700, 0.1597610236494196300 ) ) ;
#5880 = CARTESIAN_POINT ( 'NONE',  ( 3.011171579056634700, 2.109999999999999400, 0.1597610236494197700 ) ) ;
#5881 = DIRECTION ( 'NONE',  ( 0.0000000000000000000, -1.000000000000000000, 0.0000000000000000000 ) ) ;
#5882 = VECTOR ( 'NONE', #5881, 1000.000000000000000 ) ;
#5883 = CARTESIAN_POINT ( 'NONE',  ( 3.011171579056634700, 1.905000000000000000, 0.1597610236494196300 ) ) ;
#5884 = DIRECTION ( 'NONE',  ( -0.9975640502598247500, 0.0000000000000000000, 0.06975647374411818300 ) ) ;
#5885 = DIRECTION ( 'NONE',  ( -0.06975647374411818300, 0.0000000000000000000, -0.9975640502598247500 ) ) ;
#5886 = CARTESIAN_POINT ( 'NONE',  ( 2.423295732169007600, 1.905000000000000000, 0.2008693074408584600 ) ) ;
#5887 = AXIS2_PLACEMENT_3D ( 'NONE', #5886, #5885, #5884 ) ;
#5888 = LINE ( 'NONE', #5883, #5882 ) ;
#5889 = PLANE ( 'NONE',  #5887 ) ;
#5890 =( GEOMETRIC_REPRESENTATION_CONTEXT ( 3 ) GLOBAL_UNCERTAINTY_ASSIGNED_CONTEXT ( ( #5891 ) ) GLOBAL_UNIT_ASSIGNED_CONTEXT ( ( #5894, #5893, #5892 ) ) REPRESENTATION_CONTEXT ( 'NONE', 'WORKASPACE' ) );
#5891 = UNCERTAINTY_MEASURE_WITH_UNIT (LENGTH_MEASURE( 1.000000000000000100E-005 ), #5894, 'distance_accuracy_value', 'NONE');
#5892 =( NAMED_UNIT ( * ) SI_UNIT ( $, .STERADIAN. ) SOLID_ANGLE_UNIT ( ) );
#5893 =( NAMED_UNIT ( * ) PLANE_ANGLE_UNIT ( ) SI_UNIT ( $, .RADIAN. ) );
#5894 =( LENGTH_UNIT ( ) NAMED_UNIT ( * ) SI_UNIT ( .MILLI., .METRE. ) );
#5895 = MECHANICAL_DESIGN_GEOMETRIC_PRESENTATION_REPRESENTATION (  '', ( #5897 ), #5890 ) ;
#5896 = PRESENTATION_LAYER_ASSIGNMENT (  '', '', ( #5897 ) ) ;
#5897 = STYLED_ITEM ( 'NONE', ( #5898 ), #3746 ) ;
#5898 = PRESENTATION_STYLE_ASSIGNMENT (( #5899 ) ) ;
#5899 = SURFACE_STYLE_USAGE ( .BOTH. , #5900 ) ;
#5900 = SURFACE_SIDE_STYLE ('',( #5901 ) ) ;
#5901 = SURFACE_STYLE_FILL_AREA ( #5902 ) ;
#5902 = FILL_AREA_STYLE ('',( #5903 ) ) ;
#5903 = FILL_AREA_STYLE_COLOUR ( '', #5904 ) ;
#5904 = COLOUR_RGB ( '',0.8784313725490196000, 0.8784313725490196000, 0.8784313725490196000 ) ;
#5905 = FACE_OUTER_BOUND ( 'NONE', #3747, .T. ) ;
#5906 = CARTESIAN_POINT ( 'NONE',  ( -1.999999999999998700, -0.8400000000000005200, 0.8450000000000004200 ) ) ;
#5907 = DIRECTION ( 'NONE',  ( 0.0000000000000000000, 1.000000000000000000, 0.0000000000000000000 ) ) ;
#5908 = VECTOR ( 'NONE', #5907, 1000.000000000000000 ) ;
#5909 = CARTESIAN_POINT ( 'NONE',  ( -3.000000000000000000, -1.905000000000000000, -6.776263578034402700E-018 ) ) ;
#5910 = LINE ( 'NONE', #5909, #5908 ) ;
#5911 = CARTESIAN_POINT ( 'NONE',  ( -3.000000000000000000, -2.110000000000000300, -6.776263578034402700E-018 ) ) ;
#5912 = CARTESIAN_POINT ( 'NONE',  ( -2.399999999999999900, -2.110000000000000300, 0.04195608716610197500 ) ) ;
#5913 = DIRECTION ( 'NONE',  ( -0.9975640502598247500, 0.0000000000000000000, -0.06975647374411818300 ) ) ;
#5914 = VECTOR ( 'NONE', #5913, 1000.000000000000000 ) ;
#5915 = CARTESIAN_POINT ( 'NONE',  ( -2.399999999999999900, -2.110000000000000300, 0.04195608716610197500 ) ) ;
#5916 = LINE ( 'NONE', #5915, #5914 ) ;
#5917 = DIRECTION ( 'NONE',  ( 1.000000000000000000, -0.0000000000000000000, -0.0000000000000000000 ) ) ;
#5918 = VECTOR ( 'NONE', #5917, 1000.000000000000000 ) ;
#5919 = CARTESIAN_POINT ( 'NONE',  ( -1.999999999999998200, -0.8400000000000005200, 1.005000000000000600 ) ) ;
#5920 = LINE ( 'NONE', #5919, #5918 ) ;
#5921 = DIRECTION ( 'NONE',  ( 0.0000000000000000000, 1.000000000000000000, 0.0000000000000000000 ) ) ;
#5922 = VECTOR ( 'NONE', #5921, 1000.000000000000000 ) ;
#5923 = CARTESIAN_POINT ( 'NONE',  ( -1.999999999999998700, -0.8400000000000005200, 0.8450000000000004200 ) ) ;
#5924 =( GEOMETRIC_REPRESENTATION_CONTEXT ( 3 ) GLOBAL_UNCERTAINTY_ASSIGNED_CONTEXT ( ( #5925 ) ) GLOBAL_UNIT_ASSIGNED_CONTEXT ( ( #5928, #5927, #5926 ) ) REPRESENTATION_CONTEXT ( 'NONE', 'WORKASPACE' ) );
#5925 = UNCERTAINTY_MEASURE_WITH_UNIT (LENGTH_MEASURE( 1.000000000000000100E-005 ), #5928, 'distance_accuracy_value', 'NONE');
#5926 =( NAMED_UNIT ( * ) SI_UNIT ( $, .STERADIAN. ) SOLID_ANGLE_UNIT ( ) );
#5927 =( NAMED_UNIT ( * ) PLANE_ANGLE_UNIT ( ) SI_UNIT ( $, .RADIAN. ) );
#5928 =( LENGTH_UNIT ( ) NAMED_UNIT ( * ) SI_UNIT ( .MILLI., .METRE. ) );
#5929 = MECHANICAL_DESIGN_GEOMETRIC_PRESENTATION_REPRESENTATION (  '', ( #5931 ), #5924 ) ;
#5930 = PRESENTATION_LAYER_ASSIGNMENT (  '', '', ( #5931 ) ) ;
#5931 = STYLED_ITEM ( 'NONE', ( #5932 ), #3681 ) ;
#5932 = PRESENTATION_STYLE_ASSIGNMENT (( #5933 ) ) ;
#5933 = SURFACE_STYLE_USAGE ( .BOTH. , #5934 ) ;
#5934 = SURFACE_SIDE_STYLE ('',( #5935 ) ) ;
#5935 = SURFACE_STYLE_FILL_AREA ( #5936 ) ;
#5936 = FILL_AREA_STYLE ('',( #5943 ) ) ;
#5937 = COLOUR_RGB ( '',0.8784313725490196000, 0.8784313725490196000, 0.8784313725490196000 ) ;
#5938 = FACE_OUTER_BOUND ( 'NONE', #3682, .T. ) ;
#5939 = DIRECTION ( 'NONE',  ( 0.0000000000000000000, 0.0000000000000000000, 1.000000000000000000 ) ) ;
#5940 = DIRECTION ( 'NONE',  ( 0.0000000000000000000, 1.000000000000000000, 0.0000000000000000000 ) ) ;
#5941 = CARTESIAN_POINT ( 'NONE',  ( -2.457460150826093600, -1.700000000000000600, 0.2973500771900227100 ) ) ;
#5942 = AXIS2_PLACEMENT_3D ( 'NONE', #5941, #5940, #5939 ) ;
#5943 = FILL_AREA_STYLE_COLOUR ( '', #5937 ) ;
#5944 = DIRECTION ( 'NONE',  ( 0.0000000000000000000, 0.0000000000000000000, 1.000000000000000000 ) ) ;
#5945 = DIRECTION ( 'NONE',  ( 0.0000000000000000000, 1.000000000000000000, 0.0000000000000000000 ) ) ;
#5946 = AXIS2_PLACEMENT_3D ( 'NONE', #5949, #5945, #5944 ) ;
#5947 = CYLINDRICAL_SURFACE ( 'NONE', #5946, 0.2617780721781255400 ) ;
#5948 = CIRCLE ( 'NONE', #5942, 0.2617780721781255400 ) ;
#5949 = CARTESIAN_POINT ( 'NONE',  ( -2.457460150826093600, -1.905000000000000000, 0.2973500771900227100 ) ) ;
#5950 =( GEOMETRIC_REPRESENTATION_CONTEXT ( 3 ) GLOBAL_UNCERTAINTY_ASSIGNED_CONTEXT ( ( #5835 ) ) GLOBAL_UNIT_ASSIGNED_CONTEXT ( ( #5682, #5681, #5680 ) ) REPRESENTATION_CONTEXT ( 'NONE', 'WORKASPACE' ) );
#5951 = LINE ( 'NONE', #5923, #5922 ) ;
#5952 = DIRECTION ( 'NONE',  ( 1.000000000000000000, -0.0000000000000000000, -0.0000000000000000000 ) ) ;
#5953 = VECTOR ( 'NONE', #5952, 1000.000000000000000 ) ;
#5954 = CARTESIAN_POINT ( 'NONE',  ( -1.999999999999998700, -0.8400000000000005200, 0.8450000000000004200 ) ) ;
#5955 = DIRECTION ( 'NONE',  ( -1.000000000000000000, 0.0000000000000000000, -0.0000000000000000000 ) ) ;
#5956 = DIRECTION ( 'NONE',  ( 0.0000000000000000000, 0.0000000000000000000, -1.000000000000000000 ) ) ;
#5957 = CARTESIAN_POINT ( 'NONE',  ( -1.999999999999998700, -0.8400000000000005200, 0.8450000000000004200 ) ) ;
#5958 = AXIS2_PLACEMENT_3D ( 'NONE', #5957, #5956, #5955 ) ;
#5959 = LINE ( 'NONE', #5954, #5953 ) ;
#5960 = PLANE ( 'NONE',  #5958 ) ;
#5961 =( GEOMETRIC_REPRESENTATION_CONTEXT ( 3 ) GLOBAL_UNCERTAINTY_ASSIGNED_CONTEXT ( ( #5962 ) ) GLOBAL_UNIT_ASSIGNED_CONTEXT ( ( #5965, #5964, #5963 ) ) REPRESENTATION_CONTEXT ( 'NONE', 'WORKASPACE' ) );
#5962 = UNCERTAINTY_MEASURE_WITH_UNIT (LENGTH_MEASURE( 1.000000000000000100E-005 ), #5965, 'distance_accuracy_value', 'NONE');
#5963 =( NAMED_UNIT ( * ) SI_UNIT ( $, .STERADIAN. ) SOLID_ANGLE_UNIT ( ) );
#5964 =( NAMED_UNIT ( * ) PLANE_ANGLE_UNIT ( ) SI_UNIT ( $, .RADIAN. ) );
#5965 =( LENGTH_UNIT ( ) NAMED_UNIT ( * ) SI_UNIT ( .MILLI., .METRE. ) );
#5966 = MECHANICAL_DESIGN_GEOMETRIC_PRESENTATION_REPRESENTATION (  '', ( #5968 ), #5961 ) ;
#5967 = PRESENTATION_LAYER_ASSIGNMENT (  '', '', ( #5968 ) ) ;
#5968 = STYLED_ITEM ( 'NONE', ( #5969 ), #3725 ) ;
#5969 = PRESENTATION_STYLE_ASSIGNMENT (( #5970 ) ) ;
#5970 = SURFACE_STYLE_USAGE ( .BOTH. , #5971 ) ;
#5971 = SURFACE_SIDE_STYLE ('',( #5972 ) ) ;
#5972 = SURFACE_STYLE_FILL_AREA ( #5973 ) ;
#5973 = FILL_AREA_STYLE ('',( #5981 ) ) ;
#5974 = COLOUR_RGB ( '',0.8784313725490196000, 0.8784313725490196000, 0.8784313725490196000 ) ;
#5975 = FACE_OUTER_BOUND ( 'NONE', #3726, .T. ) ;
#5976 = DIRECTION ( 'NONE',  ( 0.0000000000000000000, 0.0000000000000000000, -1.000000000000000000 ) ) ;
#5977 = DIRECTION ( 'NONE',  ( 0.0000000000000000000, -1.000000000000000000, -0.0000000000000000000 ) ) ;
#5978 = AXIS2_PLACEMENT_3D ( 'NONE', #5979, #5977, #5976 ) ;
#5979 = CARTESIAN_POINT ( 'NONE',  ( -2.000000000000000000, -0.4300000000000007100, 0.7199651360910145300 ) ) ;
#5980 = CIRCLE ( 'NONE', #5978, 0.2850348639089859100 ) ;
#5981 = FILL_AREA_STYLE_COLOUR ( '', #5974 ) ;
#5982 = CARTESIAN_POINT ( 'NONE',  ( -1.999999999999998200, -0.4300000000000007100, 1.005000000000000600 ) ) ;
#5983 = DIRECTION ( 'NONE',  ( -0.0000000000000000000, -1.000000000000000000, -0.0000000000000000000 ) ) ;
#5984 = VECTOR ( 'NONE', #5983, 1000.000000000000000 ) ;
#5985 = CARTESIAN_POINT ( 'NONE',  ( -1.999999999999998200, -0.8400000000000005200, 1.005000000000000600 ) ) ;
#5986 = LINE ( 'NONE', #5985, #5984 ) ;
#5987 = CARTESIAN_POINT ( 'NONE',  ( -2.399999999999999900, -1.700000000000000600, 0.04195608716610197500 ) ) ;
#5988 = DIRECTION ( 'NONE',  ( -0.9975640502598247500, 0.0000000000000000000, -0.06975647374411818300 ) ) ;
#5989 = VECTOR ( 'NONE', #5988, 1000.000000000000000 ) ;
#5990 = CARTESIAN_POINT ( 'NONE',  ( -2.399999999999999900, -1.700000000000000600, 0.04195608716610197500 ) ) ;
#5991 = LINE ( 'NONE', #5990, #5989 ) ;
#5992 = CARTESIAN_POINT ( 'NONE',  ( -3.000000000000000000, -1.700000000000000600, -1.355252715606880500E-017 ) ) ;
#5993 = DIRECTION ( 'NONE',  ( 0.06975647374411816900, 0.0000000000000000000, -0.9975640502598247500 ) ) ;
#5994 = VECTOR ( 'NONE', #5993, 1000.000000000000100 ) ;
#5995 = CARTESIAN_POINT ( 'NONE',  ( -3.010462538693471100, -0.8400000000000005200, 0.1496212740532759400 ) ) ;
#5996 = LINE ( 'NONE', #5995, #5994 ) ;
#5997 = DIRECTION ( 'NONE',  ( -0.06975647374411816900, 0.0000000000000000000, 0.9975640502598247500 ) ) ;
#5998 = VECTOR ( 'NONE', #5997, 1000.000000000000100 ) ;
#5999 = CARTESIAN_POINT ( 'NONE',  ( -3.010462538693471100, -0.4300000000000007100, 0.1496212740532759400 ) ) ;
#6000 = DIRECTION ( 'NONE',  ( -0.9975640502598247500, 0.0000000000000000000, -0.06975647374411818300 ) ) ;
#6001 = DIRECTION ( 'NONE',  ( 0.06975647374411818300, 0.0000000000000000000, -0.9975640502598247500 ) ) ;
#6002 = CARTESIAN_POINT ( 'NONE',  ( -2.399999999999999900, -1.905000000000000000, 0.04195608716610197500 ) ) ;
#6003 = AXIS2_PLACEMENT_3D ( 'NONE', #6002, #6001, #6000 ) ;
#6004 = LINE ( 'NONE', #5999, #5998 ) ;
#6005 = PLANE ( 'NONE',  #6003 ) ;
#6006 =( GEOMETRIC_REPRESENTATION_CONTEXT ( 3 ) GLOBAL_UNCERTAINTY_ASSIGNED_CONTEXT ( ( #6007 ) ) GLOBAL_UNIT_ASSIGNED_CONTEXT ( ( #6010, #6009, #6008 ) ) REPRESENTATION_CONTEXT ( 'NONE', 'WORKASPACE' ) );
#6007 = UNCERTAINTY_MEASURE_WITH_UNIT (LENGTH_MEASURE( 1.000000000000000100E-005 ), #6010, 'distance_accuracy_value', 'NONE');
#6008 =( NAMED_UNIT ( * ) SI_UNIT ( $, .STERADIAN. ) SOLID_ANGLE_UNIT ( ) );
#6009 =( NAMED_UNIT ( * ) PLANE_ANGLE_UNIT ( ) SI_UNIT ( $, .RADIAN. ) );
#6010 =( LENGTH_UNIT ( ) NAMED_UNIT ( * ) SI_UNIT ( .MILLI., .METRE. ) );
#6011 = MECHANICAL_DESIGN_GEOMETRIC_PRESENTATION_REPRESENTATION (  '', ( #6013 ), #6006 ) ;
#6012 = PRESENTATION_LAYER_ASSIGNMENT (  '', '', ( #6013 ) ) ;
#6013 = STYLED_ITEM ( 'NONE', ( #6014 ), #3698 ) ;
#6014 = PRESENTATION_STYLE_ASSIGNMENT (( #6015 ) ) ;
#6015 = SURFACE_STYLE_USAGE ( .BOTH. , #6016 ) ;
#6016 = SURFACE_SIDE_STYLE ('',( #6017 ) ) ;
#6017 = SURFACE_STYLE_FILL_AREA ( #6024 ) ;
#6018 = COLOUR_RGB ( '',0.8784313725490196000, 0.8784313725490196000, 0.8784313725490196000 ) ;
#6019 = FACE_OUTER_BOUND ( 'NONE', #3699, .T. ) ;
#6020 = DIRECTION ( 'NONE',  ( -0.06975647374411816900, 0.0000000000000000000, 0.9975640502598247500 ) ) ;
#6021 = DIRECTION ( 'NONE',  ( -0.9975640502598247500, 0.0000000000000000000, -0.06975647374411816900 ) ) ;
#6022 = CARTESIAN_POINT ( 'NONE',  ( -3.005585789528317800, -0.6350000000000005600, 0.07988051182470989900 ) ) ;
#6023 = AXIS2_PLACEMENT_3D ( 'NONE', #6022, #6021, #6020 ) ;
#6024 = FILL_AREA_STYLE ('',( #6025 ) ) ;
#6025 = FILL_AREA_STYLE_COLOUR ( '', #6018 ) ;
#6026 = PLANE ( 'NONE',  #6023 ) ;
#6027 =( GEOMETRIC_REPRESENTATION_CONTEXT ( 3 ) GLOBAL_UNCERTAINTY_ASSIGNED_CONTEXT ( ( #6028 ) ) GLOBAL_UNIT_ASSIGNED_CONTEXT ( ( #5808, #6030, #6029 ) ) REPRESENTATION_CONTEXT ( 'NONE', 'WORKASPACE' ) );
#6028 = UNCERTAINTY_MEASURE_WITH_UNIT (LENGTH_MEASURE( 1.000000000000000100E-005 ), #5808, 'distance_accuracy_value', 'NONE');
#6029 =( NAMED_UNIT ( * ) SI_UNIT ( $, .STERADIAN. ) SOLID_ANGLE_UNIT ( ) );
#6030 =( NAMED_UNIT ( * ) PLANE_ANGLE_UNIT ( ) SI_UNIT ( $, .RADIAN. ) );
#6031 = LINE ( 'NONE', #6036, #6035 ) ;
#6032 = VECTOR ( 'NONE', #6033, 1000.000000000000000 ) ;
#6033 = DIRECTION ( 'NONE',  ( 1.000000000000000000, 2.871865743529612100E-017, -1.628715997966262400E-016 ) ) ;
#6034 = DIRECTION ( 'NONE',  ( -1.334663381620506100E-015, -0.1736481776669277500, -0.9848077530122085800 ) ) ;
#6035 = VECTOR ( 'NONE', #6034, 1000.000000000000000 ) ;
#6036 = CARTESIAN_POINT ( 'NONE',  ( -1.870000000000000100, -2.389167191655577200, 0.9249999999999958300 ) ) ;
#6037 = DIRECTION ( 'NONE',  ( 0.0000000000000000000, -0.1736481776669277500, -0.9848077530122085800 ) ) ;
#6038 = PLANE ( 'NONE',  #6040 ) ;
#6039 = DIRECTION ( 'NONE',  ( 5.656471299676263900E-017, -0.9848077530122085800, 0.1736481776669277500 ) ) ;
#6040 = AXIS2_PLACEMENT_3D ( 'NONE', #6041, #6039, #6037 ) ;
#6041 = CARTESIAN_POINT ( 'NONE',  ( 1.818636399372196600, -2.243697432571095000, 1.749999999999999300 ) ) ;
#6042 = CARTESIAN_POINT ( 'NONE',  ( -1.870000000000000100, -2.386717682945693300, 0.9388918542133543000 ) ) ;
#6043 = LINE ( 'NONE', #6045, #6032 ) ;
#6044 = CARTESIAN_POINT ( 'NONE',  ( -1.869999999999999900, -2.373845653439876200, 1.011892761131280000 ) ) ;
#6045 = CARTESIAN_POINT ( 'NONE',  ( 1.818636399372196300, -2.386717682945693300, 0.9388918542133537500 ) ) ;
#6046 = APPLICATION_CONTEXT ( 'automotive_design' ) ;
#6047 = DIRECTION ( 'NONE',  ( 1.000000000000000000, 0.0000000000000000000, 0.0000000000000000000 ) ) ;
#6048 = DIRECTION ( 'NONE',  ( 0.0000000000000000000, 0.0000000000000000000, 1.000000000000000000 ) ) ;
#6049 = CARTESIAN_POINT ( 'NONE',  ( 0.0000000000000000000, 0.0000000000000000000, 0.0000000000000000000 ) ) ;
#6050 = AXIS2_PLACEMENT_3D ( 'NONE', #6049, #6048, #6047 ) ;
#6051 = PRODUCT_DEFINITION_SHAPE ( 'NONE', 'NONE',  #6054 ) ;
#6052 = PRODUCT_RELATED_PRODUCT_CATEGORY ( 'part', '', ( #6059 ) ) ;
#6053 = PRODUCT_DEFINITION_FORMATION_WITH_SPECIFIED_SOURCE ( 'ANY', '', #6059, .NOT_KNOWN. ) ;
#6054 = PRODUCT_DEFINITION ( 'UNKNOWN', '', #6053, #6055 ) ;
#6055 = PRODUCT_DEFINITION_CONTEXT ( 'detailed design', #6057, 'design' ) ;
#6056 = APPLICATION_PROTOCOL_DEFINITION ( 'draft international standard', 'automotive_design', 1998, #6057 ) ;
#6057 = APPLICATION_CONTEXT ( 'automotive_design' ) ;
#6058 = SHAPE_DEFINITION_REPRESENTATION ( #6051, #7506 ) ;
#6059 = PRODUCT ( 'SOIC127P600X175-8N_JEDEC_MS-012AA', 'SOIC127P600X175-8N_JEDEC_MS-012AA', '', ( #6060 ) ) ;
#6060 = PRODUCT_CONTEXT ( 'NONE', #6046, 'mechanical' ) ;
#6061 = APPLICATION_PROTOCOL_DEFINITION ( 'draft international standard', 'automotive_design', 1998, #6046 ) ;
#6062 = CARTESIAN_POINT ( 'NONE',  ( 1.869999999999999900, -2.386717682945693300, 0.9388918542133536400 ) ) ;
#6063 =( LENGTH_UNIT ( ) NAMED_UNIT ( * ) SI_UNIT ( .MILLI., .METRE. ) );
#6064 = FILL_AREA_STYLE_COLOUR ( '', #6070 ) ;
#6065 = FACE_OUTER_BOUND ( 'NONE', #5021, .T. ) ;
#6066 = CARTESIAN_POINT ( 'NONE',  ( 1.869999999999999900, -2.373845653439875700, 1.011892761131280000 ) ) ;
#6067 = SURFACE_SIDE_STYLE ('',( #6068 ) ) ;
#6068 = SURFACE_STYLE_FILL_AREA ( #6069 ) ;
#6069 = FILL_AREA_STYLE ('',( #6064 ) ) ;
#6070 = COLOUR_RGB ( '',0.09411764705882352800, 0.09411764705882352800, 0.09411764705882352800 ) ;
#6071 = MECHANICAL_DESIGN_GEOMETRIC_PRESENTATION_REPRESENTATION (  '', ( #6073 ), #6081 ) ;
#6072 = PRESENTATION_LAYER_ASSIGNMENT (  '', '', ( #6073 ) ) ;
#6073 = STYLED_ITEM ( 'NONE', ( #6074 ), #5053 ) ;
#6074 = PRESENTATION_STYLE_ASSIGNMENT (( #6075 ) ) ;
#6075 = SURFACE_STYLE_USAGE ( .BOTH. , #6067 ) ;
#6076 =( NAMED_UNIT ( * ) PLANE_ANGLE_UNIT ( ) SI_UNIT ( $, .RADIAN. ) );
#6077 =( NAMED_UNIT ( * ) SI_UNIT ( $, .STERADIAN. ) SOLID_ANGLE_UNIT ( ) );
#6078 = UNCERTAINTY_MEASURE_WITH_UNIT (LENGTH_MEASURE( 1.000000000000000100E-005 ), #6063, 'distance_accuracy_value', 'NONE');
#6079 = AXIS2_PLACEMENT_3D ( 'NONE', #6085, #6084, #6083 ) ;
#6080 = SPHERICAL_SURFACE ( 'NONE', #6079, 0.08000000000000000200 ) ;
#6081 =( GEOMETRIC_REPRESENTATION_CONTEXT ( 3 ) GLOBAL_UNCERTAINTY_ASSIGNED_CONTEXT ( ( #6078 ) ) GLOBAL_UNIT_ASSIGNED_CONTEXT ( ( #6063, #6076, #6077 ) ) REPRESENTATION_CONTEXT ( 'NONE', 'WORKASPACE' ) );
#6082 = CARTESIAN_POINT ( 'NONE',  ( -1.870000000000000100, -2.307933062704716800, 0.9249999999999997100 ) ) ;
#6083 = DIRECTION ( 'NONE',  ( 1.000000000000000000, 0.0000000000000000000, 0.0000000000000000000 ) ) ;
#6084 = DIRECTION ( 'NONE',  ( 0.0000000000000000000, 1.000000000000000000, 0.0000000000000000000 ) ) ;
#6085 = CARTESIAN_POINT ( 'NONE',  ( -1.870000000000000100, -2.307933062704716800, 0.9249999999999999300 ) ) ;
#6086 = AXIS2_PLACEMENT_3D ( 'NONE', #6082, #6121, #6094 ) ;
#6087 = DIRECTION ( 'NONE',  ( 0.0000000000000000000, 0.9848077530122050200, -0.1736481776669474800 ) ) ;
#6088 = DIRECTION ( 'NONE',  ( -1.334663381620501000E-015, 0.1736481776669479000, 0.9848077530122050200 ) ) ;
#6089 = CIRCLE ( 'NONE', #6086, 0.08000000000000004300 ) ;
#6090 =( NAMED_UNIT ( * ) PLANE_ANGLE_UNIT ( ) SI_UNIT ( $, .RADIAN. ) );
#6091 = CIRCLE ( 'NONE', #6106, 0.07999999999999994600 ) ;
#6092 = CARTESIAN_POINT ( 'NONE',  ( 1.870000000000000100, -2.307933062704716800, 0.9249999999999993800 ) ) ;
#6093 =( GEOMETRIC_REPRESENTATION_CONTEXT ( 3 ) GLOBAL_UNCERTAINTY_ASSIGNED_CONTEXT ( ( #6112 ) ) GLOBAL_UNIT_ASSIGNED_CONTEXT ( ( #6095, #6090, #6113 ) ) REPRESENTATION_CONTEXT ( 'NONE', 'WORKASPACE' ) );
#6094 = DIRECTION ( 'NONE',  ( 0.0000000000000000000, -0.9848077530122092400, -0.1736481776669242500 ) ) ;
#6095 =( LENGTH_UNIT ( ) NAMED_UNIT ( * ) SI_UNIT ( .MILLI., .METRE. ) );
#6096 = MECHANICAL_DESIGN_GEOMETRIC_PRESENTATION_REPRESENTATION (  '', ( #6098 ), #6093 ) ;
#6097 = PRESENTATION_LAYER_ASSIGNMENT (  '', '', ( #6098 ) ) ;
#6098 = STYLED_ITEM ( 'NONE', ( #6099 ), #5059 ) ;
#6099 = PRESENTATION_STYLE_ASSIGNMENT (( #6100 ) ) ;
#6100 = SURFACE_STYLE_USAGE ( .BOTH. , #6101 ) ;
#6101 = SURFACE_SIDE_STYLE ('',( #6102 ) ) ;
#6102 = SURFACE_STYLE_FILL_AREA ( #6103 ) ;
#6103 = FILL_AREA_STYLE ('',( #6104 ) ) ;
#6104 = FILL_AREA_STYLE_COLOUR ( '', #6114 ) ;
#6105 = CARTESIAN_POINT ( 'NONE',  ( 1.870000000000000100, -2.307933062704716800, 0.9249999999999977100 ) ) ;
#6106 = AXIS2_PLACEMENT_3D ( 'NONE', #6105, #6088, #6087 ) ;
#6107 =( NAMED_UNIT ( * ) SI_UNIT ( $, .STERADIAN. ) SOLID_ANGLE_UNIT ( ) );
#6108 = DIRECTION ( 'NONE',  ( 1.000000000000000000, 0.0000000000000000000, 0.0000000000000000000 ) ) ;
#6109 = DIRECTION ( 'NONE',  ( 0.0000000000000000000, 1.000000000000000000, 0.0000000000000000000 ) ) ;
#6110 = AXIS2_PLACEMENT_3D ( 'NONE', #6092, #6109, #6108 ) ;
#6111 = SPHERICAL_SURFACE ( 'NONE', #6110, 0.08000000000000000200 ) ;
#6112 = UNCERTAINTY_MEASURE_WITH_UNIT (LENGTH_MEASURE( 1.000000000000000100E-005 ), #6095, 'distance_accuracy_value', 'NONE');
#6113 =( NAMED_UNIT ( * ) SI_UNIT ( $, .STERADIAN. ) SOLID_ANGLE_UNIT ( ) );
#6114 = COLOUR_RGB ( '',0.09411764705882352800, 0.09411764705882352800, 0.09411764705882352800 ) ;
#6115 = DIRECTION ( 'NONE',  ( 0.0000000000000000000, 0.9848077530122085800, -0.1736481776669282200 ) ) ;
#6116 = DIRECTION ( 'NONE',  ( -2.669326763241011500E-015, 0.1736481776669281900, 0.9848077530122085800 ) ) ;
#6117 = CARTESIAN_POINT ( 'NONE',  ( -1.870000000000000100, -2.307933062704716800, 0.9250000000000000400 ) ) ;
#6118 = AXIS2_PLACEMENT_3D ( 'NONE', #6117, #6116, #6115 ) ;
#6119 = CIRCLE ( 'NONE', #6118, 0.08000000000000009900 ) ;
#6120 = FACE_OUTER_BOUND ( 'NONE', #5060, .T. ) ;
#6121 = DIRECTION ( 'NONE',  ( -1.334663381620506500E-015, 0.1736481776669242200, -0.9848077530122091300 ) ) ;
#6122 =( NAMED_UNIT ( * ) PLANE_ANGLE_UNIT ( ) SI_UNIT ( $, .RADIAN. ) );
#6123 =( LENGTH_UNIT ( ) NAMED_UNIT ( * ) SI_UNIT ( .MILLI., .METRE. ) );
#6124 = MECHANICAL_DESIGN_GEOMETRIC_PRESENTATION_REPRESENTATION (  '', ( #6235 ), #6135 ) ;
#6125 = PRESENTATION_LAYER_ASSIGNMENT (  '', '', ( #6235 ) ) ;
#6126 = DIRECTION ( 'NONE',  ( 0.0000000000000000000, -0.9848077530122086900, 0.1736481776669268600 ) ) ;
#6127 = DIRECTION ( 'NONE',  ( -1.334663381620506100E-015, 0.1736481776669277500, 0.9848077530122085800 ) ) ;
#6128 = CARTESIAN_POINT ( 'NONE',  ( 1.869999999999998800, -2.150783020227795600, 1.816242178851526400 ) ) ;
#6129 = AXIS2_PLACEMENT_3D ( 'NONE', #6128, #6127, #6126 ) ;
#6130 = FILL_AREA_STYLE_COLOUR ( '', #6133 ) ;
#6131 =( BOUNDED_CURVE ( )  B_SPLINE_CURVE ( 3, ( #6150, #6149, #6147, #6146 ),
 .UNSPECIFIED., .F., .T. ) 
 B_SPLINE_CURVE_WITH_KNOTS ( ( 4, 4 ),
 ( 1.570796326794897400, 3.111434392596838200 ),
 .UNSPECIFIED. ) 
 CURVE ( )  GEOMETRIC_REPRESENTATION_ITEM ( )  RATIONAL_B_SPLINE_CURVE ( ( 1.000000000000000000, 0.8117923620232501100, 0.8117923620232501100, 1.000000000000000000 ) ) 
 REPRESENTATION_ITEM ( '' )  );
#6132 = FILL_AREA_STYLE ('',( #6130 ) ) ;
#6133 = COLOUR_RGB ( '',0.7529411764705882200, 0.7529411764705882200, 0.7529411764705882200 ) ;
#6134 = CARTESIAN_POINT ( 'NONE',  ( 1.870000000000001000, -2.178144631693848400, 0.1889332308113442800 ) ) ;
#6135 =( GEOMETRIC_REPRESENTATION_CONTEXT ( 3 ) GLOBAL_UNCERTAINTY_ASSIGNED_CONTEXT ( ( #6200 ) ) GLOBAL_UNIT_ASSIGNED_CONTEXT ( ( #6123, #6122, #6201 ) ) REPRESENTATION_CONTEXT ( 'NONE', 'WORKASPACE' ) );
#6136 = COLOUR_RGB ( '',0.09411764705882352800, 0.09411764705882352800, 0.09411764705882352800 ) ;
#6137 = FACE_OUTER_BOUND ( 'NONE', #5080, .T. ) ;
#6138 = DIRECTION ( 'NONE',  ( 0.0000000000000000000, -0.9848077530122085800, -0.1736481776669278600 ) ) ;
#6139 = DIRECTION ( 'NONE',  ( -1.334663381620506100E-015, -0.1736481776669279200, 0.9848077530122085800 ) ) ;
#6140 = AXIS2_PLACEMENT_3D ( 'NONE', #6134, #6139, #6138 ) ;
#6141 = CYLINDRICAL_SURFACE ( 'NONE', #6140, 0.08000000000000009900 ) ;
#6142 = CARTESIAN_POINT ( 'NONE',  ( -1.949963621929098100, -2.296240034887020000, 0.8447936897078612800 ) ) ;
#6143 = CARTESIAN_POINT ( 'NONE',  ( -1.948584093393584500, -2.341295056169458500, 0.8369699946047598500 ) ) ;
#6144 = CARTESIAN_POINT ( 'NONE',  ( -1.915749908335966600, -2.373161011957889000, 0.8342244440789755600 ) ) ;
#6145 = CARTESIAN_POINT ( 'NONE',  ( -1.870000000000000100, -2.373845653439876200, 0.8381072388687198500 ) ) ;
#6146 = CARTESIAN_POINT ( 'NONE',  ( 1.949963621929097900, -2.296240034887020400, 1.005206310292138700 ) ) ;
#6147 = CARTESIAN_POINT ( 'NONE',  ( 1.948584093393584300, -2.341295056169459400, 1.013030005395239700 ) ) ;
#6148 =( NAMED_UNIT ( * ) SI_UNIT ( $, .STERADIAN. ) SOLID_ANGLE_UNIT ( ) );
#6149 = CARTESIAN_POINT ( 'NONE',  ( 1.915749908335965900, -2.373161011957889900, 1.015775555921023500 ) ) ;
#6150 = CARTESIAN_POINT ( 'NONE',  ( 1.869999999999999900, -2.373845653439875700, 1.011892761131280000 ) ) ;
#6151 = UNCERTAINTY_MEASURE_WITH_UNIT (LENGTH_MEASURE( 1.000000000000000100E-005 ), #6344, 'distance_accuracy_value', 'NONE');
#6152 = UNCERTAINTY_MEASURE_WITH_UNIT (LENGTH_MEASURE( 1.000000000000000100E-005 ), #6225, 'distance_accuracy_value', 'NONE');
#6153 =( NAMED_UNIT ( * ) SI_UNIT ( $, .STERADIAN. ) SOLID_ANGLE_UNIT ( ) );
#6154 =( NAMED_UNIT ( * ) PLANE_ANGLE_UNIT ( ) SI_UNIT ( $, .RADIAN. ) );
#6155 = CYLINDRICAL_SURFACE ( 'NONE', #6129, 0.08000000000000008500 ) ;
#6156 =( GEOMETRIC_REPRESENTATION_CONTEXT ( 3 ) GLOBAL_UNCERTAINTY_ASSIGNED_CONTEXT ( ( #6152 ) ) GLOBAL_UNIT_ASSIGNED_CONTEXT ( ( #6225, #6154, #6153 ) ) REPRESENTATION_CONTEXT ( 'NONE', 'WORKASPACE' ) );
#6157 =( LENGTH_UNIT ( ) NAMED_UNIT ( * ) SI_UNIT ( .MILLI., .METRE. ) );
#6158 = MECHANICAL_DESIGN_GEOMETRIC_PRESENTATION_REPRESENTATION (  '', ( #6160 ), #6190 ) ;
#6159 = PRESENTATION_LAYER_ASSIGNMENT (  '', '', ( #6160 ) ) ;
#6160 = STYLED_ITEM ( 'NONE', ( #6161 ), #5169 ) ;
#6161 = PRESENTATION_STYLE_ASSIGNMENT (( #6162 ) ) ;
#6162 = SURFACE_STYLE_USAGE ( .BOTH. , #6163 ) ;
#6163 = SURFACE_SIDE_STYLE ('',( #6164 ) ) ;
#6164 = SURFACE_STYLE_FILL_AREA ( #6166 ) ;
#6165 = MECHANICAL_DESIGN_GEOMETRIC_PRESENTATION_REPRESENTATION (  '', ( #6169 ), #6251 ) ;
#6166 = FILL_AREA_STYLE ('',( #6167 ) ) ;
#6167 = FILL_AREA_STYLE_COLOUR ( '', #6172 ) ;
#6168 = PRESENTATION_LAYER_ASSIGNMENT (  '', '', ( #6169 ) ) ;
#6169 = STYLED_ITEM ( 'NONE', ( #6170 ), #5086 ) ;
#6170 = PRESENTATION_STYLE_ASSIGNMENT (( #6171 ) ) ;
#6171 = SURFACE_STYLE_USAGE ( .BOTH. , #6173 ) ;
#6172 = COLOUR_RGB ( '',0.09411764705882352800, 0.09411764705882352800, 0.09411764705882352800 ) ;
#6173 = SURFACE_SIDE_STYLE ('',( #6174 ) ) ;
#6174 = SURFACE_STYLE_FILL_AREA ( #6132 ) ;
#6175 = DIRECTION ( 'NONE',  ( -1.000000000000000000, 5.421010862427523000E-015, 0.0000000000000000000 ) ) ;
#6176 = DIRECTION ( 'NONE',  ( 5.504638693030589500E-015, 1.000000000000000000, -0.0000000000000000000 ) ) ;
#6177 = CARTESIAN_POINT ( 'NONE',  ( 1.751508428878013800, 2.176569462076912900, 1.669999999999999500 ) ) ;
#6178 = AXIS2_PLACEMENT_3D ( 'NONE', #6177, #6176, #6175 ) ;
#6179 = CIRCLE ( 'NONE', #6178, 0.07999999999999998800 ) ;
#6180 = FACE_OUTER_BOUND ( 'NONE', #5170, .T. ) ;
#6181 = DIRECTION ( 'NONE',  ( 0.0000000000000000000, 0.0000000000000000000, -1.000000000000000000 ) ) ;
#6182 = DIRECTION ( 'NONE',  ( -0.0000000000000000000, -1.000000000000000000, 0.0000000000000000000 ) ) ;
#6183 = CARTESIAN_POINT ( 'NONE',  ( -1.751508428878013800, 2.450000000000000200, 0.1800000000000000500 ) ) ;
#6184 = AXIS2_PLACEMENT_3D ( 'NONE', #6183, #6182, #6181 ) ;
#6185 =( NAMED_UNIT ( * ) PLANE_ANGLE_UNIT ( ) SI_UNIT ( $, .RADIAN. ) );
#6186 = AXIS2_PLACEMENT_3D ( 'NONE', #6189, #6223, #6222 ) ;
#6187 = CYLINDRICAL_SURFACE ( 'NONE', #6186, 0.07999999999999998800 ) ;
#6188 =( LENGTH_UNIT ( ) NAMED_UNIT ( * ) SI_UNIT ( .MILLI., .METRE. ) );
#6189 = CARTESIAN_POINT ( 'NONE',  ( 1.818636399372196600, 2.176569462076912900, 1.669999999999999500 ) ) ;
#6190 =( GEOMETRIC_REPRESENTATION_CONTEXT ( 3 ) GLOBAL_UNCERTAINTY_ASSIGNED_CONTEXT ( ( #6191 ) ) GLOBAL_UNIT_ASSIGNED_CONTEXT ( ( #6157, #6193, #6192 ) ) REPRESENTATION_CONTEXT ( 'NONE', 'WORKASPACE' ) );
#6191 = UNCERTAINTY_MEASURE_WITH_UNIT (LENGTH_MEASURE( 1.000000000000000100E-005 ), #6157, 'distance_accuracy_value', 'NONE');
#6192 =( NAMED_UNIT ( * ) SI_UNIT ( $, .STERADIAN. ) SOLID_ANGLE_UNIT ( ) );
#6193 =( NAMED_UNIT ( * ) PLANE_ANGLE_UNIT ( ) SI_UNIT ( $, .RADIAN. ) );
#6194 = FILL_AREA_STYLE_COLOUR ( '', #6232 ) ;
#6195 =( BOUNDED_CURVE ( )  B_SPLINE_CURVE ( 3, ( #6145, #6144, #6143, #6142 ),
 .UNSPECIFIED., .F., .T. ) 
 B_SPLINE_CURVE_WITH_KNOTS ( ( 4, 4 ),
 ( 1.570796326794896800, 3.111434392596840000 ),
 .UNSPECIFIED. ) 
 CURVE ( )  GEOMETRIC_REPRESENTATION_ITEM ( )  RATIONAL_B_SPLINE_CURVE ( ( 1.000000000000000000, 0.8117923620232494500, 0.8117923620232494500, 1.000000000000000000 ) ) 
 REPRESENTATION_ITEM ( '' )  );
#6196 = CARTESIAN_POINT ( 'NONE',  ( 1.949963621929098100, -2.296240034887020400, 0.8447936897078604000 ) ) ;
#6197 =( NAMED_UNIT ( * ) PLANE_ANGLE_UNIT ( ) SI_UNIT ( $, .RADIAN. ) );
#6198 = FILL_AREA_STYLE_COLOUR ( '', #6136 ) ;
#6199 =( BOUNDED_CURVE ( )  B_SPLINE_CURVE ( 3, ( #6196, #6221, #6220, #6219 ),
 .UNSPECIFIED., .F., .T. ) 
 B_SPLINE_CURVE_WITH_KNOTS ( ( 4, 4 ),
 ( 0.03015826099295925600, 1.570796326794896600 ),
 .UNSPECIFIED. ) 
 CURVE ( )  GEOMETRIC_REPRESENTATION_ITEM ( )  RATIONAL_B_SPLINE_CURVE ( ( 1.000000000000000000, 0.8117923620232507800, 0.8117923620232507800, 1.000000000000000000 ) ) 
 REPRESENTATION_ITEM ( '' )  );
#6200 = UNCERTAINTY_MEASURE_WITH_UNIT (LENGTH_MEASURE( 1.000000000000000100E-005 ), #6123, 'distance_accuracy_value', 'NONE');
#6201 =( NAMED_UNIT ( * ) SI_UNIT ( $, .STERADIAN. ) SOLID_ANGLE_UNIT ( ) );
#6202 = PRESENTATION_LAYER_ASSIGNMENT (  '', '', ( #6203 ) ) ;
#6203 = STYLED_ITEM ( 'NONE', ( #6204 ), #5176 ) ;
#6204 = PRESENTATION_STYLE_ASSIGNMENT (( #6205 ) ) ;
#6205 = SURFACE_STYLE_USAGE ( .BOTH. , #6206 ) ;
#6206 = SURFACE_SIDE_STYLE ('',( #6207 ) ) ;
#6207 = SURFACE_STYLE_FILL_AREA ( #6208 ) ;
#6208 = FILL_AREA_STYLE ('',( #6218 ) ) ;
#6209 = COLOUR_RGB ( '',0.09411764705882352800, 0.09411764705882352800, 0.09411764705882352800 ) ;
#6210 = FACE_OUTER_BOUND ( 'NONE', #5177, .T. ) ;
#6211 = SURFACE_SIDE_STYLE ('',( #6213 ) ) ;
#6213 = SURFACE_STYLE_FILL_AREA ( #6214 ) ;
#6212 = DIRECTION ( 'NONE',  ( 0.0000000000000000000, 0.0000000000000000000, -1.000000000000000000 ) ) ;
#6214 = FILL_AREA_STYLE ('',( #6198 ) ) ;
#6215 = DIRECTION ( 'NONE',  ( 1.000000000000000000, 0.0000000000000000000, 0.0000000000000000000 ) ) ;
#6216 = CARTESIAN_POINT ( 'NONE',  ( 1.751508428878013800, 2.176569462076912900, 1.669999999999999500 ) ) ;
#6217 = AXIS2_PLACEMENT_3D ( 'NONE', #6216, #6215, #6212 ) ;
#6218 = FILL_AREA_STYLE_COLOUR ( '', #6209 ) ;
#6219 = CARTESIAN_POINT ( 'NONE',  ( 1.870000000000000100, -2.373845653439875700, 0.8381072388687175200 ) ) ;
#6220 = CARTESIAN_POINT ( 'NONE',  ( 1.915749908335966400, -2.373161011957888500, 0.8342244440789726700 ) ) ;
#6221 = CARTESIAN_POINT ( 'NONE',  ( 1.948584093393584500, -2.341295056169458500, 0.8369699946047566300 ) ) ;
#6222 = DIRECTION ( 'NONE',  ( 0.0000000000000000000, 0.0000000000000000000, 1.000000000000000000 ) ) ;
#6223 = DIRECTION ( 'NONE',  ( -1.000000000000000000, 1.232595164407830900E-032, 3.257431995932526300E-016 ) ) ;
#6224 = CIRCLE ( 'NONE', #6217, 0.07999999999999998800 ) ;
#6225 =( LENGTH_UNIT ( ) NAMED_UNIT ( * ) SI_UNIT ( .MILLI., .METRE. ) );
#6226 = MECHANICAL_DESIGN_GEOMETRIC_PRESENTATION_REPRESENTATION (  '', ( #6229 ), #6156 ) ;
#6227 = PRESENTATION_LAYER_ASSIGNMENT (  '', '', ( #6229 ) ) ;
#6229 = STYLED_ITEM ( 'NONE', ( #6230 ), #5079 ) ;
#6228 = CYLINDRICAL_SURFACE ( 'NONE', #6184, 0.08000000000000000200 ) ;
#6230 = PRESENTATION_STYLE_ASSIGNMENT (( #6231 ) ) ;
#6231 = SURFACE_STYLE_USAGE ( .BOTH. , #6211 ) ;
#6232 = COLOUR_RGB ( '',0.09411764705882352800, 0.09411764705882352800, 0.09411764705882352800 ) ;
#6233 = FACE_OUTER_BOUND ( 'NONE', #5072, .T. ) ;
#6234 =( GEOMETRIC_REPRESENTATION_CONTEXT ( 3 ) GLOBAL_UNCERTAINTY_ASSIGNED_CONTEXT ( ( #6151 ) ) GLOBAL_UNIT_ASSIGNED_CONTEXT ( ( #6344, #6197, #6148 ) ) REPRESENTATION_CONTEXT ( 'NONE', 'WORKASPACE' ) );
#6235 = STYLED_ITEM ( 'NONE', ( #6236 ), #5071 ) ;
#6236 = PRESENTATION_STYLE_ASSIGNMENT (( #6237 ) ) ;
#6237 = SURFACE_STYLE_USAGE ( .BOTH. , #6238 ) ;
#6238 = SURFACE_SIDE_STYLE ('',( #6239 ) ) ;
#6239 = SURFACE_STYLE_FILL_AREA ( #6240 ) ;
#6240 = FILL_AREA_STYLE ('',( #6194 ) ) ;
#6241 = UNCERTAINTY_MEASURE_WITH_UNIT (LENGTH_MEASURE( 1.000000000000000100E-005 ), #6254, 'distance_accuracy_value', 'NONE');
#6242 =( NAMED_UNIT ( * ) SI_UNIT ( $, .STERADIAN. ) SOLID_ANGLE_UNIT ( ) );
#6243 = CARTESIAN_POINT ( 'NONE',  ( -0.9749999999999996400, 1.670000000000000400, 1.700000000000000000 ) ) ;
#6244 = DIRECTION ( 'NONE',  ( 1.000000000000000000, 0.0000000000000000000, 0.0000000000000000000 ) ) ;
#6245 = DIRECTION ( 'NONE',  ( 0.0000000000000000000, 0.0000000000000000000, 1.000000000000000000 ) ) ;
#6246 = AXIS2_PLACEMENT_3D ( 'NONE', #6243, #6245, #6244 ) ;
#6247 = TOROIDAL_SURFACE ( 'NONE', #6246, 0.2425000000000002700, 0.05000000000000000300 ) ;
#6248 =( NAMED_UNIT ( * ) SI_UNIT ( $, .STERADIAN. ) SOLID_ANGLE_UNIT ( ) );
#6249 =( NAMED_UNIT ( * ) PLANE_ANGLE_UNIT ( ) SI_UNIT ( $, .RADIAN. ) );
#6250 = FACE_OUTER_BOUND ( 'NONE', #4965, .T. ) ;
#6251 =( GEOMETRIC_REPRESENTATION_CONTEXT ( 3 ) GLOBAL_UNCERTAINTY_ASSIGNED_CONTEXT ( ( #6253 ) ) GLOBAL_UNIT_ASSIGNED_CONTEXT ( ( #6188, #6185, #6107 ) ) REPRESENTATION_CONTEXT ( 'NONE', 'WORKASPACE' ) );
#6252 =( GEOMETRIC_REPRESENTATION_CONTEXT ( 3 ) GLOBAL_UNCERTAINTY_ASSIGNED_CONTEXT ( ( #6241 ) ) GLOBAL_UNIT_ASSIGNED_CONTEXT ( ( #6254, #6249, #6242 ) ) REPRESENTATION_CONTEXT ( 'NONE', 'WORKASPACE' ) );
#6253 = UNCERTAINTY_MEASURE_WITH_UNIT (LENGTH_MEASURE( 1.000000000000000100E-005 ), #6188, 'distance_accuracy_value', 'NONE');
#6254 =( LENGTH_UNIT ( ) NAMED_UNIT ( * ) SI_UNIT ( .MILLI., .METRE. ) );
#6255 = MECHANICAL_DESIGN_GEOMETRIC_PRESENTATION_REPRESENTATION (  '', ( #6257 ), #6252 ) ;
#6256 = PRESENTATION_LAYER_ASSIGNMENT (  '', '', ( #6257 ) ) ;
#6257 = STYLED_ITEM ( 'NONE', ( #6258 ), #5087 ) ;
#6258 = PRESENTATION_STYLE_ASSIGNMENT (( #6259 ) ) ;
#6259 = SURFACE_STYLE_USAGE ( .BOTH. , #6260 ) ;
#6260 = SURFACE_SIDE_STYLE ('',( #6261 ) ) ;
#6261 = SURFACE_STYLE_FILL_AREA ( #6262 ) ;
#6262 = FILL_AREA_STYLE ('',( #6263 ) ) ;
#6263 = FILL_AREA_STYLE_COLOUR ( '', #6264 ) ;
#6264 = COLOUR_RGB ( '',0.09411764705882352800, 0.09411764705882352800, 0.09411764705882352800 ) ;
#6265 = SURFACE_STYLE_FILL_AREA ( #6266 ) ;
#6266 = FILL_AREA_STYLE ('',( #6312 ) ) ;
#6267 = COLOUR_RGB ( '',0.8784313725490196000, 0.8784313725490196000, 0.8784313725490196000 ) ;
#6268 = SURFACE_SIDE_STYLE ('',( #6269 ) ) ;
#6269 = SURFACE_STYLE_FILL_AREA ( #6270 ) ;
#6270 = FILL_AREA_STYLE ('',( #6271 ) ) ;
#6272 = LINE ( 'NONE', #6394, #6392 ) ;
#6271 = FILL_AREA_STYLE_COLOUR ( '', #6273 ) ;
#6273 = COLOUR_RGB ( '',0.09411764705882352800, 0.09411764705882352800, 0.09411764705882352800 ) ;
#6274 = DIRECTION ( 'NONE',  ( 8.131516293641284800E-015, 5.421010862427523000E-015, 1.000000000000000000 ) ) ;
#6275 = DIRECTION ( 'NONE',  ( 0.9975640502598247500, 0.0000000000000000000, 0.06975647374411819700 ) ) ;
#6276 = DIRECTION ( 'NONE',  ( -0.06975647374411819700, 0.0000000000000000000, 0.9975640502598247500 ) ) ;
#6277 = MECHANICAL_DESIGN_GEOMETRIC_PRESENTATION_REPRESENTATION (  '', ( #6279 ), #6328 ) ;
#6278 = PRESENTATION_LAYER_ASSIGNMENT (  '', '', ( #6279 ) ) ;
#6279 = STYLED_ITEM ( 'NONE', ( #6280 ), #5152 ) ;
#6280 = PRESENTATION_STYLE_ASSIGNMENT (( #6281 ) ) ;
#6281 = SURFACE_STYLE_USAGE ( .BOTH. , #6268 ) ;
#6282 =( LENGTH_UNIT ( ) NAMED_UNIT ( * ) SI_UNIT ( .MILLI., .METRE. ) );
#6283 =( NAMED_UNIT ( * ) PLANE_ANGLE_UNIT ( ) SI_UNIT ( $, .RADIAN. ) );
#6284 = STYLED_ITEM ( 'NONE', ( #6285 ), #5163 ) ;
#6285 = PRESENTATION_STYLE_ASSIGNMENT (( #6286 ) ) ;
#6286 = SURFACE_STYLE_USAGE ( .BOTH. , #6287 ) ;
#6287 = SURFACE_SIDE_STYLE ('',( #6288 ) ) ;
#6288 = SURFACE_STYLE_FILL_AREA ( #6289 ) ;
#6289 = FILL_AREA_STYLE ('',( #6290 ) ) ;
#6290 = FILL_AREA_STYLE_COLOUR ( '', #6397 ) ;
#6291 = DIRECTION ( 'NONE',  ( 0.0000000000000000000, 0.0000000000000000000, 1.000000000000000000 ) ) ;
#6292 = DIRECTION ( 'NONE',  ( 0.0000000000000000000, 1.000000000000000000, 0.0000000000000000000 ) ) ;
#6293 = UNCERTAINTY_MEASURE_WITH_UNIT (LENGTH_MEASURE( 1.000000000000000100E-005 ), #6301, 'distance_accuracy_value', 'NONE');
#6294 =( LENGTH_UNIT ( ) NAMED_UNIT ( * ) SI_UNIT ( .MILLI., .METRE. ) );
#6295 =( NAMED_UNIT ( * ) SI_UNIT ( $, .STERADIAN. ) SOLID_ANGLE_UNIT ( ) );
#6296 =( NAMED_UNIT ( * ) PLANE_ANGLE_UNIT ( ) SI_UNIT ( $, .RADIAN. ) );
#6297 = AXIS2_PLACEMENT_3D ( 'NONE', #6298, #6276, #6275 ) ;
#6298 = CARTESIAN_POINT ( 'NONE',  ( -2.423295732169007600, 0.6349999999999999000, 0.2008693074408586000 ) ) ;
#6299 = CIRCLE ( 'NONE', #6378, 0.07999999999999998800 ) ;
#6300 = PLANE ( 'NONE',  #6297 ) ;
#6301 =( LENGTH_UNIT ( ) NAMED_UNIT ( * ) SI_UNIT ( .MILLI., .METRE. ) );
#6302 = MECHANICAL_DESIGN_GEOMETRIC_PRESENTATION_REPRESENTATION (  '', ( #6404 ), #6401 ) ;
#6303 = PRESENTATION_LAYER_ASSIGNMENT (  '', '', ( #6404 ) ) ;
#6304 = DIRECTION ( 'NONE',  ( 0.0000000000000000000, -1.084202172485504600E-014, 1.000000000000000000 ) ) ;
#6305 = DIRECTION ( 'NONE',  ( 1.641191300259537900E-015, 1.000000000000000000, 9.307658383676398400E-015 ) ) ;
#6306 = DIRECTION ( 'NONE',  ( 1.000000000000000000, 0.0000000000000000000, -0.0000000000000000000 ) ) ;
#6307 = DIRECTION ( 'NONE',  ( 0.0000000000000000000, -0.0000000000000000000, 1.000000000000000000 ) ) ;
#6308 = AXIS2_PLACEMENT_3D ( 'NONE', #6359, #6307, #6306 ) ;
#6309 = PRESENTATION_STYLE_ASSIGNMENT (( #6310 ) ) ;
#6310 = SURFACE_STYLE_USAGE ( .BOTH. , #6311 ) ;
#6311 = SURFACE_SIDE_STYLE ('',( #6265 ) ) ;
#6312 = FILL_AREA_STYLE_COLOUR ( '', #6267 ) ;
#6313 = FACE_OUTER_BOUND ( 'NONE', #5320, .T. ) ;
#6314 = MECHANICAL_DESIGN_GEOMETRIC_PRESENTATION_REPRESENTATION (  '', ( #6316 ), #6319 ) ;
#6315 = PRESENTATION_LAYER_ASSIGNMENT (  '', '', ( #6316 ) ) ;
#6316 = STYLED_ITEM ( 'NONE', ( #6309 ), #5091 ) ;
#6317 = CARTESIAN_POINT ( 'NONE',  ( -1.810354481705643800, 2.235415514904546300, 1.336267450442375300 ) ) ;
#6318 = AXIS2_PLACEMENT_3D ( 'NONE', #6317, #6305, #6304 ) ;
#6319 =( GEOMETRIC_REPRESENTATION_CONTEXT ( 3 ) GLOBAL_UNCERTAINTY_ASSIGNED_CONTEXT ( ( #6374 ) ) GLOBAL_UNIT_ASSIGNED_CONTEXT ( ( #6294, #6411, #6385 ) ) REPRESENTATION_CONTEXT ( 'NONE', 'WORKASPACE' ) );
#6320 = CARTESIAN_POINT ( 'NONE',  ( -1.870000000000000100, 2.307933062704717200, 0.9249999999999999300 ) ) ;
#6321 = FILL_AREA_STYLE_COLOUR ( '', #6322 ) ;
#6322 = COLOUR_RGB ( '',0.8784313725490196000, 0.8784313725490196000, 0.8784313725490196000 ) ;
#6323 = FACE_OUTER_BOUND ( 'NONE', #5324, .T. ) ;
#6324 = CARTESIAN_POINT ( 'NONE',  ( -2.423295732169007600, 0.8399999999999994100, 0.2008693074408586000 ) ) ;
#6325 = CIRCLE ( 'NONE', #6318, 0.07999999999999998800 ) ;
#6326 = UNCERTAINTY_MEASURE_WITH_UNIT (LENGTH_MEASURE( 1.000000000000000100E-005 ), #6282, 'distance_accuracy_value', 'NONE');
#6327 =( NAMED_UNIT ( * ) SI_UNIT ( $, .STERADIAN. ) SOLID_ANGLE_UNIT ( ) );
#6328 =( GEOMETRIC_REPRESENTATION_CONTEXT ( 3 ) GLOBAL_UNCERTAINTY_ASSIGNED_CONTEXT ( ( #6326 ) ) GLOBAL_UNIT_ASSIGNED_CONTEXT ( ( #6282, #6283, #6327 ) ) REPRESENTATION_CONTEXT ( 'NONE', 'WORKASPACE' ) );
#6329 = CARTESIAN_POINT ( 'NONE',  ( 1.870000000000000100, 2.307933062704716800, 0.9249999999999992700 ) ) ;
#6330 = AXIS2_PLACEMENT_3D ( 'NONE', #6329, #6333, #6332 ) ;
#6331 = SPHERICAL_SURFACE ( 'NONE', #6330, 0.08000000000000000200 ) ;
#6332 = DIRECTION ( 'NONE',  ( 1.000000000000000000, 0.0000000000000000000, 0.0000000000000000000 ) ) ;
#6333 = DIRECTION ( 'NONE',  ( 0.0000000000000000000, 1.000000000000000000, 0.0000000000000000000 ) ) ;
#6334 = FILL_AREA_STYLE_COLOUR ( '', #6335 ) ;
#6335 = COLOUR_RGB ( '',0.8784313725490196000, 0.8784313725490196000, 0.8784313725490196000 ) ;
#6336 = FACE_OUTER_BOUND ( 'NONE', #5100, .T. ) ;
#6337 = CARTESIAN_POINT ( 'NONE',  ( -2.115913409923405800, 1.699999999999999700, 0.7668458207347690300 ) ) ;
#6338 = DIRECTION ( 'NONE',  ( 0.0000000000000000000, 0.0000000000000000000, 1.000000000000000000 ) ) ;
#6339 = DIRECTION ( 'NONE',  ( 0.0000000000000000000, 1.000000000000000000, 0.0000000000000000000 ) ) ;
#6340 = CARTESIAN_POINT ( 'NONE',  ( -2.457460150826093600, 2.109999999999999400, 0.2973500771900227100 ) ) ;
#6341 = AXIS2_PLACEMENT_3D ( 'NONE', #6340, #6339, #6338 ) ;
#6342 = CIRCLE ( 'NONE', #6341, 0.1023510939539378200 ) ;
#6343 =( LENGTH_UNIT ( ) NAMED_UNIT ( * ) SI_UNIT ( .MILLI., .METRE. ) );
#6344 =( LENGTH_UNIT ( ) NAMED_UNIT ( * ) SI_UNIT ( .MILLI., .METRE. ) );
#6345 = MECHANICAL_DESIGN_GEOMETRIC_PRESENTATION_REPRESENTATION (  '', ( #6284 ), #6234 ) ;
#6346 = PRESENTATION_LAYER_ASSIGNMENT (  '', '', ( #6284 ) ) ;
#6347 = COLOUR_RGB ( '',0.8784313725490196000, 0.8784313725490196000, 0.8784313725490196000 ) ;
#6348 = FACE_OUTER_BOUND ( 'NONE', #5359, .T. ) ;
#6349 = DIRECTION ( 'NONE',  ( 0.0000000000000000000, 1.000000000000000000, 0.0000000000000000000 ) ) ;
#6350 = VECTOR ( 'NONE', #6349, 1000.000000000000000 ) ;
#6351 = STYLED_ITEM ( 'NONE', ( #6352 ), #5162 ) ;
#6352 = PRESENTATION_STYLE_ASSIGNMENT (( #6353 ) ) ;
#6353 = SURFACE_STYLE_USAGE ( .BOTH. , #6354 ) ;
#6354 = SURFACE_SIDE_STYLE ('',( #6355 ) ) ;
#6355 = SURFACE_STYLE_FILL_AREA ( #6356 ) ;
#6356 = FILL_AREA_STYLE ('',( #6388 ) ) ;
#6357 = CARTESIAN_POINT ( 'NONE',  ( -2.357107326951332700, 1.699999999999999700, 0.2772240449449658900 ) ) ;
#6358 = MECHANICAL_DESIGN_GEOMETRIC_PRESENTATION_REPRESENTATION (  '', ( #6351 ), #6362 ) ;
#6359 = CARTESIAN_POINT ( 'NONE',  ( -1.999999999999998200, 1.699999999999999700, 1.005000000000000600 ) ) ;
#6360 = PRESENTATION_LAYER_ASSIGNMENT (  '', '', ( #6351 ) ) ;
#6361 = PLANE ( 'NONE',  #6308 ) ;
#6362 =( GEOMETRIC_REPRESENTATION_CONTEXT ( 3 ) GLOBAL_UNCERTAINTY_ASSIGNED_CONTEXT ( ( #6399 ) ) GLOBAL_UNIT_ASSIGNED_CONTEXT ( ( #6343, #6395, #6400 ) ) REPRESENTATION_CONTEXT ( 'NONE', 'WORKASPACE' ) );
#6363 = AXIS2_PLACEMENT_3D ( 'NONE', #6396, #6292, #6291 ) ;
#6364 = CYLINDRICAL_SURFACE ( 'NONE', #6363, 0.2617780721781255400 ) ;
#6365 = MECHANICAL_DESIGN_GEOMETRIC_PRESENTATION_REPRESENTATION (  '', ( #6367 ), #6520 ) ;
#6366 = PRESENTATION_LAYER_ASSIGNMENT (  '', '', ( #6367 ) ) ;
#6367 = STYLED_ITEM ( 'NONE', ( #6368 ), #5105 ) ;
#6368 = PRESENTATION_STYLE_ASSIGNMENT (( #6369 ) ) ;
#6369 = SURFACE_STYLE_USAGE ( .BOTH. , #6370 ) ;
#6370 = SURFACE_SIDE_STYLE ('',( #6371 ) ) ;
#6371 = SURFACE_STYLE_FILL_AREA ( #6372 ) ;
#6372 = FILL_AREA_STYLE ('',( #6334 ) ) ;
#6373 = SPHERICAL_SURFACE ( 'NONE', #6375, 0.08000000000000000200 ) ;
#6374 = UNCERTAINTY_MEASURE_WITH_UNIT (LENGTH_MEASURE( 1.000000000000000100E-005 ), #6294, 'distance_accuracy_value', 'NONE');
#6375 = AXIS2_PLACEMENT_3D ( 'NONE', #6320, #6410, #6412 ) ;
#6376 = DIRECTION ( 'NONE',  ( 1.000000000000000000, 1.376159673257647400E-015, -7.804589335837303500E-015 ) ) ;
#6377 = CARTESIAN_POINT ( 'NONE',  ( -1.869999999999999900, 2.307933062704717200, 0.9249999999999998200 ) ) ;
#6378 = AXIS2_PLACEMENT_3D ( 'NONE', #6377, #6376, #6274 ) ;
#6379 = FACE_OUTER_BOUND ( 'NONE', #5153, .T. ) ;
#6380 =( GEOMETRIC_REPRESENTATION_CONTEXT ( 3 ) GLOBAL_UNCERTAINTY_ASSIGNED_CONTEXT ( ( #6770 ) ) GLOBAL_UNIT_ASSIGNED_CONTEXT ( ( #6763, #6762, #6771 ) ) REPRESENTATION_CONTEXT ( 'NONE', 'WORKASPACE' ) );
#6381 = DIRECTION ( 'NONE',  ( -1.000000000000000000, -1.376159673257647400E-015, -7.804589335837303500E-015 ) ) ;
#6382 = CARTESIAN_POINT ( 'NONE',  ( 1.870000000000000100, 2.307933062704716800, 0.9249999999999991600 ) ) ;
#6383 = AXIS2_PLACEMENT_3D ( 'NONE', #6382, #6381, #6387 ) ;
#6384 = CIRCLE ( 'NONE', #6383, 0.07999999999999998800 ) ;
#6385 =( NAMED_UNIT ( * ) SI_UNIT ( $, .STERADIAN. ) SOLID_ANGLE_UNIT ( ) );
#6386 = LINE ( 'NONE', #6393, #6391 ) ;
#6387 = DIRECTION ( 'NONE',  ( 8.131516293641284800E-015, 5.421010862427523000E-015, -1.000000000000000000 ) ) ;
#6388 = FILL_AREA_STYLE_COLOUR ( '', #6347 ) ;
#6390 = DIRECTION ( 'NONE',  ( -0.9975640502598247500, 0.0000000000000000000, -0.06975647374411819700 ) ) ;
#6389 = DIRECTION ( 'NONE',  ( -0.9975640502598247500, 0.0000000000000000000, -0.06975647374411818300 ) ) ;
#6392 = VECTOR ( 'NONE', #6390, 1000.000000000000000 ) ;
#6391 = VECTOR ( 'NONE', #6389, 1000.000000000000000 ) ;
#6394 = CARTESIAN_POINT ( 'NONE',  ( -2.423295732169007600, 0.8399999999999994100, 0.2008693074408586000 ) ) ;
#6393 = CARTESIAN_POINT ( 'NONE',  ( -2.423295732169007600, 1.699999999999999700, 0.2008693074408585400 ) ) ;
#6395 =( NAMED_UNIT ( * ) PLANE_ANGLE_UNIT ( ) SI_UNIT ( $, .RADIAN. ) );
#6396 = CARTESIAN_POINT ( 'NONE',  ( -2.457460150826093600, 1.905000000000000000, 0.2973500771900227100 ) ) ;
#6397 = COLOUR_RGB ( '',0.09411764705882352800, 0.09411764705882352800, 0.09411764705882352800 ) ;
#6398 = FACE_OUTER_BOUND ( 'NONE', #4851, .T. ) ;
#6399 = UNCERTAINTY_MEASURE_WITH_UNIT (LENGTH_MEASURE( 1.000000000000000100E-005 ), #6343, 'distance_accuracy_value', 'NONE');
#6400 =( NAMED_UNIT ( * ) SI_UNIT ( $, .STERADIAN. ) SOLID_ANGLE_UNIT ( ) );
#6401 =( GEOMETRIC_REPRESENTATION_CONTEXT ( 3 ) GLOBAL_UNCERTAINTY_ASSIGNED_CONTEXT ( ( #6293 ) ) GLOBAL_UNIT_ASSIGNED_CONTEXT ( ( #6301, #6296, #6295 ) ) REPRESENTATION_CONTEXT ( 'NONE', 'WORKASPACE' ) );
#6402 = CARTESIAN_POINT ( 'NONE',  ( -2.423295732169007600, 1.905000000000000000, 0.2008693074408586000 ) ) ;
#6403 = LINE ( 'NONE', #6402, #6350 ) ;
#6404 = STYLED_ITEM ( 'NONE', ( #6405 ), #5095 ) ;
#6405 = PRESENTATION_STYLE_ASSIGNMENT (( #6406 ) ) ;
#6406 = SURFACE_STYLE_USAGE ( .BOTH. , #6407 ) ;
#6407 = SURFACE_SIDE_STYLE ('',( #6408 ) ) ;
#6408 = SURFACE_STYLE_FILL_AREA ( #6409 ) ;
#6409 = FILL_AREA_STYLE ('',( #6321 ) ) ;
#6410 = DIRECTION ( 'NONE',  ( 0.0000000000000000000, 1.000000000000000000, 0.0000000000000000000 ) ) ;
#6411 =( NAMED_UNIT ( * ) PLANE_ANGLE_UNIT ( ) SI_UNIT ( $, .RADIAN. ) );
#6412 = DIRECTION ( 'NONE',  ( 1.000000000000000000, 0.0000000000000000000, 0.0000000000000000000 ) ) ;
#6413 =( NAMED_UNIT ( * ) PLANE_ANGLE_UNIT ( ) SI_UNIT ( $, .RADIAN. ) );
#6414 =( LENGTH_UNIT ( ) NAMED_UNIT ( * ) SI_UNIT ( .MILLI., .METRE. ) );
#6415 = CARTESIAN_POINT ( 'NONE',  ( -2.000000000000000000, 1.699999999999999700, 0.7199651360910145300 ) ) ;
#6416 = AXIS2_PLACEMENT_3D ( 'NONE', #6415, #6561, #6560 ) ;
#6417 = FACE_OUTER_BOUND ( 'NONE', #5235, .T. ) ;
#6418 =( NAMED_UNIT ( * ) PLANE_ANGLE_UNIT ( ) SI_UNIT ( $, .RADIAN. ) );
#6419 = MECHANICAL_DESIGN_GEOMETRIC_PRESENTATION_REPRESENTATION (  '', ( #6203 ), #6468 ) ;
#6420 = DIRECTION ( 'NONE',  ( 0.0000000000000000000, 1.000000000000000000, 0.0000000000000000000 ) ) ;
#6421 = CARTESIAN_POINT ( 'NONE',  ( -1.810354481705643800, 2.235415514904545800, 1.336267450442375300 ) ) ;
#6422 = AXIS2_PLACEMENT_3D ( 'NONE', #6421, #6420, #6424 ) ;
#6423 = CIRCLE ( 'NONE', #6428, 0.07999999999999997400 ) ;
#6424 = DIRECTION ( 'NONE',  ( 1.000000000000000000, 0.0000000000000000000, 0.0000000000000000000 ) ) ;
#6425 = DIRECTION ( 'NONE',  ( 0.9848077530122072400, 0.0000000000000000000, -0.1736481776669352400 ) ) ;
#6426 = DIRECTION ( 'NONE',  ( -0.1710878697460394800, 0.1710878697460319600, -0.9702875252478139200 ) ) ;
#6427 = CARTESIAN_POINT ( 'NONE',  ( -1.810354481705643800, 2.235415514904545800, 1.336267450442375300 ) ) ;
#6428 = AXIS2_PLACEMENT_3D ( 'NONE', #6427, #6426, #6425 ) ;
#6429 = FACE_OUTER_BOUND ( 'NONE', #5184, .T. ) ;
#6430 = PLANE ( 'NONE',  #6565 ) ;
#6431 = SURFACE_STYLE_USAGE ( .BOTH. , #6432 ) ;
#6432 = SURFACE_SIDE_STYLE ('',( #6433 ) ) ;
#6433 = SURFACE_STYLE_FILL_AREA ( #6434 ) ;
#6434 = FILL_AREA_STYLE ('',( #6435 ) ) ;
#6435 = FILL_AREA_STYLE_COLOUR ( '', #6436 ) ;
#6436 = COLOUR_RGB ( '',0.8784313725490196000, 0.8784313725490196000, 0.8784313725490196000 ) ;
#6437 = UNCERTAINTY_MEASURE_WITH_UNIT (LENGTH_MEASURE( 1.000000000000000100E-005 ), #6458, 'distance_accuracy_value', 'NONE');
#6438 =( NAMED_UNIT ( * ) SI_UNIT ( $, .STERADIAN. ) SOLID_ANGLE_UNIT ( ) );
#6439 = MECHANICAL_DESIGN_GEOMETRIC_PRESENTATION_REPRESENTATION (  '', ( #6441 ), #6528 ) ;
#6440 = PRESENTATION_LAYER_ASSIGNMENT (  '', '', ( #6441 ) ) ;
#6441 = STYLED_ITEM ( 'NONE', ( #6442 ), #5183 ) ;
#6442 = PRESENTATION_STYLE_ASSIGNMENT (( #6431 ) ) ;
#6443 =( LENGTH_UNIT ( ) NAMED_UNIT ( * ) SI_UNIT ( .MILLI., .METRE. ) );
#6444 = MECHANICAL_DESIGN_GEOMETRIC_PRESENTATION_REPRESENTATION (  '', ( #6446 ), #6490 ) ;
#6445 = PRESENTATION_LAYER_ASSIGNMENT (  '', '', ( #6446 ) ) ;
#6446 = STYLED_ITEM ( 'NONE', ( #6447 ), #5205 ) ;
#6447 = PRESENTATION_STYLE_ASSIGNMENT (( #6448 ) ) ;
#6448 = SURFACE_STYLE_USAGE ( .BOTH. , #6511 ) ;
#6449 = PLANE ( 'NONE',  #6551 ) ;
#6450 =( GEOMETRIC_REPRESENTATION_CONTEXT ( 3 ) GLOBAL_UNCERTAINTY_ASSIGNED_CONTEXT ( ( #6484 ) ) GLOBAL_UNIT_ASSIGNED_CONTEXT ( ( #6452, #6581, #6485 ) ) REPRESENTATION_CONTEXT ( 'NONE', 'WORKASPACE' ) );
#6451 = UNCERTAINTY_MEASURE_WITH_UNIT (LENGTH_MEASURE( 1.000000000000000100E-005 ), #6414, 'distance_accuracy_value', 'NONE');
#6452 =( LENGTH_UNIT ( ) NAMED_UNIT ( * ) SI_UNIT ( .MILLI., .METRE. ) );
#6453 = MECHANICAL_DESIGN_GEOMETRIC_PRESENTATION_REPRESENTATION (  '', ( #6455 ), #6450 ) ;
#6454 = PRESENTATION_LAYER_ASSIGNMENT (  '', '', ( #6455 ) ) ;
#6455 = STYLED_ITEM ( 'NONE', ( #6456 ), #5113 ) ;
#6456 = PRESENTATION_STYLE_ASSIGNMENT (( #6457 ) ) ;
#6457 = SURFACE_STYLE_USAGE ( .BOTH. , #6475 ) ;
#6458 =( LENGTH_UNIT ( ) NAMED_UNIT ( * ) SI_UNIT ( .MILLI., .METRE. ) );
#6459 = DIRECTION ( 'NONE',  ( 0.0000000000000000000, 1.000000000000000000, 0.0000000000000000000 ) ) ;
#6460 = VECTOR ( 'NONE', #6459, 1000.000000000000000 ) ;
#6461 = DIRECTION ( 'NONE',  ( 1.000000000000000000, 0.0000000000000000000, 0.0000000000000000000 ) ) ;
#6462 = CARTESIAN_POINT ( 'NONE',  ( -2.200000000000000200, 0.6349999999999999000, 0.2499999999999998900 ) ) ;
#6464 = DIRECTION ( 'NONE',  ( 0.0000000000000000000, 1.000000000000000000, 0.0000000000000000000 ) ) ;
#6463 = LINE ( 'NONE', #6462, #6460 ) ;
#6465 = AXIS2_PLACEMENT_3D ( 'NONE', #6578, #6464, #6461 ) ;
#6466 = SPHERICAL_SURFACE ( 'NONE', #6465, 0.08000000000000000200 ) ;
#6467 = SPHERICAL_SURFACE ( 'NONE', #6422, 0.08000000000000000200 ) ;
#6468 =( GEOMETRIC_REPRESENTATION_CONTEXT ( 3 ) GLOBAL_UNCERTAINTY_ASSIGNED_CONTEXT ( ( #6437 ) ) GLOBAL_UNIT_ASSIGNED_CONTEXT ( ( #6458, #6418, #6438 ) ) REPRESENTATION_CONTEXT ( 'NONE', 'WORKASPACE' ) );
#6469 =( GEOMETRIC_REPRESENTATION_CONTEXT ( 3 ) GLOBAL_UNCERTAINTY_ASSIGNED_CONTEXT ( ( #6497 ) ) GLOBAL_UNIT_ASSIGNED_CONTEXT ( ( #6577, #6580, #6579 ) ) REPRESENTATION_CONTEXT ( 'NONE', 'WORKASPACE' ) );
#6470 = DIRECTION ( 'NONE',  ( 0.0000000000000000000, 1.000000000000000000, -0.0000000000000000000 ) ) ;
#6471 =( NAMED_UNIT ( * ) PLANE_ANGLE_UNIT ( ) SI_UNIT ( $, .RADIAN. ) );
#6472 = CARTESIAN_POINT ( 'NONE',  ( -1.999999999999998700, 2.109999999999999400, 0.8450000000000004200 ) ) ;
#6473 = AXIS2_PLACEMENT_3D ( 'NONE', #6472, #6470, #6503 ) ;
#6474 = PLANE ( 'NONE',  #6473 ) ;
#6475 = SURFACE_SIDE_STYLE ('',( #6476 ) ) ;
#6476 = SURFACE_STYLE_FILL_AREA ( #6477 ) ;
#6477 = FILL_AREA_STYLE ('',( #6493 ) ) ;
#6478 = COLOUR_RGB ( '',0.8784313725490196000, 0.8784313725490196000, 0.8784313725490196000 ) ;
#6479 = FACE_OUTER_BOUND ( 'NONE', #5114, .T. ) ;
#6480 = CARTESIAN_POINT ( 'NONE',  ( -1.999999999999998700, 1.699999999999999700, 0.8450000000000004200 ) ) ;
#6481 = LINE ( 'NONE', #6480, #6500 ) ;
#6482 = DIRECTION ( 'NONE',  ( 0.1605805316733572300, 0.0000000000000000000, 0.9870227418086686700 ) ) ;
#6483 = DIRECTION ( 'NONE',  ( -0.9870227418086687800, -0.0000000000000000000, 0.1605805316733572600 ) ) ;
#6484 = UNCERTAINTY_MEASURE_WITH_UNIT (LENGTH_MEASURE( 1.000000000000000100E-005 ), #6452, 'distance_accuracy_value', 'NONE');
#6485 =( NAMED_UNIT ( * ) SI_UNIT ( $, .STERADIAN. ) SOLID_ANGLE_UNIT ( ) );
#6486 = CARTESIAN_POINT ( 'NONE',  ( -2.000000000000000000, 1.905000000000000000, 0.7199651360910145300 ) ) ;
#6487 = CYLINDRICAL_SURFACE ( 'NONE', #6535, 0.2850348639089859100 ) ;
#6488 = DIRECTION ( 'NONE',  ( 0.0000000000000000000, -1.000000000000000000, -0.0000000000000000000 ) ) ;
#6489 = VECTOR ( 'NONE', #6488, 1000.000000000000000 ) ;
#6491 = CARTESIAN_POINT ( 'NONE',  ( -2.115913409923405800, 1.905000000000000000, 0.7668458207347690300 ) ) ;
#6490 =( GEOMETRIC_REPRESENTATION_CONTEXT ( 3 ) GLOBAL_UNCERTAINTY_ASSIGNED_CONTEXT ( ( #6571 ) ) GLOBAL_UNIT_ASSIGNED_CONTEXT ( ( #6443, #6501, #6572 ) ) REPRESENTATION_CONTEXT ( 'NONE', 'WORKASPACE' ) );
#6492 = LINE ( 'NONE', #6491, #6489 ) ;
#6493 = FILL_AREA_STYLE_COLOUR ( '', #6478 ) ;
#6494 = CARTESIAN_POINT ( 'NONE',  ( -2.200000000000000200, 0.8399999999999994100, 0.2500000000000000000 ) ) ;
#6495 = DIRECTION ( 'NONE',  ( 0.0000000000000000000, 0.0000000000000000000, 1.000000000000000000 ) ) ;
#6496 = CIRCLE ( 'NONE', #6416, 0.1250348639089858000 ) ;
#6497 = UNCERTAINTY_MEASURE_WITH_UNIT (LENGTH_MEASURE( 1.000000000000000100E-005 ), #6577, 'distance_accuracy_value', 'NONE');
#6498 = CARTESIAN_POINT ( 'NONE',  ( -1.999999999999998700, 1.699999999999999700, 0.8450000000000004200 ) ) ;
#6499 = DIRECTION ( 'NONE',  ( 0.0000000000000000000, 1.000000000000000000, 0.0000000000000000000 ) ) ;
#6500 = VECTOR ( 'NONE', #6499, 1000.000000000000000 ) ;
#6501 =( NAMED_UNIT ( * ) PLANE_ANGLE_UNIT ( ) SI_UNIT ( $, .RADIAN. ) );
#6502 = CARTESIAN_POINT ( 'NONE',  ( -2.457460150826093600, 0.8399999999999994100, 0.2973500771900227100 ) ) ;
#6504 = CARTESIAN_POINT ( 'NONE',  ( -2.357107326951333200, 2.109999999999999400, 0.2772240449449657800 ) ) ;
#6503 = DIRECTION ( 'NONE',  ( 0.0000000000000000000, 0.0000000000000000000, 1.000000000000000000 ) ) ;
#6506 = DIRECTION ( 'NONE',  ( 0.0000000000000000000, -1.000000000000000000, 0.0000000000000000000 ) ) ;
#6505 = DIRECTION ( 'NONE',  ( 0.0000000000000000000, 1.000000000000000000, 0.0000000000000000000 ) ) ;
#6507 = VECTOR ( 'NONE', #6506, 1000.000000000000000 ) ;
#6508 = AXIS2_PLACEMENT_3D ( 'NONE', #6502, #6505, #6495 ) ;
#6509 = CARTESIAN_POINT ( 'NONE',  ( -2.357107326951333200, 1.905000000000000000, 0.2772240449449657800 ) ) ;
#6510 = CIRCLE ( 'NONE', #6508, 0.2617780721781255400 ) ;
#6511 = SURFACE_SIDE_STYLE ('',( #6512 ) ) ;
#6512 = SURFACE_STYLE_FILL_AREA ( #6513 ) ;
#6513 = FILL_AREA_STYLE ('',( #6582 ) ) ;
#6514 = COLOUR_RGB ( '',0.8784313725490196000, 0.8784313725490196000, 0.8784313725490196000 ) ;
#6515 = FACE_OUTER_BOUND ( 'NONE', #5206, .T. ) ;
#6516 = DIRECTION ( 'NONE',  ( 0.0000000000000000000, 1.000000000000000000, 0.0000000000000000000 ) ) ;
#6517 = VECTOR ( 'NONE', #6516, 1000.000000000000000 ) ;
#6518 = CARTESIAN_POINT ( 'NONE',  ( -3.000000000000000000, 0.6349999999999999000, -1.355252715606880500E-017 ) ) ;
#6519 = LINE ( 'NONE', #6518, #6517 ) ;
#6520 =( GEOMETRIC_REPRESENTATION_CONTEXT ( 3 ) GLOBAL_UNCERTAINTY_ASSIGNED_CONTEXT ( ( #6451 ) ) GLOBAL_UNIT_ASSIGNED_CONTEXT ( ( #6414, #6413, #6248 ) ) REPRESENTATION_CONTEXT ( 'NONE', 'WORKASPACE' ) );
#6521 =( LENGTH_UNIT ( ) NAMED_UNIT ( * ) SI_UNIT ( .MILLI., .METRE. ) );
#6522 = LINE ( 'NONE', #6509, #6507 ) ;
#6523 =( NAMED_UNIT ( * ) SI_UNIT ( $, .STERADIAN. ) SOLID_ANGLE_UNIT ( ) );
#6524 =( NAMED_UNIT ( * ) PLANE_ANGLE_UNIT ( ) SI_UNIT ( $, .RADIAN. ) );
#6525 = UNCERTAINTY_MEASURE_WITH_UNIT (LENGTH_MEASURE( 1.000000000000000100E-005 ), #6521, 'distance_accuracy_value', 'NONE');
#6526 = PLANE ( 'NONE',  #6537 ) ;
#6527 = UNCERTAINTY_MEASURE_WITH_UNIT (LENGTH_MEASURE( 1.000000000000000100E-005 ), #6536, 'distance_accuracy_value', 'NONE');
#6528 =( GEOMETRIC_REPRESENTATION_CONTEXT ( 3 ) GLOBAL_UNCERTAINTY_ASSIGNED_CONTEXT ( ( #6525 ) ) GLOBAL_UNIT_ASSIGNED_CONTEXT ( ( #6521, #6524, #6523 ) ) REPRESENTATION_CONTEXT ( 'NONE', 'WORKASPACE' ) );
#6529 =( NAMED_UNIT ( * ) SI_UNIT ( $, .STERADIAN. ) SOLID_ANGLE_UNIT ( ) );
#6530 = CARTESIAN_POINT ( 'NONE',  ( -2.270417144850321200, 2.109999999999999400, 0.8100730792182140300 ) ) ;
#6531 = LINE ( 'NONE', #6530, #6621 ) ;
#6532 =( GEOMETRIC_REPRESENTATION_CONTEXT ( 3 ) GLOBAL_UNCERTAINTY_ASSIGNED_CONTEXT ( ( #6591 ) ) GLOBAL_UNIT_ASSIGNED_CONTEXT ( ( #6599, #6598, #6592 ) ) REPRESENTATION_CONTEXT ( 'NONE', 'WORKASPACE' ) );
#6533 = DIRECTION ( 'NONE',  ( 0.0000000000000000000, 0.0000000000000000000, -1.000000000000000000 ) ) ;
#6534 = DIRECTION ( 'NONE',  ( 0.0000000000000000000, -1.000000000000000000, -0.0000000000000000000 ) ) ;
#6535 = AXIS2_PLACEMENT_3D ( 'NONE', #6486, #6534, #6533 ) ;
#6536 =( LENGTH_UNIT ( ) NAMED_UNIT ( * ) SI_UNIT ( .MILLI., .METRE. ) );
#6537 = AXIS2_PLACEMENT_3D ( 'NONE', #6568, #6567, #6566 ) ;
#6538 = MECHANICAL_DESIGN_GEOMETRIC_PRESENTATION_REPRESENTATION (  '', ( #6540 ), #6546 ) ;
#6539 = PRESENTATION_LAYER_ASSIGNMENT (  '', '', ( #6540 ) ) ;
#6540 = STYLED_ITEM ( 'NONE', ( #6541 ), #5120 ) ;
#6541 = PRESENTATION_STYLE_ASSIGNMENT (( #6554 ) ) ;
#6542 = DIRECTION ( 'NONE',  ( -0.9975640502598247500, 0.0000000000000000000, -0.06975647374411819700 ) ) ;
#6543 = VECTOR ( 'NONE', #6542, 1000.000000000000000 ) ;
#6544 = CARTESIAN_POINT ( 'NONE',  ( -2.399999999999999900, 0.4299999999999996000, 0.04195608716610197500 ) ) ;
#6545 = LINE ( 'NONE', #6544, #6543 ) ;
#6546 =( GEOMETRIC_REPRESENTATION_CONTEXT ( 3 ) GLOBAL_UNCERTAINTY_ASSIGNED_CONTEXT ( ( #6527 ) ) GLOBAL_UNIT_ASSIGNED_CONTEXT ( ( #6536, #6471, #6529 ) ) REPRESENTATION_CONTEXT ( 'NONE', 'WORKASPACE' ) );
#6547 = CARTESIAN_POINT ( 'NONE',  ( -2.115913409923405800, 2.109999999999999400, 0.7668458207347690300 ) ) ;
#6548 = DIRECTION ( 'NONE',  ( -0.1605805316733572300, 0.0000000000000000000, -0.9870227418086686700 ) ) ;
#6549 = VECTOR ( 'NONE', #6548, 1000.000000000000100 ) ;
#6550 = CARTESIAN_POINT ( 'NONE',  ( -2.270417144850321200, 1.905000000000000000, 0.8100730792182140300 ) ) ;
#6551 = AXIS2_PLACEMENT_3D ( 'NONE', #6550, #6483, #6482 ) ;
#6552 = CARTESIAN_POINT ( 'NONE',  ( -2.115913409923405800, 2.109999999999999400, 0.7668458207347690300 ) ) ;
#6553 = LINE ( 'NONE', #6552, #6549 ) ;
#6554 = SURFACE_STYLE_USAGE ( .BOTH. , #6555 ) ;
#6555 = SURFACE_SIDE_STYLE ('',( #6556 ) ) ;
#6556 = SURFACE_STYLE_FILL_AREA ( #6557 ) ;
#6557 = FILL_AREA_STYLE ('',( #6558 ) ) ;
#6558 = FILL_AREA_STYLE_COLOUR ( '', #6559 ) ;
#6559 = COLOUR_RGB ( '',0.09411764705882352800, 0.09411764705882352800, 0.09411764705882352800 ) ;
#6560 = DIRECTION ( 'NONE',  ( 0.0000000000000000000, 0.0000000000000000000, -1.000000000000000000 ) ) ;
#6561 = DIRECTION ( 'NONE',  ( 0.0000000000000000000, -1.000000000000000000, -0.0000000000000000000 ) ) ;
#6562 = DIRECTION ( 'NONE',  ( -0.1605805316733572300, 0.0000000000000000000, -0.9870227418086686700 ) ) ;
#6563 = DIRECTION ( 'NONE',  ( 0.9870227418086687800, 0.0000000000000000000, -0.1605805316733572600 ) ) ;
#6564 = CARTESIAN_POINT ( 'NONE',  ( -2.115913409923405800, 1.905000000000000000, 0.7668458207347690300 ) ) ;
#6565 = AXIS2_PLACEMENT_3D ( 'NONE', #6564, #6563, #6562 ) ;
#6566 = DIRECTION ( 'NONE',  ( -0.9975640502598247500, 0.0000000000000000000, -0.06975647374411819700 ) ) ;
#6567 = DIRECTION ( 'NONE',  ( 0.06975647374411819700, 0.0000000000000000000, -0.9975640502598247500 ) ) ;
#6568 = CARTESIAN_POINT ( 'NONE',  ( -2.399999999999999900, 0.6349999999999999000, 0.04195608716610197500 ) ) ;
#6569 = COLOUR_RGB ( '',0.8784313725490196000, 0.8784313725490196000, 0.8784313725490196000 ) ;
#6570 = FACE_OUTER_BOUND ( 'NONE', #5188, .T. ) ;
#6571 = UNCERTAINTY_MEASURE_WITH_UNIT (LENGTH_MEASURE( 1.000000000000000100E-005 ), #6443, 'distance_accuracy_value', 'NONE');
#6572 =( NAMED_UNIT ( * ) SI_UNIT ( $, .STERADIAN. ) SOLID_ANGLE_UNIT ( ) );
#6573 = MECHANICAL_DESIGN_GEOMETRIC_PRESENTATION_REPRESENTATION (  '', ( #6575 ), #6469 ) ;
#6574 = PRESENTATION_LAYER_ASSIGNMENT (  '', '', ( #6575 ) ) ;
#6575 = STYLED_ITEM ( 'NONE', ( #6585 ), #5187 ) ;
#6576 = CIRCLE ( 'NONE', #6618, 0.07999999999999996000 ) ;
#6577 =( LENGTH_UNIT ( ) NAMED_UNIT ( * ) SI_UNIT ( .MILLI., .METRE. ) );
#6578 = CARTESIAN_POINT ( 'NONE',  ( 1.751508428878008900, 2.176569462076912900, 0.1800000000000000500 ) ) ;
#6579 =( NAMED_UNIT ( * ) SI_UNIT ( $, .STERADIAN. ) SOLID_ANGLE_UNIT ( ) );
#6580 =( NAMED_UNIT ( * ) PLANE_ANGLE_UNIT ( ) SI_UNIT ( $, .RADIAN. ) );
#6581 =( NAMED_UNIT ( * ) PLANE_ANGLE_UNIT ( ) SI_UNIT ( $, .RADIAN. ) );
#6582 = FILL_AREA_STYLE_COLOUR ( '', #6514 ) ;
#6583 = CARTESIAN_POINT ( 'NONE',  ( -3.000000000000000000, 0.4299999999999996000, -1.355252715606880500E-017 ) ) ;
#6584 = CARTESIAN_POINT ( 'NONE',  ( -2.399999999999999900, 0.4299999999999996000, 0.04195608716610197500 ) ) ;
#6585 = PRESENTATION_STYLE_ASSIGNMENT (( #6586 ) ) ;
#6586 = SURFACE_STYLE_USAGE ( .BOTH. , #6587 ) ;
#6587 = SURFACE_SIDE_STYLE ('',( #6588 ) ) ;
#6588 = SURFACE_STYLE_FILL_AREA ( #6589 ) ;
#6589 = FILL_AREA_STYLE ('',( #6590 ) ) ;
#6590 = FILL_AREA_STYLE_COLOUR ( '', #6569 ) ;
#6591 = UNCERTAINTY_MEASURE_WITH_UNIT (LENGTH_MEASURE( 1.000000000000000100E-005 ), #6599, 'distance_accuracy_value', 'NONE');
#6592 =( NAMED_UNIT ( * ) SI_UNIT ( $, .STERADIAN. ) SOLID_ANGLE_UNIT ( ) );
#6593 = DIRECTION ( 'NONE',  ( -0.1605805316733572300, 0.0000000000000000000, -0.9870227418086686700 ) ) ;
#6594 = VECTOR ( 'NONE', #6593, 1000.000000000000100 ) ;
#6595 = CARTESIAN_POINT ( 'NONE',  ( -2.270417144850321200, 1.699999999999999700, 0.8100730792182140300 ) ) ;
#6596 = LINE ( 'NONE', #6595, #6594 ) ;
#6597 = CARTESIAN_POINT ( 'NONE',  ( -2.270417144850321200, 1.699999999999999700, 0.8100730792182140300 ) ) ;
#6598 =( NAMED_UNIT ( * ) PLANE_ANGLE_UNIT ( ) SI_UNIT ( $, .RADIAN. ) );
#6599 =( LENGTH_UNIT ( ) NAMED_UNIT ( * ) SI_UNIT ( .MILLI., .METRE. ) );
#6600 = FILL_AREA_STYLE_COLOUR ( '', #6611 ) ;
#6601 = FACE_OUTER_BOUND ( 'NONE', #5218, .T. ) ;
#6602 = DIRECTION ( 'NONE',  ( -0.0000000000000000000, 1.000000000000000000, 0.0000000000000000000 ) ) ;
#6603 = VECTOR ( 'NONE', #6602, 1000.000000000000000 ) ;
#6604 = CARTESIAN_POINT ( 'NONE',  ( -2.270417144850321200, 1.905000000000000000, 0.8100730792182140300 ) ) ;
#6605 = LINE ( 'NONE', #6604, #6603 ) ;
#6606 = PRESENTATION_STYLE_ASSIGNMENT (( #6607 ) ) ;
#6607 = SURFACE_STYLE_USAGE ( .BOTH. , #6608 ) ;
#6608 = SURFACE_SIDE_STYLE ('',( #6609 ) ) ;
#6609 = SURFACE_STYLE_FILL_AREA ( #6610 ) ;
#6610 = FILL_AREA_STYLE ('',( #6600 ) ) ;
#6611 = COLOUR_RGB ( '',0.8784313725490196000, 0.8784313725490196000, 0.8784313725490196000 ) ;
#6612 = MECHANICAL_DESIGN_GEOMETRIC_PRESENTATION_REPRESENTATION (  '', ( #6614 ), #6532 ) ;
#6613 = PRESENTATION_LAYER_ASSIGNMENT (  '', '', ( #6614 ) ) ;
#6614 = STYLED_ITEM ( 'NONE', ( #6606 ), #5217 ) ;
#6615 = CARTESIAN_POINT ( 'NONE',  ( 1.751508428878008900, 2.176569462076912900, 0.1800000000000001000 ) ) ;
#6616 = DIRECTION ( 'NONE',  ( -0.9848077530122074700, 0.0000000000000000000, 0.1736481776669339400 ) ) ;
#6617 = DIRECTION ( 'NONE',  ( 0.1710878697460391000, 0.1710878697460326300, 0.9702875252478139200 ) ) ;
#6618 = AXIS2_PLACEMENT_3D ( 'NONE', #6615, #6617, #6616 ) ;
#6619 = DIRECTION ( 'NONE',  ( -0.1605805316733572300, 0.0000000000000000000, -0.9870227418086686700 ) ) ;
#6620 = CARTESIAN_POINT ( 'NONE',  ( -2.270417144850321200, 2.109999999999999400, 0.8100730792182140300 ) ) ;
#6621 = VECTOR ( 'NONE', #6619, 1000.000000000000100 ) ;
#6622 = FILL_AREA_STYLE_COLOUR ( '', #6637 ) ;
#6623 = STYLED_ITEM ( 'NONE', ( #6635 ), #5125 ) ;
#6624 = SURFACE_STYLE_FILL_AREA ( #6632 ) ;
#6625 =( GEOMETRIC_REPRESENTATION_CONTEXT ( 3 ) GLOBAL_UNCERTAINTY_ASSIGNED_CONTEXT ( ( #6627 ) ) GLOBAL_UNIT_ASSIGNED_CONTEXT ( ( #6629, #6634, #6628 ) ) REPRESENTATION_CONTEXT ( 'NONE', 'WORKASPACE' ) );
#6626 = FACE_OUTER_BOUND ( 'NONE', #5236, .T. ) ;
#6627 = UNCERTAINTY_MEASURE_WITH_UNIT (LENGTH_MEASURE( 1.000000000000000100E-005 ), #6629, 'distance_accuracy_value', 'NONE');
#6628 =( NAMED_UNIT ( * ) SI_UNIT ( $, .STERADIAN. ) SOLID_ANGLE_UNIT ( ) );
#6629 =( LENGTH_UNIT ( ) NAMED_UNIT ( * ) SI_UNIT ( .MILLI., .METRE. ) );
#6630 = MECHANICAL_DESIGN_GEOMETRIC_PRESENTATION_REPRESENTATION (  '', ( #6623 ), #6625 ) ;
#6631 = PRESENTATION_LAYER_ASSIGNMENT (  '', '', ( #6623 ) ) ;
#6632 = FILL_AREA_STYLE ('',( #6622 ) ) ;
#6633 = SURFACE_SIDE_STYLE ('',( #6624 ) ) ;
#6634 =( NAMED_UNIT ( * ) PLANE_ANGLE_UNIT ( ) SI_UNIT ( $, .RADIAN. ) );
#6635 = PRESENTATION_STYLE_ASSIGNMENT (( #6636 ) ) ;
#6636 = SURFACE_STYLE_USAGE ( .BOTH. , #6633 ) ;
#6637 = COLOUR_RGB ( '',0.09411764705882352800, 0.09411764705882352800, 0.09411764705882352800 ) ;
#6638 =( LENGTH_UNIT ( ) NAMED_UNIT ( * ) SI_UNIT ( .MILLI., .METRE. ) );
#6639 = DIRECTION ( 'NONE',  ( 0.9848077530122086900, 0.0000000000000000000, 0.1736481776669268600 ) ) ;
#6640 = DIRECTION ( 'NONE',  ( 0.1710878697460323000, 0.1710878697460286900, -0.9702875252478158100 ) ) ;
#6641 = AXIS2_PLACEMENT_3D ( 'NONE', #6662, #6640, #6639 ) ;
#6642 = CIRCLE ( 'NONE', #6641, 0.08000000000000008500 ) ;
#6643 = FACE_OUTER_BOUND ( 'NONE', #5242, .T. ) ;
#6644 = UNCERTAINTY_MEASURE_WITH_UNIT (LENGTH_MEASURE( 1.000000000000000100E-005 ), #6658, 'distance_accuracy_value', 'NONE');
#6645 =( NAMED_UNIT ( * ) SI_UNIT ( $, .STERADIAN. ) SOLID_ANGLE_UNIT ( ) );
#6646 = MECHANICAL_DESIGN_GEOMETRIC_PRESENTATION_REPRESENTATION (  '', ( #6648 ), #6661 ) ;
#6647 = PRESENTATION_LAYER_ASSIGNMENT (  '', '', ( #6648 ) ) ;
#6648 = STYLED_ITEM ( 'NONE', ( #6649 ), #5229 ) ;
#6649 = PRESENTATION_STYLE_ASSIGNMENT (( #6665 ) ) ;
#6650 = COLOUR_RGB ( '',0.09411764705882352800, 0.09411764705882352800, 0.09411764705882352800 ) ;
#6651 = DIRECTION ( 'NONE',  ( 0.0000000000000000000, 0.0000000000000000000, -1.000000000000000000 ) ) ;
#6652 = FILL_AREA_STYLE_COLOUR ( '', #6650 ) ;
#6653 = DIRECTION ( 'NONE',  ( 1.000000000000000000, 0.0000000000000000000, 0.0000000000000000000 ) ) ;
#6654 = DIRECTION ( 'NONE',  ( 0.0000000000000000000, 1.000000000000000000, 0.0000000000000000000 ) ) ;
#6655 = CARTESIAN_POINT ( 'NONE',  ( -1.751508428878013800, 2.176569462076912900, 0.1800000000000000500 ) ) ;
#6656 = AXIS2_PLACEMENT_3D ( 'NONE', #6655, #6654, #6653 ) ;
#6657 = CARTESIAN_POINT ( 'NONE',  ( 1.751508428878013800, 2.176569462076912900, 1.669999999999999500 ) ) ;
#6658 =( LENGTH_UNIT ( ) NAMED_UNIT ( * ) SI_UNIT ( .MILLI., .METRE. ) );
#6659 = SPHERICAL_SURFACE ( 'NONE', #6672, 0.08000000000000000200 ) ;
#6660 = SPHERICAL_SURFACE ( 'NONE', #6656, 0.08000000000000000200 ) ;
#6661 =( GEOMETRIC_REPRESENTATION_CONTEXT ( 3 ) GLOBAL_UNCERTAINTY_ASSIGNED_CONTEXT ( ( #6644 ) ) GLOBAL_UNIT_ASSIGNED_CONTEXT ( ( #6658, #6673, #6645 ) ) REPRESENTATION_CONTEXT ( 'NONE', 'WORKASPACE' ) );
#6662 = CARTESIAN_POINT ( 'NONE',  ( 1.751508428878013800, 2.176569462076912500, 1.669999999999999700 ) ) ;
#6663 = DIRECTION ( 'NONE',  ( -0.9848077530122086900, 0.0000000000000000000, -0.1736481776669265300 ) ) ;
#6664 = DIRECTION ( 'NONE',  ( -0.1710878697460319100, 0.1710878697460314100, 0.9702875252478153600 ) ) ;
#6665 = SURFACE_STYLE_USAGE ( .BOTH. , #6666 ) ;
#6666 = SURFACE_SIDE_STYLE ('',( #6674 ) ) ;
#6667 = CARTESIAN_POINT ( 'NONE',  ( -1.751508428878013800, 2.176569462076912900, 0.1800000000000000200 ) ) ;
#6668 = AXIS2_PLACEMENT_3D ( 'NONE', #6667, #6664, #6663 ) ;
#6669 = CIRCLE ( 'NONE', #6668, 0.08000000000000008500 ) ;
#6670 = DIRECTION ( 'NONE',  ( 1.000000000000000000, 0.0000000000000000000, 0.0000000000000000000 ) ) ;
#6671 = DIRECTION ( 'NONE',  ( 0.0000000000000000000, 1.000000000000000000, 0.0000000000000000000 ) ) ;
#6672 = AXIS2_PLACEMENT_3D ( 'NONE', #6657, #6671, #6670 ) ;
#6673 =( NAMED_UNIT ( * ) PLANE_ANGLE_UNIT ( ) SI_UNIT ( $, .RADIAN. ) );
#6674 = SURFACE_STYLE_FILL_AREA ( #6683 ) ;
#6675 = FACE_OUTER_BOUND ( 'NONE', #5230, .T. ) ;
#6676 = PRESENTATION_STYLE_ASSIGNMENT (( #6677 ) ) ;
#6677 = SURFACE_STYLE_USAGE ( .BOTH. , #6678 ) ;
#6678 = SURFACE_SIDE_STYLE ('',( #6679 ) ) ;
#6679 = SURFACE_STYLE_FILL_AREA ( #6680 ) ;
#6680 = FILL_AREA_STYLE ('',( #6681 ) ) ;
#6681 = FILL_AREA_STYLE_COLOUR ( '', #6682 ) ;
#6682 = COLOUR_RGB ( '',0.8784313725490196000, 0.8784313725490196000, 0.8784313725490196000 ) ;
#6683 = FILL_AREA_STYLE ('',( #6652 ) ) ;
#6684 = SURFACE_STYLE_USAGE ( .BOTH. , #6685 ) ;
#6685 = SURFACE_SIDE_STYLE ('',( #6686 ) ) ;
#6686 = SURFACE_STYLE_FILL_AREA ( #6687 ) ;
#6687 = FILL_AREA_STYLE ('',( #6694 ) ) ;
#6688 = MECHANICAL_DESIGN_GEOMETRIC_PRESENTATION_REPRESENTATION (  '', ( #6690 ), #6777 ) ;
#6689 = PRESENTATION_LAYER_ASSIGNMENT (  '', '', ( #6690 ) ) ;
#6690 = STYLED_ITEM ( 'NONE', ( #6691 ), #5126 ) ;
#6691 = PRESENTATION_STYLE_ASSIGNMENT (( #6684 ) ) ;
#6692 = COLOUR_RGB ( '',0.09411764705882352800, 0.09411764705882352800, 0.09411764705882352800 ) ;
#6693 = FACE_OUTER_BOUND ( 'NONE', #5127, .T. ) ;
#6694 = FILL_AREA_STYLE_COLOUR ( '', #6692 ) ;
#6695 = LINE ( 'NONE', #6697, #6787 ) ;
#6696 = STYLED_ITEM ( 'NONE', ( #6802 ), #5254 ) ;
#6697 = CARTESIAN_POINT ( 'NONE',  ( -3.000000000000000000, 1.905000000000000000, -6.776263578034402700E-018 ) ) ;
#6698 =( GEOMETRIC_REPRESENTATION_CONTEXT ( 3 ) GLOBAL_UNCERTAINTY_ASSIGNED_CONTEXT ( ( #6702 ) ) GLOBAL_UNIT_ASSIGNED_CONTEXT ( ( #6705, #6704, #6703 ) ) REPRESENTATION_CONTEXT ( 'NONE', 'WORKASPACE' ) );
#6699 = PRESENTATION_LAYER_ASSIGNMENT (  '', '', ( #6701 ) ) ;
#6700 = MECHANICAL_DESIGN_GEOMETRIC_PRESENTATION_REPRESENTATION (  '', ( #6701 ), #6698 ) ;
#6701 = STYLED_ITEM ( 'NONE', ( #6676 ), #5241 ) ;
#6702 = UNCERTAINTY_MEASURE_WITH_UNIT (LENGTH_MEASURE( 1.000000000000000100E-005 ), #6705, 'distance_accuracy_value', 'NONE');
#6703 =( NAMED_UNIT ( * ) SI_UNIT ( $, .STERADIAN. ) SOLID_ANGLE_UNIT ( ) );
#6704 =( NAMED_UNIT ( * ) PLANE_ANGLE_UNIT ( ) SI_UNIT ( $, .RADIAN. ) );
#6705 =( LENGTH_UNIT ( ) NAMED_UNIT ( * ) SI_UNIT ( .MILLI., .METRE. ) );
#6706 = AXIS2_PLACEMENT_3D ( 'NONE', #6716, #6707, #6715 ) ;
#6707 = DIRECTION ( 'NONE',  ( 0.06975647374411818300, 0.0000000000000000000, -0.9975640502598247500 ) ) ;
#6708 = PLANE ( 'NONE',  #6706 ) ;
#6709 = CARTESIAN_POINT ( 'NONE',  ( -3.000000000000000000, 1.699999999999999500, -6.776263578034402700E-018 ) ) ;
#6710 = DIRECTION ( 'NONE',  ( -0.9975640502598247500, 0.0000000000000000000, -0.06975647374411818300 ) ) ;
#6711 = VECTOR ( 'NONE', #6710, 1000.000000000000000 ) ;
#6712 = CARTESIAN_POINT ( 'NONE',  ( -2.399999999999999900, 1.699999999999999500, 0.04195608716610197500 ) ) ;
#6713 = LINE ( 'NONE', #6712, #6711 ) ;
#6714 = CARTESIAN_POINT ( 'NONE',  ( -2.399999999999999900, 1.699999999999999500, 0.04195608716610197500 ) ) ;
#6715 = DIRECTION ( 'NONE',  ( -0.9975640502598247500, 0.0000000000000000000, -0.06975647374411818300 ) ) ;
#6716 = CARTESIAN_POINT ( 'NONE',  ( -2.399999999999999900, 1.905000000000000000, 0.04195608716610197500 ) ) ;
#6717 =( NAMED_UNIT ( * ) PLANE_ANGLE_UNIT ( ) SI_UNIT ( $, .RADIAN. ) );
#6718 = DIRECTION ( 'NONE',  ( 0.0000000000000000000, -1.000000000000000000, 0.0000000000000000000 ) ) ;
#6719 = VECTOR ( 'NONE', #6718, 1000.000000000000000 ) ;
#6720 = CARTESIAN_POINT ( 'NONE',  ( -3.011171579056634700, 1.905000000000000000, 0.1597610236494198000 ) ) ;
#6721 = LINE ( 'NONE', #6720, #6719 ) ;
#6722 = DIRECTION ( 'NONE',  ( 0.9975640502598247500, 0.0000000000000000000, 0.06975647374411818300 ) ) ;
#6723 = DIRECTION ( 'NONE',  ( -0.06975647374411818300, 0.0000000000000000000, 0.9975640502598247500 ) ) ;
#6724 = CARTESIAN_POINT ( 'NONE',  ( -2.423295732169007600, 1.905000000000000000, 0.2008693074408586000 ) ) ;
#6725 = CARTESIAN_POINT ( 'NONE',  ( 1.869999999999999900, 2.325897710768368900, 1.026882581959221300 ) ) ;
#6726 = AXIS2_PLACEMENT_3D ( 'NONE', #6725, #6758, #6757 ) ;
#6727 = DIRECTION ( 'NONE',  ( -0.9975640502598247500, 0.0000000000000000000, -0.06975647374411818300 ) ) ;
#6728 = VECTOR ( 'NONE', #6727, 1000.000000000000000 ) ;
#6729 = CARTESIAN_POINT ( 'NONE',  ( -2.423295732169007600, 2.109999999999999400, 0.2008693074408586000 ) ) ;
#6730 = LINE ( 'NONE', #6729, #6728 ) ;
#6731 = AXIS2_PLACEMENT_3D ( 'NONE', #6724, #6723, #6722 ) ;
#6732 = PLANE ( 'NONE',  #6731 ) ;
#6733 = MECHANICAL_DESIGN_GEOMETRIC_PRESENTATION_REPRESENTATION (  '', ( #6735 ), #6380 ) ;
#6734 = PRESENTATION_LAYER_ASSIGNMENT (  '', '', ( #6735 ) ) ;
#6735 = STYLED_ITEM ( 'NONE', ( #6736 ), #5146 ) ;
#6736 = PRESENTATION_STYLE_ASSIGNMENT (( #6737 ) ) ;
#6737 = SURFACE_STYLE_USAGE ( .BOTH. , #6738 ) ;
#6738 = SURFACE_SIDE_STYLE ('',( #6739 ) ) ;
#6739 = SURFACE_STYLE_FILL_AREA ( #6740 ) ;
#6740 = FILL_AREA_STYLE ('',( #6741 ) ) ;
#6741 = FILL_AREA_STYLE_COLOUR ( '', #6742 ) ;
#6742 = COLOUR_RGB ( '',0.09411764705882352800, 0.09411764705882352800, 0.09411764705882352800 ) ;
#6743 = FACE_OUTER_BOUND ( 'NONE', #5147, .T. ) ;
#6744 = CARTESIAN_POINT ( 'NONE',  ( -2.423295732169007600, 1.699999999999999700, 0.2008693074408585400 ) ) ;
#6745 = CARTESIAN_POINT ( 'NONE',  ( -3.011171579056634700, 1.699999999999999700, 0.1597610236494197100 ) ) ;
#6746 = CYLINDRICAL_SURFACE ( 'NONE', #6726, 0.08000000000000008500 ) ;
#6747 = CARTESIAN_POINT ( 'NONE',  ( -2.399999999999999900, 2.109999999999999400, 0.04195608716610197500 ) ) ;
#6748 = DIRECTION ( 'NONE',  ( -0.9975640502598247500, 0.0000000000000000000, -0.06975647374411818300 ) ) ;
#6749 = VECTOR ( 'NONE', #6748, 1000.000000000000000 ) ;
#6750 = CARTESIAN_POINT ( 'NONE',  ( -3.011171579056634700, 2.109999999999999400, 0.1597610236494198000 ) ) ;
#6751 = CARTESIAN_POINT ( 'NONE',  ( -2.423295732169007600, 2.109999999999999400, 0.2008693074408586000 ) ) ;
#6752 =( GEOMETRIC_REPRESENTATION_CONTEXT ( 3 ) GLOBAL_UNCERTAINTY_ASSIGNED_CONTEXT ( ( #6755 ) ) GLOBAL_UNIT_ASSIGNED_CONTEXT ( ( #6764, #6761, #6759 ) ) REPRESENTATION_CONTEXT ( 'NONE', 'WORKASPACE' ) );
#6753 =( NAMED_UNIT ( * ) SI_UNIT ( $, .STERADIAN. ) SOLID_ANGLE_UNIT ( ) );
#6754 = FACE_OUTER_BOUND ( 'NONE', #5136, .T. ) ;
#6755 = UNCERTAINTY_MEASURE_WITH_UNIT (LENGTH_MEASURE( 1.000000000000000100E-005 ), #6764, 'distance_accuracy_value', 'NONE');
#6756 = LINE ( 'NONE', #6760, #6749 ) ;
#6757 = DIRECTION ( 'NONE',  ( 0.0000000000000000000, -0.9848077530122086900, 0.1736481776669268600 ) ) ;
#6758 = DIRECTION ( 'NONE',  ( -1.334663381620506100E-015, 0.1736481776669275600, 0.9848077530122085800 ) ) ;
#6759 =( NAMED_UNIT ( * ) SI_UNIT ( $, .STERADIAN. ) SOLID_ANGLE_UNIT ( ) );
#6760 = CARTESIAN_POINT ( 'NONE',  ( -2.399999999999999900, 2.109999999999999400, 0.04195608716610197500 ) ) ;
#6761 =( NAMED_UNIT ( * ) PLANE_ANGLE_UNIT ( ) SI_UNIT ( $, .RADIAN. ) );
#6762 =( NAMED_UNIT ( * ) PLANE_ANGLE_UNIT ( ) SI_UNIT ( $, .RADIAN. ) );
#6763 =( LENGTH_UNIT ( ) NAMED_UNIT ( * ) SI_UNIT ( .MILLI., .METRE. ) );
#6764 =( LENGTH_UNIT ( ) NAMED_UNIT ( * ) SI_UNIT ( .MILLI., .METRE. ) );
#6765 = UNCERTAINTY_MEASURE_WITH_UNIT (LENGTH_MEASURE( 1.000000000000000100E-005 ), #6638, 'distance_accuracy_value', 'NONE');
#6766 = MECHANICAL_DESIGN_GEOMETRIC_PRESENTATION_REPRESENTATION (  '', ( #6768 ), #6752 ) ;
#6767 = PRESENTATION_LAYER_ASSIGNMENT (  '', '', ( #6768 ) ) ;
#6768 = STYLED_ITEM ( 'NONE', ( #6769 ), #5135 ) ;
#6769 = PRESENTATION_STYLE_ASSIGNMENT (( #6772 ) ) ;
#6770 = UNCERTAINTY_MEASURE_WITH_UNIT (LENGTH_MEASURE( 1.000000000000000100E-005 ), #6763, 'distance_accuracy_value', 'NONE');
#6771 =( NAMED_UNIT ( * ) SI_UNIT ( $, .STERADIAN. ) SOLID_ANGLE_UNIT ( ) );
#6772 = SURFACE_STYLE_USAGE ( .BOTH. , #6773 ) ;
#6773 = SURFACE_SIDE_STYLE ('',( #6774 ) ) ;
#6774 = SURFACE_STYLE_FILL_AREA ( #6775 ) ;
#6775 = FILL_AREA_STYLE ('',( #6778 ) ) ;
#6776 = COLOUR_RGB ( '',0.8784313725490196000, 0.8784313725490196000, 0.8784313725490196000 ) ;
#6777 =( GEOMETRIC_REPRESENTATION_CONTEXT ( 3 ) GLOBAL_UNCERTAINTY_ASSIGNED_CONTEXT ( ( #6765 ) ) GLOBAL_UNIT_ASSIGNED_CONTEXT ( ( #6638, #6717, #6753 ) ) REPRESENTATION_CONTEXT ( 'NONE', 'WORKASPACE' ) );
#6778 = FILL_AREA_STYLE_COLOUR ( '', #6776 ) ;
#6779 = DIRECTION ( 'NONE',  ( -0.0000000000000000000, -1.000000000000000000, -0.0000000000000000000 ) ) ;
#6780 = VECTOR ( 'NONE', #6779, 1000.000000000000000 ) ;
#6781 = CARTESIAN_POINT ( 'NONE',  ( -2.399999999999999900, 1.905000000000000000, 0.04195608716610197500 ) ) ;
#6782 = LINE ( 'NONE', #6781, #6780 ) ;
#6783 = DIRECTION ( 'NONE',  ( 0.0000000000000000000, 0.0000000000000000000, -1.000000000000000000 ) ) ;
#6784 =( LENGTH_UNIT ( ) NAMED_UNIT ( * ) SI_UNIT ( .MILLI., .METRE. ) );
#6785 = DIRECTION ( 'NONE',  ( -1.000000000000000000, -4.779352388798099200E-016, -2.710505431213759100E-015 ) ) ;
#6786 = DIRECTION ( 'NONE',  ( 0.0000000000000000000, 1.000000000000000000, 0.0000000000000000000 ) ) ;
#6787 = VECTOR ( 'NONE', #6786, 1000.000000000000000 ) ;
#6788 = MECHANICAL_DESIGN_GEOMETRIC_PRESENTATION_REPRESENTATION (  '', ( #6696 ), #6809 ) ;
#6789 = DIRECTION ( 'NONE',  ( 0.0000000000000000000, 0.0000000000000000000, 1.000000000000000000 ) ) ;
#6790 = DIRECTION ( 'NONE',  ( 0.0000000000000000000, 1.000000000000000000, 0.0000000000000000000 ) ) ;
#6791 = CARTESIAN_POINT ( 'NONE',  ( -1.751508428878013800, 2.176569462076912900, 0.1800000000000000500 ) ) ;
#6792 = AXIS2_PLACEMENT_3D ( 'NONE', #6791, #6790, #6789 ) ;
#6793 = CIRCLE ( 'NONE', #6792, 0.07999999999999998800 ) ;
#6794 = PRESENTATION_LAYER_ASSIGNMENT (  '', '', ( #6696 ) ) ;
#6795 = CARTESIAN_POINT ( 'NONE',  ( -3.000000000000000000, 2.109999999999999400, -1.355252715606880500E-017 ) ) ;
#6796 = FILL_AREA_STYLE_COLOUR ( '', #6800 ) ;
#6797 = SURFACE_STYLE_USAGE ( .BOTH. , #6799 ) ;
#6798 = SURFACE_STYLE_FILL_AREA ( #6804 ) ;
#6799 = SURFACE_SIDE_STYLE ('',( #6798 ) ) ;
#6800 = COLOUR_RGB ( '',0.09411764705882352800, 0.09411764705882352800, 0.09411764705882352800 ) ;
#6801 = DIRECTION ( 'NONE',  ( -2.710505431213761500E-015, 0.0000000000000000000, 1.000000000000000000 ) ) ;
#6802 = PRESENTATION_STYLE_ASSIGNMENT (( #6797 ) ) ;
#6803 = FACE_OUTER_BOUND ( 'NONE', #5255, .T. ) ;
#6804 = FILL_AREA_STYLE ('',( #6796 ) ) ;
#6805 =( NAMED_UNIT ( * ) SI_UNIT ( $, .STERADIAN. ) SOLID_ANGLE_UNIT ( ) );
#6806 =( NAMED_UNIT ( * ) PLANE_ANGLE_UNIT ( ) SI_UNIT ( $, .RADIAN. ) );
#6807 =( NAMED_UNIT ( * ) SI_UNIT ( $, .STERADIAN. ) SOLID_ANGLE_UNIT ( ) );
#6808 = UNCERTAINTY_MEASURE_WITH_UNIT (LENGTH_MEASURE( 1.000000000000000100E-005 ), #6784, 'distance_accuracy_value', 'NONE');
#6809 =( GEOMETRIC_REPRESENTATION_CONTEXT ( 3 ) GLOBAL_UNCERTAINTY_ASSIGNED_CONTEXT ( ( #6808 ) ) GLOBAL_UNIT_ASSIGNED_CONTEXT ( ( #6784, #6806, #6805 ) ) REPRESENTATION_CONTEXT ( 'NONE', 'WORKASPACE' ) );
#6810 = DIRECTION ( 'NONE',  ( 1.000000000000000000, 0.0000000000000000000, -0.0000000000000000000 ) ) ;
#6811 = CARTESIAN_POINT ( 'NONE',  ( -1.818636399372196600, 2.176569462076912900, 0.1800000000000000500 ) ) ;
#6812 = CIRCLE ( 'NONE', #6816, 0.07999999999999998800 ) ;
#6813 = UNCERTAINTY_MEASURE_WITH_UNIT (LENGTH_MEASURE( 1.000000000000000100E-005 ), #6827, 'distance_accuracy_value', 'NONE');
#6814 = AXIS2_PLACEMENT_3D ( 'NONE', #6811, #6810, #6783 ) ;
#6815 = CYLINDRICAL_SURFACE ( 'NONE', #6814, 0.08000000000000000200 ) ;
#6816 = AXIS2_PLACEMENT_3D ( 'NONE', #6820, #6785, #6801 ) ;
#6817 = DIRECTION ( 'NONE',  ( -2.710505431213754000E-015, 1.000000000000000000, 0.0000000000000000000 ) ) ;
#6818 = DIRECTION ( 'NONE',  ( 1.000000000000000000, 2.752319346515295100E-015, 0.0000000000000000000 ) ) ;
#6819 = CARTESIAN_POINT ( 'NONE',  ( 1.751508428878009200, 2.176569462076912900, 0.1800000000000000500 ) ) ;
#6820 = CARTESIAN_POINT ( 'NONE',  ( -1.751508428878014100, 2.176569462076912900, 0.1800000000000001000 ) ) ;
#6821 = CIRCLE ( 'NONE', #6822, 0.08000000000000021000 ) ;
#6822 = AXIS2_PLACEMENT_3D ( 'NONE', #6819, #6818, #6817 ) ;
#6823 =( GEOMETRIC_REPRESENTATION_CONTEXT ( 3 ) GLOBAL_UNCERTAINTY_ASSIGNED_CONTEXT ( ( #6916 ) ) GLOBAL_UNIT_ASSIGNED_CONTEXT ( ( #6914, #6859, #6901 ) ) REPRESENTATION_CONTEXT ( 'NONE', 'WORKASPACE' ) );
#6824 =( NAMED_UNIT ( * ) SI_UNIT ( $, .STERADIAN. ) SOLID_ANGLE_UNIT ( ) );
#6825 =( NAMED_UNIT ( * ) PLANE_ANGLE_UNIT ( ) SI_UNIT ( $, .RADIAN. ) );
#6826 =( NAMED_UNIT ( * ) PLANE_ANGLE_UNIT ( ) SI_UNIT ( $, .RADIAN. ) );
#6827 =( LENGTH_UNIT ( ) NAMED_UNIT ( * ) SI_UNIT ( .MILLI., .METRE. ) );
#6828 = MECHANICAL_DESIGN_GEOMETRIC_PRESENTATION_REPRESENTATION (  '', ( #6889 ), #7042 ) ;
#6829 = PRESENTATION_LAYER_ASSIGNMENT (  '', '', ( #6889 ) ) ;
#6830 = SURFACE_STYLE_FILL_AREA ( #6927 ) ;
#6831 = UNCERTAINTY_MEASURE_WITH_UNIT (LENGTH_MEASURE( 1.000000000000000100E-005 ), #6917, 'distance_accuracy_value', 'NONE');
#6832 =( NAMED_UNIT ( * ) SI_UNIT ( $, .STERADIAN. ) SOLID_ANGLE_UNIT ( ) );
#6833 = AXIS2_PLACEMENT_3D ( 'NONE', #6842, #6841, #6840 ) ;
#6834 =( GEOMETRIC_REPRESENTATION_CONTEXT ( 3 ) GLOBAL_UNCERTAINTY_ASSIGNED_CONTEXT ( ( #6852 ) ) GLOBAL_UNIT_ASSIGNED_CONTEXT ( ( #6881, #6825, #6824 ) ) REPRESENTATION_CONTEXT ( 'NONE', 'WORKASPACE' ) );
#6835 = FACE_OUTER_BOUND ( 'NONE', #5276, .T. ) ;
#6836 = PRESENTATION_STYLE_ASSIGNMENT (( #6837 ) ) ;
#6837 = SURFACE_STYLE_USAGE ( .BOTH. , #6838 ) ;
#6838 = SURFACE_SIDE_STYLE ('',( #6839 ) ) ;
#6839 = SURFACE_STYLE_FILL_AREA ( #6854 ) ;
#6840 = DIRECTION ( 'NONE',  ( 0.0000000000000000000, 0.0000000000000000000, -1.000000000000000000 ) ) ;
#6841 = DIRECTION ( 'NONE',  ( 0.0000000000000000000, -1.000000000000000000, 0.0000000000000000000 ) ) ;
#6842 = CARTESIAN_POINT ( 'NONE',  ( 1.751508428878013800, 2.450000000000000200, 1.669999999999999700 ) ) ;
#6843 = FACE_OUTER_BOUND ( 'NONE', #5263, .T. ) ;
#6844 = CARTESIAN_POINT ( 'NONE',  ( -1.999999999999998700, 1.699999999999999700, 0.8450000000000004200 ) ) ;
#6845 = PLANE ( 'NONE',  #6847 ) ;
#6846 = LINE ( 'NONE', #6863, #6862 ) ;
#6847 = AXIS2_PLACEMENT_3D ( 'NONE', #6844, #6865, #6864 ) ;
#6848 = CARTESIAN_POINT ( 'NONE',  ( -2.000000000000000000, 1.699999999999999700, 0.7199651360910145300 ) ) ;
#6849 = AXIS2_PLACEMENT_3D ( 'NONE', #6848, #6888, #6887 ) ;
#6850 = CIRCLE ( 'NONE', #6849, 0.2850348639089859100 ) ;
#6851 = DIRECTION ( 'NONE',  ( 1.000000000000000000, -0.0000000000000000000, -0.0000000000000000000 ) ) ;
#6852 = UNCERTAINTY_MEASURE_WITH_UNIT (LENGTH_MEASURE( 1.000000000000000100E-005 ), #6881, 'distance_accuracy_value', 'NONE');
#6853 = CYLINDRICAL_SURFACE ( 'NONE', #6833, 0.07999999999999998800 ) ;
#6854 = FILL_AREA_STYLE ('',( #6855 ) ) ;
#6855 = FILL_AREA_STYLE_COLOUR ( '', #6856 ) ;
#6856 = COLOUR_RGB ( '',0.8784313725490196000, 0.8784313725490196000, 0.8784313725490196000 ) ;
#6857 = CARTESIAN_POINT ( 'NONE',  ( 1.751508428878009200, 2.450000000000000200, 0.1800000000000000500 ) ) ;
#6858 = AXIS2_PLACEMENT_3D ( 'NONE', #6857, #6870, #6869 ) ;
#6859 =( NAMED_UNIT ( * ) PLANE_ANGLE_UNIT ( ) SI_UNIT ( $, .RADIAN. ) );
#6860 = PRESENTATION_LAYER_ASSIGNMENT (  '', '', ( #6861 ) ) ;
#6861 = STYLED_ITEM ( 'NONE', ( #6906 ), #5262 ) ;
#6862 = VECTOR ( 'NONE', #6851, 1000.000000000000000 ) ;
#6863 = CARTESIAN_POINT ( 'NONE',  ( -1.999999999999998200, 1.699999999999999700, 1.005000000000000600 ) ) ;
#6864 = DIRECTION ( 'NONE',  ( 0.0000000000000000000, -0.0000000000000000000, -1.000000000000000000 ) ) ;
#6865 = DIRECTION ( 'NONE',  ( 0.0000000000000000000, -1.000000000000000000, 0.0000000000000000000 ) ) ;
#6866 = FILL_AREA_STYLE_COLOUR ( '', #6871 ) ;
#6867 = CIRCLE ( 'NONE', #6913, 0.08000000000000011300 ) ;
#6868 = CARTESIAN_POINT ( 'NONE',  ( 1.751508428878008900, 2.176569462076912900, 0.1800000000000001000 ) ) ;
#6869 = DIRECTION ( 'NONE',  ( 0.0000000000000000000, 0.0000000000000000000, -1.000000000000000000 ) ) ;
#6870 = DIRECTION ( 'NONE',  ( 0.0000000000000000000, -1.000000000000000000, 0.0000000000000000000 ) ) ;
#6871 = COLOUR_RGB ( '',0.09411764705882352800, 0.09411764705882352800, 0.09411764705882352800 ) ;
#6872 = STYLED_ITEM ( 'NONE', ( #6873 ), #5273 ) ;
#6873 = PRESENTATION_STYLE_ASSIGNMENT (( #6874 ) ) ;
#6874 = SURFACE_STYLE_USAGE ( .BOTH. , #6875 ) ;
#6875 = SURFACE_SIDE_STYLE ('',( #6876 ) ) ;
#6876 = SURFACE_STYLE_FILL_AREA ( #6877 ) ;
#6877 = FILL_AREA_STYLE ('',( #6878 ) ) ;
#6878 = FILL_AREA_STYLE_COLOUR ( '', #6879 ) ;
#6879 = COLOUR_RGB ( '',0.09411764705882352800, 0.09411764705882352800, 0.09411764705882352800 ) ;
#6880 = DIRECTION ( 'NONE',  ( 0.0000000000000000000, 0.0000000000000000000, 1.000000000000000000 ) ) ;
#6881 =( LENGTH_UNIT ( ) NAMED_UNIT ( * ) SI_UNIT ( .MILLI., .METRE. ) );
#6882 = MECHANICAL_DESIGN_GEOMETRIC_PRESENTATION_REPRESENTATION (  '', ( #6872 ), #6834 ) ;
#6883 = PRESENTATION_LAYER_ASSIGNMENT (  '', '', ( #6872 ) ) ;
#6884 =( GEOMETRIC_REPRESENTATION_CONTEXT ( 3 ) GLOBAL_UNCERTAINTY_ASSIGNED_CONTEXT ( ( #6831 ) ) GLOBAL_UNIT_ASSIGNED_CONTEXT ( ( #6917, #6909, #6832 ) ) REPRESENTATION_CONTEXT ( 'NONE', 'WORKASPACE' ) );
#6885 = LINE ( 'NONE', #6926, #6925 ) ;
#6886 = CARTESIAN_POINT ( 'NONE',  ( -1.999999999999998200, 1.699999999999999700, 1.005000000000000600 ) ) ;
#6887 = DIRECTION ( 'NONE',  ( 0.0000000000000000000, 0.0000000000000000000, -1.000000000000000000 ) ) ;
#6888 = DIRECTION ( 'NONE',  ( 0.0000000000000000000, -1.000000000000000000, -0.0000000000000000000 ) ) ;
#6889 = STYLED_ITEM ( 'NONE', ( #6890 ), #5291 ) ;
#6890 = PRESENTATION_STYLE_ASSIGNMENT (( #6891 ) ) ;
#6891 = SURFACE_STYLE_USAGE ( .BOTH. , #6892 ) ;
#6892 = SURFACE_SIDE_STYLE ('',( #6893 ) ) ;
#6893 = SURFACE_STYLE_FILL_AREA ( #6921 ) ;
#6894 = COLOUR_RGB ( '',0.8784313725490196000, 0.8784313725490196000, 0.8784313725490196000 ) ;
#6895 = FACE_OUTER_BOUND ( 'NONE', #5292, .T. ) ;
#6896 = DIRECTION ( 'NONE',  ( 0.0000000000000000000, 0.0000000000000000000, -1.000000000000000000 ) ) ;
#6897 = DIRECTION ( 'NONE',  ( 0.0000000000000000000, -1.000000000000000000, -0.0000000000000000000 ) ) ;
#6898 = CARTESIAN_POINT ( 'NONE',  ( -2.000000000000000000, 2.109999999999999400, 0.7199651360910145300 ) ) ;
#6899 = AXIS2_PLACEMENT_3D ( 'NONE', #6898, #6897, #6896 ) ;
#6900 = CIRCLE ( 'NONE', #6899, 0.2850348639089859100 ) ;
#6901 =( NAMED_UNIT ( * ) SI_UNIT ( $, .STERADIAN. ) SOLID_ANGLE_UNIT ( ) );
#6902 = DIRECTION ( 'NONE',  ( 0.0000000000000000000, 1.000000000000000000, 0.0000000000000000000 ) ) ;
#6903 = AXIS2_PLACEMENT_3D ( 'NONE', #6868, #6902, #6880 ) ;
#6904 = CIRCLE ( 'NONE', #6903, 0.07999999999999998800 ) ;
#6905 = FACE_OUTER_BOUND ( 'NONE', #5274, .T. ) ;
#6906 = PRESENTATION_STYLE_ASSIGNMENT (( #6907 ) ) ;
#6907 = SURFACE_STYLE_USAGE ( .BOTH. , #6908 ) ;
#6908 = SURFACE_SIDE_STYLE ('',( #6830 ) ) ;
#6909 =( NAMED_UNIT ( * ) PLANE_ANGLE_UNIT ( ) SI_UNIT ( $, .RADIAN. ) );
#6910 = DIRECTION ( 'NONE',  ( -0.7071067811865474600, 0.0000000000000000000, 0.7071067811865474600 ) ) ;
#6911 = DIRECTION ( 'NONE',  ( -0.7016738431598635900, 0.1237240302064811800, -0.7016738431598635900 ) ) ;
#6912 = CARTESIAN_POINT ( 'NONE',  ( -1.810354481705643800, 2.235415514904545800, 1.336267450442375300 ) ) ;
#6913 = AXIS2_PLACEMENT_3D ( 'NONE', #6912, #6911, #6910 ) ;
#6914 =( LENGTH_UNIT ( ) NAMED_UNIT ( * ) SI_UNIT ( .MILLI., .METRE. ) );
#6915 = MECHANICAL_DESIGN_GEOMETRIC_PRESENTATION_REPRESENTATION (  '', ( #6861 ), #6823 ) ;
#6916 = UNCERTAINTY_MEASURE_WITH_UNIT (LENGTH_MEASURE( 1.000000000000000100E-005 ), #6914, 'distance_accuracy_value', 'NONE');
#6917 =( LENGTH_UNIT ( ) NAMED_UNIT ( * ) SI_UNIT ( .MILLI., .METRE. ) );
#6918 = MECHANICAL_DESIGN_GEOMETRIC_PRESENTATION_REPRESENTATION (  '', ( #6920 ), #6884 ) ;
#6919 = PRESENTATION_LAYER_ASSIGNMENT (  '', '', ( #6920 ) ) ;
#6920 = STYLED_ITEM ( 'NONE', ( #6836 ), #5275 ) ;
#6921 = FILL_AREA_STYLE ('',( #6922 ) ) ;
#6922 = FILL_AREA_STYLE_COLOUR ( '', #6894 ) ;
#6923 = CARTESIAN_POINT ( 'NONE',  ( -1.999999999999998200, 2.109999999999999400, 1.005000000000000600 ) ) ;
#6924 = DIRECTION ( 'NONE',  ( -0.0000000000000000000, -1.000000000000000000, -0.0000000000000000000 ) ) ;
#6925 = VECTOR ( 'NONE', #6924, 1000.000000000000000 ) ;
#6926 = CARTESIAN_POINT ( 'NONE',  ( -1.999999999999998200, 1.699999999999999700, 1.005000000000000600 ) ) ;
#6927 = FILL_AREA_STYLE ('',( #6866 ) ) ;
#6928 = CYLINDRICAL_SURFACE ( 'NONE', #6858, 0.08000000000000000200 ) ;
#6929 = CARTESIAN_POINT ( 'NONE',  ( -1.869999999999999900, 2.325897710768368900, 1.026882581959222200 ) ) ;
#6930 =( GEOMETRIC_REPRESENTATION_CONTEXT ( 3 ) GLOBAL_UNCERTAINTY_ASSIGNED_CONTEXT ( ( #6988 ) ) GLOBAL_UNIT_ASSIGNED_CONTEXT ( ( #7036, #7035, #6989 ) ) REPRESENTATION_CONTEXT ( 'NONE', 'WORKASPACE' ) );
#6931 = DIRECTION ( 'NONE',  ( 0.0000000000000000000, 0.9848077530122086900, -0.1736481776669268600 ) ) ;
#6932 = DIRECTION ( 'NONE',  ( -1.334663381620506100E-015, -0.1736481776669275600, -0.9848077530122085800 ) ) ;
#6933 = AXIS2_PLACEMENT_3D ( 'NONE', #6929, #6932, #6931 ) ;
#6934 = CYLINDRICAL_SURFACE ( 'NONE', #6933, 0.08000000000000008500 ) ;
#6935 = DIRECTION ( 'NONE',  ( 0.0000000000000000000, 0.0000000000000000000, 1.000000000000000000 ) ) ;
#6936 = DIRECTION ( 'NONE',  ( 0.0000000000000000000, 1.000000000000000000, 0.0000000000000000000 ) ) ;
#6937 = CARTESIAN_POINT ( 'NONE',  ( -2.457460150826093600, 2.109999999999999400, 0.2973500771900227100 ) ) ;
#6938 = AXIS2_PLACEMENT_3D ( 'NONE', #6937, #6936, #6935 ) ;
#6939 = CIRCLE ( 'NONE', #6938, 0.2617780721781255400 ) ;
#6940 = DIRECTION ( 'NONE',  ( 4.003990144861518400E-015, 0.1736481776669268600, 0.9848077530122088000 ) ) ;
#6941 = CARTESIAN_POINT ( 'NONE',  ( -1.870000000000000100, 2.307933062704717200, 0.9249999999999998200 ) ) ;
#6942 = AXIS2_PLACEMENT_3D ( 'NONE', #6941, #6940, #6996 ) ;
#6943 = CIRCLE ( 'NONE', #6942, 0.08000000000000008500 ) ;
#6944 = CYLINDRICAL_SURFACE ( 'NONE', #6972, 0.08000000000000008500 ) ;
#6945 =( GEOMETRIC_REPRESENTATION_CONTEXT ( 3 ) GLOBAL_UNCERTAINTY_ASSIGNED_CONTEXT ( ( #7111 ) ) GLOBAL_UNIT_ASSIGNED_CONTEXT ( ( #7096, #7110, #7109 ) ) REPRESENTATION_CONTEXT ( 'NONE', 'WORKASPACE' ) );
#6946 = CARTESIAN_POINT ( 'NONE',  ( -3.011171579056634700, 0.6349999999999999000, 0.1597610236494198000 ) ) ;
#6947 = LINE ( 'NONE', #6946, #7041 ) ;
#6948 = CARTESIAN_POINT ( 'NONE',  ( -3.011171579056634700, 0.8399999999999994100, 0.1597610236494198000 ) ) ;
#6949 = DIRECTION ( 'NONE',  ( -0.06975647374411816900, 0.0000000000000000000, 0.9975640502598247500 ) ) ;
#6950 = DIRECTION ( 'NONE',  ( -0.9975640502598247500, 0.0000000000000000000, -0.06975647374411816900 ) ) ;
#6951 = AXIS2_PLACEMENT_3D ( 'NONE', #6955, #6967, #6966 ) ;
#6952 = CYLINDRICAL_SURFACE ( 'NONE', #6951, 0.2617780721781255400 ) ;
#6953 = FACE_OUTER_BOUND ( 'NONE', #5340, .T. ) ;
#6954 = FILL_AREA_STYLE_COLOUR ( '', #6965 ) ;
#6955 = CARTESIAN_POINT ( 'NONE',  ( -2.457460150826093600, 0.6349999999999999000, 0.2973500771900227100 ) ) ;
#6956 =( GEOMETRIC_REPRESENTATION_CONTEXT ( 3 ) GLOBAL_UNCERTAINTY_ASSIGNED_CONTEXT ( ( #7045 ) ) GLOBAL_UNIT_ASSIGNED_CONTEXT ( ( #7105, #7108, #7107 ) ) REPRESENTATION_CONTEXT ( 'NONE', 'WORKASPACE' ) );
#6957 = PLANE ( 'NONE',  #7070 ) ;
#6958 =( GEOMETRIC_REPRESENTATION_CONTEXT ( 3 ) GLOBAL_UNCERTAINTY_ASSIGNED_CONTEXT ( ( #7072 ) ) GLOBAL_UNIT_ASSIGNED_CONTEXT ( ( #6968, #6971, #7073 ) ) REPRESENTATION_CONTEXT ( 'NONE', 'WORKASPACE' ) );
#6959 = STYLED_ITEM ( 'NONE', ( #6960 ), #5339 ) ;
#6960 = PRESENTATION_STYLE_ASSIGNMENT (( #6961 ) ) ;
#6961 = SURFACE_STYLE_USAGE ( .BOTH. , #6962 ) ;
#6962 = SURFACE_SIDE_STYLE ('',( #6963 ) ) ;
#6963 = SURFACE_STYLE_FILL_AREA ( #6964 ) ;
#6964 = FILL_AREA_STYLE ('',( #6954 ) ) ;
#6965 = COLOUR_RGB ( '',0.8784313725490196000, 0.8784313725490196000, 0.8784313725490196000 ) ;
#6966 = DIRECTION ( 'NONE',  ( 0.0000000000000000000, 0.0000000000000000000, 1.000000000000000000 ) ) ;
#6967 = DIRECTION ( 'NONE',  ( 0.0000000000000000000, 1.000000000000000000, 0.0000000000000000000 ) ) ;
#6968 =( LENGTH_UNIT ( ) NAMED_UNIT ( * ) SI_UNIT ( .MILLI., .METRE. ) );
#6969 = MECHANICAL_DESIGN_GEOMETRIC_PRESENTATION_REPRESENTATION (  '', ( #6959 ), #6958 ) ;
#6970 = PRESENTATION_LAYER_ASSIGNMENT (  '', '', ( #6959 ) ) ;
#6971 =( NAMED_UNIT ( * ) PLANE_ANGLE_UNIT ( ) SI_UNIT ( $, .RADIAN. ) );
#6972 = AXIS2_PLACEMENT_3D ( 'NONE', #7058, #7057, #7056 ) ;
#6973 = FILL_AREA_STYLE ('',( #7083 ) ) ;
#6974 = COLOUR_RGB ( '',0.09411764705882352800, 0.09411764705882352800, 0.09411764705882352800 ) ;
#6975 = DIRECTION ( 'NONE',  ( 0.0000000000000000000, -0.9848077530122078000, 0.1736481776669321400 ) ) ;
#6976 = DIRECTION ( 'NONE',  ( -1.334663381620504800E-015, 0.1736481776669330500, 0.9848077530122076900 ) ) ;
#6977 = CARTESIAN_POINT ( 'NONE',  ( 1.869999999999999900, 2.307933062704717200, 0.9249999999999996000 ) ) ;
#6978 = AXIS2_PLACEMENT_3D ( 'NONE', #6977, #6976, #6975 ) ;
#6979 = CARTESIAN_POINT ( 'NONE',  ( -3.010462538693471100, 2.109999999999999400, 0.1496212740532759400 ) ) ;
#6980 = LINE ( 'NONE', #6979, #7021 ) ;
#6981 = CARTESIAN_POINT ( 'NONE',  ( -2.423295732169007600, 0.4299999999999996000, 0.2008693074408585400 ) ) ;
#6982 = DIRECTION ( 'NONE',  ( -0.9975640502598247500, 0.0000000000000000000, -0.06975647374411819700 ) ) ;
#6983 = VECTOR ( 'NONE', #6982, 1000.000000000000000 ) ;
#6984 = DIRECTION ( 'NONE',  ( 0.0000000000000000000, 0.0000000000000000000, -1.000000000000000000 ) ) ;
#6985 = CARTESIAN_POINT ( 'NONE',  ( -1.999999999999998700, 1.699999999999999700, 0.8450000000000004200 ) ) ;
#6986 = AXIS2_PLACEMENT_3D ( 'NONE', #6985, #6984, #7071 ) ;
#6987 = PLANE ( 'NONE',  #6986 ) ;
#6988 = UNCERTAINTY_MEASURE_WITH_UNIT (LENGTH_MEASURE( 1.000000000000000100E-005 ), #7036, 'distance_accuracy_value', 'NONE');
#6989 =( NAMED_UNIT ( * ) SI_UNIT ( $, .STERADIAN. ) SOLID_ANGLE_UNIT ( ) );
#6990 = CIRCLE ( 'NONE', #6978, 0.08000000000000015400 ) ;
#6991 = DIRECTION ( 'NONE',  ( -0.1605805316733572300, 0.0000000000000000000, -0.9870227418086686700 ) ) ;
#6992 = VECTOR ( 'NONE', #6991, 1000.000000000000100 ) ;
#6993 = CARTESIAN_POINT ( 'NONE',  ( -2.115913409923405800, 1.699999999999999700, 0.7668458207347690300 ) ) ;
#6994 = LINE ( 'NONE', #6993, #6992 ) ;
#6995 = CARTESIAN_POINT ( 'NONE',  ( -3.000000000000000000, 0.8399999999999994100, -1.355252715606880500E-017 ) ) ;
#6996 = DIRECTION ( 'NONE',  ( 0.0000000000000000000, -0.9848077530122086900, 0.1736481776669268600 ) ) ;
#6997 = DIRECTION ( 'NONE',  ( 1.000000000000000000, -0.0000000000000000000, -0.0000000000000000000 ) ) ;
#6998 = VECTOR ( 'NONE', #6997, 1000.000000000000000 ) ;
#6999 = CARTESIAN_POINT ( 'NONE',  ( -1.999999999999998200, 2.109999999999999400, 1.005000000000000600 ) ) ;
#7000 = LINE ( 'NONE', #6999, #6998 ) ;
#7001 = CARTESIAN_POINT ( 'NONE',  ( -2.399999999999999900, 0.8399999999999994100, 0.04195608716610197500 ) ) ;
#7002 = DIRECTION ( 'NONE',  ( -0.9975640502598247500, 0.0000000000000000000, -0.06975647374411819700 ) ) ;
#7003 = VECTOR ( 'NONE', #7002, 1000.000000000000000 ) ;
#7004 = CARTESIAN_POINT ( 'NONE',  ( -2.399999999999999900, 0.8399999999999994100, 0.04195608716610197500 ) ) ;
#7005 = LINE ( 'NONE', #7004, #7003 ) ;
#7006 = DIRECTION ( 'NONE',  ( 0.06975647374411816900, 0.0000000000000000000, -0.9975640502598247500 ) ) ;
#7007 = VECTOR ( 'NONE', #7006, 1000.000000000000100 ) ;
#7008 = CARTESIAN_POINT ( 'NONE',  ( -3.010462538693471100, 1.699999999999999700, 0.1496212740532759400 ) ) ;
#7009 = LINE ( 'NONE', #7008, #7007 ) ;
#7010 = FACE_OUTER_BOUND ( 'NONE', #5349, .T. ) ;
#7011 = DIRECTION ( 'NONE',  ( 0.0000000000000000000, 1.000000000000000000, 0.0000000000000000000 ) ) ;
#7012 = VECTOR ( 'NONE', #7011, 1000.000000000000000 ) ;
#7013 = CARTESIAN_POINT ( 'NONE',  ( -2.423295732169007600, 0.6349999999999999000, 0.2008693074408586000 ) ) ;
#7014 = LINE ( 'NONE', #7013, #7012 ) ;
#7015 = FILL_AREA_STYLE_COLOUR ( '', #7104 ) ;
#7016 = DIRECTION ( 'NONE',  ( -0.0000000000000000000, -1.000000000000000000, -0.0000000000000000000 ) ) ;
#7017 = VECTOR ( 'NONE', #7016, 1000.000000000000000 ) ;
#7018 = CARTESIAN_POINT ( 'NONE',  ( -2.399999999999999900, 0.6349999999999999000, 0.04195608716610197500 ) ) ;
#7019 = LINE ( 'NONE', #7018, #7017 ) ;
#7020 = DIRECTION ( 'NONE',  ( -0.06975647374411816900, 0.0000000000000000000, 0.9975640502598247500 ) ) ;
#7021 = VECTOR ( 'NONE', #7020, 1000.000000000000100 ) ;
#7022 = MECHANICAL_DESIGN_GEOMETRIC_PRESENTATION_REPRESENTATION (  '', ( #7024 ), #6945 ) ;
#7023 = PRESENTATION_LAYER_ASSIGNMENT (  '', '', ( #7024 ) ) ;
#7024 = STYLED_ITEM ( 'NONE', ( #7025 ), #5301 ) ;
#7025 = PRESENTATION_STYLE_ASSIGNMENT (( #7026 ) ) ;
#7026 = SURFACE_STYLE_USAGE ( .BOTH. , #7027 ) ;
#7027 = SURFACE_SIDE_STYLE ('',( #7028 ) ) ;
#7028 = SURFACE_STYLE_FILL_AREA ( #6973 ) ;
#7029 = CARTESIAN_POINT ( 'NONE',  ( -2.200000000000000200, 1.699999999999999700, 0.2500000000000000000 ) ) ;
#7030 = DIRECTION ( 'NONE',  ( 0.0000000000000000000, 1.000000000000000000, 0.0000000000000000000 ) ) ;
#7031 = VECTOR ( 'NONE', #7030, 1000.000000000000000 ) ;
#7032 = CARTESIAN_POINT ( 'NONE',  ( -2.200000000000000200, 1.905000000000000000, 0.2499999999999998900 ) ) ;
#7033 = LINE ( 'NONE', #7032, #7031 ) ;
#7034 = CARTESIAN_POINT ( 'NONE',  ( -2.200000000000000200, 2.109999999999999400, 0.2500000000000000000 ) ) ;
#7035 =( NAMED_UNIT ( * ) PLANE_ANGLE_UNIT ( ) SI_UNIT ( $, .RADIAN. ) );
#7036 =( LENGTH_UNIT ( ) NAMED_UNIT ( * ) SI_UNIT ( .MILLI., .METRE. ) );
#7037 = CARTESIAN_POINT ( 'NONE',  ( -2.423295732169007600, 0.4299999999999996000, 0.2008693074408585400 ) ) ;
#7038 = LINE ( 'NONE', #7037, #6983 ) ;
#7039 = CARTESIAN_POINT ( 'NONE',  ( -3.011171579056634700, 0.4299999999999996000, 0.1597610236494197100 ) ) ;
#7040 = DIRECTION ( 'NONE',  ( 0.0000000000000000000, -1.000000000000000000, 0.0000000000000000000 ) ) ;
#7041 = VECTOR ( 'NONE', #7040, 1000.000000000000000 ) ;
#7042 =( GEOMETRIC_REPRESENTATION_CONTEXT ( 3 ) GLOBAL_UNCERTAINTY_ASSIGNED_CONTEXT ( ( #6813 ) ) GLOBAL_UNIT_ASSIGNED_CONTEXT ( ( #6827, #6826, #6807 ) ) REPRESENTATION_CONTEXT ( 'NONE', 'WORKASPACE' ) );
#7043 = AXIS2_PLACEMENT_3D ( 'NONE', #7093, #7092, #7091 ) ;
#7044 = CIRCLE ( 'NONE', #7043, 0.2617780721781255400 ) ;
#7045 = UNCERTAINTY_MEASURE_WITH_UNIT (LENGTH_MEASURE( 1.000000000000000100E-005 ), #7105, 'distance_accuracy_value', 'NONE');
#7046 = SURFACE_STYLE_FILL_AREA ( #7047 ) ;
#7047 = FILL_AREA_STYLE ('',( #7055 ) ) ;
#7048 = COLOUR_RGB ( '',0.09411764705882352800, 0.09411764705882352800, 0.09411764705882352800 ) ;
#7049 = FACE_OUTER_BOUND ( 'NONE', #5381, .T. ) ;
#7050 = DIRECTION ( 'NONE',  ( 0.0000000000000000000, 0.9848077530122086900, 0.1736481776669268600 ) ) ;
#7051 = DIRECTION ( 'NONE',  ( 5.731968250729376300E-015, 0.1736481776669268600, -0.9848077530122088000 ) ) ;
#7052 = AXIS2_PLACEMENT_3D ( 'NONE', #7054, #7051, #7050 ) ;
#7053 = CIRCLE ( 'NONE', #7052, 0.08000000000000008500 ) ;
#7054 = CARTESIAN_POINT ( 'NONE',  ( 1.869999999999999900, 2.307933062704716800, 0.9249999999999991600 ) ) ;
#7055 = FILL_AREA_STYLE_COLOUR ( '', #7048 ) ;
#7056 = DIRECTION ( 'NONE',  ( 0.0000000000000000000, -0.9848077530122086900, -0.1736481776669268600 ) ) ;
#7057 = DIRECTION ( 'NONE',  ( -1.334663381620506100E-015, -0.1736481776669273900, 0.9848077530122085800 ) ) ;
#7058 = CARTESIAN_POINT ( 'NONE',  ( 1.869999999999999900, 2.298536099302315600, 0.9782928277036503400 ) ) ;
#7059 = MECHANICAL_DESIGN_GEOMETRIC_PRESENTATION_REPRESENTATION (  '', ( #7061 ), #6930 ) ;
#7060 = PRESENTATION_LAYER_ASSIGNMENT (  '', '', ( #7061 ) ) ;
#7061 = STYLED_ITEM ( 'NONE', ( #7062 ), #5309 ) ;
#7062 = PRESENTATION_STYLE_ASSIGNMENT (( #7063 ) ) ;
#7063 = SURFACE_STYLE_USAGE ( .BOTH. , #7064 ) ;
#7064 = SURFACE_SIDE_STYLE ('',( #7046 ) ) ;
#7065 = CARTESIAN_POINT ( 'NONE',  ( 1.949963621929097900, 2.296240034887020400, 1.005206310292138900 ) ) ;
#7066 = CARTESIAN_POINT ( 'NONE',  ( 1.948584093393584500, 2.341295056169459400, 1.013030005395240600 ) ) ;
#7067 = CARTESIAN_POINT ( 'NONE',  ( 1.915749908335966100, 2.373161011957889900, 1.015775555921024600 ) ) ;
#7068 = CARTESIAN_POINT ( 'NONE',  ( 1.869999999999999900, 2.373845653439876200, 1.011892761131280200 ) ) ;
#7069 = CARTESIAN_POINT ( 'NONE',  ( -3.005585789528317800, 1.904999999999999600, 0.07988051182470989900 ) ) ;
#7070 = AXIS2_PLACEMENT_3D ( 'NONE', #7069, #6950, #6949 ) ;
#7071 = DIRECTION ( 'NONE',  ( -1.000000000000000000, 0.0000000000000000000, -0.0000000000000000000 ) ) ;
#7072 = UNCERTAINTY_MEASURE_WITH_UNIT (LENGTH_MEASURE( 1.000000000000000100E-005 ), #6968, 'distance_accuracy_value', 'NONE');
#7073 =( NAMED_UNIT ( * ) SI_UNIT ( $, .STERADIAN. ) SOLID_ANGLE_UNIT ( ) );
#7074 =( LENGTH_UNIT ( ) NAMED_UNIT ( * ) SI_UNIT ( .MILLI., .METRE. ) );
#7075 = MECHANICAL_DESIGN_GEOMETRIC_PRESENTATION_REPRESENTATION (  '', ( #7077 ), #7222 ) ;
#7076 = PRESENTATION_LAYER_ASSIGNMENT (  '', '', ( #7077 ) ) ;
#7077 = STYLED_ITEM ( 'NONE', ( #7078 ), #5374 ) ;
#7078 = PRESENTATION_STYLE_ASSIGNMENT (( #7079 ) ) ;
#7079 = SURFACE_STYLE_USAGE ( .BOTH. , #7080 ) ;
#7080 = SURFACE_SIDE_STYLE ('',( #7081 ) ) ;
#7081 = SURFACE_STYLE_FILL_AREA ( #7082 ) ;
#7082 = FILL_AREA_STYLE ('',( #7087 ) ) ;
#7083 = FILL_AREA_STYLE_COLOUR ( '', #6974 ) ;
#7084 = FACE_OUTER_BOUND ( 'NONE', #5302, .T. ) ;
#7085 = DIRECTION ( 'NONE',  ( 1.000000000000000000, -0.0000000000000000000, -0.0000000000000000000 ) ) ;
#7086 = VECTOR ( 'NONE', #7085, 1000.000000000000000 ) ;
#7087 = FILL_AREA_STYLE_COLOUR ( '', #7088 ) ;
#7088 = COLOUR_RGB ( '',0.09411764705882352800, 0.09411764705882352800, 0.09411764705882352800 ) ;
#7089 = FACE_OUTER_BOUND ( 'NONE', #5375, .T. ) ;
#7090 =( BOUNDED_CURVE ( )  B_SPLINE_CURVE ( 3, ( #7068, #7067, #7066, #7065 ),
 .UNSPECIFIED., .F., .T. ) 
 B_SPLINE_CURVE_WITH_KNOTS ( ( 4, 4 ),
 ( 1.570796326794896600, 3.111434392596840400 ),
 .UNSPECIFIED. ) 
 CURVE ( )  GEOMETRIC_REPRESENTATION_ITEM ( )  RATIONAL_B_SPLINE_CURVE ( ( 1.000000000000000000, 0.8117923620232493400, 0.8117923620232493400, 1.000000000000000000 ) ) 
 REPRESENTATION_ITEM ( '' )  );
#7091 = DIRECTION ( 'NONE',  ( 0.0000000000000000000, 0.0000000000000000000, 1.000000000000000000 ) ) ;
#7092 = DIRECTION ( 'NONE',  ( 0.0000000000000000000, 1.000000000000000000, 0.0000000000000000000 ) ) ;
#7093 = CARTESIAN_POINT ( 'NONE',  ( -2.457460150826093600, 1.699999999999999700, 0.2973500771900227100 ) ) ;
#7094 = CARTESIAN_POINT ( 'NONE',  ( -1.999999999999998700, 1.699999999999999700, 0.8450000000000004200 ) ) ;
#7095 = LINE ( 'NONE', #7094, #7086 ) ;
#7096 =( LENGTH_UNIT ( ) NAMED_UNIT ( * ) SI_UNIT ( .MILLI., .METRE. ) );
#7097 = PRESENTATION_LAYER_ASSIGNMENT (  '', '', ( #7098 ) ) ;
#7098 = STYLED_ITEM ( 'NONE', ( #7099 ), #5335 ) ;
#7099 = PRESENTATION_STYLE_ASSIGNMENT (( #7100 ) ) ;
#7100 = SURFACE_STYLE_USAGE ( .BOTH. , #7101 ) ;
#7101 = SURFACE_SIDE_STYLE ('',( #7102 ) ) ;
#7102 = SURFACE_STYLE_FILL_AREA ( #7103 ) ;
#7103 = FILL_AREA_STYLE ('',( #7015 ) ) ;
#7104 = COLOUR_RGB ( '',0.8784313725490196000, 0.8784313725490196000, 0.8784313725490196000 ) ;
#7105 =( LENGTH_UNIT ( ) NAMED_UNIT ( * ) SI_UNIT ( .MILLI., .METRE. ) );
#7106 = MECHANICAL_DESIGN_GEOMETRIC_PRESENTATION_REPRESENTATION (  '', ( #7098 ), #6956 ) ;
#7107 =( NAMED_UNIT ( * ) SI_UNIT ( $, .STERADIAN. ) SOLID_ANGLE_UNIT ( ) );
#7108 =( NAMED_UNIT ( * ) PLANE_ANGLE_UNIT ( ) SI_UNIT ( $, .RADIAN. ) );
#7109 =( NAMED_UNIT ( * ) SI_UNIT ( $, .STERADIAN. ) SOLID_ANGLE_UNIT ( ) );
#7110 =( NAMED_UNIT ( * ) PLANE_ANGLE_UNIT ( ) SI_UNIT ( $, .RADIAN. ) );
#7111 = UNCERTAINTY_MEASURE_WITH_UNIT (LENGTH_MEASURE( 1.000000000000000100E-005 ), #7096, 'distance_accuracy_value', 'NONE');
#7112 = DIRECTION ( 'NONE',  ( 0.0000000000000000000, 0.0000000000000000000, 1.000000000000000000 ) ) ;
#7113 = DIRECTION ( 'NONE',  ( 0.0000000000000000000, 1.000000000000000000, 0.0000000000000000000 ) ) ;
#7114 = CARTESIAN_POINT ( 'NONE',  ( -2.457460150826093600, 0.4299999999999996000, 0.2973500771900227100 ) ) ;
#7115 = AXIS2_PLACEMENT_3D ( 'NONE', #7114, #7113, #7112 ) ;
#7116 = CIRCLE ( 'NONE', #7115, 0.1023510939539382000 ) ;
#7117 = DIRECTION ( 'NONE',  ( 1.000000000000000000, -0.0000000000000000000, -0.0000000000000000000 ) ) ;
#7118 = VECTOR ( 'NONE', #7117, 1000.000000000000000 ) ;
#7119 = CARTESIAN_POINT ( 'NONE',  ( -1.999999999999998700, 0.8399999999999994100, 0.8450000000000004200 ) ) ;
#7120 = LINE ( 'NONE', #7119, #7118 ) ;
#7121 = DIRECTION ( 'NONE',  ( 1.000000000000000000, -0.0000000000000000000, -0.0000000000000000000 ) ) ;
#7122 = VECTOR ( 'NONE', #7121, 1000.000000000000000 ) ;
#7123 = CARTESIAN_POINT ( 'NONE',  ( -1.999999999999998700, 0.4299999999999996000, 0.8450000000000004200 ) ) ;
#7124 = LINE ( 'NONE', #7123, #7122 ) ;
#7125 = DIRECTION ( 'NONE',  ( 0.0000000000000000000, 0.0000000000000000000, -1.000000000000000000 ) ) ;
#7126 = DIRECTION ( 'NONE',  ( 0.0000000000000000000, -1.000000000000000000, -0.0000000000000000000 ) ) ;
#7127 = AXIS2_PLACEMENT_3D ( 'NONE', #7129, #7126, #7125 ) ;
#7128 = CYLINDRICAL_SURFACE ( 'NONE', #7127, 0.2850348639089859100 ) ;
#7129 = CARTESIAN_POINT ( 'NONE',  ( -2.000000000000000000, 0.6349999999999999000, 0.7199651360910145300 ) ) ;
#7130 =( GEOMETRIC_REPRESENTATION_CONTEXT ( 3 ) GLOBAL_UNCERTAINTY_ASSIGNED_CONTEXT ( ( #7131 ) ) GLOBAL_UNIT_ASSIGNED_CONTEXT ( ( #7175, #7174, #7173 ) ) REPRESENTATION_CONTEXT ( 'NONE', 'WORKASPACE' ) );
#7131 = UNCERTAINTY_MEASURE_WITH_UNIT (LENGTH_MEASURE( 1.000000000000000100E-005 ), #7175, 'distance_accuracy_value', 'NONE');
#7132 = CARTESIAN_POINT ( 'NONE',  ( -1.999999999999998700, 0.4299999999999996000, 0.8450000000000004200 ) ) ;
#7133 = DIRECTION ( 'NONE',  ( 0.0000000000000000000, 1.000000000000000000, 0.0000000000000000000 ) ) ;
#7134 = VECTOR ( 'NONE', #7133, 1000.000000000000000 ) ;
#7135 = CARTESIAN_POINT ( 'NONE',  ( -1.999999999999998700, 0.4299999999999996000, 0.8450000000000004200 ) ) ;
#7136 = LINE ( 'NONE', #7135, #7134 ) ;
#7137 = DIRECTION ( 'NONE',  ( 0.0000000000000000000, -1.000000000000000000, 0.0000000000000000000 ) ) ;
#7138 = VECTOR ( 'NONE', #7137, 1000.000000000000000 ) ;
#7139 = CARTESIAN_POINT ( 'NONE',  ( -2.357107326951333200, 0.6349999999999999000, 0.2772240449449657800 ) ) ;
#7140 = LINE ( 'NONE', #7139, #7138 ) ;
#7141 = DIRECTION ( 'NONE',  ( 0.0000000000000000000, -1.000000000000000000, -0.0000000000000000000 ) ) ;
#7142 = VECTOR ( 'NONE', #7141, 1000.000000000000000 ) ;
#7143 = CARTESIAN_POINT ( 'NONE',  ( -2.115913409923405800, 0.6349999999999999000, 0.7668458207347690300 ) ) ;
#7144 = DIRECTION ( 'NONE',  ( -0.1605805316733572300, 0.0000000000000000000, -0.9870227418086686700 ) ) ;
#7145 = DIRECTION ( 'NONE',  ( 0.9870227418086687800, 0.0000000000000000000, -0.1605805316733572600 ) ) ;
#7146 = CARTESIAN_POINT ( 'NONE',  ( -2.115913409923405800, 0.6349999999999999000, 0.7668458207347690300 ) ) ;
#7147 = AXIS2_PLACEMENT_3D ( 'NONE', #7146, #7145, #7144 ) ;
#7148 = LINE ( 'NONE', #7143, #7142 ) ;
#7149 = PLANE ( 'NONE',  #7147 ) ;
#7150 =( GEOMETRIC_REPRESENTATION_CONTEXT ( 3 ) GLOBAL_UNCERTAINTY_ASSIGNED_CONTEXT ( ( #7151 ) ) GLOBAL_UNIT_ASSIGNED_CONTEXT ( ( #7230, #7229, #7152 ) ) REPRESENTATION_CONTEXT ( 'NONE', 'WORKASPACE' ) );
#7151 = UNCERTAINTY_MEASURE_WITH_UNIT (LENGTH_MEASURE( 1.000000000000000100E-005 ), #7230, 'distance_accuracy_value', 'NONE');
#7152 =( NAMED_UNIT ( * ) SI_UNIT ( $, .STERADIAN. ) SOLID_ANGLE_UNIT ( ) );
#7153 =( LENGTH_UNIT ( ) NAMED_UNIT ( * ) SI_UNIT ( .MILLI., .METRE. ) );
#7154 = MECHANICAL_DESIGN_GEOMETRIC_PRESENTATION_REPRESENTATION (  '', ( #7156 ), #7299 ) ;
#7155 = PRESENTATION_LAYER_ASSIGNMENT (  '', '', ( #7156 ) ) ;
#7156 = STYLED_ITEM ( 'NONE', ( #7157 ), #5388 ) ;
#7157 = PRESENTATION_STYLE_ASSIGNMENT (( #7158 ) ) ;
#7158 = SURFACE_STYLE_USAGE ( .BOTH. , #7159 ) ;
#7159 = SURFACE_SIDE_STYLE ('',( #7160 ) ) ;
#7160 = SURFACE_STYLE_FILL_AREA ( #7161 ) ;
#7161 = FILL_AREA_STYLE ('',( #7166 ) ) ;
#7162 = COLOUR_RGB ( '',0.09411764705882352800, 0.09411764705882352800, 0.09411764705882352800 ) ;
#7163 = DIRECTION ( 'NONE',  ( 0.0000000000000000000, 0.0000000000000000000, -1.000000000000000000 ) ) ;
#7164 = DIRECTION ( 'NONE',  ( 1.000000000000000000, -2.871865743529606600E-017, -1.628715997966262600E-016 ) ) ;
#7165 = FACE_OUTER_BOUND ( 'NONE', #5389, .T. ) ;
#7166 = FILL_AREA_STYLE_COLOUR ( '', #7162 ) ;
#7167 = FILL_AREA_STYLE ('',( #7194 ) ) ;
#7168 = COLOUR_RGB ( '',0.09411764705882352800, 0.09411764705882352800, 0.09411764705882352800 ) ;
#7169 = FACE_OUTER_BOUND ( 'NONE', #5383, .T. ) ;
#7170 = DIRECTION ( 'NONE',  ( 0.0000000000000000000, 0.9848077530122092400, 0.1736481776669242500 ) ) ;
#7171 = DIRECTION ( 'NONE',  ( -1.334663381620506500E-015, 0.1736481776669242200, -0.9848077530122091300 ) ) ;
#7172 =( NAMED_UNIT ( * ) PLANE_ANGLE_UNIT ( ) SI_UNIT ( $, .RADIAN. ) );
#7173 =( NAMED_UNIT ( * ) SI_UNIT ( $, .STERADIAN. ) SOLID_ANGLE_UNIT ( ) );
#7174 =( NAMED_UNIT ( * ) PLANE_ANGLE_UNIT ( ) SI_UNIT ( $, .RADIAN. ) );
#7175 =( LENGTH_UNIT ( ) NAMED_UNIT ( * ) SI_UNIT ( .MILLI., .METRE. ) );
#7176 = MECHANICAL_DESIGN_GEOMETRIC_PRESENTATION_REPRESENTATION (  '', ( #7178 ), #7130 ) ;
#7177 = PRESENTATION_LAYER_ASSIGNMENT (  '', '', ( #7178 ) ) ;
#7178 = STYLED_ITEM ( 'NONE', ( #7179 ), #5427 ) ;
#7179 = PRESENTATION_STYLE_ASSIGNMENT (( #7180 ) ) ;
#7180 = SURFACE_STYLE_USAGE ( .BOTH. , #7181 ) ;
#7181 = SURFACE_SIDE_STYLE ('',( #7182 ) ) ;
#7182 = SURFACE_STYLE_FILL_AREA ( #7183 ) ;
#7183 = FILL_AREA_STYLE ('',( #7184 ) ) ;
#7184 = FILL_AREA_STYLE_COLOUR ( '', #7185 ) ;
#7185 = COLOUR_RGB ( '',0.8784313725490196000, 0.8784313725490196000, 0.8784313725490196000 ) ;
#7186 = DIRECTION ( 'NONE',  ( 0.0000000000000000000, 0.0000000000000000000, -1.000000000000000000 ) ) ;
#7187 = DIRECTION ( 'NONE',  ( 0.0000000000000000000, -1.000000000000000000, -0.0000000000000000000 ) ) ;
#7188 = CARTESIAN_POINT ( 'NONE',  ( -2.000000000000000000, 0.4299999999999996000, 0.7199651360910145300 ) ) ;
#7189 = AXIS2_PLACEMENT_3D ( 'NONE', #7188, #7187, #7186 ) ;
#7190 = CIRCLE ( 'NONE', #7189, 0.1250348639089858000 ) ;
#7191 = FACE_OUTER_BOUND ( 'NONE', #5428, .T. ) ;
#7192 = AXIS2_PLACEMENT_3D ( 'NONE', #7223, #7171, #7170 ) ;
#7193 = CIRCLE ( 'NONE', #7192, 0.08000000000000004300 ) ;
#7194 = FILL_AREA_STYLE_COLOUR ( '', #7168 ) ;
#7195 =( LENGTH_UNIT ( ) NAMED_UNIT ( * ) SI_UNIT ( .MILLI., .METRE. ) );
#7196 = MECHANICAL_DESIGN_GEOMETRIC_PRESENTATION_REPRESENTATION (  '', ( #7198 ), #7435 ) ;
#7197 = PRESENTATION_LAYER_ASSIGNMENT (  '', '', ( #7198 ) ) ;
#7198 = STYLED_ITEM ( 'NONE', ( #7199 ), #5474 ) ;
#7199 = PRESENTATION_STYLE_ASSIGNMENT (( #7200 ) ) ;
#7200 = SURFACE_STYLE_USAGE ( .BOTH. , #7201 ) ;
#7201 = SURFACE_SIDE_STYLE ('',( #7202 ) ) ;
#7202 = SURFACE_STYLE_FILL_AREA ( #7203 ) ;
#7203 = FILL_AREA_STYLE ('',( #7204 ) ) ;
#7204 = FILL_AREA_STYLE_COLOUR ( '', #7205 ) ;
#7205 = COLOUR_RGB ( '',0.8784313725490196000, 0.8784313725490196000, 0.8784313725490196000 ) ;
#7206 = FACE_OUTER_BOUND ( 'NONE', #5475, .T. ) ;
#7207 = CARTESIAN_POINT ( 'NONE',  ( -2.357107326951333200, 0.8399999999999994100, 0.2772240449449657800 ) ) ;
#7208 = CARTESIAN_POINT ( 'NONE',  ( -2.115913409923405800, 0.4299999999999996000, 0.7668458207347690300 ) ) ;
#7209 = DIRECTION ( 'NONE',  ( -0.1605805316733572300, 0.0000000000000000000, -0.9870227418086686700 ) ) ;
#7210 = VECTOR ( 'NONE', #7209, 1000.000000000000100 ) ;
#7211 = CARTESIAN_POINT ( 'NONE',  ( -2.115913409923405800, 0.4299999999999996000, 0.7668458207347690300 ) ) ;
#7212 = LINE ( 'NONE', #7211, #7210 ) ;
#7213 = CARTESIAN_POINT ( 'NONE',  ( -2.357107326951332700, 0.4299999999999996000, 0.2772240449449658900 ) ) ;
#7214 = AXIS2_PLACEMENT_3D ( 'NONE', #7216, #7164, #7163 ) ;
#7215 = CYLINDRICAL_SURFACE ( 'NONE', #7214, 0.07999999999999998800 ) ;
#7216 = CARTESIAN_POINT ( 'NONE',  ( -1.818636399372190600, 2.307933062704717200, 0.9249999999999998200 ) ) ;
#7217 =( GEOMETRIC_REPRESENTATION_CONTEXT ( 3 ) GLOBAL_UNCERTAINTY_ASSIGNED_CONTEXT ( ( #7218 ) ) GLOBAL_UNIT_ASSIGNED_CONTEXT ( ( #7280, #7279, #7219 ) ) REPRESENTATION_CONTEXT ( 'NONE', 'WORKASPACE' ) );
#7218 = UNCERTAINTY_MEASURE_WITH_UNIT (LENGTH_MEASURE( 1.000000000000000100E-005 ), #7280, 'distance_accuracy_value', 'NONE');
#7219 =( NAMED_UNIT ( * ) SI_UNIT ( $, .STERADIAN. ) SOLID_ANGLE_UNIT ( ) );
#7220 = UNCERTAINTY_MEASURE_WITH_UNIT (LENGTH_MEASURE( 1.000000000000000100E-005 ), #7074, 'distance_accuracy_value', 'NONE');
#7221 =( NAMED_UNIT ( * ) SI_UNIT ( $, .STERADIAN. ) SOLID_ANGLE_UNIT ( ) );
#7222 =( GEOMETRIC_REPRESENTATION_CONTEXT ( 3 ) GLOBAL_UNCERTAINTY_ASSIGNED_CONTEXT ( ( #7220 ) ) GLOBAL_UNIT_ASSIGNED_CONTEXT ( ( #7074, #7172, #7221 ) ) REPRESENTATION_CONTEXT ( 'NONE', 'WORKASPACE' ) );
#7223 = CARTESIAN_POINT ( 'NONE',  ( -1.870000000000000100, 2.307933062704717200, 0.9250000000000000400 ) ) ;
#7224 = DIRECTION ( 'NONE',  ( 0.0000000000000000000, 0.9848077530122086900, 0.1736481776669268600 ) ) ;
#7225 = DIRECTION ( 'NONE',  ( -1.334663381620506100E-015, 0.1736481776669273900, -0.9848077530122085800 ) ) ;
#7226 = CARTESIAN_POINT ( 'NONE',  ( -1.869999999999999900, 2.298536099302315600, 0.9782928277036512200 ) ) ;
#7227 = AXIS2_PLACEMENT_3D ( 'NONE', #7226, #7225, #7224 ) ;
#7228 = CYLINDRICAL_SURFACE ( 'NONE', #7227, 0.08000000000000008500 ) ;
#7229 =( NAMED_UNIT ( * ) PLANE_ANGLE_UNIT ( ) SI_UNIT ( $, .RADIAN. ) );
#7230 =( LENGTH_UNIT ( ) NAMED_UNIT ( * ) SI_UNIT ( .MILLI., .METRE. ) );
#7231 = MECHANICAL_DESIGN_GEOMETRIC_PRESENTATION_REPRESENTATION (  '', ( #7233 ), #7150 ) ;
#7232 = PRESENTATION_LAYER_ASSIGNMENT (  '', '', ( #7233 ) ) ;
#7233 = STYLED_ITEM ( 'NONE', ( #7234 ), #5416 ) ;
#7234 = PRESENTATION_STYLE_ASSIGNMENT (( #7235 ) ) ;
#7235 = SURFACE_STYLE_USAGE ( .BOTH. , #7236 ) ;
#7236 = SURFACE_SIDE_STYLE ('',( #7237 ) ) ;
#7237 = SURFACE_STYLE_FILL_AREA ( #7238 ) ;
#7238 = FILL_AREA_STYLE ('',( #7240 ) ) ;
#7239 = COLOUR_RGB ( '',0.8784313725490196000, 0.8784313725490196000, 0.8784313725490196000 ) ;
#7240 = FILL_AREA_STYLE_COLOUR ( '', #7239 ) ;
#7241 = FACE_OUTER_BOUND ( 'NONE', #5499, .T. ) ;
#7242 = CARTESIAN_POINT ( 'NONE',  ( -1.999999999999998200, 0.8399999999999994100, 1.005000000000000600 ) ) ;
#7243 = DIRECTION ( 'NONE',  ( -0.0000000000000000000, -1.000000000000000000, -0.0000000000000000000 ) ) ;
#7244 = VECTOR ( 'NONE', #7243, 1000.000000000000000 ) ;
#7245 = CARTESIAN_POINT ( 'NONE',  ( -1.999999999999998200, 0.4299999999999996000, 1.005000000000000600 ) ) ;
#7246 = LINE ( 'NONE', #7245, #7244 ) ;
#7247 = CARTESIAN_POINT ( 'NONE',  ( -1.999999999999998200, 0.4299999999999996000, 1.005000000000000600 ) ) ;
#7248 = DIRECTION ( 'NONE',  ( 0.0000000000000000000, 0.0000000000000000000, -1.000000000000000000 ) ) ;
#7249 = DIRECTION ( 'NONE',  ( 0.0000000000000000000, -1.000000000000000000, -0.0000000000000000000 ) ) ;
#7250 = CARTESIAN_POINT ( 'NONE',  ( -2.000000000000000000, 0.4299999999999996000, 0.7199651360910145300 ) ) ;
#7251 = AXIS2_PLACEMENT_3D ( 'NONE', #7250, #7249, #7248 ) ;
#7252 = CIRCLE ( 'NONE', #7251, 0.2850348639089859100 ) ;
#7253 = CARTESIAN_POINT ( 'NONE',  ( -2.115913409923405800, 0.8399999999999994100, 0.7668458207347690300 ) ) ;
#7254 = DIRECTION ( 'NONE',  ( -0.1605805316733572300, 0.0000000000000000000, -0.9870227418086686700 ) ) ;
#7255 = VECTOR ( 'NONE', #7254, 1000.000000000000100 ) ;
#7256 = CARTESIAN_POINT ( 'NONE',  ( -2.115913409923405800, 0.8399999999999994100, 0.7668458207347690300 ) ) ;
#7257 = LINE ( 'NONE', #7256, #7255 ) ;
#7258 = CARTESIAN_POINT ( 'NONE',  ( -2.270417144850321200, 0.8399999999999994100, 0.8100730792182140300 ) ) ;
#7259 = DIRECTION ( 'NONE',  ( 0.0000000000000000000, -0.0000000000000000000, -1.000000000000000000 ) ) ;
#7260 = DIRECTION ( 'NONE',  ( 0.0000000000000000000, -1.000000000000000000, 0.0000000000000000000 ) ) ;
#7261 = AXIS2_PLACEMENT_3D ( 'NONE', #7262, #7260, #7259 ) ;
#7262 = CARTESIAN_POINT ( 'NONE',  ( -1.999999999999998700, 0.4299999999999996000, 0.8450000000000004200 ) ) ;
#7263 = PLANE ( 'NONE',  #7261 ) ;
#7264 =( GEOMETRIC_REPRESENTATION_CONTEXT ( 3 ) GLOBAL_UNCERTAINTY_ASSIGNED_CONTEXT ( ( #7265 ) ) GLOBAL_UNIT_ASSIGNED_CONTEXT ( ( #7282, #7267, #7266 ) ) REPRESENTATION_CONTEXT ( 'NONE', 'WORKASPACE' ) );
#7265 = UNCERTAINTY_MEASURE_WITH_UNIT (LENGTH_MEASURE( 1.000000000000000100E-005 ), #7282, 'distance_accuracy_value', 'NONE');
#7266 =( NAMED_UNIT ( * ) SI_UNIT ( $, .STERADIAN. ) SOLID_ANGLE_UNIT ( ) );
#7267 =( NAMED_UNIT ( * ) PLANE_ANGLE_UNIT ( ) SI_UNIT ( $, .RADIAN. ) );
#7268 = DIRECTION ( 'NONE',  ( 0.0000000000000000000, 0.0000000000000000000, 1.000000000000000000 ) ) ;
#7269 = DIRECTION ( 'NONE',  ( 0.0000000000000000000, 1.000000000000000000, 0.0000000000000000000 ) ) ;
#7270 = CARTESIAN_POINT ( 'NONE',  ( -2.457460150826093600, 1.699999999999999700, 0.2973500771900227100 ) ) ;
#7271 = AXIS2_PLACEMENT_3D ( 'NONE', #7270, #7269, #7268 ) ;
#7272 = CIRCLE ( 'NONE', #7271, 0.1023510939539382000 ) ;
#7273 = FACE_OUTER_BOUND ( 'NONE', #5399, .T. ) ;
#7274 = DIRECTION ( 'NONE',  ( 0.0000000000000000000, 0.0000000000000000000, 1.000000000000000000 ) ) ;
#7275 = DIRECTION ( 'NONE',  ( 0.0000000000000000000, 1.000000000000000000, 0.0000000000000000000 ) ) ;
#7276 = AXIS2_PLACEMENT_3D ( 'NONE', #7278, #7275, #7274 ) ;
#7277 = CYLINDRICAL_SURFACE ( 'NONE', #7276, 0.1023510939539380400 ) ;
#7278 = CARTESIAN_POINT ( 'NONE',  ( -2.457460150826093600, 1.905000000000000000, 0.2973500771900227100 ) ) ;
#7279 =( NAMED_UNIT ( * ) PLANE_ANGLE_UNIT ( ) SI_UNIT ( $, .RADIAN. ) );
#7280 =( LENGTH_UNIT ( ) NAMED_UNIT ( * ) SI_UNIT ( .MILLI., .METRE. ) );
#7281 = MECHANICAL_DESIGN_GEOMETRIC_PRESENTATION_REPRESENTATION (  '', ( #7304 ), #7217 ) ;
#7282 =( LENGTH_UNIT ( ) NAMED_UNIT ( * ) SI_UNIT ( .MILLI., .METRE. ) );
#7283 = MECHANICAL_DESIGN_GEOMETRIC_PRESENTATION_REPRESENTATION (  '', ( #7285 ), #7264 ) ;
#7284 = PRESENTATION_LAYER_ASSIGNMENT (  '', '', ( #7285 ) ) ;
#7285 = STYLED_ITEM ( 'NONE', ( #7286 ), #5390 ) ;
#7286 = PRESENTATION_STYLE_ASSIGNMENT (( #7287 ) ) ;
#7287 = SURFACE_STYLE_USAGE ( .BOTH. , #7288 ) ;
#7288 = SURFACE_SIDE_STYLE ('',( #7289 ) ) ;
#7289 = SURFACE_STYLE_FILL_AREA ( #7290 ) ;
#7290 = FILL_AREA_STYLE ('',( #7297 ) ) ;
#7291 = COLOUR_RGB ( '',0.8784313725490196000, 0.8784313725490196000, 0.8784313725490196000 ) ;
#7292 = DIRECTION ( 'NONE',  ( 1.000000000000000000, 0.0000000000000000000, 0.0000000000000000000 ) ) ;
#7293 = DIRECTION ( 'NONE',  ( 0.0000000000000000000, 0.0000000000000000000, 1.000000000000000000 ) ) ;
#7294 = AXIS2_PLACEMENT_3D ( 'NONE', #7298, #7293, #7292 ) ;
#7295 = TOROIDAL_SURFACE ( 'NONE', #7294, 0.2425000000000002700, 0.05000000000000000300 ) ;
#7296 = FACE_OUTER_BOUND ( 'NONE', #5369, .T. ) ;
#7297 = FILL_AREA_STYLE_COLOUR ( '', #7291 ) ;
#7298 = CARTESIAN_POINT ( 'NONE',  ( -0.9749999999999996400, 1.670000000000000400, 1.700000000000000000 ) ) ;
#7299 =( GEOMETRIC_REPRESENTATION_CONTEXT ( 3 ) GLOBAL_UNCERTAINTY_ASSIGNED_CONTEXT ( ( #7300 ) ) GLOBAL_UNIT_ASSIGNED_CONTEXT ( ( #7153, #7302, #7301 ) ) REPRESENTATION_CONTEXT ( 'NONE', 'WORKASPACE' ) );
#7300 = UNCERTAINTY_MEASURE_WITH_UNIT (LENGTH_MEASURE( 1.000000000000000100E-005 ), #7153, 'distance_accuracy_value', 'NONE');
#7301 =( NAMED_UNIT ( * ) SI_UNIT ( $, .STERADIAN. ) SOLID_ANGLE_UNIT ( ) );
#7302 =( NAMED_UNIT ( * ) PLANE_ANGLE_UNIT ( ) SI_UNIT ( $, .RADIAN. ) );
#7303 = PRESENTATION_LAYER_ASSIGNMENT (  '', '', ( #7304 ) ) ;
#7304 = STYLED_ITEM ( 'NONE', ( #7305 ), #5382 ) ;
#7305 = PRESENTATION_STYLE_ASSIGNMENT (( #7306 ) ) ;
#7306 = SURFACE_STYLE_USAGE ( .BOTH. , #7307 ) ;
#7307 = SURFACE_SIDE_STYLE ('',( #7308 ) ) ;
#7308 = SURFACE_STYLE_FILL_AREA ( #7167 ) ;
#7309 =( NAMED_UNIT ( * ) PLANE_ANGLE_UNIT ( ) SI_UNIT ( $, .RADIAN. ) );
#7310 = FACE_OUTER_BOUND ( 'NONE', #4853, .T. ) ;
#7311 = UNCERTAINTY_MEASURE_WITH_UNIT (LENGTH_MEASURE( 1.000000000000000100E-005 ), #7314, 'distance_accuracy_value', 'NONE');
#7312 =( NAMED_UNIT ( * ) SI_UNIT ( $, .STERADIAN. ) SOLID_ANGLE_UNIT ( ) );
#7313 =( NAMED_UNIT ( * ) PLANE_ANGLE_UNIT ( ) SI_UNIT ( $, .RADIAN. ) );
#7314 =( LENGTH_UNIT ( ) NAMED_UNIT ( * ) SI_UNIT ( .MILLI., .METRE. ) );
#7315 = MECHANICAL_DESIGN_GEOMETRIC_PRESENTATION_REPRESENTATION (  '', ( #7317 ), #7343 ) ;
#7316 = PRESENTATION_LAYER_ASSIGNMENT (  '', '', ( #7317 ) ) ;
#7317 = STYLED_ITEM ( 'NONE', ( #7318 ), #5228 ) ;
#7318 = PRESENTATION_STYLE_ASSIGNMENT (( #7319 ) ) ;
#7319 = SURFACE_STYLE_USAGE ( .BOTH. , #7320 ) ;
#7320 = SURFACE_SIDE_STYLE ('',( #7321 ) ) ;
#7321 = SURFACE_STYLE_FILL_AREA ( #7322 ) ;
#7322 = FILL_AREA_STYLE ('',( #7327 ) ) ;
#7323 = COLOUR_RGB ( '',0.09411764705882352800, 0.09411764705882352800, 0.09411764705882352800 ) ;
#7324 = DIRECTION ( 'NONE',  ( -0.9848077530122072400, 0.0000000000000000000, 0.1736481776669352400 ) ) ;
#7325 = DIRECTION ( 'NONE',  ( -0.1710878697460398200, 0.1710878697460324600, -0.9702875252478137000 ) ) ;
#7326 = FACE_OUTER_BOUND ( 'NONE', #5202, .T. ) ;
#7327 = FILL_AREA_STYLE_COLOUR ( '', #7323 ) ;
#7328 = STYLED_ITEM ( 'NONE', ( #7329 ), #5226 ) ;
#7329 = PRESENTATION_STYLE_ASSIGNMENT (( #7330 ) ) ;
#7330 = SURFACE_STYLE_USAGE ( .BOTH. , #7331 ) ;
#7331 = SURFACE_SIDE_STYLE ('',( #7332 ) ) ;
#7332 = SURFACE_STYLE_FILL_AREA ( #7333 ) ;
#7333 = FILL_AREA_STYLE ('',( #7334 ) ) ;
#7334 = FILL_AREA_STYLE_COLOUR ( '', #7335 ) ;
#7335 = COLOUR_RGB ( '',0.09411764705882352800, 0.09411764705882352800, 0.09411764705882352800 ) ;
#7336 =( LENGTH_UNIT ( ) NAMED_UNIT ( * ) SI_UNIT ( .MILLI., .METRE. ) );
#7337 = MECHANICAL_DESIGN_GEOMETRIC_PRESENTATION_REPRESENTATION (  '', ( #7328 ), #7359 ) ;
#7338 = PRESENTATION_LAYER_ASSIGNMENT (  '', '', ( #7328 ) ) ;
#7339 = DIRECTION ( 'NONE',  ( 0.0000000000000000000, -1.000000000000000000, 0.0000000000000000000 ) ) ;
#7340 = AXIS2_PLACEMENT_3D ( 'NONE', #7342, #7339, #6651 ) ;
#7341 = CYLINDRICAL_SURFACE ( 'NONE', #7340, 0.07999999999999998800 ) ;
#7342 = CARTESIAN_POINT ( 'NONE',  ( -1.810354481705643800, 2.450000000000000200, 1.336267450442375300 ) ) ;
#7343 =( GEOMETRIC_REPRESENTATION_CONTEXT ( 3 ) GLOBAL_UNCERTAINTY_ASSIGNED_CONTEXT ( ( #7311 ) ) GLOBAL_UNIT_ASSIGNED_CONTEXT ( ( #7314, #7313, #7312 ) ) REPRESENTATION_CONTEXT ( 'NONE', 'WORKASPACE' ) );
#7344 = CARTESIAN_POINT ( 'NONE',  ( -2.000000000000000000, 2.109999999999999400, 0.7199651360910145300 ) ) ;
#7345 = AXIS2_PLACEMENT_3D ( 'NONE', #7344, #7362, #7361 ) ;
#7346 = CARTESIAN_POINT ( 'NONE',  ( -1.999999999999998700, 2.109999999999999400, 0.8450000000000004200 ) ) ;
#7347 = DIRECTION ( 'NONE',  ( 0.0000000000000000000, -1.000000000000000000, -0.0000000000000000000 ) ) ;
#7348 = AXIS2_PLACEMENT_3D ( 'NONE', #7363, #7347, #7365 ) ;
#7349 = DIRECTION ( 'NONE',  ( 1.000000000000000000, -0.0000000000000000000, -0.0000000000000000000 ) ) ;
#7350 = VECTOR ( 'NONE', #7349, 1000.000000000000000 ) ;
#7351 = CARTESIAN_POINT ( 'NONE',  ( -1.999999999999998700, 2.109999999999999400, 0.8450000000000004200 ) ) ;
#7352 = LINE ( 'NONE', #7351, #7350 ) ;
#7353 = UNCERTAINTY_MEASURE_WITH_UNIT (LENGTH_MEASURE( 1.000000000000000100E-005 ), #7336, 'distance_accuracy_value', 'NONE');
#7354 =( NAMED_UNIT ( * ) SI_UNIT ( $, .STERADIAN. ) SOLID_ANGLE_UNIT ( ) );
#7355 =( NAMED_UNIT ( * ) PLANE_ANGLE_UNIT ( ) SI_UNIT ( $, .RADIAN. ) );
#7356 = AXIS2_PLACEMENT_3D ( 'NONE', #7358, #7325, #7324 ) ;
#7357 = CYLINDRICAL_SURFACE ( 'NONE', #7356, 0.07999999999999997400 ) ;
#7358 = CARTESIAN_POINT ( 'NONE',  ( -1.875715031971807900, 2.300776065170707400, 0.9655893499976786500 ) ) ;
#7359 =( GEOMETRIC_REPRESENTATION_CONTEXT ( 3 ) GLOBAL_UNCERTAINTY_ASSIGNED_CONTEXT ( ( #7353 ) ) GLOBAL_UNIT_ASSIGNED_CONTEXT ( ( #7336, #7355, #7354 ) ) REPRESENTATION_CONTEXT ( 'NONE', 'WORKASPACE' ) );
#7360 = CIRCLE ( 'NONE', #7345, 0.1250348639089858000 ) ;
#7361 = DIRECTION ( 'NONE',  ( 0.0000000000000000000, 0.0000000000000000000, -1.000000000000000000 ) ) ;
#7362 = DIRECTION ( 'NONE',  ( 0.0000000000000000000, -1.000000000000000000, -0.0000000000000000000 ) ) ;
#7363 = CARTESIAN_POINT ( 'NONE',  ( -2.000000000000000000, 1.905000000000000000, 0.7199651360910145300 ) ) ;
#7364 = CYLINDRICAL_SURFACE ( 'NONE', #7348, 0.1250348639089858000 ) ;
#7365 = DIRECTION ( 'NONE',  ( 0.0000000000000000000, 0.0000000000000000000, -1.000000000000000000 ) ) ;
#7366 = AXIS2_PLACEMENT_3D ( 'NONE', #7420, #7419, #7418 ) ;
#7367 = CIRCLE ( 'NONE', #7366, 0.1250348639089858000 ) ;
#7368 = FACE_OUTER_BOUND ( 'NONE', #5496, .T. ) ;
#7369 = DIRECTION ( 'NONE',  ( 0.06975647374411816900, 0.0000000000000000000, -0.9975640502598247500 ) ) ;
#7370 = VECTOR ( 'NONE', #7369, 1000.000000000000100 ) ;
#7371 = CARTESIAN_POINT ( 'NONE',  ( -3.010462538693471100, 0.4299999999999996000, 0.1496212740532759400 ) ) ;
#7372 = LINE ( 'NONE', #7371, #7370 ) ;
#7373 = FILL_AREA_STYLE_COLOUR ( '', #7380 ) ;
#7374 = STYLED_ITEM ( 'NONE', ( #7375 ), #5488 ) ;
#7375 = PRESENTATION_STYLE_ASSIGNMENT (( #7376 ) ) ;
#7376 = SURFACE_STYLE_USAGE ( .BOTH. , #7377 ) ;
#7377 = SURFACE_SIDE_STYLE ('',( #7378 ) ) ;
#7378 = SURFACE_STYLE_FILL_AREA ( #7379 ) ;
#7379 = FILL_AREA_STYLE ('',( #7373 ) ) ;
#7380 = COLOUR_RGB ( '',0.8784313725490196000, 0.8784313725490196000, 0.8784313725490196000 ) ;
#7381 = DIRECTION ( 'NONE',  ( 0.0000000000000000000, 0.0000000000000000000, -1.000000000000000000 ) ) ;
#7382 = DIRECTION ( 'NONE',  ( 0.0000000000000000000, -1.000000000000000000, -0.0000000000000000000 ) ) ;
#7383 = AXIS2_PLACEMENT_3D ( 'NONE', #7385, #7395, #7394 ) ;
#7384 = CYLINDRICAL_SURFACE ( 'NONE', #7383, 0.1023510939539380400 ) ;
#7385 = CARTESIAN_POINT ( 'NONE',  ( -2.457460150826093600, 0.6349999999999999000, 0.2973500771900227100 ) ) ;
#7386 =( GEOMETRIC_REPRESENTATION_CONTEXT ( 3 ) GLOBAL_UNCERTAINTY_ASSIGNED_CONTEXT ( ( #7387 ) ) GLOBAL_UNIT_ASSIGNED_CONTEXT ( ( #7466, #7465, #7388 ) ) REPRESENTATION_CONTEXT ( 'NONE', 'WORKASPACE' ) );
#7387 = UNCERTAINTY_MEASURE_WITH_UNIT (LENGTH_MEASURE( 1.000000000000000100E-005 ), #7466, 'distance_accuracy_value', 'NONE');
#7388 =( NAMED_UNIT ( * ) SI_UNIT ( $, .STERADIAN. ) SOLID_ANGLE_UNIT ( ) );
#7389 = DIRECTION ( 'NONE',  ( 1.000000000000000000, 0.0000000000000000000, -0.0000000000000000000 ) ) ;
#7390 = DIRECTION ( 'NONE',  ( 0.0000000000000000000, -0.0000000000000000000, 1.000000000000000000 ) ) ;
#7391 = CARTESIAN_POINT ( 'NONE',  ( -1.999999999999998200, 0.4299999999999996000, 1.005000000000000600 ) ) ;
#7392 = AXIS2_PLACEMENT_3D ( 'NONE', #7391, #7390, #7389 ) ;
#7393 = CIRCLE ( 'NONE', #7427, 0.1023510939539378200 ) ;
#7394 = DIRECTION ( 'NONE',  ( 0.0000000000000000000, 0.0000000000000000000, 1.000000000000000000 ) ) ;
#7395 = DIRECTION ( 'NONE',  ( 0.0000000000000000000, 1.000000000000000000, 0.0000000000000000000 ) ) ;
#7396 = CARTESIAN_POINT ( 'NONE',  ( -2.000000000000000000, 0.6349999999999999000, 0.7199651360910145300 ) ) ;
#7397 = AXIS2_PLACEMENT_3D ( 'NONE', #7396, #7382, #7381 ) ;
#7398 = CARTESIAN_POINT ( 'NONE',  ( -1.999999999999998700, 0.8399999999999994100, 0.8450000000000004200 ) ) ;
#7399 = DIRECTION ( 'NONE',  ( -1.000000000000000000, 0.0000000000000000000, -0.0000000000000000000 ) ) ;
#7400 = DIRECTION ( 'NONE',  ( 0.0000000000000000000, 0.0000000000000000000, -1.000000000000000000 ) ) ;
#7401 = CARTESIAN_POINT ( 'NONE',  ( -1.999999999999998700, 0.4299999999999996000, 0.8450000000000004200 ) ) ;
#7402 = AXIS2_PLACEMENT_3D ( 'NONE', #7401, #7400, #7399 ) ;
#7403 = UNCERTAINTY_MEASURE_WITH_UNIT (LENGTH_MEASURE( 1.000000000000000100E-005 ), #7470, 'distance_accuracy_value', 'NONE');
#7404 = PLANE ( 'NONE',  #7402 ) ;
#7405 =( GEOMETRIC_REPRESENTATION_CONTEXT ( 3 ) GLOBAL_UNCERTAINTY_ASSIGNED_CONTEXT ( ( #7462 ) ) GLOBAL_UNIT_ASSIGNED_CONTEXT ( ( #7437, #7464, #7463 ) ) REPRESENTATION_CONTEXT ( 'NONE', 'WORKASPACE' ) );
#7406 =( NAMED_UNIT ( * ) SI_UNIT ( $, .STERADIAN. ) SOLID_ANGLE_UNIT ( ) );
#7407 =( LENGTH_UNIT ( ) NAMED_UNIT ( * ) SI_UNIT ( .MILLI., .METRE. ) );
#7408 = MECHANICAL_DESIGN_GEOMETRIC_PRESENTATION_REPRESENTATION (  '', ( #7374 ), #7436 ) ;
#7409 = PRESENTATION_LAYER_ASSIGNMENT (  '', '', ( #7374 ) ) ;
#7410 = CYLINDRICAL_SURFACE ( 'NONE', #7397, 0.1250348639089858000 ) ;
#7411 = FILL_AREA_STYLE_COLOUR ( '', #7460 ) ;
#7412 = DIRECTION ( 'NONE',  ( 0.0000000000000000000, 0.0000000000000000000, 1.000000000000000000 ) ) ;
#7413 = DIRECTION ( 'NONE',  ( 0.0000000000000000000, 1.000000000000000000, 0.0000000000000000000 ) ) ;
#7414 = CARTESIAN_POINT ( 'NONE',  ( -2.457460150826093600, 0.4299999999999996000, 0.2973500771900227100 ) ) ;
#7415 = AXIS2_PLACEMENT_3D ( 'NONE', #7414, #7413, #7412 ) ;
#7416 = CIRCLE ( 'NONE', #7415, 0.2617780721781255400 ) ;
#7417 = FACE_OUTER_BOUND ( 'NONE', #5493, .T. ) ;
#7418 = DIRECTION ( 'NONE',  ( 0.0000000000000000000, 0.0000000000000000000, -1.000000000000000000 ) ) ;
#7419 = DIRECTION ( 'NONE',  ( 0.0000000000000000000, -1.000000000000000000, -0.0000000000000000000 ) ) ;
#7420 = CARTESIAN_POINT ( 'NONE',  ( -2.000000000000000000, 0.8399999999999994100, 0.7199651360910145300 ) ) ;
#7421 = UNCERTAINTY_MEASURE_WITH_UNIT (LENGTH_MEASURE( 1.000000000000000100E-005 ), #7407, 'distance_accuracy_value', 'NONE');
#7422 =( NAMED_UNIT ( * ) SI_UNIT ( $, .STERADIAN. ) SOLID_ANGLE_UNIT ( ) );
#7423 = LINE ( 'NONE', #7434, #7433 ) ;
#7424 = DIRECTION ( 'NONE',  ( 0.0000000000000000000, 0.0000000000000000000, 1.000000000000000000 ) ) ;
#7425 = DIRECTION ( 'NONE',  ( 0.0000000000000000000, 1.000000000000000000, 0.0000000000000000000 ) ) ;
#7426 = CARTESIAN_POINT ( 'NONE',  ( -2.457460150826093600, 0.8399999999999994100, 0.2973500771900227100 ) ) ;
#7427 = AXIS2_PLACEMENT_3D ( 'NONE', #7426, #7425, #7424 ) ;
#7428 = CARTESIAN_POINT ( 'NONE',  ( -2.000000000000000000, 0.8399999999999994100, 0.7199651360910145300 ) ) ;
#7429 = AXIS2_PLACEMENT_3D ( 'NONE', #7428, #7449, #7448 ) ;
#7430 = CIRCLE ( 'NONE', #7429, 0.2850348639089859100 ) ;
#7431 = FILL_AREA_STYLE_COLOUR ( '', #7446 ) ;
#7432 = DIRECTION ( 'NONE',  ( -0.1605805316733572300, 0.0000000000000000000, -0.9870227418086686700 ) ) ;
#7433 = VECTOR ( 'NONE', #7432, 1000.000000000000100 ) ;
#7434 = CARTESIAN_POINT ( 'NONE',  ( -2.270417144850321200, 0.4299999999999996000, 0.8100730792182140300 ) ) ;
#7435 =( GEOMETRIC_REPRESENTATION_CONTEXT ( 3 ) GLOBAL_UNCERTAINTY_ASSIGNED_CONTEXT ( ( #7461 ) ) GLOBAL_UNIT_ASSIGNED_CONTEXT ( ( #7195, #7309, #7406 ) ) REPRESENTATION_CONTEXT ( 'NONE', 'WORKASPACE' ) );
#7436 =( GEOMETRIC_REPRESENTATION_CONTEXT ( 3 ) GLOBAL_UNCERTAINTY_ASSIGNED_CONTEXT ( ( #7421 ) ) GLOBAL_UNIT_ASSIGNED_CONTEXT ( ( #7407, #7467, #7422 ) ) REPRESENTATION_CONTEXT ( 'NONE', 'WORKASPACE' ) );
#7437 =( LENGTH_UNIT ( ) NAMED_UNIT ( * ) SI_UNIT ( .MILLI., .METRE. ) );
#7438 = MECHANICAL_DESIGN_GEOMETRIC_PRESENTATION_REPRESENTATION (  '', ( #7440 ), #7405 ) ;
#7439 = PRESENTATION_LAYER_ASSIGNMENT (  '', '', ( #7440 ) ) ;
#7440 = STYLED_ITEM ( 'NONE', ( #7441 ), #5504 ) ;
#7441 = PRESENTATION_STYLE_ASSIGNMENT (( #7442 ) ) ;
#7442 = SURFACE_STYLE_USAGE ( .BOTH. , #7443 ) ;
#7443 = SURFACE_SIDE_STYLE ('',( #7444 ) ) ;
#7444 = SURFACE_STYLE_FILL_AREA ( #7445 ) ;
#7445 = FILL_AREA_STYLE ('',( #7431 ) ) ;
#7446 = COLOUR_RGB ( '',0.8784313725490196000, 0.8784313725490196000, 0.8784313725490196000 ) ;
#7447 = FACE_OUTER_BOUND ( 'NONE', #5505, .T. ) ;
#7448 = DIRECTION ( 'NONE',  ( 0.0000000000000000000, 0.0000000000000000000, -1.000000000000000000 ) ) ;
#7449 = DIRECTION ( 'NONE',  ( 0.0000000000000000000, -1.000000000000000000, -0.0000000000000000000 ) ) ;
#7450 = CARTESIAN_POINT ( 'NONE',  ( -2.200000000000000200, 0.4299999999999996000, 0.2500000000000000000 ) ) ;
#7451 = PLANE ( 'NONE',  #7392 ) ;
#7452 = MECHANICAL_DESIGN_GEOMETRIC_PRESENTATION_REPRESENTATION (  '', ( #7454 ), #7386 ) ;
#7453 = PRESENTATION_LAYER_ASSIGNMENT (  '', '', ( #7454 ) ) ;
#7454 = STYLED_ITEM ( 'NONE', ( #7455 ), #5492 ) ;
#7455 = PRESENTATION_STYLE_ASSIGNMENT (( #7456 ) ) ;
#7456 = SURFACE_STYLE_USAGE ( .BOTH. , #7457 ) ;
#7457 = SURFACE_SIDE_STYLE ('',( #7458 ) ) ;
#7458 = SURFACE_STYLE_FILL_AREA ( #7459 ) ;
#7459 = FILL_AREA_STYLE ('',( #7411 ) ) ;
#7460 = COLOUR_RGB ( '',0.8784313725490196000, 0.8784313725490196000, 0.8784313725490196000 ) ;
#7461 = UNCERTAINTY_MEASURE_WITH_UNIT (LENGTH_MEASURE( 1.000000000000000100E-005 ), #7195, 'distance_accuracy_value', 'NONE');
#7462 = UNCERTAINTY_MEASURE_WITH_UNIT (LENGTH_MEASURE( 1.000000000000000100E-005 ), #7437, 'distance_accuracy_value', 'NONE');
#7463 =( NAMED_UNIT ( * ) SI_UNIT ( $, .STERADIAN. ) SOLID_ANGLE_UNIT ( ) );
#7464 =( NAMED_UNIT ( * ) PLANE_ANGLE_UNIT ( ) SI_UNIT ( $, .RADIAN. ) );
#7465 =( NAMED_UNIT ( * ) PLANE_ANGLE_UNIT ( ) SI_UNIT ( $, .RADIAN. ) );
#7466 =( LENGTH_UNIT ( ) NAMED_UNIT ( * ) SI_UNIT ( .MILLI., .METRE. ) );
#7467 =( NAMED_UNIT ( * ) PLANE_ANGLE_UNIT ( ) SI_UNIT ( $, .RADIAN. ) );
#7468 =( NAMED_UNIT ( * ) SI_UNIT ( $, .STERADIAN. ) SOLID_ANGLE_UNIT ( ) );
#7469 =( NAMED_UNIT ( * ) PLANE_ANGLE_UNIT ( ) SI_UNIT ( $, .RADIAN. ) );
#7470 =( LENGTH_UNIT ( ) NAMED_UNIT ( * ) SI_UNIT ( .MILLI., .METRE. ) );
#7471 =( NAMED_UNIT ( * ) PLANE_ANGLE_UNIT ( ) SI_UNIT ( $, .RADIAN. ) );
#7472 = DIRECTION ( 'NONE',  ( -0.1605805316733572300, 0.0000000000000000000, -0.9870227418086686700 ) ) ;
#7473 = DIRECTION ( 'NONE',  ( -0.9870227418086687800, -0.0000000000000000000, 0.1605805316733572600 ) ) ;
#7474 = CARTESIAN_POINT ( 'NONE',  ( -2.270417144850321200, 0.6349999999999999000, 0.8100730792182140300 ) ) ;
#7475 = AXIS2_PLACEMENT_3D ( 'NONE', #7474, #7473, #7491 ) ;
#7476 =( LENGTH_UNIT ( ) NAMED_UNIT ( * ) SI_UNIT ( .MILLI., .METRE. ) );
#7477 = MECHANICAL_DESIGN_GEOMETRIC_PRESENTATION_REPRESENTATION (  '', ( #7479 ), #7497 ) ;
#7478 = PRESENTATION_LAYER_ASSIGNMENT (  '', '', ( #7479 ) ) ;
#7479 = STYLED_ITEM ( 'NONE', ( #7483 ), #5642 ) ;
#7480 = DIRECTION ( 'NONE',  ( -0.0000000000000000000, 1.000000000000000000, 0.0000000000000000000 ) ) ;
#7481 = VECTOR ( 'NONE', #7480, 1000.000000000000000 ) ;
#7482 = LINE ( 'NONE', #7498, #7481 ) ;
#7483 = PRESENTATION_STYLE_ASSIGNMENT (( #7484 ) ) ;
#7484 = SURFACE_STYLE_USAGE ( .BOTH. , #7485 ) ;
#7485 = SURFACE_SIDE_STYLE ('',( #7486 ) ) ;
#7486 = SURFACE_STYLE_FILL_AREA ( #7499 ) ;
#7487 = DIRECTION ( 'NONE',  ( 1.000000000000000000, -0.0000000000000000000, -0.0000000000000000000 ) ) ;
#7488 = VECTOR ( 'NONE', #7487, 1000.000000000000000 ) ;
#7489 = CARTESIAN_POINT ( 'NONE',  ( -1.999999999999998200, 0.4299999999999996000, 1.005000000000000600 ) ) ;
#7490 = LINE ( 'NONE', #7489, #7488 ) ;
#7491 = DIRECTION ( 'NONE',  ( 0.1605805316733572300, 0.0000000000000000000, 0.9870227418086686700 ) ) ;
#7492 = FILL_AREA_STYLE_COLOUR ( '', #7493 ) ;
#7493 = COLOUR_RGB ( '',0.8784313725490196000, 0.8784313725490196000, 0.8784313725490196000 ) ;
#7494 = FACE_OUTER_BOUND ( 'NONE', #5406, .T. ) ;
#7495 = CARTESIAN_POINT ( 'NONE',  ( -2.270417144850321200, 0.4299999999999996000, 0.8100730792182140300 ) ) ;
#7496 = PLANE ( 'NONE',  #7475 ) ;
#7497 =( GEOMETRIC_REPRESENTATION_CONTEXT ( 3 ) GLOBAL_UNCERTAINTY_ASSIGNED_CONTEXT ( ( #7500 ) ) GLOBAL_UNIT_ASSIGNED_CONTEXT ( ( #7476, #7471, #7501 ) ) REPRESENTATION_CONTEXT ( 'NONE', 'WORKASPACE' ) );
#7498 = CARTESIAN_POINT ( 'NONE',  ( -2.270417144850321200, 0.6349999999999999000, 0.8100730792182140300 ) ) ;
#7499 = FILL_AREA_STYLE ('',( #7492 ) ) ;
#7500 = UNCERTAINTY_MEASURE_WITH_UNIT (LENGTH_MEASURE( 1.000000000000000100E-005 ), #7476, 'distance_accuracy_value', 'NONE');
#7501 =( NAMED_UNIT ( * ) SI_UNIT ( $, .STERADIAN. ) SOLID_ANGLE_UNIT ( ) );
#7502 = CARTESIAN_POINT ( 'NONE',  ( -2.270417144850321200, 0.8399999999999994100, 0.8100730792182140300 ) ) ;
#7503 = VECTOR ( 'NONE', #7472, 1000.000000000000100 ) ;
#7504 = LINE ( 'NONE', #7502, #7503 ) ;
#7505 =( GEOMETRIC_REPRESENTATION_CONTEXT ( 3 ) GLOBAL_UNCERTAINTY_ASSIGNED_CONTEXT ( ( #7403 ) ) GLOBAL_UNIT_ASSIGNED_CONTEXT ( ( #7470, #7469, #7468 ) ) REPRESENTATION_CONTEXT ( 'NONE', 'WORKASPACE' ) );
#7506 = ADVANCED_BREP_SHAPE_REPRESENTATION ( 'SOIC127P600X175-8N_JEDEC_MS-012AA', ( #5086, #6050 ), #7505 ) ;
ENDSEC;
END-ISO-10303-21;
